"","ensembl_transcript_id","ensembl_gene_id","otthumg_gene_id","otthumg_transcript_id","ensembl_transcript_name","ensembl_gene_name","transcript_length","gene_biotype","transcript_position","n_reads","probability_modified","kmer","mod_ratio","utr5_length","utr3_length","cds_length_tx","start_utr5","end_utr5","start_cds","end_cds","start_utr3","end_utr3","isin_5utr","isin_cds","isin_3utr","rel_5utr","rel_cds","rel_3utr"
"1","ENST00000000412.8","ENSG00000003056.8","OTTHUMG00000168276.4","OTTHUMT00000399130.2","M6PR-201","M6PR",2450,"protein_coding",2130,32,0.95962441,"GGACT",0.6875,NA,NA,NA,NA,NA,NA,NA,NA,NA,0,0,0,NA,NA,NA
"2","ENST00000000412.8","ENSG00000003056.8","OTTHUMG00000168276.4","OTTHUMT00000399130.2","M6PR-201","M6PR",2450,"protein_coding",2270,57,0.914004028,"GGACT",0.684210526,NA,NA,NA,NA,NA,NA,NA,NA,NA,0,0,0,NA,NA,NA
"3","ENST00000007390.3","ENSG00000007520.4","OTTHUMG00000047834.4","OTTHUMT00000109057.3","TSR3-201","TSR3",1210,"protein_coding",1118,58,0.923224986,"GGACT",0.603448276,NA,NA,NA,NA,NA,NA,NA,NA,NA,0,0,0,NA,NA,NA
"4","ENST00000022615.9","ENSG00000078668.14","OTTHUMG00000164168.4","OTTHUMT00000377574.2","VDAC3-201","VDAC3",1418,"protein_coding",1044,182,0.91196388,"GAACT",0.532967033,NA,NA,NA,NA,NA,NA,NA,NA,NA,0,0,0,NA,NA,NA
"5","ENST00000085068.7","ENSG00000063241.8","OTTHUMG00000180830.3","OTTHUMT00000453180.1","ISOC2-201","ISOC2",1122,"protein_coding",980,64,0.980923116,"AGACT",0.828125,NA,NA,NA,NA,NA,NA,NA,NA,NA,0,0,0,NA,NA,NA
"6","ENST00000156825.5","ENSG00000071655.18","OTTHUMG00000180081.9","OTTHUMT00000449657.3","MBD3-201","MBD3",5518,"protein_coding",1911,84,0.986938,"GGACT",0.916666667,NA,NA,NA,NA,NA,NA,NA,NA,NA,0,0,0,NA,NA,NA
"7","ENST00000156825.5","ENSG00000071655.18","OTTHUMG00000180081.9","OTTHUMT00000449657.3","MBD3-201","MBD3",5518,"protein_coding",2082,110,0.913268447,"GGACT",0.609090909,NA,NA,NA,NA,NA,NA,NA,NA,NA,0,0,0,NA,NA,NA
"8","ENST00000156825.5","ENSG00000071655.18","OTTHUMG00000180081.9","OTTHUMT00000449657.3","MBD3-201","MBD3",5518,"protein_coding",2112,122,0.975154519,"GGACT",0.827868852,NA,NA,NA,NA,NA,NA,NA,NA,NA,0,0,0,NA,NA,NA
"9","ENST00000171111.10","ENSG00000079999.14","OTTHUMG00000180579.5","OTTHUMT00000452000.2","KEAP1-201","KEAP1",2565,"protein_coding",2107,20,0.985162616,"GGACT",0.8,NA,NA,NA,NA,NA,NA,NA,NA,NA,0,0,0,NA,NA,NA
"10","ENST00000171111.10","ENSG00000079999.14","OTTHUMG00000180579.5","OTTHUMT00000452000.2","KEAP1-201","KEAP1",2565,"protein_coding",2120,24,0.928062975,"AGACA",0.375,NA,NA,NA,NA,NA,NA,NA,NA,NA,0,0,0,NA,NA,NA
"11","ENST00000182527.4","ENSG00000065308.5","OTTHUMG00000014850.2","OTTHUMT00000040910.2","TRAM2-201","TRAM2",7047,"protein_coding",6672,21,0.964614868,"AGACT",0.761904762,NA,NA,NA,NA,NA,NA,NA,NA,NA,0,0,0,NA,NA,NA
"12","ENST00000182527.4","ENSG00000065308.5","OTTHUMG00000014850.2","OTTHUMT00000040910.2","TRAM2-201","TRAM2",7047,"protein_coding",6769,24,0.938538969,"GGACA",0.708333333,NA,NA,NA,NA,NA,NA,NA,NA,NA,0,0,0,NA,NA,NA
"13","ENST00000214869.7","ENSG00000099203.7","OTTHUMG00000180696.3","OTTHUMT00000452614.2","TMED1-201","TMED1",1633,"protein_coding",730,25,0.972806811,"GGACA",0.64,NA,NA,NA,NA,NA,NA,NA,NA,NA,0,0,0,NA,NA,NA
"14","ENST00000214869.7","ENSG00000099203.7","OTTHUMG00000180696.3","OTTHUMT00000452614.2","TMED1-201","TMED1",1633,"protein_coding",764,29,0.973162234,"AGACT",0.75862069,NA,NA,NA,NA,NA,NA,NA,NA,NA,0,0,0,NA,NA,NA
"15","ENST00000215375.7","ENSG00000099624.8","OTTHUMG00000180143.5","OTTHUMT00000449958.3","ATP5F1D-201","ATP5F1D",995,"protein_coding",953,30,0.923238397,"GAACT",0.466666667,NA,NA,NA,NA,NA,NA,NA,NA,NA,0,0,0,NA,NA,NA
"16","ENST00000216714.8","ENSG00000100823.12","OTTHUMG00000029544.7","OTTHUMT00000073641.4","APEX1-201","APEX1",1453,"protein_coding",1038,135,0.973548234,"GGACT",0.874074074,NA,NA,NA,NA,NA,NA,NA,NA,NA,0,0,0,NA,NA,NA
"17","ENST00000216780.9","ENSG00000100889.12","OTTHUMG00000028791.10","OTTHUMT00000071900.5","PCK2-201","PCK2",2179,"protein_coding",2145,23,0.973829865,"AGACT",0.782608696,NA,NA,NA,NA,NA,NA,NA,NA,NA,0,0,0,NA,NA,NA
"18","ENST00000217446.8","ENSG00000101464.11","OTTHUMG00000032304.6","OTTHUMT00000078795.2","PIGU-201","PIGU",1639,"protein_coding",1340,25,0.961837053,"GGACC",0.76,NA,NA,NA,NA,NA,NA,NA,NA,NA,0,0,0,NA,NA,NA
"19","ENST00000217446.8","ENSG00000101464.11","OTTHUMG00000032304.6","OTTHUMT00000078795.2","PIGU-201","PIGU",1639,"protein_coding",1460,25,0.916405618,"GGACC",0.56,NA,NA,NA,NA,NA,NA,NA,NA,NA,0,0,0,NA,NA,NA
"20","ENST00000219313.9","ENSG00000103035.11","OTTHUMG00000137601.4","OTTHUMT00000269010.3","PSMD7-201","PSMD7",1631,"protein_coding",700,50,0.927005351,"GGACT",0.76,NA,NA,NA,NA,NA,NA,NA,NA,NA,0,0,0,NA,NA,NA
"21","ENST00000219313.9","ENSG00000103035.11","OTTHUMG00000137601.4","OTTHUMT00000269010.3","PSMD7-201","PSMD7",1631,"protein_coding",1413,26,0.909698248,"AGACT",0.692307692,NA,NA,NA,NA,NA,NA,NA,NA,NA,0,0,0,NA,NA,NA
"22","ENST00000219400.8","ENSG00000103121.9","OTTHUMG00000137625.6","OTTHUMT00000269047.3","CMC2-201","CMC2",10072,"protein_coding",470,39,0.989677012,"AGACT",0.846153846,NA,NA,NA,NA,NA,NA,NA,NA,NA,0,0,0,NA,NA,NA
"23","ENST00000219548.9","ENSG00000103266.11","OTTHUMG00000121140.7","OTTHUMT00000241618.3","STUB1-201","STUB1",1340,"protein_coding",1146,101,0.982425153,"GGACT",0.801980198,NA,NA,NA,NA,NA,NA,NA,NA,NA,0,0,0,NA,NA,NA
"24","ENST00000219548.9","ENSG00000103266.11","OTTHUMG00000121140.7","OTTHUMT00000241618.3","STUB1-201","STUB1",1340,"protein_coding",1153,101,0.959892631,"GGACT",0.831683168,NA,NA,NA,NA,NA,NA,NA,NA,NA,0,0,0,NA,NA,NA
"25","ENST00000221770.7","ENSG00000105171.10","OTTHUMG00000182020.4","OTTHUMT00000458714.1","POP4-201","POP4",2321,"protein_coding",509,52,0.934249461,"GGACA",0.596153846,NA,NA,NA,NA,NA,NA,NA,NA,NA,0,0,0,NA,NA,NA
"26","ENST00000223095.5","ENSG00000106366.9","OTTHUMG00000157107.3","OTTHUMT00000347458.2","SERPINE1-201","SERPINE1",3156,"protein_coding",1439,25,0.988930464,"TGACT",0.72,NA,NA,NA,NA,NA,NA,NA,NA,NA,0,0,0,NA,NA,NA
"27","ENST00000223095.5","ENSG00000106366.9","OTTHUMG00000157107.3","OTTHUMT00000347458.2","SERPINE1-201","SERPINE1",3156,"protein_coding",1461,24,0.927009583,"AGACA",0.458333333,NA,NA,NA,NA,NA,NA,NA,NA,NA,0,0,0,NA,NA,NA
"28","ENST00000223324.3","ENSG00000106591.4","OTTHUMG00000155180.2","OTTHUMT00000338669.2","MRPL32-201","MRPL32",859,"protein_coding",476,84,0.968554318,"AGACT",0.75,NA,NA,NA,NA,NA,NA,NA,NA,NA,0,0,0,NA,NA,NA
"29","ENST00000225174.8","ENSG00000108179.14","OTTHUMG00000018562.5","OTTHUMT00000048949.2","PPIF-201","PPIF",2196,"protein_coding",1075,25,0.963431299,"GGACT",0.64,NA,NA,NA,NA,NA,NA,NA,NA,NA,0,0,0,NA,NA,NA
"30","ENST00000225525.4","ENSG00000213977.8","OTTHUMG00000090701.3","OTTHUMT00000207389.3","TAX1BP3-201","TAX1BP3",1280,"protein_coding",626,24,0.903477907,"GGACA",0.5,NA,NA,NA,NA,NA,NA,NA,NA,NA,0,0,0,NA,NA,NA
"31","ENST00000225777.8","ENSG00000108639.8","OTTHUMG00000177457.4","OTTHUMT00000437009.2","SYNGR2-201","SYNGR2",1495,"protein_coding",763,21,0.971153557,"GGACT",0.714285714,NA,NA,NA,NA,NA,NA,NA,NA,NA,0,0,0,NA,NA,NA
"32","ENST00000225777.8","ENSG00000108639.8","OTTHUMG00000177457.4","OTTHUMT00000437009.2","SYNGR2-201","SYNGR2",1495,"protein_coding",1102,112,0.982465386,"AGACT",0.785714286,NA,NA,NA,NA,NA,NA,NA,NA,NA,0,0,0,NA,NA,NA
"33","ENST00000225969.9","ENSG00000108826.16","OTTHUMG00000162062.5","OTTHUMT00000367057.2","MRPL27-201","MRPL27",686,"protein_coding",602,164,0.912562966,"TGACT",0.695121951,NA,NA,NA,NA,NA,NA,NA,NA,NA,0,0,0,NA,NA,NA
"34","ENST00000227378.7","ENSG00000109971.14","OTTHUMG00000166030.2","OTTHUMT00000387521.1","HSPA8-201","HSPA8",2186,"protein_coding",919,192,0.901824653,"GAACT",0.510416667,NA,NA,NA,NA,NA,NA,NA,NA,NA,0,0,0,NA,NA,NA
"35","ENST00000228318.8","ENSG00000075415.15","OTTHUMG00000170212.3","-","SLC25A3-202","SLC25A3",5987,"protein_coding",231,81,0.950681031,"TGACT",0.790123457,NA,NA,NA,NA,NA,NA,NA,NA,NA,0,0,0,NA,NA,NA
"36","ENST00000228318.8","ENSG00000075415.15","OTTHUMG00000170212.3","-","SLC25A3-202","SLC25A3",5987,"protein_coding",265,85,0.924039662,"GGACT",0.705882353,NA,NA,NA,NA,NA,NA,NA,NA,NA,0,0,0,NA,NA,NA
"37","ENST00000230340.9","ENSG00000112578.10","OTTHUMG00000014687.3","OTTHUMT00000040535.3","BYSL-201","BYSL",1718,"protein_coding",1182,22,0.933274031,"GAACT",0.545454545,NA,NA,NA,NA,NA,NA,NA,NA,NA,0,0,0,NA,NA,NA
"38","ENST00000230340.9","ENSG00000112578.10","OTTHUMG00000014687.3","OTTHUMT00000040535.3","BYSL-201","BYSL",1718,"protein_coding",1535,71,0.945085764,"GGACT",0.647887324,NA,NA,NA,NA,NA,NA,NA,NA,NA,0,0,0,NA,NA,NA
"39","ENST00000233078.9","ENSG00000071626.17","OTTHUMG00000180058.9","OTTHUMT00000449522.3","DAZAP1-201","DAZAP1",2184,"protein_coding",1569,24,0.904741406,"GGACT",0.666666667,NA,NA,NA,NA,NA,NA,NA,NA,NA,0,0,0,NA,NA,NA
"40","ENST00000234301.3","ENSG00000115944.15","OTTHUMG00000128605.9","OTTHUMT00000504364.2","COX7A2L-201","COX7A2L",2282,"protein_coding",416,73,0.940202415,"GGACT",0.602739726,NA,NA,NA,NA,NA,NA,NA,NA,NA,0,0,0,NA,NA,NA
"41","ENST00000239223.4","ENSG00000120129.6","OTTHUMG00000130523.4","OTTHUMT00000252943.4","DUSP1-201","DUSP1",2013,"protein_coding",1599,51,0.956598043,"GGACT",0.607843137,NA,NA,NA,NA,NA,NA,NA,NA,NA,0,0,0,NA,NA,NA
"42","ENST00000241600.10","ENSG00000122140.13","OTTHUMG00000020910.4","OTTHUMT00000504246.2","MRPS2-201","MRPS2",1458,"protein_coding",870,31,0.951143622,"GGACC",0.580645161,NA,NA,NA,NA,NA,NA,NA,NA,NA,0,0,0,NA,NA,NA
"43","ENST00000241600.10","ENSG00000122140.13","OTTHUMG00000020910.4","OTTHUMT00000504246.2","MRPS2-201","MRPS2",1458,"protein_coding",1081,57,0.94235146,"GGACC",0.50877193,NA,NA,NA,NA,NA,NA,NA,NA,NA,0,0,0,NA,NA,NA
"44","ENST00000242577.11","ENSG00000088986.11","OTTHUMG00000169368.5","OTTHUMT00000403714.3","DYNLL1-201","DYNLL1",663,"protein_coding",388,297,0.901950598,"GGACT",0.565656566,NA,NA,NA,NA,NA,NA,NA,NA,NA,0,0,0,NA,NA,NA
"45","ENST00000242776.9","ENSG00000123136.15","OTTHUMG00000182181.5","OTTHUMT00000459880.2","DDX39A-201","DDX39A",1498,"protein_coding",218,60,0.922337711,"GGACT",0.566666667,76,138,1284,1,76,77,1359,1360,1497,0,1,0,NA,0.110591900311526,NA
"46","ENST00000242776.9","ENSG00000123136.15","OTTHUMG00000182181.5","OTTHUMT00000459880.2","DDX39A-201","DDX39A",1498,"protein_coding",257,64,0.93677032,"GGACT",0.640625,76,138,1284,1,76,77,1359,1360,1497,0,1,0,NA,0.140965732087227,NA
"47","ENST00000242784.5","ENSG00000123144.11","OTTHUMG00000180347.2","OTTHUMT00000450856.2","TRIR-201","TRIR",879,"protein_coding",706,206,0.978131592,"GGACT",0.694174757,NA,NA,NA,NA,NA,NA,NA,NA,NA,0,0,0,NA,NA,NA
"48","ENST00000244496.6","ENSG00000124541.7","OTTHUMG00000014715.3","OTTHUMT00000040572.2","RRP36-201","RRP36",1183,"protein_coding",958,221,0.966012597,"GGACT",0.79638009,NA,NA,NA,NA,NA,NA,NA,NA,NA,0,0,0,NA,NA,NA
"49","ENST00000244496.6","ENSG00000124541.7","OTTHUMG00000014715.3","OTTHUMT00000040572.2","RRP36-201","RRP36",1183,"protein_coding",1140,171,0.934823751,"GGACA",0.561403509,NA,NA,NA,NA,NA,NA,NA,NA,NA,0,0,0,NA,NA,NA
"50","ENST00000244763.9","ENSG00000124783.14","OTTHUMG00000014202.6","OTTHUMT00000039775.3","SSR1-201","SSR1",9661,"protein_coding",1058,26,0.923201323,"GGACT",0.692307692,NA,NA,NA,NA,NA,NA,NA,NA,NA,0,0,0,NA,NA,NA
"51","ENST00000245185.6","ENSG00000125148.7","OTTHUMG00000133281.3","OTTHUMT00000257061.2","MT2A-201","MT2A",401,"protein_coding",265,985,0.925985575,"GGACA",0.573604061,NA,NA,NA,NA,NA,NA,NA,NA,NA,0,0,0,NA,NA,NA
"52","ENST00000245812.8","ENSG00000125652.8","OTTHUMG00000180792.3","OTTHUMT00000453036.3","ALKBH7-201","ALKBH7",970,"protein_coding",742,106,0.905884564,"GGACA",0.547169811,NA,NA,NA,NA,NA,NA,NA,NA,NA,0,0,0,NA,NA,NA
"53","ENST00000247020.9","ENSG00000132581.10","OTTHUMG00000132681.6","OTTHUMT00000255965.3","SDF2-201","SDF2",1309,"protein_coding",429,20,0.915881574,"GGACA",0.5,30,643,636,1,30,31,665,666,1308,0,1,0,NA,0.627358490566038,NA
"54","ENST00000247020.9","ENSG00000132581.10","OTTHUMG00000132681.6","OTTHUMT00000255965.3","SDF2-201","SDF2",1309,"protein_coding",887,20,0.967024028,"GGACT",0.85,30,643,636,1,30,31,665,666,1308,0,0,1,NA,NA,0.343701399688958
"55","ENST00000247020.9","ENSG00000132581.10","OTTHUMG00000132681.6","OTTHUMT00000255965.3","SDF2-201","SDF2",1309,"protein_coding",996,20,0.929437637,"GGACT",0.5,30,643,636,1,30,31,665,666,1308,0,0,1,NA,NA,0.513219284603421
"56","ENST00000248378.6","ENSG00000127774.7","OTTHUMG00000180187.2","OTTHUMT00000450158.2","EMC6-201","EMC6",656,"protein_coding",513,176,0.952058494,"GGACT",0.625,137,186,333,1,137,138,469,470,655,0,0,1,NA,NA,0.231182795698925
"57","ENST00000248879.8","ENSG00000128185.10","OTTHUMG00000150583.4","OTTHUMT00000318970.4","DGCR6L-201","DGCR6L",1172,"protein_coding",668,33,0.904059589,"GGACT",0.575757576,NA,NA,NA,NA,NA,NA,NA,NA,NA,0,0,0,NA,NA,NA
"58","ENST00000249776.13","ENSG00000128944.14","OTTHUMG00000172454.3","OTTHUMT00000418636.1","KNSTRN-201","KNSTRN",1757,"protein_coding",1193,22,0.933578312,"AGACT",0.818181818,NA,NA,NA,NA,NA,NA,NA,NA,NA,0,0,0,NA,NA,NA
"59","ENST00000251289.9","ENSG00000065268.11","OTTHUMG00000181903.9","OTTHUMT00000474027.2","WDR18-201","WDR18",1501,"protein_coding",1384,140,0.954093218,"GGACT",0.771428571,NA,NA,NA,NA,NA,NA,NA,NA,NA,0,0,0,NA,NA,NA
"60","ENST00000252603.7","ENSG00000130313.7","OTTHUMG00000182879.3","OTTHUMT00000464154.2","PGLS-201","PGLS",1008,"protein_coding",615,32,0.925799131,"GAACT",0.5625,NA,NA,NA,NA,NA,NA,NA,NA,NA,0,0,0,NA,NA,NA
"61","ENST00000252785.3","ENSG00000284194.3","OTTHUMG00000191637.2","OTTHUMT00000317091.1","SCO2-201","SCO2",992,"protein_coding",736,21,0.981476545,"AGACT",0.666666667,NA,NA,NA,NA,NA,NA,NA,NA,NA,0,0,0,NA,NA,NA
"62","ENST00000252816.10","ENSG00000130520.11","OTTHUMG00000183357.11","OTTHUMT00000466322.5","LSM4-201","LSM4",986,"protein_coding",819,241,0.948057234,"GGACT",0.680497925,NA,NA,NA,NA,NA,NA,NA,NA,NA,0,0,0,NA,NA,NA
"63","ENST00000252818.5","ENSG00000130522.6","OTTHUMG00000183355.6","OTTHUMT00000466318.3","JUND-201","JUND",1929,"protein_coding",1257,21,0.991697848,"GGACT",0.952380952,NA,NA,NA,NA,NA,NA,NA,NA,NA,0,0,0,NA,NA,NA
"64","ENST00000252818.5","ENSG00000130522.6","OTTHUMG00000183355.6","OTTHUMT00000466318.3","JUND-201","JUND",1929,"protein_coding",1361,23,0.991378188,"GGACT",0.956521739,NA,NA,NA,NA,NA,NA,NA,NA,NA,0,0,0,NA,NA,NA
"65","ENST00000253047.7","ENSG00000130748.7","OTTHUMG00000183441.2","OTTHUMT00000466666.2","TMEM160-201","TMEM160",655,"protein_coding",622,105,0.933754086,"GGACT",0.571428571,NA,NA,NA,NA,NA,NA,NA,NA,NA,0,0,0,NA,NA,NA
"66","ENST00000253193.9","ENSG00000130881.14","OTTHUMG00000180343.9","OTTHUMT00000450842.6","LRP3-201","LRP3",4058,"protein_coding",2422,20,0.949399889,"GGACA",0.65,NA,NA,NA,NA,NA,NA,NA,NA,NA,0,0,0,NA,NA,NA
"67","ENST00000253968.11","ENSG00000131668.14","OTTHUMG00000020255.6","OTTHUMT00000053164.6","BARX1-201","BARX1",1511,"protein_coding",1132,28,0.950742424,"GGACA",0.571428571,NA,NA,NA,NA,NA,NA,NA,NA,NA,0,0,0,NA,NA,NA
"68","ENST00000254584.6","ENSG00000132254.13","OTTHUMG00000133406.6","OTTHUMT00000387044.1","ARFIP2-201","ARFIP2",2543,"protein_coding",1554,20,0.941287637,"GGACT",0.55,NA,NA,NA,NA,NA,NA,NA,NA,NA,0,0,0,NA,NA,NA
"69","ENST00000254998.3","ENSG00000132661.4","OTTHUMG00000032059.3","OTTHUMT00000078313.3","NXT1-201","NXT1",1062,"protein_coding",493,25,0.987832427,"GGACA",0.72,NA,NA,NA,NA,NA,NA,NA,NA,NA,0,0,0,NA,NA,NA
"70","ENST00000254998.3","ENSG00000132661.4","OTTHUMG00000032059.3","OTTHUMT00000078313.3","NXT1-201","NXT1",1062,"protein_coding",654,27,0.923310101,"GGACT",0.592592593,NA,NA,NA,NA,NA,NA,NA,NA,NA,0,0,0,NA,NA,NA
"71","ENST00000254998.3","ENSG00000132661.4","OTTHUMG00000032059.3","OTTHUMT00000078313.3","NXT1-201","NXT1",1062,"protein_coding",723,59,0.923547387,"TGACT",0.745762712,NA,NA,NA,NA,NA,NA,NA,NA,NA,0,0,0,NA,NA,NA
"72","ENST00000254998.3","ENSG00000132661.4","OTTHUMG00000032059.3","OTTHUMT00000078313.3","NXT1-201","NXT1",1062,"protein_coding",741,51,0.968271554,"GGACT",0.803921569,NA,NA,NA,NA,NA,NA,NA,NA,NA,0,0,0,NA,NA,NA
"73","ENST00000254998.3","ENSG00000132661.4","OTTHUMG00000032059.3","OTTHUMT00000078313.3","NXT1-201","NXT1",1062,"protein_coding",895,59,0.92666769,"GAACT",0.644067797,NA,NA,NA,NA,NA,NA,NA,NA,NA,0,0,0,NA,NA,NA
"74","ENST00000257497.11","ENSG00000135046.14","OTTHUMG00000020016.3","OTTHUMT00000052664.2","ANXA1-201","ANXA1",1401,"protein_coding",1397,80,0.92283994,"AGACA",0.2625,NA,NA,NA,NA,NA,NA,NA,NA,NA,0,0,0,NA,NA,NA
"75","ENST00000259254.9","ENSG00000136732.16","OTTHUMG00000131464.4","OTTHUMT00000254297.2","GYPC-201","GYPC",1018,"protein_coding",496,28,0.904560447,"GGACA",0.464285714,NA,NA,NA,NA,NA,NA,NA,NA,NA,0,0,0,NA,NA,NA
"76","ENST00000259254.9","ENSG00000136732.16","OTTHUMG00000131464.4","OTTHUMT00000254297.2","GYPC-201","GYPC",1018,"protein_coding",665,54,0.903207719,"GGACT",0.444444444,NA,NA,NA,NA,NA,NA,NA,NA,NA,0,0,0,NA,NA,NA
"77","ENST00000259254.9","ENSG00000136732.16","OTTHUMG00000131464.4","OTTHUMT00000254297.2","GYPC-201","GYPC",1018,"protein_coding",694,53,0.937206924,"GGACC",0.509433962,NA,NA,NA,NA,NA,NA,NA,NA,NA,0,0,0,NA,NA,NA
"78","ENST00000259874.6","ENSG00000137331.12","OTTHUMG00000031265.3","OTTHUMT00000076578.3","IER3-201","IER3",1237,"protein_coding",591,26,0.969542384,"GGACT",0.692307692,29,737,471,1,29,30,499,500,1236,0,0,1,NA,NA,0.123473541383989
"79","ENST00000259874.6","ENSG00000137331.12","OTTHUMG00000031265.3","OTTHUMT00000076578.3","IER3-201","IER3",1237,"protein_coding",609,56,0.938316524,"GAACT",0.589285714,29,737,471,1,29,30,499,500,1236,0,0,1,NA,NA,0.147896879240163
"80","ENST00000260045.8","ENSG00000137492.9","OTTHUMG00000165280.2","OTTHUMT00000383188.2","THAP12-201","THAP12",3490,"protein_coding",3032,23,0.962804079,"GGACA",0.739130435,NA,NA,NA,NA,NA,NA,NA,NA,NA,0,0,0,NA,NA,NA
"81","ENST00000260045.8","ENSG00000137492.9","OTTHUMG00000165280.2","OTTHUMT00000383188.2","THAP12-201","THAP12",3490,"protein_coding",3110,32,0.9296543,"GAACT",0.5625,NA,NA,NA,NA,NA,NA,NA,NA,NA,0,0,0,NA,NA,NA
"82","ENST00000261819.8","ENSG00000089053.13","OTTHUMG00000169157.4","OTTHUMT00000402582.2","ANAPC5-201","ANAPC5",2574,"protein_coding",2384,196,0.926080227,"GGACT",0.653061224,NA,NA,NA,NA,NA,NA,NA,NA,NA,0,0,0,NA,NA,NA
"83","ENST00000262395.10","ENSG00000076604.16","OTTHUMG00000132677.8","OTTHUMT00000255944.4","TRAF4-201","TRAF4",2894,"protein_coding",1432,45,0.983764648,"GGACA",0.711111111,NA,NA,NA,NA,NA,NA,NA,NA,NA,0,0,0,NA,NA,NA
"84","ENST00000262395.10","ENSG00000076604.16","OTTHUMG00000132677.8","OTTHUMT00000255944.4","TRAF4-201","TRAF4",2894,"protein_coding",1490,55,0.919545352,"GAACT",0.545454545,NA,NA,NA,NA,NA,NA,NA,NA,NA,0,0,0,NA,NA,NA
"85","ENST00000262395.10","ENSG00000076604.16","OTTHUMG00000132677.8","OTTHUMT00000255944.4","TRAF4-201","TRAF4",2894,"protein_coding",1807,64,0.977629423,"GGACT",0.75,NA,NA,NA,NA,NA,NA,NA,NA,NA,0,0,0,NA,NA,NA
"86","ENST00000262947.8","ENSG00000074842.8","OTTHUMG00000182039.2","OTTHUMT00000458937.2","MYDGF-201","MYDGF",990,"protein_coding",629,257,0.941631615,"GGACT",0.649805447,8,460,522,1,8,9,529,530,989,0,0,1,NA,NA,0.215217391304348
"87","ENST00000263083.12","ENSG00000108963.19","OTTHUMG00000177724.8","OTTHUMT00000438660.2","DPH1-201","DPH1",2646,"protein_coding",2052,27,0.915113807,"GGACA",0.703703704,NA,NA,NA,NA,NA,NA,NA,NA,NA,0,0,0,NA,NA,NA
"88","ENST00000263084.7","ENSG00000108963.19","OTTHUMG00000177724.8","OTTHUMT00000471422.3","DPH1-202","DPH1",1827,"nonsense_mediated_decay",878,40,0.927950978,"GGACA",0.575,NA,NA,NA,NA,NA,NA,NA,NA,NA,0,0,0,NA,NA,NA
"89","ENST00000263084.7","ENSG00000108963.19","OTTHUMG00000177724.8","OTTHUMT00000471422.3","DPH1-202","DPH1",1827,"nonsense_mediated_decay",1233,49,0.922625959,"GGACA",0.714285714,NA,NA,NA,NA,NA,NA,NA,NA,NA,0,0,0,NA,NA,NA
"90","ENST00000263270.11","ENSG00000042753.12","OTTHUMG00000183437.2","OTTHUMT00000466643.1","AP2S1-201","AP2S1",789,"protein_coding",379,238,0.937080085,"GAACT",0.605042017,NA,NA,NA,NA,NA,NA,NA,NA,NA,0,0,0,NA,NA,NA
"91","ENST00000263383.8","ENSG00000105135.16","OTTHUMG00000165630.4","OTTHUMT00000385439.2","ILVBL-201","ILVBL",2305,"protein_coding",2082,21,0.968613029,"GGACT",0.714285714,NA,NA,NA,NA,NA,NA,NA,NA,NA,0,0,0,NA,NA,NA
"92","ENST00000263398.11","ENSG00000026508.21","OTTHUMG00000044388.10","OTTHUMT00000388924.1","CD44-201","CD44",4288,"protein_coding",755,21,0.990210772,"AGACA",0.952380952,NA,NA,NA,NA,NA,NA,NA,NA,NA,0,0,0,NA,NA,NA
"93","ENST00000263398.11","ENSG00000026508.21","OTTHUMG00000044388.10","OTTHUMT00000388924.1","CD44-201","CD44",4288,"protein_coding",1282,64,0.963310063,"GGACA",0.625,NA,NA,NA,NA,NA,NA,NA,NA,NA,0,0,0,NA,NA,NA
"94","ENST00000265093.4","ENSG00000113732.9","OTTHUMG00000130518.4","OTTHUMT00000372563.1","ATP6V0E1-201","ATP6V0E1",773,"protein_coding",467,187,0.955819547,"GAACT",0.673796791,NA,NA,NA,NA,NA,NA,NA,NA,NA,0,0,0,NA,NA,NA
"95","ENST00000265195.9","ENSG00000120725.13","OTTHUMG00000129226.4","OTTHUMT00000373062.1","SIL1-201","SIL1",1895,"protein_coding",1546,23,0.974725962,"GGACT",0.782608696,NA,NA,NA,NA,NA,NA,NA,NA,NA,0,0,0,NA,NA,NA
"96","ENST00000265195.9","ENSG00000120725.13","OTTHUMG00000129226.4","OTTHUMT00000373062.1","SIL1-201","SIL1",1895,"protein_coding",1551,21,0.983836174,"GGACT",0.904761905,NA,NA,NA,NA,NA,NA,NA,NA,NA,0,0,0,NA,NA,NA
"97","ENST00000266025.4","ENSG00000126062.4","OTTHUMG00000044212.4","OTTHUMT00000102784.4","TMEM115-201","TMEM115",2107,"protein_coding",1801,44,0.967486203,"GGACA",0.795454545,NA,NA,NA,NA,NA,NA,NA,NA,NA,0,0,0,NA,NA,NA
"98","ENST00000266025.4","ENSG00000126062.4","OTTHUMG00000044212.4","OTTHUMT00000102784.4","TMEM115-201","TMEM115",2107,"protein_coding",1954,46,0.971881986,"AGACT",0.760869565,NA,NA,NA,NA,NA,NA,NA,NA,NA,0,0,0,NA,NA,NA
"99","ENST00000266263.10","ENSG00000242114.6","OTTHUMG00000151057.6","OTTHUMT00000321126.5","MTFP1-201","MTFP1",1133,"protein_coding",853,24,0.964039564,"GGACC",0.583333333,112,520,501,1,112,113,612,613,1132,0,0,1,NA,NA,0.461538461538462
"100","ENST00000266263.10","ENSG00000242114.6","OTTHUMG00000151057.6","OTTHUMT00000321126.5","MTFP1-201","MTFP1",1133,"protein_coding",916,23,0.98873508,"AGACT",0.782608696,112,520,501,1,112,113,612,613,1132,0,0,1,NA,NA,0.582692307692308
"101","ENST00000268802.10","ENSG00000141101.13","OTTHUMG00000137576.4","OTTHUMT00000268958.3","NOB1-201","NOB1",1716,"protein_coding",1421,55,0.985537231,"GGACT",0.872727273,NA,NA,NA,NA,NA,NA,NA,NA,NA,0,0,0,NA,NA,NA
"102","ENST00000269740.9","ENSG00000141873.11","OTTHUMG00000180440.4","OTTHUMT00000451354.2","SLC39A3-201","SLC39A3",1367,"protein_coding",819,23,0.983167112,"AGACA",0.608695652,NA,NA,NA,NA,NA,NA,NA,NA,NA,0,0,0,NA,NA,NA
"103","ENST00000269740.9","ENSG00000141873.11","OTTHUMG00000180440.4","OTTHUMT00000451354.2","SLC39A3-201","SLC39A3",1367,"protein_coding",1279,55,0.90762955,"GGACC",0.436363636,NA,NA,NA,NA,NA,NA,NA,NA,NA,0,0,0,NA,NA,NA
"104","ENST00000270517.12","ENSG00000130159.15","OTTHUMG00000178590.6","OTTHUMT00000442603.3","ECSIT-202","ECSIT",1647,"protein_coding",1438,42,0.976736546,"GGACT",0.833333333,NA,NA,NA,NA,NA,NA,NA,NA,NA,0,0,0,NA,NA,NA
"105","ENST00000271843.9","ENSG00000143543.15","OTTHUMG00000036590.4","OTTHUMT00000088996.2","JTB-201","JTB",1273,"protein_coding",926,282,0.969952106,"GGACT",0.84751773,NA,NA,NA,NA,NA,NA,NA,NA,NA,0,0,0,NA,NA,NA
"106","ENST00000278100.11","ENSG00000107949.17","OTTHUMG00000019237.3","OTTHUMT00000050941.2","BCCIP-201","BCCIP",1234,"protein_coding",971,51,0.970792472,"GGACA",0.764705882,NA,NA,NA,NA,NA,NA,NA,NA,NA,0,0,0,NA,NA,NA
"107","ENST00000278175.10","ENSG00000148926.10","OTTHUMG00000165907.2","OTTHUMT00000387004.2","ADM-201","ADM",1492,"protein_coding",1125,23,0.975134611,"GAACT",0.652173913,NA,NA,NA,NA,NA,NA,NA,NA,NA,0,0,0,NA,NA,NA
"108","ENST00000279206.8","ENSG00000149761.9","OTTHUMG00000167791.8","OTTHUMT00000396304.3","NUDT22-201","NUDT22",1110,"protein_coding",527,54,0.956755757,"GGACC",0.407407407,NA,NA,NA,NA,NA,NA,NA,NA,NA,0,0,0,NA,NA,NA
"109","ENST00000281828.8","ENSG00000116120.11","OTTHUMG00000133155.4","OTTHUMT00000256855.4","FARSB-201","FARSB",6761,"protein_coding",1212,28,0.920305431,"GAACT",0.535714286,NA,NA,NA,NA,NA,NA,NA,NA,NA,0,0,0,NA,NA,NA
"110","ENST00000282999.7","ENSG00000153037.15","OTTHUMG00000186064.6","OTTHUMT00000370786.2","SRP19-201","SRP19",937,"protein_coding",646,113,0.953238666,"GAACT",0.646017699,NA,NA,NA,NA,NA,NA,NA,NA,NA,0,0,0,NA,NA,NA
"111","ENST00000282999.7","ENSG00000153037.15","OTTHUMG00000186064.6","OTTHUMT00000370786.2","SRP19-201","SRP19",937,"protein_coding",801,110,0.937846899,"GGACT",0.718181818,NA,NA,NA,NA,NA,NA,NA,NA,NA,0,0,0,NA,NA,NA
"112","ENST00000283179.14","ENSG00000153187.21","OTTHUMG00000040396.17","OTTHUMT00000492371.1","HNRNPU-201","HNRNPU",3120,"protein_coding",2439,24,0.939201653,"GAACT",0.5,NA,NA,NA,NA,NA,NA,NA,NA,NA,0,0,0,NA,NA,NA
"113","ENST00000284000.9","ENSG00000153879.9","OTTHUMG00000180469.5","OTTHUMT00000451427.3","CEBPG-201","CEBPG",3730,"protein_coding",729,73,0.997028828,"GGACA",0.780821918,NA,NA,NA,NA,NA,NA,NA,NA,NA,0,0,0,NA,NA,NA
"114","ENST00000284000.9","ENSG00000153879.9","OTTHUMG00000180469.5","OTTHUMT00000451427.3","CEBPG-201","CEBPG",3730,"protein_coding",835,77,0.903860509,"TGACT",0.532467532,NA,NA,NA,NA,NA,NA,NA,NA,NA,0,0,0,NA,NA,NA
"115","ENST00000285298.9","ENSG00000239789.6","OTTHUMG00000023153.6","OTTHUMT00000251527.4","MRPS17-201","MRPS17",1786,"protein_coding",310,78,0.932026565,"GAACT",0.602564103,NA,NA,NA,NA,NA,NA,NA,NA,NA,0,0,0,NA,NA,NA
"116","ENST00000285735.6","ENSG00000155366.17","OTTHUMG00000011905.6","OTTHUMT00000032904.2","RHOC-201","RHOC",2199,"protein_coding",1917,138,0.924111366,"GGACT",0.586956522,NA,NA,NA,NA,NA,NA,NA,NA,NA,0,0,0,NA,NA,NA
"117","ENST00000286091.9","ENSG00000155660.11","OTTHUMG00000150248.4","OTTHUMT00000502795.1","PDIA4-201","PDIA4",2921,"protein_coding",2371,37,0.983219266,"TGACT",0.72972973,NA,NA,NA,NA,NA,NA,NA,NA,NA,0,0,0,NA,NA,NA
"118","ENST00000287844.7","ENSG00000033050.9","OTTHUMG00000192398.2","OTTHUMT00000336086.2","ABCF2-201","ABCF2",4527,"protein_coding",2185,20,0.937657058,"GGACT",0.65,NA,NA,NA,NA,NA,NA,NA,NA,NA,0,0,0,NA,NA,NA
"119","ENST00000288022.2","ENSG00000258429.2","OTTHUMG00000171336.2","OTTHUMT00000413022.2","PDF-201","PDF",2859,"protein_coding",703,20,0.981048942,"GGACA",0.7,NA,NA,NA,NA,NA,NA,NA,NA,NA,0,0,0,NA,NA,NA
"120","ENST00000288022.2","ENSG00000258429.2","OTTHUMG00000171336.2","OTTHUMT00000413022.2","PDF-201","PDF",2859,"protein_coding",883,50,0.915864229,"AGACT",0.68,NA,NA,NA,NA,NA,NA,NA,NA,NA,0,0,0,NA,NA,NA
"121","ENST00000288022.2","ENSG00000258429.2","OTTHUMG00000171336.2","OTTHUMT00000413022.2","PDF-201","PDF",2859,"protein_coding",933,24,0.95443666,"GGACA",0.791666667,NA,NA,NA,NA,NA,NA,NA,NA,NA,0,0,0,NA,NA,NA
"122","ENST00000288022.2","ENSG00000258429.2","OTTHUMG00000171336.2","OTTHUMT00000413022.2","PDF-201","PDF",2859,"protein_coding",983,47,0.910192549,"GGACA",0.595744681,NA,NA,NA,NA,NA,NA,NA,NA,NA,0,0,0,NA,NA,NA
"123","ENST00000288022.2","ENSG00000258429.2","OTTHUMG00000171336.2","OTTHUMT00000413022.2","PDF-201","PDF",2859,"protein_coding",1056,67,0.964876115,"GGACC",0.641791045,NA,NA,NA,NA,NA,NA,NA,NA,NA,0,0,0,NA,NA,NA
"124","ENST00000288607.3","ENSG00000157778.9","OTTHUMG00000119043.3","OTTHUMT00000239254.3","PSMG3-202","PSMG3",1428,"protein_coding",1125,126,0.982198477,"GGACT",0.761904762,693,366,369,1,693,694,1061,1062,1427,0,0,1,NA,NA,0.172131147540984
"125","ENST00000288607.3","ENSG00000157778.9","OTTHUMG00000119043.3","OTTHUMT00000239254.3","PSMG3-202","PSMG3",1428,"protein_coding",1195,140,0.953826547,"AGACT",0.764285714,693,366,369,1,693,694,1061,1062,1427,0,0,1,NA,NA,0.363387978142077
"126","ENST00000288937.7","ENSG00000158042.9","OTTHUMG00000165505.3","OTTHUMT00000384544.2","MRPL17-201","MRPL17",2305,"protein_coding",674,144,0.919677496,"GGACA",0.659722222,NA,NA,NA,NA,NA,NA,NA,NA,NA,0,0,0,NA,NA,NA
"127","ENST00000290208.11","ENSG00000159111.13","OTTHUMG00000156302.2","OTTHUMT00000343766.1","MRPL10-201","MRPL10",2013,"protein_coding",1261,24,0.940147817,"GGACT",0.583333333,NA,NA,NA,NA,NA,NA,NA,NA,NA,0,0,0,NA,NA,NA
"128","ENST00000290349.11","ENSG00000159228.13","OTTHUMG00000086618.3","OTTHUMT00000194633.3","CBR1-201","CBR1",1208,"protein_coding",889,138,0.982021391,"GGACA",0.826086957,NA,NA,NA,NA,NA,NA,NA,NA,NA,0,0,0,NA,NA,NA
"129","ENST00000290949.8","ENSG00000159720.13","OTTHUMG00000137515.7","OTTHUMT00000268835.2","ATP6V0D1-201","ATP6V0D1",1636,"protein_coding",1296,20,0.926096797,"AGACT",0.55,NA,NA,NA,NA,NA,NA,NA,NA,NA,0,0,0,NA,NA,NA
"130","ENST00000290949.8","ENSG00000159720.13","OTTHUMG00000137515.7","OTTHUMT00000268835.2","ATP6V0D1-201","ATP6V0D1",1636,"protein_coding",1458,24,0.909357905,"GAACC",0.75,NA,NA,NA,NA,NA,NA,NA,NA,NA,0,0,0,NA,NA,NA
"131","ENST00000291386.4","ENSG00000160075.12","OTTHUMG00000000576.6","OTTHUMT00000001366.2","SSU72-201","SSU72",1284,"protein_coding",527,25,0.93842715,"GAACT",0.56,NA,NA,NA,NA,NA,NA,NA,NA,NA,0,0,0,NA,NA,NA
"132","ENST00000291386.4","ENSG00000160075.12","OTTHUMG00000000576.6","OTTHUMT00000001366.2","SSU72-201","SSU72",1284,"protein_coding",1215,109,0.9754619,"GGACT",0.688073394,NA,NA,NA,NA,NA,NA,NA,NA,NA,0,0,0,NA,NA,NA
"133","ENST00000291442.4","ENSG00000160113.6","OTTHUMG00000182728.2","OTTHUMT00000463325.1","NR2F6-201","NR2F6",2383,"protein_coding",2008,83,0.95337671,"GGACT",0.542168675,NA,NA,NA,NA,NA,NA,NA,NA,NA,0,0,0,NA,NA,NA
"134","ENST00000291442.4","ENSG00000160113.6","OTTHUMG00000182728.2","OTTHUMT00000463325.1","NR2F6-201","NR2F6",2383,"protein_coding",2045,54,0.984721422,"AGACT",0.814814815,NA,NA,NA,NA,NA,NA,NA,NA,NA,0,0,0,NA,NA,NA
"135","ENST00000291442.4","ENSG00000160113.6","OTTHUMG00000182728.2","OTTHUMT00000463325.1","NR2F6-201","NR2F6",2383,"protein_coding",2099,98,0.918435693,"AGACT",0.551020408,NA,NA,NA,NA,NA,NA,NA,NA,NA,0,0,0,NA,NA,NA
"136","ENST00000291442.4","ENSG00000160113.6","OTTHUMG00000182728.2","OTTHUMT00000463325.1","NR2F6-201","NR2F6",2383,"protein_coding",2168,65,0.938522279,"GGACA",0.476923077,NA,NA,NA,NA,NA,NA,NA,NA,NA,0,0,0,NA,NA,NA
"137","ENST00000292035.10","ENSG00000160563.14","OTTHUMG00000020833.7","OTTHUMT00000054770.3","MED27-201","MED27",1385,"protein_coding",1166,48,0.928172112,"GGACT",0.541666667,23,426,936,1,23,24,958,959,1384,0,0,1,NA,NA,0.485915492957746
"138","ENST00000292430.10","ENSG00000160886.13","OTTHUMG00000164720.3","OTTHUMT00000379893.2","LY6K-201","LY6K",2671,"protein_coding",204,26,0.965583265,"GAACC",0.730769231,NA,NA,NA,NA,NA,NA,NA,NA,NA,0,0,0,NA,NA,NA
"139","ENST00000292778.11","ENSG00000161179.14","OTTHUMG00000150822.2","OTTHUMT00000320213.2","YDJC-201","YDJC",1309,"protein_coding",906,31,0.988058686,"GGACT",0.870967742,NA,NA,NA,NA,NA,NA,NA,NA,NA,0,0,0,NA,NA,NA
"140","ENST00000295702.9","ENSG00000163479.14","OTTHUMG00000017456.4","OTTHUMT00000046172.3","SSR2-201","SSR2",1108,"protein_coding",951,462,0.942842185,"AGACT",0.523809524,NA,NA,NA,NA,NA,NA,NA,NA,NA,0,0,0,NA,NA,NA
"141","ENST00000295702.9","ENSG00000163479.14","OTTHUMG00000017456.4","OTTHUMT00000046172.3","SSR2-201","SSR2",1108,"protein_coding",1024,438,0.993242562,"GGACT",0.890410959,NA,NA,NA,NA,NA,NA,NA,NA,NA,0,0,0,NA,NA,NA
"142","ENST00000296102.8","ENSG00000243147.8","OTTHUMG00000097795.3","OTTHUMT00000215049.2","MRPL33-201","MRPL33",508,"protein_coding",435,115,0.91622901,"GGACA",0.347826087,NA,NA,NA,NA,NA,NA,NA,NA,NA,0,0,0,NA,NA,NA
"143","ENST00000296292.8","ENSG00000163933.10","OTTHUMG00000074035.6","OTTHUMT00000157136.3","RFT1-201","RFT1",5081,"protein_coding",1619,22,0.983784914,"GGACT",0.727272727,NA,NA,NA,NA,NA,NA,NA,NA,NA,0,0,0,NA,NA,NA
"144","ENST00000299964.4","ENSG00000166741.9","OTTHUMG00000168245.1","OTTHUMT00000398953.1","NNMT-201","NNMT",2012,"protein_coding",910,90,0.92929697,"GGACT",0.644444444,NA,NA,NA,NA,NA,NA,NA,NA,NA,0,0,0,NA,NA,NA
"145","ENST00000300026.4","ENSG00000166794.6","OTTHUMG00000133018.2","OTTHUMT00000256604.1","PPIB-201","PPIB",893,"protein_coding",822,547,0.958378315,"GGACT",0.659963437,NA,NA,NA,NA,NA,NA,NA,NA,NA,0,0,0,NA,NA,NA
"146","ENST00000300408.8","ENSG00000167085.14","OTTHUMG00000134271.10","OTTHUMT00000258826.1","PHB1-201","PHB1",1834,"protein_coding",1554,24,0.995882213,"GGACT",0.958333333,75,940,819,1,75,76,893,894,1833,0,0,1,NA,NA,0.702127659574468
"147","ENST00000300408.8","ENSG00000167085.14","OTTHUMG00000134271.10","OTTHUMT00000258826.1","PHB1-201","PHB1",1834,"protein_coding",1741,26,0.917845845,"AGACT",0.5,75,940,819,1,75,76,893,894,1833,0,0,1,NA,NA,0.901063829787234
"148","ENST00000300851.10","ENSG00000167397.15","OTTHUMG00000047408.7","OTTHUMT00000108585.1","VKORC1-201","VKORC1",876,"protein_coding",731,69,0.915862203,"GGACC",0.463768116,NA,NA,NA,NA,NA,NA,NA,NA,NA,0,0,0,NA,NA,NA
"149","ENST00000300935.8","ENSG00000167461.12","OTTHUMG00000182238.2","OTTHUMT00000460186.2","RAB8A-201","RAB8A",2567,"protein_coding",1722,20,0.910931647,"GGACT",0.75,NA,NA,NA,NA,NA,NA,NA,NA,NA,0,0,0,NA,NA,NA
"150","ENST00000301458.10","ENSG00000167775.11","OTTHUMG00000182457.3","OTTHUMT00000461366.2","CD320-201","CD320",1253,"protein_coding",1093,202,0.909149289,"GGACA",0.514851485,NA,NA,NA,NA,NA,NA,NA,NA,NA,0,0,0,NA,NA,NA
"151","ENST00000301585.10","ENSG00000167862.10","OTTHUMG00000179218.3","OTTHUMT00000445314.1","MRPL58-201","MRPL58",894,"protein_coding",633,68,0.911447585,"GGACT",0.558823529,NA,NA,NA,NA,NA,NA,NA,NA,NA,0,0,0,NA,NA,NA
"152","ENST00000301585.10","ENSG00000167862.10","OTTHUMG00000179218.3","OTTHUMT00000445314.1","MRPL58-201","MRPL58",894,"protein_coding",889,20,0.920236468,"GAACT",0.55,NA,NA,NA,NA,NA,NA,NA,NA,NA,0,0,0,NA,NA,NA
"153","ENST00000301761.7","ENSG00000167985.7","OTTHUMG00000168279.2","OTTHUMT00000398438.1","SDHAF2-201","SDHAF2",1186,"protein_coding",700,36,0.939275384,"TGACT",0.694444444,NA,NA,NA,NA,NA,NA,NA,NA,NA,0,0,0,NA,NA,NA
"154","ENST00000302279.8","ENSG00000168522.13","OTTHUMG00000165279.5","OTTHUMT00000383178.2","FNTA-201","FNTA",1667,"protein_coding",1404,22,0.974367321,"GAACT",0.636363636,NA,NA,NA,NA,NA,NA,NA,NA,NA,0,0,0,NA,NA,NA
"155","ENST00000302362.11","ENSG00000172301.11","OTTHUMG00000132812.4","OTTHUMT00000256257.3","COPRS-201","COPRS",868,"protein_coding",575,154,0.917854965,"GGACA",0.383116883,NA,NA,NA,NA,NA,NA,NA,NA,NA,0,0,0,NA,NA,NA
"156","ENST00000302979.5","ENSG00000186184.20","OTTHUMG00000016635.10","OTTHUMT00000044305.2","POLR1D-201","POLR1D",693,"protein_coding",450,165,0.940899432,"GGACT",0.660606061,NA,NA,NA,NA,NA,NA,NA,NA,NA,0,0,0,NA,NA,NA
"157","ENST00000302979.5","ENSG00000186184.20","OTTHUMG00000016635.10","OTTHUMT00000044305.2","POLR1D-201","POLR1D",693,"protein_coding",518,111,0.981862903,"GAACT",0.792792793,NA,NA,NA,NA,NA,NA,NA,NA,NA,0,0,0,NA,NA,NA
"158","ENST00000303004.5","ENSG00000172216.6","OTTHUMG00000032715.2","OTTHUMT00000079672.2","CEBPB-201","CEBPB",1839,"protein_coding",1282,23,0.905179083,"AGACT",0.608695652,NA,NA,NA,NA,NA,NA,NA,NA,NA,0,0,0,NA,NA,NA
"159","ENST00000303004.5","ENSG00000172216.6","OTTHUMG00000032715.2","OTTHUMT00000079672.2","CEBPB-201","CEBPB",1839,"protein_coding",1610,60,0.936907351,"GGACT",0.716666667,NA,NA,NA,NA,NA,NA,NA,NA,NA,0,0,0,NA,NA,NA
"160","ENST00000303151.5","ENSG00000172336.5","OTTHUMG00000044311.4","OTTHUMT00000103070.2","POP7-201","POP7",850,"protein_coding",324,36,0.968847096,"GGACT",0.861111111,194,233,423,1,194,195,616,617,849,0,1,0,NA,0.307328605200946,NA
"161","ENST00000303151.5","ENSG00000172336.5","OTTHUMG00000044311.4","OTTHUMT00000103070.2","POP7-201","POP7",850,"protein_coding",625,70,0.957270682,"AGACA",0.7,194,233,423,1,194,195,616,617,849,0,0,1,NA,NA,0.0343347639484979
"162","ENST00000304834.11","ENSG00000189159.16","OTTHUMG00000154521.4","OTTHUMT00000335694.2","JPT1-201","JPT1",1633,"nonsense_mediated_decay",889,98,0.914268374,"GAACT",0.540816327,NA,NA,NA,NA,NA,NA,NA,NA,NA,0,0,0,NA,NA,NA
"163","ENST00000304863.6","ENSG00000169021.6","OTTHUMG00000181997.3","OTTHUMT00000458563.3","UQCRFS1-201","UQCRFS1",3086,"protein_coding",622,462,0.962349474,"GGACC",0.478354978,NA,NA,NA,NA,NA,NA,NA,NA,NA,0,0,0,NA,NA,NA
"164","ENST00000304863.6","ENSG00000169021.6","OTTHUMG00000181997.3","OTTHUMT00000458563.3","UQCRFS1-201","UQCRFS1",3086,"protein_coding",867,753,0.976201773,"GGACT",0.77689243,NA,NA,NA,NA,NA,NA,NA,NA,NA,0,0,0,NA,NA,NA
"165","ENST00000304895.9","ENSG00000169919.17","OTTHUMG00000023735.5","OTTHUMT00000251637.4","GUSB-201","GUSB",2199,"protein_coding",2065,93,0.96676743,"GGACT",0.817204301,NA,NA,NA,NA,NA,NA,NA,NA,NA,0,0,0,NA,NA,NA
"166","ENST00000305103.4","ENSG00000170619.10","OTTHUMG00000165251.6","OTTHUMT00000382962.2","COMMD5-201","COMMD5",1430,"protein_coding",727,21,0.957972765,"TGACT",0.80952381,NA,NA,NA,NA,NA,NA,NA,NA,NA,0,0,0,NA,NA,NA
"167","ENST00000305103.4","ENSG00000170619.10","OTTHUMG00000165251.6","OTTHUMT00000382962.2","COMMD5-201","COMMD5",1430,"protein_coding",937,23,0.962107539,"GGACT",0.739130435,NA,NA,NA,NA,NA,NA,NA,NA,NA,0,0,0,NA,NA,NA
"168","ENST00000305533.10","ENSG00000247596.10","OTTHUMG00000158105.4","OTTHUMT00000350199.3","TWF2-201","TWF2",1614,"protein_coding",1221,56,0.935600698,"GGACT",0.678571429,NA,NA,NA,NA,NA,NA,NA,NA,NA,0,0,0,NA,NA,NA
"169","ENST00000305596.8","ENSG00000169217.9","OTTHUMG00000132397.3","OTTHUMT00000255528.2","CD2BP2-201","CD2BP2",3361,"protein_coding",1189,55,0.962024033,"GGACT",0.781818182,123,2212,1026,1,123,124,1148,1149,3360,0,0,1,NA,NA,0.0180831826401447
"170","ENST00000305784.7","ENSG00000168393.13","OTTHUMG00000133409.4","OTTHUMT00000257266.3","DTYMK-201","DTYMK",1051,"protein_coding",145,72,0.941365898,"GAACT",0.652777778,NA,NA,NA,NA,NA,NA,NA,NA,NA,0,0,0,NA,NA,NA
"171","ENST00000305885.3","ENSG00000168496.4","OTTHUMG00000168162.5","OTTHUMT00000398526.2","FEN1-201","FEN1",2016,"protein_coding",1246,21,0.995481431,"AGACT",0.904761905,NA,NA,NA,NA,NA,NA,NA,NA,NA,0,0,0,NA,NA,NA
"172","ENST00000305885.3","ENSG00000168496.4","OTTHUMG00000168162.5","OTTHUMT00000398526.2","FEN1-201","FEN1",2016,"protein_coding",1675,141,0.923061132,"AGACT",0.595744681,NA,NA,NA,NA,NA,NA,NA,NA,NA,0,0,0,NA,NA,NA
"173","ENST00000305885.3","ENSG00000168496.4","OTTHUMG00000168162.5","OTTHUMT00000398526.2","FEN1-201","FEN1",2016,"protein_coding",1818,148,0.910257578,"TGACT",0.702702703,NA,NA,NA,NA,NA,NA,NA,NA,NA,0,0,0,NA,NA,NA
"174","ENST00000305978.7","ENSG00000171222.11","OTTHUMG00000032370.2","OTTHUMT00000078959.2","SCAND1-201","SCAND1",771,"protein_coding",692,126,0.990956187,"GGACT",0.777777778,110,121,540,1,110,111,649,650,770,0,0,1,NA,NA,0.347107438016529
"175","ENST00000306704.10","ENSG00000169689.15","OTTHUMG00000132129.3","OTTHUMT00000255173.1","CENPX-201","CENPX",751,"protein_coding",414,66,0.924072862,"GGACT",0.606060606,NA,NA,NA,NA,NA,NA,NA,NA,NA,0,0,0,NA,NA,NA
"176","ENST00000306704.10","ENSG00000169689.15","OTTHUMG00000132129.3","OTTHUMT00000255173.1","CENPX-201","CENPX",751,"protein_coding",452,40,0.950619042,"GGACA",0.725,NA,NA,NA,NA,NA,NA,NA,NA,NA,0,0,0,NA,NA,NA
"177","ENST00000306704.10","ENSG00000169689.15","OTTHUMG00000132129.3","OTTHUMT00000255173.1","CENPX-201","CENPX",751,"protein_coding",506,35,0.926691234,"GGACA",0.457142857,NA,NA,NA,NA,NA,NA,NA,NA,NA,0,0,0,NA,NA,NA
"178","ENST00000306823.10","ENSG00000169727.14","OTTHUMG00000178484.3","OTTHUMT00000442176.1","GPS1-201","GPS1",1842,"protein_coding",1550,29,0.953549802,"GGACC",0.586206897,NA,NA,NA,NA,NA,NA,NA,NA,NA,0,0,0,NA,NA,NA
"179","ENST00000307366.8","ENSG00000168569.8","OTTHUMG00000167693.2","OTTHUMT00000395674.2","TMEM223-201","TMEM223",1273,"protein_coding",665,21,0.951977432,"AAACT",0.714285714,NA,NA,NA,NA,NA,NA,NA,NA,NA,0,0,0,NA,NA,NA
"180","ENST00000307650.9","ENSG00000172366.20","OTTHUMG00000048042.8","OTTHUMT00000109347.3","MCRIP2-201","MCRIP2",931,"protein_coding",766,51,0.942058444,"GGACT",0.784313725,NA,NA,NA,NA,NA,NA,NA,NA,NA,0,0,0,NA,NA,NA
"181","ENST00000307864.3","ENSG00000042286.15","OTTHUMG00000018398.3","OTTHUMT00000048487.3","AIFM2-201","AIFM2",3134,"protein_coding",1272,47,0.952890158,"GGACT",0.659574468,NA,NA,NA,NA,NA,NA,NA,NA,NA,0,0,0,NA,NA,NA
"182","ENST00000309268.11","ENSG00000156508.19","OTTHUMG00000015031.7","OTTHUMT00000128718.2","EEF1A1-201","EEF1A1",3512,"protein_coding",1511,2900,0.929909289,"GAACT",0.628965517,NA,NA,NA,NA,NA,NA,NA,NA,NA,0,0,0,NA,NA,NA
"183","ENST00000309268.11","ENSG00000156508.19","OTTHUMG00000015031.7","OTTHUMT00000128718.2","EEF1A1-201","EEF1A1",3512,"protein_coding",1552,2720,0.9426561,"AGACT",0.575367647,NA,NA,NA,NA,NA,NA,NA,NA,NA,0,0,0,NA,NA,NA
"184","ENST00000309311.7","ENSG00000167658.16","OTTHUMG00000181790.3","OTTHUMT00000457615.3","EEF2-201","EEF2",3158,"protein_coding",2885,835,0.923086286,"GGACT",0.605988024,83,498,2577,1,83,84,2659,2660,3157,0,0,1,NA,NA,0.451807228915663
"185","ENST00000309324.9","ENSG00000174917.9","OTTHUMG00000180503.2","OTTHUMT00000451656.1","MICOS13-201","MICOS13",516,"protein_coding",504,159,0.9084481,"GGACT",0.610062893,NA,NA,NA,NA,NA,NA,NA,NA,NA,0,0,0,NA,NA,NA
"186","ENST00000309594.5","ENSG00000173141.5","OTTHUMG00000016532.3","OTTHUMT00000044105.3","MRPL57-201","MRPL57",2233,"protein_coding",445,96,0.912365019,"AAACT",0.59375,NA,NA,NA,NA,NA,NA,NA,NA,NA,0,0,0,NA,NA,NA
"187","ENST00000310092.12","ENSG00000173933.21","OTTHUMG00000154171.7","OTTHUMT00000334210.2","RBM4-201","RBM4",1607,"protein_coding",883,30,0.910373926,"AGACA",0.466666667,NA,NA,NA,NA,NA,NA,NA,NA,NA,0,0,0,NA,NA,NA
"188","ENST00000310597.6","ENSG00000174276.7","OTTHUMG00000165604.3","OTTHUMT00000385260.2","ZNHIT2-201","ZNHIT2",1299,"protein_coding",1233,20,0.983997226,"GAACT",0.8,NA,NA,NA,NA,NA,NA,NA,NA,NA,0,0,0,NA,NA,NA
"189","ENST00000311086.9","ENSG00000145919.11","OTTHUMG00000130540.5","OTTHUMT00000252963.2","BOD1-202","BOD1",1921,"protein_coding",1096,44,0.965010226,"GGACT",0.840909091,214,1149,558,1,214,215,771,772,1920,0,0,1,NA,NA,0.281984334203655
"190","ENST00000311528.10","ENSG00000167526.14","OTTHUMG00000133770.8","OTTHUMT00000258293.3","RPL13-201","RPL13",2187,"protein_coding",826,248,0.901407242,"AGACA",0.600806452,NA,NA,NA,NA,NA,NA,NA,NA,NA,0,0,0,NA,NA,NA
"191","ENST00000312579.4","ENSG00000175602.4","OTTHUMG00000166722.2","OTTHUMT00000391196.2","CCDC85B-201","CCDC85B",963,"protein_coding",364,130,0.961847186,"GGACT",0.723076923,NA,NA,NA,NA,NA,NA,NA,NA,NA,0,0,0,NA,NA,NA
"192","ENST00000312579.4","ENSG00000175602.4","OTTHUMG00000166722.2","OTTHUMT00000391196.2","CCDC85B-201","CCDC85B",963,"protein_coding",836,244,0.962247789,"GGACT",0.782786885,NA,NA,NA,NA,NA,NA,NA,NA,NA,0,0,0,NA,NA,NA
"193","ENST00000312579.4","ENSG00000175602.4","OTTHUMG00000166722.2","OTTHUMT00000391196.2","CCDC85B-201","CCDC85B",963,"protein_coding",916,227,0.973272681,"GGACT",0.731277533,NA,NA,NA,NA,NA,NA,NA,NA,NA,0,0,0,NA,NA,NA
"194","ENST00000312783.10","ENSG00000087586.18","OTTHUMG00000032796.7","OTTHUMT00000079807.2","AURKA-201","AURKA",2223,"protein_coding",1539,30,0.914949954,"TGACT",0.8,NA,NA,NA,NA,NA,NA,NA,NA,NA,0,0,0,NA,NA,NA
"195","ENST00000313352.11","ENSG00000179950.15","OTTHUMG00000165155.3","OTTHUMT00000382224.1","PUF60-201","PUF60",1804,"protein_coding",1553,94,0.98494041,"AGACT",0.861702128,NA,NA,NA,NA,NA,NA,NA,NA,NA,0,0,0,NA,NA,NA
"196","ENST00000313352.11","ENSG00000179950.15","OTTHUMG00000165155.3","OTTHUMT00000382224.1","PUF60-201","PUF60",1804,"protein_coding",1680,62,0.980986834,"GGACT",0.677419355,NA,NA,NA,NA,NA,NA,NA,NA,NA,0,0,0,NA,NA,NA
"197","ENST00000313608.13","ENSG00000181610.13","OTTHUMG00000178774.4","OTTHUMT00000443301.3","MRPS23-201","MRPS23",5609,"protein_coding",683,93,0.936067104,"GAACT",0.666666667,NA,NA,NA,NA,NA,NA,NA,NA,NA,0,0,0,NA,NA,NA
"198","ENST00000314340.10","ENSG00000177674.16","OTTHUMG00000002230.6","OTTHUMT00000006335.2","AGTRAP-201","AGTRAP",1130,"protein_coding",883,25,0.908982277,"GGACT",0.56,NA,NA,NA,NA,NA,NA,NA,NA,NA,0,0,0,NA,NA,NA
"199","ENST00000314392.13","ENSG00000136908.18","OTTHUMG00000020725.2","OTTHUMT00000054324.1","DPM2-201","DPM2",912,"protein_coding",638,51,0.946010768,"GGACT",0.725490196,NA,NA,NA,NA,NA,NA,NA,NA,NA,0,0,0,NA,NA,NA
"200","ENST00000314852.2","ENSG00000177971.9","OTTHUMG00000142840.3","OTTHUMT00000286476.1","IMP3-201","IMP3",2028,"protein_coding",1410,26,0.950799465,"GGACT",0.769230769,NA,NA,NA,NA,NA,NA,NA,NA,NA,0,0,0,NA,NA,NA
"201","ENST00000314852.2","ENSG00000177971.9","OTTHUMG00000142840.3","OTTHUMT00000286476.1","IMP3-201","IMP3",2028,"protein_coding",1428,22,0.921081543,"GGACT",0.590909091,NA,NA,NA,NA,NA,NA,NA,NA,NA,0,0,0,NA,NA,NA
"202","ENST00000314852.2","ENSG00000177971.9","OTTHUMG00000142840.3","OTTHUMT00000286476.1","IMP3-201","IMP3",2028,"protein_coding",1689,52,0.908883572,"GAACT",0.538461538,NA,NA,NA,NA,NA,NA,NA,NA,NA,0,0,0,NA,NA,NA
"203","ENST00000314852.2","ENSG00000177971.9","OTTHUMG00000142840.3","OTTHUMT00000286476.1","IMP3-201","IMP3",2028,"protein_coding",1695,27,0.962381423,"GGACT",0.814814815,NA,NA,NA,NA,NA,NA,NA,NA,NA,0,0,0,NA,NA,NA
"204","ENST00000314852.2","ENSG00000177971.9","OTTHUMG00000142840.3","OTTHUMT00000286476.1","IMP3-201","IMP3",2028,"protein_coding",1713,29,0.982014656,"TGACT",0.862068966,NA,NA,NA,NA,NA,NA,NA,NA,NA,0,0,0,NA,NA,NA
"205","ENST00000314852.2","ENSG00000177971.9","OTTHUMG00000142840.3","OTTHUMT00000286476.1","IMP3-201","IMP3",2028,"protein_coding",1852,52,0.953202903,"GGACT",0.730769231,NA,NA,NA,NA,NA,NA,NA,NA,NA,0,0,0,NA,NA,NA
"206","ENST00000315322.10","ENSG00000128581.17","OTTHUMG00000157136.4","OTTHUMT00000347565.3","IFT22-201","IFT22",4881,"protein_coding",677,21,0.972294152,"GGACT",0.714285714,NA,NA,NA,NA,NA,NA,NA,NA,NA,0,0,0,NA,NA,NA
"207","ENST00000315322.10","ENSG00000128581.17","OTTHUMG00000157136.4","OTTHUMT00000347565.3","IFT22-201","IFT22",4881,"protein_coding",959,22,0.905683458,"GGACT",0.590909091,NA,NA,NA,NA,NA,NA,NA,NA,NA,0,0,0,NA,NA,NA
"208","ENST00000315732.3","ENSG00000181817.6","OTTHUMG00000008140.2","OTTHUMT00000022294.2","LSM10-201","LSM10",860,"protein_coding",347,28,0.997325599,"GGACC",0.928571429,NA,NA,NA,NA,NA,NA,NA,NA,NA,0,0,0,NA,NA,NA
"209","ENST00000315732.3","ENSG00000181817.6","OTTHUMG00000008140.2","OTTHUMT00000022294.2","LSM10-201","LSM10",860,"protein_coding",527,36,0.950005352,"AAACT",0.694444444,NA,NA,NA,NA,NA,NA,NA,NA,NA,0,0,0,NA,NA,NA
"210","ENST00000316052.6","ENSG00000178896.9","OTTHUMG00000165437.3","OTTHUMT00000384065.2","EXOSC4-201","EXOSC4",842,"protein_coding",790,72,0.923380196,"GGACT",0.652777778,NA,NA,NA,NA,NA,NA,NA,NA,NA,0,0,0,NA,NA,NA
"211","ENST00000316149.8","ENSG00000123545.6","OTTHUMG00000015246.2","OTTHUMT00000041567.2","NDUFAF4-201","NDUFAF4",2407,"protein_coding",489,45,0.925365627,"GGACT",0.622222222,NA,NA,NA,NA,NA,NA,NA,NA,NA,0,0,0,NA,NA,NA
"212","ENST00000316292.13","ENSG00000156508.19","OTTHUMG00000015031.7","OTTHUMT00000041210.2","EEF1A1-202","EEF1A1",4441,"protein_coding",2440,2676,0.903531849,"GAACT",0.593049327,NA,NA,NA,NA,NA,NA,NA,NA,NA,0,0,0,NA,NA,NA
"213","ENST00000316292.13","ENSG00000156508.19","OTTHUMG00000015031.7","OTTHUMT00000041210.2","EEF1A1-202","EEF1A1",4441,"protein_coding",2481,2534,0.923591435,"AGACT",0.546961326,NA,NA,NA,NA,NA,NA,NA,NA,NA,0,0,0,NA,NA,NA
"214","ENST00000316448.10","ENSG00000179218.15","OTTHUMG00000180574.3","OTTHUMT00000451952.2","CALR-201","CALR",1901,"protein_coding",1347,187,0.943492293,"GGACT",0.679144385,NA,NA,NA,NA,NA,NA,NA,NA,NA,0,0,0,NA,NA,NA
"215","ENST00000316731.13","ENSG00000146574.16","OTTHUMG00000152441.3","OTTHUMT00000246858.1","CCZ1B-201","CCZ1B",1814,"protein_coding",1608,130,0.941485405,"GGACT",0.669230769,NA,NA,NA,NA,NA,NA,NA,NA,NA,0,0,0,NA,NA,NA
"216","ENST00000317502.11","ENSG00000148824.19","OTTHUMG00000166564.4","OTTHUMT00000051166.2","MTG1-201","MTG1",3424,"protein_coding",1224,22,0.923895597,"GGACC",0.5,NA,NA,NA,NA,NA,NA,NA,NA,NA,0,0,0,NA,NA,NA
"217","ENST00000317502.11","ENSG00000148824.19","OTTHUMG00000166564.4","OTTHUMT00000051166.2","MTG1-201","MTG1",3424,"protein_coding",1258,22,0.958947957,"GGACA",0.590909091,NA,NA,NA,NA,NA,NA,NA,NA,NA,0,0,0,NA,NA,NA
"218","ENST00000317702.10","ENSG00000176014.13","OTTHUMG00000131692.4","OTTHUMT00000254600.3","TUBB6-201","TUBB6",1879,"protein_coding",1556,133,0.909412861,"AGACT",0.714285714,NA,NA,NA,NA,NA,NA,NA,NA,NA,0,0,0,NA,NA,NA
"219","ENST00000317702.10","ENSG00000176014.13","OTTHUMG00000131692.4","OTTHUMT00000254600.3","TUBB6-201","TUBB6",1879,"protein_coding",1627,147,0.922348857,"GGACT",0.62585034,NA,NA,NA,NA,NA,NA,NA,NA,NA,0,0,0,NA,NA,NA
"220","ENST00000317702.10","ENSG00000176014.13","OTTHUMG00000131692.4","OTTHUMT00000254600.3","TUBB6-201","TUBB6",1879,"protein_coding",1639,153,0.938551009,"GAACT",0.562091503,NA,NA,NA,NA,NA,NA,NA,NA,NA,0,0,0,NA,NA,NA
"221","ENST00000317702.10","ENSG00000176014.13","OTTHUMG00000131692.4","OTTHUMT00000254600.3","TUBB6-201","TUBB6",1879,"protein_coding",1786,116,0.933223009,"GGACT",0.629310345,NA,NA,NA,NA,NA,NA,NA,NA,NA,0,0,0,NA,NA,NA
"222","ENST00000318364.13","ENSG00000055950.17","OTTHUMG00000018920.3","OTTHUMT00000049904.1","MRPL43-203","MRPL43",999,"protein_coding",569,21,0.976122439,"GGACT",1,NA,NA,NA,NA,NA,NA,NA,NA,NA,0,0,0,NA,NA,NA
"223","ENST00000318407.5","ENSG00000176720.6","OTTHUMG00000133411.5","OTTHUMT00000257268.5","BOK-201","BOK",2626,"protein_coding",2551,23,0.955965996,"GGACT",0.608695652,NA,NA,NA,NA,NA,NA,NA,NA,NA,0,0,0,NA,NA,NA
"224","ENST00000318988.10","ENSG00000175826.12","OTTHUMG00000102180.7","OTTHUMT00000440216.2","CTDNEP1-201","CTDNEP1",1549,"protein_coding",1292,25,0.927218497,"GGACT",0.4,NA,NA,NA,NA,NA,NA,NA,NA,NA,0,0,0,NA,NA,NA
"225","ENST00000318988.10","ENSG00000175826.12","OTTHUMG00000102180.7","OTTHUMT00000440216.2","CTDNEP1-201","CTDNEP1",1549,"protein_coding",1367,22,0.92043674,"GGACA",0.454545455,NA,NA,NA,NA,NA,NA,NA,NA,NA,0,0,0,NA,NA,NA
"226","ENST00000318988.10","ENSG00000175826.12","OTTHUMG00000102180.7","OTTHUMT00000440216.2","CTDNEP1-201","CTDNEP1",1549,"protein_coding",1492,22,0.967677951,"GGACT",0.636363636,NA,NA,NA,NA,NA,NA,NA,NA,NA,0,0,0,NA,NA,NA
"227","ENST00000319074.6","ENSG00000179933.6","OTTHUMG00000028717.5","OTTHUMT00000071713.5","C14orf119-201","C14orf119",2914,"protein_coding",534,20,0.993803561,"GGACT",0.85,NA,NA,NA,NA,NA,NA,NA,NA,NA,0,0,0,NA,NA,NA
"228","ENST00000319285.5","ENSG00000179958.10","OTTHUMG00000132416.5","OTTHUMT00000255553.3","DCTPP1-201","DCTPP1",1181,"protein_coding",525,103,0.965969205,"GGACA",0.621359223,NA,NA,NA,NA,NA,NA,NA,NA,NA,0,0,0,NA,NA,NA
"229","ENST00000319285.5","ENSG00000179958.10","OTTHUMG00000132416.5","OTTHUMT00000255553.3","DCTPP1-201","DCTPP1",1181,"protein_coding",578,134,0.919113874,"GGACT",0.671641791,NA,NA,NA,NA,NA,NA,NA,NA,NA,0,0,0,NA,NA,NA
"230","ENST00000319349.10","ENSG00000175832.13","OTTHUMG00000180884.2","OTTHUMT00000453489.2","ETV4-201","ETV4",2335,"protein_coding",2085,24,0.972429395,"GGACT",0.666666667,NA,NA,NA,NA,NA,NA,NA,NA,NA,0,0,0,NA,NA,NA
"231","ENST00000319788.11","ENSG00000167397.15","OTTHUMG00000047408.7","OTTHUMT00000108583.1","VKORC1-202","VKORC1",1077,"protein_coding",932,71,0.915407002,"GGACC",0.464788732,NA,NA,NA,NA,NA,NA,NA,NA,NA,0,0,0,NA,NA,NA
"232","ENST00000320548.8","ENSG00000169727.14","OTTHUMG00000178484.3","OTTHUMT00000442166.1","GPS1-202","GPS1",1949,"protein_coding",1657,27,0.961994112,"GGACC",0.555555556,NA,NA,NA,NA,NA,NA,NA,NA,NA,0,0,0,NA,NA,NA
"233","ENST00000320676.11","ENSG00000147274.14","OTTHUMG00000022517.2","OTTHUMT00000058507.1","RBMX-201","RBMX",2012,"protein_coding",1409,70,0.911785305,"GGACT",0.614285714,NA,NA,NA,NA,NA,NA,NA,NA,NA,0,0,0,NA,NA,NA
"234","ENST00000320895.10","ENSG00000049656.14","OTTHUMG00000131015.5","OTTHUMT00000253649.3","CLPTM1L-201","CLPTM1L",2492,"protein_coding",1990,93,0.952297509,"GGACA",0.698924731,NA,NA,NA,NA,NA,NA,NA,NA,NA,0,0,0,NA,NA,NA
"235","ENST00000320895.10","ENSG00000049656.14","OTTHUMG00000131015.5","OTTHUMT00000253649.3","CLPTM1L-201","CLPTM1L",2492,"protein_coding",2277,112,0.965073049,"GGACT",0.848214286,NA,NA,NA,NA,NA,NA,NA,NA,NA,0,0,0,NA,NA,NA
"236","ENST00000322008.9","ENSG00000177697.19","OTTHUMG00000133311.10","OTTHUMT00000257108.2","CD151-201","CD151",1545,"protein_coding",627,124,0.951794207,"GGACT",0.64516129,NA,NA,NA,NA,NA,NA,NA,NA,NA,0,0,0,NA,NA,NA
"237","ENST00000322177.6","ENSG00000178718.7","OTTHUMG00000142822.2","OTTHUMT00000286413.1","RPP25-201","RPP25",2355,"protein_coding",1081,22,0.996432185,"GGACA",1,NA,NA,NA,NA,NA,NA,NA,NA,NA,0,0,0,NA,NA,NA
"238","ENST00000322177.6","ENSG00000178718.7","OTTHUMG00000142822.2","OTTHUMT00000286413.1","RPP25-201","RPP25",2355,"protein_coding",1109,20,0.945494652,"GGACC",0.45,NA,NA,NA,NA,NA,NA,NA,NA,NA,0,0,0,NA,NA,NA
"239","ENST00000323013.7","ENSG00000189306.11","OTTHUMG00000150891.2","OTTHUMT00000320451.2","RRP7A-201","RRP7A",5419,"protein_coding",1079,73,0.939169407,"GGACT",0.561643836,NA,NA,NA,NA,NA,NA,NA,NA,NA,0,0,0,NA,NA,NA
"240","ENST00000323646.9","ENSG00000176485.14","OTTHUMG00000167852.3","OTTHUMT00000396632.1","PLAAT3-201","PLAAT3",2594,"protein_coding",853,136,0.925560415,"AGACT",0.536764706,NA,NA,NA,NA,NA,NA,NA,NA,NA,0,0,0,NA,NA,NA
"241","ENST00000323833.12","ENSG00000123297.20","OTTHUMG00000153042.13","OTTHUMT00000329193.1","TSFM-201","TSFM",1218,"protein_coding",929,27,0.963538587,"AGACT",0.555555556,NA,NA,NA,NA,NA,NA,NA,NA,NA,0,0,0,NA,NA,NA
"242","ENST00000323833.12","ENSG00000123297.20","OTTHUMG00000153042.13","OTTHUMT00000329193.1","TSFM-201","TSFM",1218,"protein_coding",1076,28,0.971764624,"AGACT",0.857142857,NA,NA,NA,NA,NA,NA,NA,NA,NA,0,0,0,NA,NA,NA
"243","ENST00000323833.12","ENSG00000123297.20","OTTHUMG00000153042.13","OTTHUMT00000329193.1","TSFM-201","TSFM",1218,"protein_coding",1114,25,0.93227607,"GGACA",0.44,NA,NA,NA,NA,NA,NA,NA,NA,NA,0,0,0,NA,NA,NA
"244","ENST00000324340.13","ENSG00000123136.15","OTTHUMG00000182181.5","OTTHUMT00000459900.1","DDX39A-202","DDX39A",1355,"nonsense_mediated_decay",206,60,0.923460186,"GGACT",0.566666667,NA,NA,NA,NA,NA,NA,NA,NA,NA,0,0,0,NA,NA,NA
"245","ENST00000324340.13","ENSG00000123136.15","OTTHUMG00000182181.5","OTTHUMT00000459900.1","DDX39A-202","DDX39A",1355,"nonsense_mediated_decay",245,61,0.943380952,"GGACT",0.655737705,NA,NA,NA,NA,NA,NA,NA,NA,NA,0,0,0,NA,NA,NA
"246","ENST00000324460.7","ENSG00000044574.9","OTTHUMG00000020672.2","OTTHUMT00000054062.2","HSPA5-201","HSPA5",3921,"protein_coding",2220,161,0.988353431,"GGACT",0.906832298,NA,NA,NA,NA,NA,NA,NA,NA,NA,0,0,0,NA,NA,NA
"247","ENST00000324460.7","ENSG00000044574.9","OTTHUMG00000020672.2","OTTHUMT00000054062.2","HSPA5-201","HSPA5",3921,"protein_coding",2228,198,0.956801534,"GAACT",0.575757576,NA,NA,NA,NA,NA,NA,NA,NA,NA,0,0,0,NA,NA,NA
"248","ENST00000324460.7","ENSG00000044574.9","OTTHUMG00000020672.2","OTTHUMT00000054062.2","HSPA5-201","HSPA5",3921,"protein_coding",2254,194,0.958617091,"GAACT",0.546391753,NA,NA,NA,NA,NA,NA,NA,NA,NA,0,0,0,NA,NA,NA
"249","ENST00000324557.9","ENSG00000284753.2","OTTHUMG00000192542.1","OTTHUMT00000495788.1","EEF1AKMT4-201","EEF1AKMT4",975,"protein_coding",750,28,0.955115497,"GGACT",0.642857143,NA,NA,NA,NA,NA,NA,NA,NA,NA,0,0,0,NA,NA,NA
"250","ENST00000324868.13","ENSG00000139131.13","OTTHUMG00000169454.3","OTTHUMT00000404153.2","YARS2-201","YARS2",2117,"protein_coding",1578,26,0.928028762,"GGACT",0.615384615,NA,NA,NA,NA,NA,NA,NA,NA,NA,0,0,0,NA,NA,NA
"251","ENST00000325167.9","ENSG00000176108.9","OTTHUMG00000177645.3","OTTHUMT00000438215.1","CHMP6-201","CHMP6",1664,"protein_coding",1597,20,0.984517157,"GGACA",0.7,NA,NA,NA,NA,NA,NA,NA,NA,NA,0,0,0,NA,NA,NA
"252","ENST00000325974.9","ENSG00000122674.12","OTTHUMG00000155502.2","OTTHUMT00000340391.2","CCZ1-201","CCZ1",2379,"protein_coding",1597,134,0.943321764,"GGACT",0.679104478,NA,NA,NA,NA,NA,NA,NA,NA,NA,0,0,0,NA,NA,NA
"253","ENST00000326153.10","ENSG00000178605.14","OTTHUMG00000022694.3","OTTHUMT00000058882.2","GTPBP6-201","GTPBP6",1875,"protein_coding",1855,25,0.978102982,"GGACA",0.64,NA,NA,NA,NA,NA,NA,NA,NA,NA,0,0,0,NA,NA,NA
"254","ENST00000328434.8","ENSG00000183978.8","OTTHUMG00000180651.2","OTTHUMT00000452397.2","COA3-201","COA3",780,"protein_coding",492,77,0.950489998,"GGACT",0.74025974,NA,NA,NA,NA,NA,NA,NA,NA,NA,0,0,0,NA,NA,NA
"255","ENST00000328703.12","ENSG00000143575.16","OTTHUMG00000035978.5","OTTHUMT00000087650.2","HAX1-201","HAX1",1109,"protein_coding",412,142,0.902512729,"GAACT",0.464788732,NA,NA,NA,NA,NA,NA,NA,NA,NA,0,0,0,NA,NA,NA
"256","ENST00000328848.6","ENSG00000182117.7","OTTHUMG00000129440.3","OTTHUMT00000251602.3","NOP10-201","NOP10",507,"protein_coding",327,311,0.945635855,"GGACT",0.620578778,NA,NA,NA,NA,NA,NA,NA,NA,NA,0,0,0,NA,NA,NA
"257","ENST00000329276.10","ENSG00000101361.17","OTTHUMG00000031703.9","OTTHUMT00000077631.3","NOP56-201","NOP56",1913,"protein_coding",1825,63,0.939905584,"GGACA",0.714285714,NA,NA,NA,NA,NA,NA,NA,NA,NA,0,0,0,NA,NA,NA
"258","ENST00000329305.6","ENSG00000198467.16","OTTHUMG00000019878.10","OTTHUMT00000052380.2","TPM2-201","TPM2",1018,"protein_coding",730,88,0.953541756,"GGACA",0.465909091,NA,NA,NA,NA,NA,NA,NA,NA,NA,0,0,0,NA,NA,NA
"259","ENST00000329421.8","ENSG00000175130.7","OTTHUMG00000007589.4","OTTHUMT00000020059.4","MARCKSL1-201","MARCKSL1",1546,"protein_coding",826,23,0.967287421,"AAACT",0.782608696,NA,NA,NA,NA,NA,NA,NA,NA,NA,0,0,0,NA,NA,NA
"260","ENST00000330263.5","ENSG00000053372.5","OTTHUMG00000002496.4","OTTHUMT00000007075.3","MRTO4-201","MRTO4",2049,"protein_coding",756,52,0.901736617,"GGACT",0.596153846,NA,NA,NA,NA,NA,NA,NA,NA,NA,0,0,0,NA,NA,NA
"261","ENST00000330263.5","ENSG00000053372.5","OTTHUMG00000002496.4","OTTHUMT00000007075.3","MRTO4-201","MRTO4",2049,"protein_coding",763,53,0.910126269,"GGACT",0.566037736,NA,NA,NA,NA,NA,NA,NA,NA,NA,0,0,0,NA,NA,NA
"262","ENST00000330263.5","ENSG00000053372.5","OTTHUMG00000002496.4","OTTHUMT00000007075.3","MRTO4-201","MRTO4",2049,"protein_coding",808,49,0.948543131,"GGACT",0.693877551,NA,NA,NA,NA,NA,NA,NA,NA,NA,0,0,0,NA,NA,NA
"263","ENST00000330537.10","ENSG00000185164.15","OTTHUMG00000131366.2","OTTHUMT00000254155.1","NOMO2-201","NOMO2",4352,"protein_coding",4046,51,0.982987165,"GGACC",0.745098039,NA,NA,NA,NA,NA,NA,NA,NA,NA,0,0,0,NA,NA,NA
"264","ENST00000330636.9","ENSG00000214113.11","OTTHUMG00000014173.6","OTTHUMT00000353461.3","LYRM4-201","LYRM4",1497,"protein_coding",664,26,0.904436648,"GGACT",0.653846154,NA,NA,NA,NA,NA,NA,NA,NA,NA,0,0,0,NA,NA,NA
"265","ENST00000330938.8","ENSG00000183255.12","OTTHUMG00000090254.2","OTTHUMT00000206553.2","PTTG1IP-201","PTTG1IP",2600,"protein_coding",2286,75,0.92078054,"GGACT",0.706666667,NA,NA,NA,NA,NA,NA,NA,NA,NA,0,0,0,NA,NA,NA
"266","ENST00000331497.3","ENSG00000182768.9","OTTHUMG00000149807.3","OTTHUMT00000313417.2","NGRN-201","NGRN",2784,"protein_coding_CDS_not_defined",1466,56,0.984752953,"GGACT",0.910714286,NA,NA,NA,NA,NA,NA,NA,NA,NA,0,0,0,NA,NA,NA
"267","ENST00000331523.7","ENSG00000156508.19","OTTHUMG00000015031.7","OTTHUMT00000128713.2","EEF1A1-203","EEF1A1",2048,"protein_coding",1812,2678,0.908809721,"GAACT",0.609410007,NA,NA,NA,NA,NA,NA,NA,NA,NA,0,0,0,NA,NA,NA
"268","ENST00000331523.7","ENSG00000156508.19","OTTHUMG00000015031.7","OTTHUMT00000128713.2","EEF1A1-203","EEF1A1",2048,"protein_coding",1853,2537,0.928077281,"AGACT",0.563263697,NA,NA,NA,NA,NA,NA,NA,NA,NA,0,0,0,NA,NA,NA
"269","ENST00000331666.11","ENSG00000184110.15","OTTHUMG00000099443.4","OTTHUMT00000216908.3","EIF3C-201","EIF3C",2910,"protein_coding",1048,21,0.911038935,"GAACT",0.761904762,NA,NA,NA,NA,NA,NA,NA,NA,NA,0,0,0,NA,NA,NA
"270","ENST00000331944.10","ENSG00000222041.13","OTTHUMG00000130273.15","OTTHUMT00000252606.6","CYTOR-201","CYTOR",529,"lncRNA",385,64,0.944464624,"GGACT",0.6875,NA,NA,NA,NA,NA,NA,NA,NA,NA,0,0,0,NA,NA,NA
"271","ENST00000332598.7","ENSG00000184840.12","OTTHUMG00000130859.3","OTTHUMT00000253433.2","TMED9-201","TMED9",2546,"protein_coding",798,107,0.955022931,"GGACT",0.644859813,NA,NA,NA,NA,NA,NA,NA,NA,NA,0,0,0,NA,NA,NA
"272","ENST00000333503.8","ENSG00000184207.9","OTTHUMG00000177047.3","OTTHUMT00000435095.2","PGP-201","PGP",3164,"protein_coding",949,184,0.926954091,"TGACT",0.72826087,NA,NA,NA,NA,NA,NA,NA,NA,NA,0,0,0,NA,NA,NA
"273","ENST00000333511.9","ENSG00000172270.22","OTTHUMG00000177718.19","OTTHUMT00000438630.6","BSG-201","BSG",1946,"protein_coding",1691,228,0.952316403,"GGACT",0.583333333,NA,NA,NA,NA,NA,NA,NA,NA,NA,0,0,0,NA,NA,NA
"274","ENST00000333628.4","ENSG00000137267.7","OTTHUMG00000014135.2","OTTHUMT00000039662.2","TUBB2A-201","TUBB2A",1616,"protein_coding",1452,23,0.95075953,"GAACT",0.608695652,NA,NA,NA,NA,NA,NA,NA,NA,NA,0,0,0,NA,NA,NA
"275","ENST00000336283.9","ENSG00000213523.12","OTTHUMG00000163569.4","OTTHUMT00000374260.4","SRA1-201","SRA1",1328,"protein_coding",781,102,0.964500606,"AGACT",0.735294118,NA,NA,NA,NA,NA,NA,NA,NA,NA,0,0,0,NA,NA,NA
"276","ENST00000336767.6","ENSG00000113460.13","OTTHUMG00000162021.3","OTTHUMT00000366826.3","BRIX1-201","BRIX1",1591,"protein_coding",1070,57,0.945378959,"GGACA",0.596491228,NA,NA,NA,NA,NA,NA,NA,NA,NA,0,0,0,NA,NA,NA
"277","ENST00000338995.10","ENSG00000140365.16","OTTHUMG00000142823.6","OTTHUMT00000419808.1","COMMD4-202","COMMD4",722,"protein_coding",567,44,0.917604387,"GGACT",0.431818182,NA,NA,NA,NA,NA,NA,NA,NA,NA,0,0,0,NA,NA,NA
"278","ENST00000339083.12","ENSG00000155366.17","OTTHUMG00000011905.6","OTTHUMT00000032903.3","RHOC-202","RHOC",1117,"protein_coding",833,139,0.928275645,"GGACT",0.589928058,NA,NA,NA,NA,NA,NA,NA,NA,NA,0,0,0,NA,NA,NA
"279","ENST00000340611.9","ENSG00000106009.16","OTTHUMG00000119091.5","OTTHUMT00000239305.3","BRAT1-201","BRAT1",2779,"protein_coding",2551,51,0.921405137,"GGACC",0.529411765,NA,NA,NA,NA,NA,NA,NA,NA,NA,0,0,0,NA,NA,NA
"280","ENST00000341116.7","ENSG00000128309.17","OTTHUMG00000150543.2","OTTHUMT00000318829.1","MPST-201","MPST",1504,"protein_coding",1210,21,0.908438087,"GGACA",0.523809524,NA,NA,NA,NA,NA,NA,NA,NA,NA,0,0,0,NA,NA,NA
"281","ENST00000341567.8","ENSG00000106609.16","OTTHUMG00000129553.6","OTTHUMT00000251745.2","TMEM248-201","TMEM248",4229,"protein_coding",1324,22,0.99329555,"AGACA",0.954545455,NA,NA,NA,NA,NA,NA,NA,NA,NA,0,0,0,NA,NA,NA
"282","ENST00000341567.8","ENSG00000106609.16","OTTHUMG00000129553.6","OTTHUMT00000251745.2","TMEM248-201","TMEM248",4229,"protein_coding",1441,72,0.914683402,"GGACT",0.736111111,NA,NA,NA,NA,NA,NA,NA,NA,NA,0,0,0,NA,NA,NA
"283","ENST00000342192.9","ENSG00000185651.16","OTTHUMG00000150823.2","OTTHUMT00000320219.2","UBE2L3-201","UBE2L3",2861,"protein_coding",570,134,0.98116076,"GGACT",0.723880597,NA,NA,NA,NA,NA,NA,NA,NA,NA,0,0,0,NA,NA,NA
"284","ENST00000342981.8","ENSG00000114867.22","OTTHUMG00000156784.21","OTTHUMT00000345727.1","EIF4G1-201","EIF4G1",5667,"protein_coding",5280,47,0.909222484,"GGACT",0.553191489,NA,NA,NA,NA,NA,NA,NA,NA,NA,0,0,0,NA,NA,NA
"285","ENST00000343043.7","ENSG00000132676.16","OTTHUMG00000035439.6","OTTHUMT00000086043.1","DAP3-201","DAP3",1649,"protein_coding",1489,69,0.930401385,"GGACT",0.695652174,NA,NA,NA,NA,NA,NA,NA,NA,NA,0,0,0,NA,NA,NA
"286","ENST00000343666.6","ENSG00000187713.7","OTTHUMG00000020985.3","OTTHUMT00000055325.3","TMEM203-201","TMEM203",1567,"protein_coding",1210,23,0.968975842,"AGACA",0.608695652,NA,NA,NA,NA,NA,NA,NA,NA,NA,0,0,0,NA,NA,NA
"287","ENST00000343666.6","ENSG00000187713.7","OTTHUMG00000020985.3","OTTHUMT00000055325.3","TMEM203-201","TMEM203",1567,"protein_coding",1318,46,0.962451696,"AGACT",0.782608696,NA,NA,NA,NA,NA,NA,NA,NA,NA,0,0,0,NA,NA,NA
"288","ENST00000343666.6","ENSG00000187713.7","OTTHUMG00000020985.3","OTTHUMT00000055325.3","TMEM203-201","TMEM203",1567,"protein_coding",1333,49,0.91388309,"GGACT",0.714285714,NA,NA,NA,NA,NA,NA,NA,NA,NA,0,0,0,NA,NA,NA
"289","ENST00000344843.12","ENSG00000242485.6","OTTHUMG00000002916.4","OTTHUMT00000008139.2","MRPL20-201","MRPL20",700,"protein_coding",528,176,0.954759657,"GGACT",0.676136364,NA,NA,NA,NA,NA,NA,NA,NA,NA,0,0,0,NA,NA,NA
"290","ENST00000346169.7","ENSG00000114867.22","OTTHUMG00000156784.21","OTTHUMT00000345733.1","EIF4G1-202","EIF4G1",5405,"protein_coding",5023,48,0.902744651,"GGACT",0.604166667,NA,NA,NA,NA,NA,NA,NA,NA,NA,0,0,0,NA,NA,NA
"291","ENST00000346916.9","ENSG00000172270.22","OTTHUMG00000177718.19","OTTHUMT00000438629.4","BSG-202","BSG",1605,"protein_coding",1350,188,0.95234859,"GGACT",0.574468085,NA,NA,NA,NA,NA,NA,NA,NA,NA,0,0,0,NA,NA,NA
"292","ENST00000349157.10","ENSG00000179950.15","OTTHUMG00000165155.3","OTTHUMT00000382226.1","PUF60-202","PUF60",1821,"protein_coding",1570,98,0.986108005,"AGACT",0.867346939,NA,NA,NA,NA,NA,NA,NA,NA,NA,0,0,0,NA,NA,NA
"293","ENST00000349157.10","ENSG00000179950.15","OTTHUMG00000165155.3","OTTHUMT00000382226.1","PUF60-202","PUF60",1821,"protein_coding",1697,65,0.982883632,"GGACT",0.692307692,NA,NA,NA,NA,NA,NA,NA,NA,NA,0,0,0,NA,NA,NA
"294","ENST00000350592.7","ENSG00000143612.21","OTTHUMG00000035981.5","OTTHUMT00000087663.1","C1orf43-201","C1orf43",1610,"protein_coding",889,61,0.979014158,"GGACT",0.704918033,217,733,660,1,217,218,876,877,1609,0,0,1,NA,NA,0.0163710777626194
"295","ENST00000350669.5","ENSG00000111716.14","OTTHUMG00000133760.5","OTTHUMT00000258219.1","LDHB-201","LDHB",1303,"protein_coding",356,384,0.968641579,"TGACT",0.755208333,NA,NA,NA,NA,NA,NA,NA,NA,NA,0,0,0,NA,NA,NA
"296","ENST00000351111.7","ENSG00000159111.13","OTTHUMG00000156302.2","OTTHUMT00000343764.2","MRPL10-202","MRPL10",1749,"protein_coding",808,24,0.939575613,"GGACT",0.583333333,NA,NA,NA,NA,NA,NA,NA,NA,NA,0,0,0,NA,NA,NA
"297","ENST00000352203.8","ENSG00000042753.12","OTTHUMG00000183437.2","OTTHUMT00000466639.1","AP2S1-202","AP2S1",793,"protein_coding",352,237,0.937999129,"GAACT",0.611814346,NA,NA,NA,NA,NA,NA,NA,NA,NA,0,0,0,NA,NA,NA
"298","ENST00000352940.8","ENSG00000213782.7","OTTHUMG00000168709.2","OTTHUMT00000400671.1","DDX47-201","DDX47",1698,"protein_coding",1353,37,0.977206945,"AGACT",0.756756757,NA,NA,NA,NA,NA,NA,NA,NA,NA,0,0,0,NA,NA,NA
"299","ENST00000352940.8","ENSG00000213782.7","OTTHUMG00000168709.2","OTTHUMT00000400671.1","DDX47-201","DDX47",1698,"protein_coding",1462,36,0.91392833,"AGACT",0.472222222,NA,NA,NA,NA,NA,NA,NA,NA,NA,0,0,0,NA,NA,NA
"300","ENST00000353332.9","ENSG00000163719.20","OTTHUMG00000155111.4","OTTHUMT00000338436.1","MTMR14-203","MTMR14",2368,"protein_coding",2212,21,0.917042971,"GAACT",0.428571429,NA,NA,NA,NA,NA,NA,NA,NA,NA,0,0,0,NA,NA,NA
"301","ENST00000353555.9","ENSG00000172270.22","OTTHUMG00000177718.19","OTTHUMT00000438633.1","BSG-203","BSG",1598,"protein_coding",1343,257,0.957865179,"GGACT",0.575875486,NA,NA,NA,NA,NA,NA,NA,NA,NA,0,0,0,NA,NA,NA
"302","ENST00000354232.8","ENSG00000105379.10","OTTHUMG00000182903.4","OTTHUMT00000464272.1","ETFB-202","ETFB",3551,"protein_coding",3537,25,0.901572049,"TGACT",0.72,NA,NA,NA,NA,NA,NA,NA,NA,NA,0,0,0,NA,NA,NA
"303","ENST00000354429.7","ENSG00000170291.16","OTTHUMG00000177974.8","OTTHUMT00000440160.2","ELP5-201","ELP5",1522,"protein_coding",1518,22,0.982798696,"GAACA",0.772727273,NA,NA,NA,NA,NA,NA,NA,NA,NA,0,0,0,NA,NA,NA
"304","ENST00000354464.11","ENSG00000196497.17","OTTHUMG00000028801.7","OTTHUMT00000071931.5","IPO4-201","IPO4",3498,"protein_coding",3372,44,0.910482109,"AGACT",0.590909091,NA,NA,NA,NA,NA,NA,NA,NA,NA,0,0,0,NA,NA,NA
"305","ENST00000354895.4","ENSG00000167397.15","OTTHUMG00000047408.7","OTTHUMT00000108584.1","VKORC1-203","VKORC1",901,"protein_coding",756,69,0.9205091,"GGACC",0.492753623,NA,NA,NA,NA,NA,NA,NA,NA,NA,0,0,0,NA,NA,NA
"306","ENST00000355527.8","ENSG00000172893.18","OTTHUMG00000167346.3","OTTHUMT00000394243.1","DHCR7-201","DHCR7",2627,"protein_coding",1607,63,0.969686449,"GGACT",0.841269841,NA,NA,NA,NA,NA,NA,NA,NA,NA,0,0,0,NA,NA,NA
"307","ENST00000355527.8","ENSG00000172893.18","OTTHUMG00000167346.3","OTTHUMT00000394243.1","DHCR7-201","DHCR7",2627,"protein_coding",1775,71,0.936786771,"AAACT",0.605633803,NA,NA,NA,NA,NA,NA,NA,NA,NA,0,0,0,NA,NA,NA
"308","ENST00000355527.8","ENSG00000172893.18","OTTHUMG00000167346.3","OTTHUMT00000394243.1","DHCR7-201","DHCR7",2627,"protein_coding",2199,146,0.926009536,"GGACA",0.623287671,NA,NA,NA,NA,NA,NA,NA,NA,NA,0,0,0,NA,NA,NA
"309","ENST00000355527.8","ENSG00000172893.18","OTTHUMG00000167346.3","OTTHUMT00000394243.1","DHCR7-201","DHCR7",2627,"protein_coding",2399,138,0.927701354,"TGACT",0.471014493,NA,NA,NA,NA,NA,NA,NA,NA,NA,0,0,0,NA,NA,NA
"310","ENST00000356033.8","ENSG00000189159.16","OTTHUMG00000154521.4","OTTHUMT00000335695.1","JPT1-202","JPT1",1519,"protein_coding",775,139,0.943484068,"GAACT",0.604316547,NA,NA,NA,NA,NA,NA,NA,NA,NA,0,0,0,NA,NA,NA
"311","ENST00000356244.8","ENSG00000100401.21","OTTHUMG00000150940.12","OTTHUMT00000320603.1","RANGAP1-201","RANGAP1",3828,"protein_coding",2911,31,0.900512576,"TGACT",0.612903226,NA,NA,NA,NA,NA,NA,NA,NA,NA,0,0,0,NA,NA,NA
"312","ENST00000356303.7","ENSG00000156508.19","OTTHUMG00000015031.7","OTTHUMT00000132694.2","EEF1A1-204","EEF1A1",1883,"protein_coding",1647,2684,0.903226912,"GAACT",0.600968703,199,295,1389,1,199,200,1587,1588,1882,0,0,1,NA,NA,0.2
"313","ENST00000356303.7","ENSG00000156508.19","OTTHUMG00000015031.7","OTTHUMT00000132694.2","EEF1A1-204","EEF1A1",1883,"protein_coding",1688,2519,0.92216301,"AGACT",0.546645494,199,295,1389,1,199,200,1587,1588,1882,0,0,1,NA,NA,0.338983050847458
"314","ENST00000356401.9","ENSG00000177479.20","OTTHUMG00000133547.16","OTTHUMT00000257525.1","ARIH2-201","ARIH2",4912,"protein_coding",2021,20,0.91946727,"GGACT",0.7,NA,NA,NA,NA,NA,NA,NA,NA,NA,0,0,0,NA,NA,NA
"315","ENST00000356648.5","ENSG00000143543.15","OTTHUMG00000036590.4","OTTHUMT00000090418.1","JTB-202","JTB",1040,"protein_coding",936,108,0.957000673,"GGACT",0.787037037,NA,NA,NA,NA,NA,NA,NA,NA,NA,0,0,0,NA,NA,NA
"316","ENST00000356887.12","ENSG00000136732.16","OTTHUMG00000131464.4","OTTHUMT00000330926.2","GYPC-202","GYPC",1805,"protein_coding",1283,26,0.914208829,"GGACA",0.5,NA,NA,NA,NA,NA,NA,NA,NA,NA,0,0,0,NA,NA,NA
"317","ENST00000356887.12","ENSG00000136732.16","OTTHUMG00000131464.4","OTTHUMT00000330926.2","GYPC-202","GYPC",1805,"protein_coding",1481,51,0.927922964,"GGACC",0.509803922,NA,NA,NA,NA,NA,NA,NA,NA,NA,0,0,0,NA,NA,NA
"318","ENST00000357028.6","ENSG00000160563.14","OTTHUMG00000020833.7","OTTHUMT00000054771.2","MED27-202","MED27",1281,"protein_coding",1057,45,0.938179851,"GGACT",0.533333333,NA,NA,NA,NA,NA,NA,NA,NA,NA,0,0,0,NA,NA,NA
"319","ENST00000357197.8","ENSG00000119383.21","OTTHUMG00000020774.22","-","PTPA-205","PTPA",2653,"protein_coding",2202,20,0.918411613,"GAACT",0.6,NA,NA,NA,NA,NA,NA,NA,NA,NA,0,0,0,NA,NA,NA
"320","ENST00000357949.5","ENSG00000197019.5","OTTHUMG00000182594.3","OTTHUMT00000462571.3","SERTAD1-201","SERTAD1",2084,"protein_coding",772,22,0.983485937,"GGACT",0.909090909,NA,NA,NA,NA,NA,NA,NA,NA,NA,0,0,0,NA,NA,NA
"321","ENST00000357949.5","ENSG00000197019.5","OTTHUMG00000182594.3","OTTHUMT00000462571.3","SERTAD1-201","SERTAD1",2084,"protein_coding",870,25,0.96318382,"GAACT",0.68,NA,NA,NA,NA,NA,NA,NA,NA,NA,0,0,0,NA,NA,NA
"322","ENST00000357949.5","ENSG00000197019.5","OTTHUMG00000182594.3","OTTHUMT00000462571.3","SERTAD1-201","SERTAD1",2084,"protein_coding",1064,26,0.975224137,"GGACT",0.769230769,NA,NA,NA,NA,NA,NA,NA,NA,NA,0,0,0,NA,NA,NA
"323","ENST00000358007.7","ENSG00000213782.7","OTTHUMG00000168709.2","OTTHUMT00000400674.1","DDX47-202","DDX47",1817,"protein_coding",1470,36,0.978257954,"AGACT",0.75,22,427,1368,1,22,23,1389,1390,1816,0,0,1,NA,NA,0.187353629976581
"324","ENST00000358007.7","ENSG00000213782.7","OTTHUMG00000168709.2","OTTHUMT00000400674.1","DDX47-202","DDX47",1817,"protein_coding",1579,35,0.921244681,"AGACT",0.514285714,22,427,1368,1,22,23,1389,1390,1816,0,0,1,NA,NA,0.442622950819672
"325","ENST00000358227.5","ENSG00000137038.8","OTTHUMG00000019539.2","OTTHUMT00000051705.2","DMAC1-201","DMAC1",2456,"protein_coding",468,140,0.917605817,"GGACA",0.5,NA,NA,NA,NA,NA,NA,NA,NA,NA,0,0,0,NA,NA,NA
"326","ENST00000358227.5","ENSG00000137038.8","OTTHUMG00000019539.2","OTTHUMT00000051705.2","DMAC1-201","DMAC1",2456,"protein_coding",486,127,0.95028317,"GGACA",0.68503937,NA,NA,NA,NA,NA,NA,NA,NA,NA,0,0,0,NA,NA,NA
"327","ENST00000359435.8","ENSG00000105393.16","OTTHUMG00000182755.3","OTTHUMT00000463471.1","BABAM1-201","BABAM1",1472,"protein_coding",1263,61,0.952862561,"GGACC",0.540983607,NA,NA,NA,NA,NA,NA,NA,NA,NA,0,0,0,NA,NA,NA
"328","ENST00000359655.9","ENSG00000156502.14","OTTHUMG00000018375.4","OTTHUMT00000048396.3","SUPV3L1-201","SUPV3L1",2477,"protein_coding",2368,23,0.967258751,"GGACT",0.652173913,NA,NA,NA,NA,NA,NA,NA,NA,NA,0,0,0,NA,NA,NA
"329","ENST00000359947.9","ENSG00000142949.17","OTTHUMG00000007501.6","OTTHUMT00000019710.2","PTPRF-201","PTPRF",7720,"protein_coding",7362,55,0.926879942,"GGACT",0.6,NA,NA,NA,NA,NA,NA,NA,NA,NA,0,0,0,NA,NA,NA
"330","ENST00000360541.10","ENSG00000120705.13","OTTHUMG00000129199.6","OTTHUMT00000251276.3","ETF1-201","ETF1",3682,"protein_coding",1585,53,0.925428212,"GAACT",0.41509434,NA,NA,NA,NA,NA,NA,NA,NA,NA,0,0,0,NA,NA,NA
"331","ENST00000360541.10","ENSG00000120705.13","OTTHUMG00000129199.6","OTTHUMT00000251276.3","ETF1-201","ETF1",3682,"protein_coding",1709,77,0.965212762,"GGACT",0.831168831,NA,NA,NA,NA,NA,NA,NA,NA,NA,0,0,0,NA,NA,NA
"332","ENST00000360876.9","ENSG00000106263.19","OTTHUMG00000022839.6","OTTHUMT00000207006.2","EIF3B-201","EIF3B",3096,"protein_coding",2713,264,0.971537113,"GGACT",0.784090909,NA,NA,NA,NA,NA,NA,NA,NA,NA,0,0,0,NA,NA,NA
"333","ENST00000361219.11","ENSG00000142864.15","OTTHUMG00000009372.3","OTTHUMT00000095784.1","SERBP1-201","SERBP1",6681,"protein_coding",1385,198,0.962587833,"AGACT",0.707070707,NA,NA,NA,NA,NA,NA,NA,NA,NA,0,0,0,NA,NA,NA
"334","ENST00000361219.11","ENSG00000142864.15","OTTHUMG00000009372.3","OTTHUMT00000095784.1","SERBP1-201","SERBP1",6681,"protein_coding",1414,202,0.94896251,"AGACT",0.643564356,NA,NA,NA,NA,NA,NA,NA,NA,NA,0,0,0,NA,NA,NA
"335","ENST00000361611.11","ENSG00000100804.19","OTTHUMG00000028713.6","OTTHUMT00000071695.6","PSMB5-202","PSMB5",1044,"protein_coding",867,521,0.958742321,"GGACA",0.554702495,NA,NA,NA,NA,NA,NA,NA,NA,NA,0,0,0,NA,NA,NA
"336","ENST00000361735.4","ENSG00000010165.20","OTTHUMG00000034912.7","OTTHUMT00000084528.6","METTL13-201","METTL13",3368,"protein_coding",2449,20,0.922048569,"GGACT",0.6,NA,NA,NA,NA,NA,NA,NA,NA,NA,0,0,0,NA,NA,NA
"337","ENST00000362019.7","ENSG00000010165.20","OTTHUMG00000034912.7","OTTHUMT00000084845.1","METTL13-202","METTL13",3022,"protein_coding",2102,20,0.923921168,"GGACT",0.6,NA,NA,NA,NA,NA,NA,NA,NA,NA,0,0,0,NA,NA,NA
"338","ENST00000362076.8","ENSG00000143612.21","OTTHUMG00000035981.5","OTTHUMT00000087666.2","C1orf43-202","C1orf43",1551,"protein_coding",830,61,0.978974998,"GGACT",0.704918033,NA,NA,NA,NA,NA,NA,NA,NA,NA,0,0,0,NA,NA,NA
"339","ENST00000366535.4","ENSG00000035687.10","OTTHUMG00000040102.3","OTTHUMT00000096697.2","ADSS2-201","ADSS2",2555,"protein_coding",2081,23,0.908607423,"GAACT",0.47826087,NA,NA,NA,NA,NA,NA,NA,NA,NA,0,0,0,NA,NA,NA
"340","ENST00000367495.4","ENSG00000118508.5","OTTHUMG00000015755.2","OTTHUMT00000042579.2","RAB32-201","RAB32",1065,"protein_coding",865,53,0.938075423,"GAACT",0.660377358,NA,NA,NA,NA,NA,NA,NA,NA,NA,0,0,0,NA,NA,NA
"341","ENST00000367569.4","ENSG00000169976.7","OTTHUMG00000015737.2","OTTHUMT00000042537.2","SF3B5-201","SF3B5",690,"protein_coding",338,254,0.945550799,"AGACT",0.562992126,NA,NA,NA,NA,NA,NA,NA,NA,NA,0,0,0,NA,NA,NA
"342","ENST00000368277.3","ENSG00000160783.19","OTTHUMG00000177123.3","OTTHUMT00000040860.1","PMF1-202","PMF1",1068,"protein_coding",764,72,0.934179723,"GGACT",0.569444444,NA,NA,NA,NA,NA,NA,NA,NA,NA,0,0,0,NA,NA,NA
"343","ENST00000368279.7","ENSG00000160783.19","OTTHUMG00000177123.3","OTTHUMT00000040861.1","PMF1-203","PMF1",1019,"protein_coding",717,71,0.93389833,"GGACT",0.577464789,NA,NA,NA,NA,NA,NA,NA,NA,NA,0,0,0,NA,NA,NA
"344","ENST00000368336.10","ENSG00000132676.16","OTTHUMG00000035439.6","OTTHUMT00000086042.2","DAP3-202","DAP3",2056,"protein_coding",1412,69,0.925361454,"GGACT",0.68115942,NA,NA,NA,NA,NA,NA,NA,NA,NA,0,0,0,NA,NA,NA
"345","ENST00000368445.9","ENSG00000160691.19","OTTHUMG00000037295.6","OTTHUMT00000090781.2","SHC1-202","SHC1",3472,"protein_coding",2929,25,0.931187153,"GAACT",0.6,NA,NA,NA,NA,NA,NA,NA,NA,NA,0,0,0,NA,NA,NA
"346","ENST00000368449.8","ENSG00000160691.19","OTTHUMG00000037295.6","OTTHUMT00000090780.3","SHC1-203","SHC1",2879,"protein_coding",2336,25,0.933087885,"GAACT",0.6,NA,NA,NA,NA,NA,NA,NA,NA,NA,0,0,0,NA,NA,NA
"347","ENST00000368450.5","ENSG00000160691.19","OTTHUMG00000037295.6","OTTHUMT00000090928.1","SHC1-204","SHC1",3059,"protein_coding",2516,25,0.928323865,"GAACT",0.6,NA,NA,NA,NA,NA,NA,NA,NA,NA,0,0,0,NA,NA,NA
"348","ENST00000368453.8","ENSG00000160691.19","OTTHUMG00000037295.6","OTTHUMT00000090927.1","SHC1-205","SHC1",3062,"protein_coding",2519,25,0.930780053,"GAACT",0.6,NA,NA,NA,NA,NA,NA,NA,NA,NA,0,0,0,NA,NA,NA
"349","ENST00000368521.10","ENSG00000143612.21","OTTHUMG00000035981.5","OTTHUMT00000087664.2","C1orf43-206","C1orf43",1678,"protein_coding",957,51,0.979458749,"GGACT",0.725490196,NA,NA,NA,NA,NA,NA,NA,NA,NA,0,0,0,NA,NA,NA
"350","ENST00000368589.5","ENSG00000143543.15","OTTHUMG00000036590.4","OTTHUMT00000090419.1","JTB-203","JTB",1216,"protein_coding",1112,106,0.958476543,"GGACT",0.79245283,NA,NA,NA,NA,NA,NA,NA,NA,NA,0,0,0,NA,NA,NA
"351","ENST00000368685.6","ENSG00000143553.11","OTTHUMG00000037086.2","OTTHUMT00000090036.2","SNAPIN-201","SNAPIN",1003,"protein_coding",467,27,0.920012236,"GGACT",0.555555556,NA,NA,NA,NA,NA,NA,NA,NA,NA,0,0,0,NA,NA,NA
"352","ENST00000368685.6","ENSG00000143553.11","OTTHUMG00000037086.2","OTTHUMT00000090036.2","SNAPIN-201","SNAPIN",1003,"protein_coding",532,25,0.911377132,"AGACA",0.6,NA,NA,NA,NA,NA,NA,NA,NA,NA,0,0,0,NA,NA,NA
"353","ENST00000368858.9","ENSG00000154473.18","OTTHUMG00000019197.5","OTTHUMT00000050836.1","BUB3-201","BUB3",1361,"protein_coding",449,33,0.917607427,"GAACT",0.515151515,NA,NA,NA,NA,NA,NA,NA,NA,NA,0,0,0,NA,NA,NA
"354","ENST00000368865.9","ENSG00000154473.18","OTTHUMG00000019197.5","OTTHUMT00000050835.3","BUB3-203","BUB3",7703,"protein_coding",462,23,0.976226687,"GAACT",0.608695652,NA,NA,NA,NA,NA,NA,NA,NA,NA,0,0,0,NA,NA,NA
"355","ENST00000369101.7","ENSG00000148908.15","OTTHUMG00000019150.2","OTTHUMT00000050655.1","RGS10-201","RGS10",738,"protein_coding",643,63,0.933020115,"GGACT",0.634920635,NA,NA,NA,NA,NA,NA,NA,NA,NA,0,0,0,NA,NA,NA
"356","ENST00000369103.3","ENSG00000148908.15","OTTHUMG00000019150.2","OTTHUMT00000050654.2","RGS10-202","RGS10",923,"protein_coding",720,67,0.933640361,"GGACT",0.641791045,NA,NA,NA,NA,NA,NA,NA,NA,NA,0,0,0,NA,NA,NA
"357","ENST00000369633.6","ENSG00000155366.17","OTTHUMG00000011905.6","-","RHOC-204","RHOC",1295,"protein_coding",1007,140,0.925947785,"GGACT",0.585714286,NA,NA,NA,NA,NA,NA,NA,NA,NA,0,0,0,NA,NA,NA
"358","ENST00000369638.6","ENSG00000155366.17","OTTHUMG00000011905.6","OTTHUMT00000033244.2","RHOC-207","RHOC",1028,"protein_coding",888,64,0.925518632,"GGACT",0.625,NA,NA,NA,NA,NA,NA,NA,NA,NA,0,0,0,NA,NA,NA
"359","ENST00000369642.7","ENSG00000155366.17","OTTHUMG00000011905.6","OTTHUMT00000032905.2","RHOC-208","RHOC",1355,"protein_coding",1071,140,0.927412271,"GGACT",0.592857143,NA,NA,NA,NA,NA,NA,NA,NA,NA,0,0,0,NA,NA,NA
"360","ENST00000369937.5","ENSG00000107874.11","OTTHUMG00000018958.3","OTTHUMT00000050060.2","CUEDC2-201","CUEDC2",1100,"protein_coding",935,28,0.944395304,"GGACT",0.535714286,NA,NA,NA,NA,NA,NA,NA,NA,NA,0,0,0,NA,NA,NA
"361","ENST00000370277.5","ENSG00000147400.10","OTTHUMG00000024246.3","OTTHUMT00000061197.3","CETN2-201","CETN2",1413,"protein_coding",652,20,0.927698553,"AAACT",0.35,NA,NA,NA,NA,NA,NA,NA,NA,NA,0,0,0,NA,NA,NA
"362","ENST00000370287.7","ENSG00000198930.13","OTTHUMG00000022648.4","OTTHUMT00000058760.3","CSAG1-202","CSAG1",875,"protein_coding",743,20,0.935018182,"AGACT",0.7,NA,NA,NA,NA,NA,NA,NA,NA,NA,0,0,0,NA,NA,NA
"363","ENST00000370487.5","ENSG00000101189.7","OTTHUMG00000032940.3","OTTHUMT00000080080.3","MRGBP-201","MRGBP",2752,"protein_coding",860,24,0.993336558,"GGACC",0.791666667,NA,NA,NA,NA,NA,NA,NA,NA,NA,0,0,0,NA,NA,NA
"364","ENST00000370487.5","ENSG00000101189.7","OTTHUMG00000032940.3","OTTHUMT00000080080.3","MRGBP-201","MRGBP",2752,"protein_coding",870,24,0.995464802,"GGACC",0.833333333,NA,NA,NA,NA,NA,NA,NA,NA,NA,0,0,0,NA,NA,NA
"365","ENST00000370487.5","ENSG00000101189.7","OTTHUMG00000032940.3","OTTHUMT00000080080.3","MRGBP-201","MRGBP",2752,"protein_coding",1113,20,0.993453264,"TGACT",0.85,NA,NA,NA,NA,NA,NA,NA,NA,NA,0,0,0,NA,NA,NA
"366","ENST00000370990.5","ENSG00000142864.15","OTTHUMG00000009372.3","OTTHUMT00000095785.1","SERBP1-202","SERBP1",1621,"protein_coding",1382,183,0.961543381,"AGACT",0.704918033,NA,NA,NA,NA,NA,NA,NA,NA,NA,0,0,0,NA,NA,NA
"367","ENST00000370990.5","ENSG00000142864.15","OTTHUMG00000009372.3","OTTHUMT00000095785.1","SERBP1-202","SERBP1",1621,"protein_coding",1411,187,0.948742509,"AGACT",0.636363636,NA,NA,NA,NA,NA,NA,NA,NA,NA,0,0,0,NA,NA,NA
"368","ENST00000370994.8","ENSG00000142864.15","OTTHUMG00000009372.3","OTTHUMT00000025983.2","SERBP1-203","SERBP1",6676,"protein_coding",1380,198,0.963051498,"AGACT",0.707070707,NA,NA,NA,NA,NA,NA,NA,NA,NA,0,0,0,NA,NA,NA
"369","ENST00000370994.8","ENSG00000142864.15","OTTHUMG00000009372.3","OTTHUMT00000025983.2","SERBP1-203","SERBP1",6676,"protein_coding",1409,202,0.949157774,"AGACT",0.643564356,NA,NA,NA,NA,NA,NA,NA,NA,NA,0,0,0,NA,NA,NA
"370","ENST00000370995.6","ENSG00000142864.15","OTTHUMG00000009372.3","OTTHUMT00000025984.2","SERBP1-204","SERBP1",3482,"protein_coding",1414,198,0.962021828,"AGACT",0.707070707,NA,NA,NA,NA,NA,NA,NA,NA,NA,0,0,0,NA,NA,NA
"371","ENST00000370995.6","ENSG00000142864.15","OTTHUMG00000009372.3","OTTHUMT00000025984.2","SERBP1-204","SERBP1",3482,"protein_coding",1443,202,0.948988974,"AGACT",0.643564356,NA,NA,NA,NA,NA,NA,NA,NA,NA,0,0,0,NA,NA,NA
"372","ENST00000371626.9","ENSG00000117862.13","OTTHUMG00000008629.7","OTTHUMT00000023818.2","TXNDC12-201","TXNDC12",1416,"protein_coding",1226,59,0.910480559,"GGACT",0.627118644,NA,NA,NA,NA,NA,NA,NA,NA,NA,0,0,0,NA,NA,NA
"373","ENST00000371708.1","ENSG00000112759.19","OTTHUMG00000014759.5","OTTHUMT00000040719.1","SLC29A1-201","SLC29A1",2159,"protein_coding",1719,20,0.966381431,"GGACA",0.7,NA,NA,NA,NA,NA,NA,NA,NA,NA,0,0,0,NA,NA,NA
"374","ENST00000371724.6","ENSG00000112759.19","OTTHUMG00000014759.5","OTTHUMT00000494223.1","SLC29A1-203","SLC29A1",2301,"protein_coding",1861,20,0.965734303,"GGACA",0.7,NA,NA,NA,NA,NA,NA,NA,NA,NA,0,0,0,NA,NA,NA
"375","ENST00000371755.9","ENSG00000112759.19","OTTHUMG00000014759.5","OTTHUMT00000040717.3","SLC29A1-206","SLC29A1",2083,"protein_coding",1642,20,0.966104865,"GGACA",0.7,NA,NA,NA,NA,NA,NA,NA,NA,NA,0,0,0,NA,NA,NA
"376","ENST00000371785.5","ENSG00000122140.13","OTTHUMG00000020910.4","OTTHUMT00000054998.1","MRPS2-202","MRPS2",1640,"protein_coding",1050,31,0.955276787,"GGACC",0.580645161,NA,NA,NA,NA,NA,NA,NA,NA,NA,0,0,0,NA,NA,NA
"377","ENST00000371785.5","ENSG00000122140.13","OTTHUMG00000020910.4","OTTHUMT00000054998.1","MRPS2-202","MRPS2",1640,"protein_coding",1261,57,0.944414437,"GGACC",0.50877193,NA,NA,NA,NA,NA,NA,NA,NA,NA,0,0,0,NA,NA,NA
"378","ENST00000372014.5","ENSG00000180992.7","OTTHUMG00000014756.3","OTTHUMT00000040707.3","MRPL14-201","MRPL14",957,"protein_coding",554,430,0.942028999,"GAACT",0.548837209,NA,NA,NA,NA,NA,NA,NA,NA,NA,0,0,0,NA,NA,NA
"379","ENST00000372014.5","ENSG00000180992.7","OTTHUMG00000014756.3","OTTHUMT00000040707.3","MRPL14-201","MRPL14",957,"protein_coding",591,404,0.957906365,"GGACT",0.653465347,NA,NA,NA,NA,NA,NA,NA,NA,NA,0,0,0,NA,NA,NA
"380","ENST00000372102.3","ENSG00000172315.6","OTTHUMG00000085887.2","OTTHUMT00000193688.1","TP53RK-201","TP53RK",2012,"protein_coding",391,23,0.970286131,"TGACT",0.869565217,NA,NA,NA,NA,NA,NA,NA,NA,NA,0,0,0,NA,NA,NA
"381","ENST00000372114.4","ENSG00000172315.6","OTTHUMG00000085887.2","OTTHUMT00000193687.2","TP53RK-202","TP53RK",3180,"protein_coding",390,23,0.970494986,"TGACT",0.869565217,NA,NA,NA,NA,NA,NA,NA,NA,NA,0,0,0,NA,NA,NA
"382","ENST00000372116.5","ENSG00000096080.12","OTTHUMG00000014750.3","OTTHUMT00000040695.1","MRPS18A-201","MRPS18A",785,"protein_coding",679,67,0.929297507,"GGACT",0.537313433,NA,NA,NA,NA,NA,NA,NA,NA,NA,0,0,0,NA,NA,NA
"383","ENST00000372133.8","ENSG00000096080.12","OTTHUMG00000014750.3","OTTHUMT00000040697.1","MRPS18A-202","MRPS18A",1163,"protein_coding",749,220,0.916490316,"GGACT",0.609090909,NA,NA,NA,NA,NA,NA,NA,NA,NA,0,0,0,NA,NA,NA
"384","ENST00000372171.5","ENSG00000124688.14","OTTHUMG00000014747.2","OTTHUMT00000040692.2","MAD2L1BP-201","MAD2L1BP",1269,"protein_coding",759,22,0.994984031,"TGACT",0.909090909,NA,NA,NA,NA,NA,NA,NA,NA,NA,0,0,0,NA,NA,NA
"385","ENST00000372171.5","ENSG00000124688.14","OTTHUMG00000014747.2","OTTHUMT00000040692.2","MAD2L1BP-201","MAD2L1BP",1269,"protein_coding",1036,33,0.975411355,"TGACT",0.878787879,NA,NA,NA,NA,NA,NA,NA,NA,NA,0,0,0,NA,NA,NA
"386","ENST00000372171.5","ENSG00000124688.14","OTTHUMG00000014747.2","OTTHUMT00000040692.2","MAD2L1BP-201","MAD2L1BP",1269,"protein_coding",1042,32,0.96093601,"TGACT",0.78125,NA,NA,NA,NA,NA,NA,NA,NA,NA,0,0,0,NA,NA,NA
"387","ENST00000372217.5","ENSG00000142945.13","OTTHUMG00000008416.7","OTTHUMT00000023181.1","KIF2C-201","KIF2C",2955,"protein_coding",2429,20,0.905688703,"GAACT",0.5,NA,NA,NA,NA,NA,NA,NA,NA,NA,0,0,0,NA,NA,NA
"388","ENST00000372224.9","ENSG00000142945.13","OTTHUMG00000008416.7","OTTHUMT00000023180.2","KIF2C-202","KIF2C",2862,"protein_coding",2336,20,0.901442766,"GAACT",0.5,NA,NA,NA,NA,NA,NA,NA,NA,NA,0,0,0,NA,NA,NA
"389","ENST00000372344.6","ENSG00000171453.20","OTTHUMG00000014739.13","OTTHUMT00000040649.2","POLR1C-202","POLR1C",1119,"protein_coding",971,37,0.935055017,"GGACT",0.594594595,NA,NA,NA,NA,NA,NA,NA,NA,NA,0,0,0,NA,NA,NA
"390","ENST00000372407.4","ENSG00000142949.17","OTTHUMG00000007501.6","OTTHUMT00000019714.3","PTPRF-203","PTPRF",4600,"protein_coding",4245,55,0.926663935,"GGACT",0.6,NA,NA,NA,NA,NA,NA,NA,NA,NA,0,0,0,NA,NA,NA
"391","ENST00000372422.7","ENSG00000137207.12","OTTHUMG00000014738.6","OTTHUMT00000040639.3","YIPF3-202","YIPF3",1507,"protein_coding",1238,49,0.966992974,"GGACA",0.530612245,NA,NA,NA,NA,NA,NA,NA,NA,NA,0,0,0,NA,NA,NA
"392","ENST00000372458.8","ENSG00000066322.15","OTTHUMG00000007422.3","OTTHUMT00000019496.2","ELOVL1-201","ELOVL1",1466,"protein_coding",1062,49,0.954652965,"GGACT",0.755102041,NA,NA,NA,NA,NA,NA,NA,NA,NA,0,0,0,NA,NA,NA
"393","ENST00000372836.5","ENSG00000137161.18","OTTHUMG00000014708.2","OTTHUMT00000040564.2","CNPY3-201","CNPY3",1431,"protein_coding",1186,61,0.932640493,"GGACT",0.491803279,NA,NA,NA,NA,NA,NA,NA,NA,NA,0,0,0,NA,NA,NA
"394","ENST00000372836.5","ENSG00000137161.18","OTTHUMG00000014708.2","OTTHUMT00000040564.2","CNPY3-201","CNPY3",1431,"protein_coding",1234,56,0.993833005,"GGACT",0.821428571,NA,NA,NA,NA,NA,NA,NA,NA,NA,0,0,0,NA,NA,NA
"395","ENST00000372836.5","ENSG00000137161.18","OTTHUMG00000014708.2","OTTHUMT00000040564.2","CNPY3-201","CNPY3",1431,"protein_coding",1339,49,0.908861518,"GGACA",0.408163265,NA,NA,NA,NA,NA,NA,NA,NA,NA,0,0,0,NA,NA,NA
"396","ENST00000372890.6","ENSG00000167112.10","OTTHUMG00000020741.3","OTTHUMT00000054419.3","TRUB2-201","TRUB2",5426,"protein_coding",1238,21,0.918201149,"AGACT",0.714285714,NA,NA,NA,NA,NA,NA,NA,NA,NA,0,0,0,NA,NA,NA
"397","ENST00000372902.4","ENSG00000126953.8","OTTHUMG00000022028.6","OTTHUMT00000057554.4","TIMM8A-201","TIMM8A",1210,"protein_coding",271,42,0.924336195,"GAACT",0.666666667,NA,NA,NA,NA,NA,NA,NA,NA,NA,0,0,0,NA,NA,NA
"398","ENST00000372902.4","ENSG00000126953.8","OTTHUMG00000022028.6","OTTHUMT00000057554.4","TIMM8A-201","TIMM8A",1210,"protein_coding",367,81,0.910832405,"TGACT",0.641975309,NA,NA,NA,NA,NA,NA,NA,NA,NA,0,0,0,NA,NA,NA
"399","ENST00000372902.4","ENSG00000126953.8","OTTHUMG00000022028.6","OTTHUMT00000057554.4","TIMM8A-201","TIMM8A",1210,"protein_coding",487,27,0.93467629,"GGACA",0.555555556,NA,NA,NA,NA,NA,NA,NA,NA,NA,0,0,0,NA,NA,NA
"400","ENST00000372994.2","ENSG00000171159.5","OTTHUMG00000020731.2","OTTHUMT00000054351.2","BBLN-201","BBLN",704,"protein_coding",417,116,0.93291831,"GGACC",0.465517241,NA,NA,NA,NA,NA,NA,NA,NA,NA,0,0,0,NA,NA,NA
"401","ENST00000372996.2","ENSG00000112578.10","OTTHUMG00000014687.3","OTTHUMT00000357859.1","BYSL-202","BYSL",1299,"nonsense_mediated_decay",1166,40,0.936189473,"GGACT",0.625,NA,NA,NA,NA,NA,NA,NA,NA,NA,0,0,0,NA,NA,NA
"402","ENST00000373019.5","ENSG00000183431.12","OTTHUMG00000004438.2","OTTHUMT00000012976.2","SF3A3-201","SF3A3",2774,"protein_coding",1553,25,0.907345295,"GGACT",0.52,NA,NA,NA,NA,NA,NA,NA,NA,NA,0,0,0,NA,NA,NA
"403","ENST00000373116.6","ENSG00000116898.12","OTTHUMG00000008042.5","OTTHUMT00000022052.3","MRPS15-201","MRPS15",953,"protein_coding",836,129,0.959075809,"AGACA",0.782945736,NA,NA,NA,NA,NA,NA,NA,NA,NA,0,0,0,NA,NA,NA
"404","ENST00000373477.9","ENSG00000134684.13","OTTHUMG00000003933.2","OTTHUMT00000011225.1","YARS1-201","YARS1",2443,"protein_coding",1815,24,0.982847929,"GGACT",0.833333333,NA,NA,NA,NA,NA,NA,NA,NA,NA,0,0,0,NA,NA,NA
"405","ENST00000373703.5","ENSG00000162517.13","OTTHUMG00000003877.3","OTTHUMT00000011046.2","PEF1-201","PEF1",1614,"protein_coding",938,22,0.915586293,"GGACA",0.5,NA,NA,NA,NA,NA,NA,NA,NA,NA,0,0,0,NA,NA,NA
"406","ENST00000373991.3","ENSG00000171222.11","OTTHUMG00000032370.2","OTTHUMT00000078958.2","SCAND1-202","SCAND1",1727,"protein_coding",1653,125,0.991382062,"GGACT",0.784,NA,NA,NA,NA,NA,NA,NA,NA,NA,0,0,0,NA,NA,NA
"407","ENST00000375167.1","ENSG00000188486.4","OTTHUMG00000166196.4","OTTHUMT00000442282.1","H2AX-201","H2AX",1373,"nonsense_mediated_decay",1047,21,0.973213792,"TGACT",0.761904762,NA,NA,NA,NA,NA,NA,NA,NA,NA,0,0,0,NA,NA,NA
"408","ENST00000375167.1","ENSG00000188486.4","OTTHUMG00000166196.4","OTTHUMT00000442282.1","H2AX-201","H2AX",1373,"nonsense_mediated_decay",1258,75,0.943062186,"GGACT",0.826666667,NA,NA,NA,NA,NA,NA,NA,NA,NA,0,0,0,NA,NA,NA
"409","ENST00000375631.5","ENSG00000204386.12","OTTHUMG00000031284.5","OTTHUMT00000076616.3","NEU1-206","NEU1",3353,"protein_coding",1329,83,0.967173338,"GGACT",0.722891566,45,2060,1248,1,45,46,1292,1293,3352,0,0,1,NA,NA,0.0174757281553398
"410","ENST00000375631.5","ENSG00000204386.12","OTTHUMG00000031284.5","OTTHUMT00000076616.3","NEU1-206","NEU1",3353,"protein_coding",1383,43,0.984039605,"AGACA",0.813953488,45,2060,1248,1,45,46,1292,1293,3352,0,0,1,NA,NA,0.0436893203883495
"411","ENST00000375631.5","ENSG00000204386.12","OTTHUMG00000031284.5","OTTHUMT00000076616.3","NEU1-206","NEU1",3353,"protein_coding",1458,99,0.980796993,"GGACT",0.787878788,45,2060,1248,1,45,46,1292,1293,3352,0,0,1,NA,NA,0.0800970873786408
"412","ENST00000375635.6","ENSG00000204387.14","OTTHUMG00000031175.4","OTTHUMT00000076337.2","SNHG32-202","SNHG32",610,"lncRNA",440,23,0.957887113,"GAACT",0.565217391,NA,NA,NA,NA,NA,NA,NA,NA,NA,0,0,0,NA,NA,NA
"413","ENST00000375638.7","ENSG00000204387.14","OTTHUMG00000031175.4","OTTHUMT00000076335.1","SNHG32-203","SNHG32",847,"lncRNA",677,64,0.966714263,"GAACT",0.546875,NA,NA,NA,NA,NA,NA,NA,NA,NA,0,0,0,NA,NA,NA
"414","ENST00000375640.7","ENSG00000204387.14","OTTHUMG00000031175.4","OTTHUMT00000076332.2","SNHG32-204","SNHG32",1053,"lncRNA",883,78,0.964718163,"GAACT",0.551282051,NA,NA,NA,NA,NA,NA,NA,NA,NA,0,0,0,NA,NA,NA
"415","ENST00000375650.5","ENSG00000204388.7","OTTHUMG00000031202.3","OTTHUMT00000076402.3","HSPA1B-201","HSPA1B",2517,"protein_coding",2039,20,0.981096745,"GGACT",0.8,NA,NA,NA,NA,NA,NA,NA,NA,NA,0,0,0,NA,NA,NA
"416","ENST00000375651.7","ENSG00000204389.10","OTTHUMG00000031201.4","OTTHUMT00000076401.3","HSPA1A-201","HSPA1A",2400,"protein_coding",2040,49,0.994062603,"GGACT",0.959183673,NA,NA,NA,NA,NA,NA,NA,NA,NA,0,0,0,NA,NA,NA
"417","ENST00000375991.9","ENSG00000135070.15","OTTHUMG00000020135.3","OTTHUMT00000052914.2","ISCA1-203","ISCA1",1967,"protein_coding",479,31,0.984000206,"GGACT",0.64516129,NA,NA,NA,NA,NA,NA,NA,NA,NA,0,0,0,NA,NA,NA
"418","ENST00000376629.8","ENSG00000177674.16","OTTHUMG00000002230.6","OTTHUMT00000006336.2","AGTRAP-203","AGTRAP",1100,"protein_coding",851,25,0.905199945,"GGACT",0.56,NA,NA,NA,NA,NA,NA,NA,NA,NA,0,0,0,NA,NA,NA
"419","ENST00000376637.7","ENSG00000177674.16","OTTHUMG00000002230.6","OTTHUMT00000006337.1","AGTRAP-204","AGTRAP",1067,"protein_coding",879,23,0.902055681,"GGACT",0.565217391,NA,NA,NA,NA,NA,NA,NA,NA,NA,0,0,0,NA,NA,NA
"420","ENST00000376911.1","ENSG00000135046.14","OTTHUMG00000020016.3","OTTHUMT00000052665.1","ANXA1-202","ANXA1",2209,"protein_coding",2205,80,0.928513348,"AGACA",0.2625,NA,NA,NA,NA,NA,NA,NA,NA,NA,0,0,0,NA,NA,NA
"421","ENST00000377889.6","ENSG00000168003.19","OTTHUMG00000074091.8","OTTHUMT00000396041.1","SLC3A2-202","SLC3A2",1993,"protein_coding",1849,24,0.902497649,"GGACC",0.416666667,NA,NA,NA,NA,NA,NA,NA,NA,NA,0,0,0,NA,NA,NA
"422","ENST00000377953.4","ENSG00000204922.5","OTTHUMG00000167546.4","OTTHUMT00000504355.2","UQCC3-201","UQCC3",1927,"protein_coding",522,82,0.99057579,"GGACT",0.865853659,NA,NA,NA,NA,NA,NA,NA,NA,NA,0,0,0,NA,NA,NA
"423","ENST00000377953.4","ENSG00000204922.5","OTTHUMG00000167546.4","OTTHUMT00000504355.2","UQCC3-201","UQCC3",1927,"protein_coding",526,54,0.932014108,"TGACT",0.703703704,NA,NA,NA,NA,NA,NA,NA,NA,NA,0,0,0,NA,NA,NA
"424","ENST00000377953.4","ENSG00000204922.5","OTTHUMG00000167546.4","OTTHUMT00000504355.2","UQCC3-201","UQCC3",1927,"protein_coding",582,111,0.945580184,"GAACT",0.576576577,NA,NA,NA,NA,NA,NA,NA,NA,NA,0,0,0,NA,NA,NA
"425","ENST00000377970.6","ENSG00000136997.22","OTTHUMG00000128475.10","OTTHUMT00000476371.1","MYC-202","MYC",2351,"protein_coding",1807,43,0.916628063,"GGACT",0.651162791,NA,NA,NA,NA,NA,NA,NA,NA,NA,0,0,0,NA,NA,NA
"426","ENST00000377970.6","ENSG00000136997.22","OTTHUMG00000128475.10","OTTHUMT00000476371.1","MYC-202","MYC",2351,"protein_coding",1987,48,0.911544025,"AGACT",0.479166667,NA,NA,NA,NA,NA,NA,NA,NA,NA,0,0,0,NA,NA,NA
"427","ENST00000378513.7","ENSG00000157916.20","OTTHUMG00000001403.6","-","RER1-203","RER1",3000,"protein_coding",1161,21,0.908909202,"TAACT",0.476190476,NA,NA,NA,NA,NA,NA,NA,NA,NA,0,0,0,NA,NA,NA
"428","ENST00000378634.6","ENSG00000172301.11","OTTHUMG00000132812.4","OTTHUMT00000256258.1","COPRS-202","COPRS",1041,"protein_coding",748,149,0.92277658,"GGACA",0.389261745,NA,NA,NA,NA,NA,NA,NA,NA,NA,0,0,0,NA,NA,NA
"429","ENST00000378669.5","ENSG00000115944.15","OTTHUMG00000128605.9","OTTHUMT00000250466.3","COX7A2L-202","COX7A2L",3056,"protein_coding",1190,73,0.938749313,"GGACT",0.602739726,NA,NA,NA,NA,NA,NA,NA,NA,NA,0,0,0,NA,NA,NA
"430","ENST00000378726.1","ENSG00000160075.12","OTTHUMG00000000576.6","OTTHUMT00000001367.2","SSU72-204","SSU72",2238,"retained_intron",2170,62,0.949181557,"GGACT",0.612903226,NA,NA,NA,NA,NA,NA,NA,NA,NA,0,0,0,NA,NA,NA
"431","ENST00000379056.5","ENSG00000133112.17","OTTHUMG00000016845.7","OTTHUMT00000044759.2","TPT1-203","TPT1",1101,"protein_coding",927,184,0.903356671,"GGACT",0.673913043,NA,NA,NA,NA,NA,NA,NA,NA,NA,0,0,0,NA,NA,NA
"432","ENST00000379095.5","ENSG00000182768.9","OTTHUMG00000149807.3","OTTHUMT00000313418.2","NGRN-202","NGRN",1340,"protein_coding",1042,47,0.986406028,"GGACT",0.893617021,41,423,876,1,41,42,916,917,1339,0,0,1,NA,NA,0.295508274231678
"433","ENST00000379666.7","ENSG00000243147.8","OTTHUMG00000097795.3","OTTHUMT00000324563.1","MRPL33-202","MRPL33",404,"protein_coding",330,25,0.980592668,"GGACA",0.4,NA,NA,NA,NA,NA,NA,NA,NA,NA,0,0,0,NA,NA,NA
"434","ENST00000380394.9","ENSG00000137154.13","OTTHUMG00000019642.3","OTTHUMT00000051858.2","RPS6-204","RPS6",1369,"protein_coding",822,1149,0.961929083,"AGACT",0.481288077,NA,NA,NA,NA,NA,NA,NA,NA,NA,0,0,0,NA,NA,NA
"435","ENST00000380546.7","ENSG00000124570.21","OTTHUMG00000016170.12","OTTHUMT00000043426.1","SERPINB6-205","SERPINB6",1375,"protein_coding",978,66,0.904133081,"TGACT",0.409090909,NA,NA,NA,NA,NA,NA,NA,NA,NA,0,0,0,NA,NA,NA
"436","ENST00000380635.5","ENSG00000205542.11","OTTHUMG00000021144.4","OTTHUMT00000055779.1","TMSB4X-202","TMSB4X",767,"protein_coding",465,30,0.961313844,"TGACT",0.433333333,NA,NA,NA,NA,NA,NA,NA,NA,NA,0,0,0,NA,NA,NA
"437","ENST00000380636.1","ENSG00000205542.11","OTTHUMG00000021144.4","OTTHUMT00000055781.1","TMSB4X-203","TMSB4X",1702,"protein_coding",1401,29,0.950428665,"TGACT",0.413793103,NA,NA,NA,NA,NA,NA,NA,NA,NA,0,0,0,NA,NA,NA
"438","ENST00000380752.10","ENSG00000139514.13","OTTHUMG00000016658.6","OTTHUMT00000044337.3","SLC7A1-201","SLC7A1",7343,"protein_coding",6412,68,0.948221922,"TGACT",0.5,NA,NA,NA,NA,NA,NA,NA,NA,NA,0,0,0,NA,NA,NA
"439","ENST00000380996.9","ENSG00000184281.15","OTTHUMG00000009895.8","OTTHUMT00000027370.4","TSSC4-203","TSSC4",1544,"protein_coding",1269,21,0.914239824,"GGACC",0.285714286,NA,NA,NA,NA,NA,NA,NA,NA,NA,0,0,0,NA,NA,NA
"440","ENST00000382292.9","ENSG00000151835.17","OTTHUMG00000016562.6","OTTHUMT00000044148.5","SACS-201","SACS",15635,"protein_coding",14587,20,0.905150771,"GAACT",0.45,NA,NA,NA,NA,NA,NA,NA,NA,NA,0,0,0,NA,NA,NA
"441","ENST00000382450.8","ENSG00000167965.18","OTTHUMG00000128827.6","OTTHUMT00000435064.1","MLST8-202","MLST8",1861,"protein_coding",1497,29,0.971534908,"GGACT",0.655172414,NA,NA,NA,NA,NA,NA,NA,NA,NA,0,0,0,NA,NA,NA
"442","ENST00000389400.4","ENSG00000178429.9","OTTHUMG00000018642.2","OTTHUMT00000049139.2","RPS3AP5-201","RPS3AP5",821,"processed_pseudogene",796,31,0.970523536,"GAACT",0.709677419,NA,NA,NA,NA,NA,NA,NA,NA,NA,0,0,0,NA,NA,NA
"443","ENST00000392358.6","ENSG00000169727.14","OTTHUMG00000178484.3","OTTHUMT00000442180.1","GPS1-204","GPS1",2276,"protein_coding",1984,21,0.956183851,"GGACC",0.619047619,NA,NA,NA,NA,NA,NA,NA,NA,NA,0,0,0,NA,NA,NA
"444","ENST00000392359.8","ENSG00000169689.15","OTTHUMG00000132129.3","OTTHUMT00000255174.2","CENPX-202","CENPX",765,"protein_coding",428,65,0.925778687,"GGACT",0.615384615,NA,NA,NA,NA,NA,NA,NA,NA,NA,0,0,0,NA,NA,NA
"445","ENST00000392359.8","ENSG00000169689.15","OTTHUMG00000132129.3","OTTHUMT00000255174.2","CENPX-202","CENPX",765,"protein_coding",466,57,0.932672977,"GGACA",0.614035088,NA,NA,NA,NA,NA,NA,NA,NA,NA,0,0,0,NA,NA,NA
"446","ENST00000392359.8","ENSG00000169689.15","OTTHUMG00000132129.3","OTTHUMT00000255174.2","CENPX-202","CENPX",765,"protein_coding",520,54,0.941902936,"GGACA",0.481481481,NA,NA,NA,NA,NA,NA,NA,NA,NA,0,0,0,NA,NA,NA
"447","ENST00000392508.2","ENSG00000088986.11","OTTHUMG00000169368.5","OTTHUMT00000403713.1","DYNLL1-202","DYNLL1",697,"protein_coding",424,300,0.903144538,"GGACT",0.566666667,NA,NA,NA,NA,NA,NA,NA,NA,NA,0,0,0,NA,NA,NA
"448","ENST00000392865.5","ENSG00000148908.15","OTTHUMG00000019150.2","-","RGS10-203","RGS10",852,"protein_coding",660,67,0.931391299,"GGACT",0.641791045,NA,NA,NA,NA,NA,NA,NA,NA,NA,0,0,0,NA,NA,NA
"449","ENST00000393038.3","ENSG00000141378.15","OTTHUMG00000154532.4","OTTHUMT00000335784.2","PTRH2-201","PTRH2",731,"protein_coding",280,33,0.991220474,"TGACT",0.848484848,NA,NA,NA,NA,NA,NA,NA,NA,NA,0,0,0,NA,NA,NA
"450","ENST00000393038.3","ENSG00000141378.15","OTTHUMG00000154532.4","OTTHUMT00000335784.2","PTRH2-201","PTRH2",731,"protein_coding",470,57,0.948286831,"GGACT",0.649122807,NA,NA,NA,NA,NA,NA,NA,NA,NA,0,0,0,NA,NA,NA
"451","ENST00000393038.3","ENSG00000141378.15","OTTHUMG00000154532.4","OTTHUMT00000335784.2","PTRH2-201","PTRH2",731,"protein_coding",474,56,0.998247921,"TGACT",0.892857143,NA,NA,NA,NA,NA,NA,NA,NA,NA,0,0,0,NA,NA,NA
"452","ENST00000393099.3","ENSG00000167526.14","OTTHUMG00000133770.8","OTTHUMT00000258294.2","RPL13-202","RPL13",2385,"protein_coding",1024,243,0.900106132,"AGACA",0.609053498,NA,NA,NA,NA,NA,NA,NA,NA,NA,0,0,0,NA,NA,NA
"453","ENST00000393623.6","ENSG00000079999.14","OTTHUMG00000180579.5","OTTHUMT00000452002.1","KEAP1-202","KEAP1",2648,"protein_coding",2191,20,0.985490441,"GGACT",0.8,NA,NA,NA,NA,NA,NA,NA,NA,NA,0,0,0,NA,NA,NA
"454","ENST00000393623.6","ENSG00000079999.14","OTTHUMG00000180579.5","OTTHUMT00000452002.1","KEAP1-202","KEAP1",2648,"protein_coding",2204,24,0.924671531,"AGACA",0.375,NA,NA,NA,NA,NA,NA,NA,NA,NA,0,0,0,NA,NA,NA
"455","ENST00000393664.6","ENSG00000175832.13","OTTHUMG00000180884.2","OTTHUMT00000453490.1","ETV4-202","ETV4",2182,"protein_coding",1932,24,0.971994877,"GGACT",0.666666667,NA,NA,NA,NA,NA,NA,NA,NA,NA,0,0,0,NA,NA,NA
"456","ENST00000393844.7","ENSG00000112759.19","OTTHUMG00000014759.5","OTTHUMT00000040716.5","SLC29A1-208","SLC29A1",2204,"protein_coding",1763,20,0.966712594,"GGACA",0.7,219,614,1371,1,219,220,1589,1590,2203,0,0,1,NA,NA,0.281758957654723
"457","ENST00000394613.3","ENSG00000176485.14","OTTHUMG00000167852.3","OTTHUMT00000396633.1","PLAAT3-202","PLAAT3",678,"protein_coding_CDS_not_defined",592,53,0.921881318,"AGACT",0.528301887,NA,NA,NA,NA,NA,NA,NA,NA,NA,0,0,0,NA,NA,NA
"458","ENST00000394738.7","ENSG00000163933.10","OTTHUMG00000074035.6","OTTHUMT00000157137.1","RFT1-202","RFT1",1800,"protein_coding",1520,21,0.975717902,"GGACT",0.714285714,NA,NA,NA,NA,NA,NA,NA,NA,NA,0,0,0,NA,NA,NA
"459","ENST00000394817.7","ENSG00000120725.13","OTTHUMG00000129226.4","OTTHUMT00000251319.2","SIL1-202","SIL1",1889,"protein_coding",1510,23,0.976211309,"GGACT",0.782608696,NA,NA,NA,NA,NA,NA,NA,NA,NA,0,0,0,NA,NA,NA
"460","ENST00000394817.7","ENSG00000120725.13","OTTHUMG00000129226.4","OTTHUMT00000251319.2","SIL1-202","SIL1",1889,"protein_coding",1515,21,0.983561397,"GGACT",0.904761905,NA,NA,NA,NA,NA,NA,NA,NA,NA,0,0,0,NA,NA,NA
"461","ENST00000394975.3","ENSG00000167397.15","OTTHUMG00000047408.7","OTTHUMT00000108582.2","VKORC1-205","VKORC1",840,"protein_coding",707,71,0.919316411,"GGACC",0.464788732,NA,NA,NA,NA,NA,NA,NA,NA,NA,0,0,0,NA,NA,NA
"462","ENST00000395067.7","ENSG00000066697.15","OTTHUMG00000020365.3","OTTHUMT00000053410.1","MSANTD3-203","MSANTD3",1880,"protein_coding",1113,22,0.965275168,"AGACT",0.863636364,NA,NA,NA,NA,NA,NA,NA,NA,NA,0,0,0,NA,NA,NA
"463","ENST00000395633.5","ENSG00000099624.8","OTTHUMG00000180143.5","OTTHUMT00000473909.2","ATP5F1D-202","ATP5F1D",704,"protein_coding",662,97,0.904894888,"GAACT",0.484536082,NA,NA,NA,NA,NA,NA,NA,NA,NA,0,0,0,NA,NA,NA
"464","ENST00000395693.8","ENSG00000284194.3","OTTHUMG00000191637.2","OTTHUMT00000317090.1","SCO2-202","SCO2",984,"protein_coding",700,21,0.98199743,"AGACT",0.666666667,NA,NA,NA,NA,NA,NA,NA,NA,NA,0,0,0,NA,NA,NA
"465","ENST00000395914.5","ENSG00000087586.18","OTTHUMG00000032796.7","-","AURKA-207","AURKA",2238,"protein_coding",1553,26,0.913762212,"TGACT",0.807692308,NA,NA,NA,NA,NA,NA,NA,NA,NA,0,0,0,NA,NA,NA
"466","ENST00000396076.5","ENSG00000111716.14","OTTHUMG00000133760.5","OTTHUMT00000258220.2","LDHB-203","LDHB",1538,"protein_coding",591,385,0.966638327,"TGACT",0.755844156,NA,NA,NA,NA,NA,NA,NA,NA,NA,0,0,0,NA,NA,NA
"467","ENST00000396777.8","ENSG00000132254.13","OTTHUMG00000133406.6","OTTHUMT00000257263.2","ARFIP2-202","ARFIP2",1763,"protein_coding",1613,20,0.937601984,"GGACT",0.55,NA,NA,NA,NA,NA,NA,NA,NA,NA,0,0,0,NA,NA,NA
"468","ENST00000397011.2","ENSG00000106263.19","OTTHUMG00000022839.6","OTTHUMT00000059160.1","EIF3B-202","EIF3B",2966,"protein_coding",2583,232,0.970369637,"GGACT",0.771551724,NA,NA,NA,NA,NA,NA,NA,NA,NA,0,0,0,NA,NA,NA
"469","ENST00000397124.5","ENSG00000167965.18","OTTHUMG00000128827.6","OTTHUMT00000250765.2","MLST8-203","MLST8",1691,"protein_coding",1326,27,0.96801722,"GGACT",0.666666667,NA,NA,NA,NA,NA,NA,NA,NA,NA,0,0,0,NA,NA,NA
"470","ENST00000397133.2","ENSG00000127774.7","OTTHUMG00000180187.2","OTTHUMT00000450159.1","EMC6-202","EMC6",762,"protein_coding",616,182,0.952748537,"GGACT",0.615384615,NA,NA,NA,NA,NA,NA,NA,NA,NA,0,0,0,NA,NA,NA
"471","ENST00000397225.2","ENSG00000128309.17","OTTHUMG00000150543.2","OTTHUMT00000318832.1","MPST-202","MPST",2116,"protein_coding",1820,21,0.906796873,"GGACA",0.523809524,NA,NA,NA,NA,NA,NA,NA,NA,NA,0,0,0,NA,NA,NA
"472","ENST00000397420.9","ENSG00000177697.19","OTTHUMG00000133311.10","OTTHUMT00000494210.3","CD151-202","CD151",1545,"protein_coding",631,104,0.951678336,"GGACT",0.663461538,NA,NA,NA,NA,NA,NA,NA,NA,NA,0,0,0,NA,NA,NA
"473","ENST00000397421.5","ENSG00000177697.19","OTTHUMG00000133311.10","-","CD151-203","CD151",1486,"protein_coding",569,103,0.952595949,"GGACT",0.660194175,NA,NA,NA,NA,NA,NA,NA,NA,NA,0,0,0,NA,NA,NA
"474","ENST00000397511.6","ENSG00000124783.14","OTTHUMG00000014202.6","OTTHUMT00000353161.1","SSR1-202","SSR1",3248,"protein_coding",1072,26,0.92510438,"GGACT",0.692307692,NA,NA,NA,NA,NA,NA,NA,NA,NA,0,0,0,NA,NA,NA
"475","ENST00000397514.8","ENSG00000103275.22","OTTHUMG00000186701.4","OTTHUMT00000109068.5","UBE2I-203","UBE2I",2850,"protein_coding",267,20,0.930966735,"GAACT",0.65,NA,NA,NA,NA,NA,NA,NA,NA,NA,0,0,0,NA,NA,NA
"476","ENST00000397887.7","ENSG00000183255.12","OTTHUMG00000090254.2","OTTHUMT00000206557.1","PTTG1IP-203","PTTG1IP",2413,"protein_coding",2086,75,0.924177229,"GGACT",0.706666667,NA,NA,NA,NA,NA,NA,NA,NA,NA,0,0,0,NA,NA,NA
"477","ENST00000398030.8","ENSG00000100823.12","OTTHUMG00000029544.7","OTTHUMT00000411060.1","APEX1-202","APEX1",1387,"protein_coding",972,134,0.972724855,"GGACT",0.873134328,NA,NA,NA,NA,NA,NA,NA,NA,NA,0,0,0,NA,NA,NA
"478","ENST00000399336.9","ENSG00000103226.19","OTTHUMG00000177317.23","OTTHUMT00000409528.24","NOMO3-202","NOMO3",4320,"protein_coding",4014,43,0.983423948,"GGACC",0.720930233,NA,NA,NA,NA,NA,NA,NA,NA,NA,0,0,0,NA,NA,NA
"479","ENST00000399696.3","ENSG00000186184.20","OTTHUMG00000016635.10","OTTHUMT00000484473.2","POLR1D-202","POLR1D",668,"protein_coding",422,164,0.947312474,"GGACT",0.652439024,NA,NA,NA,NA,NA,NA,NA,NA,NA,0,0,0,NA,NA,NA
"480","ENST00000399696.3","ENSG00000186184.20","OTTHUMG00000016635.10","OTTHUMT00000484473.2","POLR1D-202","POLR1D",668,"protein_coding",490,105,0.980510771,"GAACT",0.8,NA,NA,NA,NA,NA,NA,NA,NA,NA,0,0,0,NA,NA,NA
"481","ENST00000400770.6","ENSG00000168393.13","OTTHUMG00000133409.4","OTTHUMT00000322959.1","DTYMK-202","DTYMK",1089,"nonsense_mediated_decay",274,65,0.941463232,"GAACT",0.676923077,NA,NA,NA,NA,NA,NA,NA,NA,NA,0,0,0,NA,NA,NA
"482","ENST00000401419.7","ENSG00000128309.17","OTTHUMG00000150543.2","OTTHUMT00000318828.1","MPST-203","MPST",1345,"protein_coding",1069,20,0.920785308,"GGACA",0.55,NA,NA,NA,NA,NA,NA,NA,NA,NA,0,0,0,NA,NA,NA
"483","ENST00000401543.2","ENSG00000219928.2","OTTHUMG00000020147.1","OTTHUMT00000052934.1","ENST00000401543","ENSG00000219928",174,"processed_pseudogene",169,151,0.976796746,"GGACT",0.715231788,NA,NA,NA,NA,NA,NA,NA,NA,NA,0,0,0,NA,NA,NA
"484","ENST00000401724.1","ENSG00000131668.14","OTTHUMG00000020255.6","OTTHUMT00000053165.3","BARX1-202","BARX1",1323,"protein_coding",944,26,0.961625934,"GGACA",0.615384615,NA,NA,NA,NA,NA,NA,NA,NA,NA,0,0,0,NA,NA,NA
"485","ENST00000401959.6","ENSG00000100138.15","OTTHUMG00000151189.9","OTTHUMT00000321681.2","SNU13-202","SNU13",1458,"protein_coding",1298,21,0.969880879,"GGACT",0.857142857,NA,NA,NA,NA,NA,NA,NA,NA,NA,0,0,0,NA,NA,NA
"486","ENST00000402029.3","ENSG00000128626.12","OTTHUMG00000182692.2","OTTHUMT00000463156.1","MRPS12-202","MRPS12",929,"protein_coding",845,222,0.904859722,"GGACC",0.545045045,NA,NA,NA,NA,NA,NA,NA,NA,NA,0,0,0,NA,NA,NA
"487","ENST00000402096.5","ENSG00000168397.17","OTTHUMG00000151514.17","OTTHUMT00000322971.1","ATG4B-204","ATG4B",1685,"protein_coding",1460,22,0.981781006,"GGACT",0.863636364,NA,NA,NA,NA,NA,NA,NA,NA,NA,0,0,0,NA,NA,NA
"488","ENST00000402364.1","ENSG00000151835.17","OTTHUMG00000016562.6","OTTHUMT00000044150.3","SACS-202","SACS",15134,"protein_coding",14082,20,0.907348454,"GAACT",0.45,NA,NA,NA,NA,NA,NA,NA,NA,NA,0,0,0,NA,NA,NA
"489","ENST00000402718.4","ENSG00000170619.10","OTTHUMG00000165251.6","OTTHUMT00000382960.2","COMMD5-202","COMMD5",1305,"protein_coding",592,20,0.955395579,"TGACT",0.8,NA,NA,NA,NA,NA,NA,NA,NA,NA,0,0,0,NA,NA,NA
"490","ENST00000402718.4","ENSG00000170619.10","OTTHUMG00000165251.6","OTTHUMT00000382960.2","COMMD5-202","COMMD5",1305,"protein_coding",802,22,0.955545545,"GGACT",0.727272727,NA,NA,NA,NA,NA,NA,NA,NA,NA,0,0,0,NA,NA,NA
"491","ENST00000403433.5","ENSG00000160679.14","OTTHUMG00000037052.2","OTTHUMT00000089968.1","CHTOP-205","CHTOP",1923,"protein_coding",1009,20,0.926635504,"GGACT",0.65,NA,NA,NA,NA,NA,NA,NA,NA,NA,0,0,0,NA,NA,NA
"492","ENST00000403490.3","ENSG00000177971.9","OTTHUMG00000142840.3","-","IMP3-202","IMP3",1132,"protein_coding",522,26,0.950549662,"GGACT",0.769230769,NA,NA,NA,NA,NA,NA,NA,NA,NA,0,0,0,NA,NA,NA
"493","ENST00000403490.3","ENSG00000177971.9","OTTHUMG00000142840.3","-","IMP3-202","IMP3",1132,"protein_coding",540,22,0.920397341,"GGACT",0.590909091,NA,NA,NA,NA,NA,NA,NA,NA,NA,0,0,0,NA,NA,NA
"494","ENST00000403490.3","ENSG00000177971.9","OTTHUMG00000142840.3","-","IMP3-202","IMP3",1132,"protein_coding",801,52,0.909371793,"GAACT",0.538461538,NA,NA,NA,NA,NA,NA,NA,NA,NA,0,0,0,NA,NA,NA
"495","ENST00000403490.3","ENSG00000177971.9","OTTHUMG00000142840.3","-","IMP3-202","IMP3",1132,"protein_coding",807,27,0.964303613,"GGACT",0.814814815,NA,NA,NA,NA,NA,NA,NA,NA,NA,0,0,0,NA,NA,NA
"496","ENST00000403490.3","ENSG00000177971.9","OTTHUMG00000142840.3","-","IMP3-202","IMP3",1132,"protein_coding",825,29,0.982599974,"TGACT",0.862068966,NA,NA,NA,NA,NA,NA,NA,NA,NA,0,0,0,NA,NA,NA
"497","ENST00000403490.3","ENSG00000177971.9","OTTHUMG00000142840.3","-","IMP3-202","IMP3",1132,"protein_coding",964,52,0.954912603,"GGACT",0.730769231,NA,NA,NA,NA,NA,NA,NA,NA,NA,0,0,0,NA,NA,NA
"498","ENST00000404674.7","ENSG00000157778.9","OTTHUMG00000119043.3","OTTHUMT00000322724.1","PSMG3-203","PSMG3",774,"protein_coding",490,111,0.979260087,"GGACT",0.747747748,NA,NA,NA,NA,NA,NA,NA,NA,NA,0,0,0,NA,NA,NA
"499","ENST00000404674.7","ENSG00000157778.9","OTTHUMG00000119043.3","OTTHUMT00000322724.1","PSMG3-203","PSMG3",774,"protein_coding",560,124,0.950520277,"AGACT",0.758064516,NA,NA,NA,NA,NA,NA,NA,NA,NA,0,0,0,NA,NA,NA
"500","ENST00000404914.8","ENSG00000168397.17","OTTHUMG00000151514.17","OTTHUMT00000322967.4","ATG4B-205","ATG4B",2797,"protein_coding",1343,22,0.981154442,"GGACT",0.863636364,NA,NA,NA,NA,NA,NA,NA,NA,NA,0,0,0,NA,NA,NA
"501","ENST00000405486.5","ENSG00000100401.21","OTTHUMG00000150940.12","OTTHUMT00000320605.1","RANGAP1-202","RANGAP1",3469,"protein_coding",3384,32,0.906386673,"TGACT",0.625,NA,NA,NA,NA,NA,NA,NA,NA,NA,0,0,0,NA,NA,NA
"502","ENST00000405546.7","ENSG00000168397.17","OTTHUMG00000151514.17","OTTHUMT00000322966.5","ATG4B-206","ATG4B",3294,"protein_coding",1843,22,0.981921494,"GGACT",0.863636364,NA,NA,NA,NA,NA,NA,NA,NA,NA,0,0,0,NA,NA,NA
"503","ENST00000406452.8","ENSG00000176623.12","OTTHUMG00000163692.6","OTTHUMT00000374770.3","RMDN1-201","RMDN1",2970,"protein_coding",662,30,0.938925326,"GAACT",0.533333333,NA,NA,NA,NA,NA,NA,NA,NA,NA,0,0,0,NA,NA,NA
"504","ENST00000406890.6","ENSG00000105889.16","OTTHUMG00000193419.2","OTTHUMT00000326617.2","STEAP1B-202","STEAP1B",1193,"protein_coding",1013,31,0.975340307,"GGACT",0.64516129,NA,NA,NA,NA,NA,NA,NA,NA,NA,0,0,0,NA,NA,NA
"505","ENST00000407721.6","ENSG00000172893.18","OTTHUMG00000167346.3","OTTHUMT00000394242.1","DHCR7-202","DHCR7",2601,"protein_coding",1584,53,0.968354881,"GGACT",0.811320755,NA,NA,NA,NA,NA,NA,NA,NA,NA,0,0,0,NA,NA,NA
"506","ENST00000407721.6","ENSG00000172893.18","OTTHUMG00000167346.3","OTTHUMT00000394242.1","DHCR7-202","DHCR7",2601,"protein_coding",1752,86,0.901114881,"AAACT",0.5,NA,NA,NA,NA,NA,NA,NA,NA,NA,0,0,0,NA,NA,NA
"507","ENST00000407721.6","ENSG00000172893.18","OTTHUMG00000167346.3","OTTHUMT00000394242.1","DHCR7-202","DHCR7",2601,"protein_coding",2176,145,0.936698496,"GGACA",0.648275862,NA,NA,NA,NA,NA,NA,NA,NA,NA,0,0,0,NA,NA,NA
"508","ENST00000407721.6","ENSG00000172893.18","OTTHUMG00000167346.3","OTTHUMT00000394242.1","DHCR7-202","DHCR7",2601,"protein_coding",2376,132,0.917025983,"TGACT",0.454545455,NA,NA,NA,NA,NA,NA,NA,NA,NA,0,0,0,NA,NA,NA
"509","ENST00000408993.6","ENSG00000173933.21","OTTHUMG00000154171.7","OTTHUMT00000334211.2","RBM4-204","RBM4",1763,"protein_coding",1055,30,0.911626041,"AGACA",0.466666667,NA,NA,NA,NA,NA,NA,NA,NA,NA,0,0,0,NA,NA,NA
"510","ENST00000409293.6","ENSG00000228300.14","OTTHUMG00000153928.8","OTTHUMT00000333049.5","FAM174C-201","FAM174C",870,"protein_coding",729,210,0.953941524,"TGACT",0.652380952,NA,NA,NA,NA,NA,NA,NA,NA,NA,0,0,0,NA,NA,NA
"511","ENST00000409406.1","ENSG00000173933.21","OTTHUMG00000154171.7","OTTHUMT00000334212.1","RBM4-205","RBM4",2321,"protein_coding",1598,30,0.909567237,"AGACA",0.466666667,NA,NA,NA,NA,NA,NA,NA,NA,NA,0,0,0,NA,NA,NA
"512","ENST00000409433.2","ENSG00000141378.15","OTTHUMG00000154532.4","OTTHUMT00000335785.2","PTRH2-202","PTRH2",2246,"protein_coding",1795,52,0.984748542,"TGACT",0.826923077,NA,NA,NA,NA,NA,NA,NA,NA,NA,0,0,0,NA,NA,NA
"513","ENST00000409433.2","ENSG00000141378.15","OTTHUMG00000154532.4","OTTHUMT00000335785.2","PTRH2-202","PTRH2",2246,"protein_coding",1985,57,0.944684207,"GGACT",0.649122807,NA,NA,NA,NA,NA,NA,NA,NA,NA,0,0,0,NA,NA,NA
"514","ENST00000409433.2","ENSG00000141378.15","OTTHUMG00000154532.4","OTTHUMT00000335785.2","PTRH2-202","PTRH2",2246,"protein_coding",1989,57,0.998255312,"TGACT",0.894736842,NA,NA,NA,NA,NA,NA,NA,NA,NA,0,0,0,NA,NA,NA
"515","ENST00000409569.2","ENSG00000172965.17","OTTHUMG00000150313.58","OTTHUMT00000317532.1","MIR4435-2HG-203","MIR4435-2HG",514,"lncRNA",370,87,0.925620139,"GGACT",0.620689655,NA,NA,NA,NA,NA,NA,NA,NA,NA,0,0,0,NA,NA,NA
"516","ENST00000409753.8","ENSG00000189159.16","OTTHUMG00000154521.4","OTTHUMT00000335692.2","JPT1-203","JPT1",1434,"protein_coding",631,188,0.929265916,"GAACT",0.579787234,NA,NA,NA,NA,NA,NA,NA,NA,NA,0,0,0,NA,NA,NA
"517","ENST00000409836.3","ENSG00000136732.16","OTTHUMG00000131464.4","OTTHUMT00000330925.1","GYPC-203","GYPC",932,"protein_coding",582,54,0.903389633,"GGACT",0.444444444,NA,NA,NA,NA,NA,NA,NA,NA,NA,0,0,0,NA,NA,NA
"518","ENST00000409836.3","ENSG00000136732.16","OTTHUMG00000131464.4","OTTHUMT00000330925.1","GYPC-203","GYPC",932,"protein_coding",611,53,0.929869771,"GGACC",0.509433962,NA,NA,NA,NA,NA,NA,NA,NA,NA,0,0,0,NA,NA,NA
"519","ENST00000411529.6","ENSG00000170144.22","OTTHUMG00000132529.11","OTTHUMT00000333926.4","HNRNPA3-202","HNRNPA3",5688,"protein_coding",1310,34,0.906811416,"GGACT",0.647058824,NA,NA,NA,NA,NA,NA,NA,NA,NA,0,0,0,NA,NA,NA
"520","ENST00000412532.6","ENSG00000105281.12","OTTHUMG00000183434.3","OTTHUMT00000466634.1","SLC1A5-201","SLC1A5",1750,"protein_coding",1208,30,0.987962544,"GGACA",0.866666667,NA,NA,NA,NA,NA,NA,NA,NA,NA,0,0,0,NA,NA,NA
"521","ENST00000413518.6","ENSG00000142396.11","OTTHUMG00000150367.8","OTTHUMT00000317862.4","ERVK3-1-201","ERVK3-1",2560,"protein_coding",659,21,0.944992781,"AAACT",0.714285714,NA,NA,NA,NA,NA,NA,NA,NA,NA,0,0,0,NA,NA,NA
"522","ENST00000413844.3","ENSG00000066322.15","OTTHUMG00000007422.3","-","ELOVL1-202","ELOVL1",1451,"protein_coding",973,20,0.985363305,"GGACT",0.8,NA,NA,NA,NA,NA,NA,NA,NA,NA,0,0,0,NA,NA,NA
"523","ENST00000413844.3","ENSG00000066322.15","OTTHUMG00000007422.3","-","ELOVL1-202","ELOVL1",1451,"protein_coding",1044,49,0.955913424,"GGACT",0.755102041,NA,NA,NA,NA,NA,NA,NA,NA,NA,0,0,0,NA,NA,NA
"524","ENST00000413966.2","ENSG00000155660.11","OTTHUMG00000150248.4","OTTHUMT00000317078.2","PDIA4-202","PDIA4",2551,"protein_coding",2376,29,0.983081937,"TGACT",0.75862069,NA,NA,NA,NA,NA,NA,NA,NA,NA,0,0,0,NA,NA,NA
"525","ENST00000414011.1","ENSG00000159111.13","OTTHUMG00000156302.2","OTTHUMT00000343765.1","MRPL10-203","MRPL10",1622,"protein_coding",899,24,0.938797712,"GGACT",0.583333333,NA,NA,NA,NA,NA,NA,NA,NA,NA,0,0,0,NA,NA,NA
"526","ENST00000415259.5","ENSG00000164081.13","OTTHUMG00000156901.2","OTTHUMT00000346530.1","TEX264-204","TEX264",2290,"protein_coding",2215,20,0.954419911,"GGACT",0.55,NA,NA,NA,NA,NA,NA,NA,NA,NA,0,0,0,NA,NA,NA
"527","ENST00000415762.6","ENSG00000161179.14","OTTHUMG00000150822.2","OTTHUMT00000320214.1","YDJC-203","YDJC",1410,"nonsense_mediated_decay",1007,30,0.988437712,"GGACT",0.866666667,NA,NA,NA,NA,NA,NA,NA,NA,NA,0,0,0,NA,NA,NA
"528","ENST00000415826.3","ENSG00000176485.14","OTTHUMG00000167852.3","-","PLAAT3-203","PLAAT3",1075,"protein_coding",601,111,0.915213108,"AGACT",0.513513514,NA,NA,NA,NA,NA,NA,NA,NA,NA,0,0,0,NA,NA,NA
"529","ENST00000417736.2","ENSG00000176014.13","OTTHUMG00000131692.4","OTTHUMT00000452802.1","TUBB6-202","TUBB6",2163,"retained_intron",1893,133,0.909911036,"AGACT",0.714285714,NA,NA,NA,NA,NA,NA,NA,NA,NA,0,0,0,NA,NA,NA
"530","ENST00000417736.2","ENSG00000176014.13","OTTHUMG00000131692.4","OTTHUMT00000452802.1","TUBB6-202","TUBB6",2163,"retained_intron",1964,147,0.923682988,"GGACT",0.62585034,NA,NA,NA,NA,NA,NA,NA,NA,NA,0,0,0,NA,NA,NA
"531","ENST00000417736.2","ENSG00000176014.13","OTTHUMG00000131692.4","OTTHUMT00000452802.1","TUBB6-202","TUBB6",2163,"retained_intron",1976,153,0.938304484,"GAACT",0.562091503,NA,NA,NA,NA,NA,NA,NA,NA,NA,0,0,0,NA,NA,NA
"532","ENST00000417736.2","ENSG00000176014.13","OTTHUMG00000131692.4","OTTHUMT00000452802.1","TUBB6-202","TUBB6",2163,"retained_intron",2123,118,0.937630713,"GGACT",0.63559322,NA,NA,NA,NA,NA,NA,NA,NA,NA,0,0,0,NA,NA,NA
"533","ENST00000421103.5","ENSG00000169919.17","OTTHUMG00000023735.5","OTTHUMT00000344645.2","GUSB-202","GUSB",1742,"protein_coding",1625,90,0.963342965,"GGACT",0.811111111,NA,NA,NA,NA,NA,NA,NA,NA,NA,0,0,0,NA,NA,NA
"534","ENST00000421487.6","ENSG00000132676.16","OTTHUMG00000035439.6","OTTHUMT00000471572.1","DAP3-203","DAP3",1470,"protein_coding",1310,67,0.931598485,"GGACT",0.701492537,NA,NA,NA,NA,NA,NA,NA,NA,NA,0,0,0,NA,NA,NA
"535","ENST00000421763.5","ENSG00000159111.13","OTTHUMG00000156302.2","OTTHUMT00000343767.1","MRPL10-204","MRPL10",1576,"nonsense_mediated_decay",946,23,0.938847661,"GGACT",0.565217391,NA,NA,NA,NA,NA,NA,NA,NA,NA,0,0,0,NA,NA,NA
"536","ENST00000421974.7","ENSG00000171130.19","OTTHUMG00000158094.5","OTTHUMT00000350171.1","ATP6V0E2-201","ATP6V0E2",2605,"protein_coding",2359,21,0.93123728,"GGACT",0.714285714,NA,NA,NA,NA,NA,NA,NA,NA,NA,0,0,0,NA,NA,NA
"537","ENST00000422177.5","ENSG00000128581.17","OTTHUMG00000157136.4","OTTHUMT00000347573.1","IFT22-202","IFT22",1785,"nonsense_mediated_decay",659,20,0.966270268,"GGACT",0.7,NA,NA,NA,NA,NA,NA,NA,NA,NA,0,0,0,NA,NA,NA
"538","ENST00000422177.5","ENSG00000128581.17","OTTHUMG00000157136.4","OTTHUMT00000347573.1","IFT22-202","IFT22",1785,"nonsense_mediated_decay",941,21,0.913733304,"GGACT",0.619047619,NA,NA,NA,NA,NA,NA,NA,NA,NA,0,0,0,NA,NA,NA
"539","ENST00000425428.6","ENSG00000026508.21","OTTHUMG00000044388.10","OTTHUMT00000388928.1","CD44-207","CD44",1768,"nonsense_mediated_decay",610,21,0.989830315,"AGACA",0.952380952,NA,NA,NA,NA,NA,NA,NA,NA,NA,0,0,0,NA,NA,NA
"540","ENST00000425428.6","ENSG00000026508.21","OTTHUMG00000044388.10","OTTHUMT00000388928.1","CD44-207","CD44",1768,"nonsense_mediated_decay",1137,59,0.958978474,"GGACA",0.610169492,NA,NA,NA,NA,NA,NA,NA,NA,NA,0,0,0,NA,NA,NA
"541","ENST00000425642.3","ENSG00000171130.19","OTTHUMG00000158094.5","OTTHUMT00000470874.1","ATP6V0E2-202","ATP6V0E2",1723,"protein_coding",1471,21,0.929209411,"GGACT",0.714285714,NA,NA,NA,NA,NA,NA,NA,NA,NA,0,0,0,NA,NA,NA
"542","ENST00000425675.7","ENSG00000063241.8","OTTHUMG00000180830.3","OTTHUMT00000453179.2","ISOC2-202","ISOC2",1075,"protein_coding",929,64,0.977524281,"AGACT",0.8125,NA,NA,NA,NA,NA,NA,NA,NA,NA,0,0,0,NA,NA,NA
"543","ENST00000425762.2","ENSG00000100804.19","OTTHUMG00000028713.6","OTTHUMT00000413332.1","PSMB5-203","PSMB5",900,"protein_coding",769,296,0.936642468,"GGACA",0.513513514,NA,NA,NA,NA,NA,NA,NA,NA,NA,0,0,0,NA,NA,NA
"544","ENST00000426333.7","ENSG00000108883.13","OTTHUMG00000179865.4","OTTHUMT00000448672.2","EFTUD2-202","EFTUD2",4326,"protein_coding",3008,28,0.92615211,"GGACT",0.714285714,NA,NA,NA,NA,NA,NA,NA,NA,NA,0,0,0,NA,NA,NA
"545","ENST00000426595.1","ENSG00000249773.3","OTTHUMG00000160988.1","OTTHUMT00000363286.1","ENST00000426595","ENSG00000249773",1732,"protein_coding",1517,57,0.944862962,"GAACT",0.649122807,NA,NA,NA,NA,NA,NA,NA,NA,NA,0,0,0,NA,NA,NA
"546","ENST00000427123.5","ENSG00000115234.11","OTTHUMG00000097781.3","OTTHUMT00000324459.1","SNX17-202","SNX17",2007,"nonsense_mediated_decay",2001,26,0.913664579,"TGACT",0.615384615,NA,NA,NA,NA,NA,NA,NA,NA,NA,0,0,0,NA,NA,NA
"547","ENST00000429360.6","ENSG00000128309.17","OTTHUMG00000150543.2","-","MPST-206","MPST",1350,"protein_coding",1060,21,0.912685454,"GGACA",0.523809524,NA,NA,NA,NA,NA,NA,NA,NA,NA,0,0,0,NA,NA,NA
"548","ENST00000429895.5","ENSG00000142949.17","OTTHUMG00000007501.6","OTTHUMT00000309063.1","PTPRF-206","PTPRF",6312,"protein_coding",5966,55,0.926592946,"GGACT",0.6,NA,NA,NA,NA,NA,NA,NA,NA,NA,0,0,0,NA,NA,NA
"549","ENST00000430676.6","ENSG00000176623.12","OTTHUMG00000163692.6","OTTHUMT00000374837.1","RMDN1-202","RMDN1",1106,"protein_coding",561,28,0.953151882,"GAACT",0.571428571,NA,NA,NA,NA,NA,NA,NA,NA,NA,0,0,0,NA,NA,NA
"550","ENST00000430730.5","ENSG00000169919.17","OTTHUMG00000023735.5","OTTHUMT00000345091.1","GUSB-203","GUSB",1859,"nonsense_mediated_decay",1739,91,0.966700912,"GGACT",0.824175824,NA,NA,NA,NA,NA,NA,NA,NA,NA,0,0,0,NA,NA,NA
"551","ENST00000433271.6","ENSG00000106609.16","OTTHUMG00000129553.6","OTTHUMT00000346562.1","TMEM248-205","TMEM248",1610,"nonsense_mediated_decay",1103,20,0.994291067,"AGACA",0.95,NA,NA,NA,NA,NA,NA,NA,NA,NA,0,0,0,NA,NA,NA
"552","ENST00000433271.6","ENSG00000106609.16","OTTHUMG00000129553.6","OTTHUMT00000346562.1","TMEM248-205","TMEM248",1610,"nonsense_mediated_decay",1220,49,0.914856195,"GGACT",0.734693878,NA,NA,NA,NA,NA,NA,NA,NA,NA,0,0,0,NA,NA,NA
"553","ENST00000433892.6","ENSG00000026508.21","OTTHUMG00000044388.10","OTTHUMT00000388929.1","CD44-209","CD44",2292,"protein_coding",1661,20,0.974712014,"GGACA",0.75,NA,NA,NA,NA,NA,NA,NA,NA,NA,0,0,0,NA,NA,NA
"554","ENST00000434436.8","ENSG00000071655.18","OTTHUMG00000180081.9","OTTHUMT00000449658.5","MBD3-202","MBD3",5678,"protein_coding",2071,80,0.987238348,"GGACT",0.9125,NA,NA,NA,NA,NA,NA,NA,NA,NA,0,0,0,NA,NA,NA
"555","ENST00000434436.8","ENSG00000071655.18","OTTHUMG00000180081.9","OTTHUMT00000449658.5","MBD3-202","MBD3",5678,"protein_coding",2242,105,0.912256241,"GGACT",0.60952381,NA,NA,NA,NA,NA,NA,NA,NA,NA,0,0,0,NA,NA,NA
"556","ENST00000434436.8","ENSG00000071655.18","OTTHUMG00000180081.9","OTTHUMT00000449658.5","MBD3-202","MBD3",5678,"protein_coding",2272,118,0.973373294,"GGACT",0.822033898,NA,NA,NA,NA,NA,NA,NA,NA,NA,0,0,0,NA,NA,NA
"557","ENST00000434726.6","ENSG00000105281.12","OTTHUMG00000183434.3","OTTHUMT00000466631.1","SLC1A5-202","SLC1A5",1872,"protein_coding",1291,30,0.988045096,"GGACA",0.866666667,NA,NA,NA,NA,NA,NA,NA,NA,NA,0,0,0,NA,NA,NA
"558","ENST00000435169.1","ENSG00000226085.3","OTTHUMG00000151103.1","OTTHUMT00000321323.1","UQCRFS1P1-201","UQCRFS1P1",820,"processed_pseudogene",591,21,0.966419935,"GGACC",0.571428571,NA,NA,NA,NA,NA,NA,NA,NA,NA,0,0,0,NA,NA,NA
"559","ENST00000435506.7","ENSG00000141698.17","OTTHUMG00000133499.10","OTTHUMT00000257430.3","NT5C3B-203","NT5C3B",1408,"protein_coding",1160,120,0.923757911,"GGACC",0.55,NA,NA,NA,NA,NA,NA,NA,NA,NA,0,0,0,NA,NA,NA
"560","ENST00000438389.6","ENSG00000063241.8","OTTHUMG00000180830.3","OTTHUMT00000453177.1","ISOC2-203","ISOC2",1566,"protein_coding",1420,68,0.976225376,"AGACT",0.794117647,NA,NA,NA,NA,NA,NA,NA,NA,NA,0,0,0,NA,NA,NA
"561","ENST00000439605.2","ENSG00000144381.18","OTTHUMG00000154463.5","OTTHUMT00000335334.2","HSPD1-207","HSPD1",2510,"protein_coding",789,23,0.918438315,"GAACT",0.52173913,NA,NA,NA,NA,NA,NA,NA,NA,NA,0,0,0,NA,NA,NA
"562","ENST00000440428.5","ENSG00000262919.8","OTTHUMG00000024206.8","OTTHUMT00000060993.4","CCNQ-202","CCNQ",1164,"protein_coding",838,26,0.965163827,"GGACT",0.653846154,NA,NA,NA,NA,NA,NA,NA,NA,NA,0,0,0,NA,NA,NA
"563","ENST00000440428.5","ENSG00000262919.8","OTTHUMG00000024206.8","OTTHUMT00000060993.4","CCNQ-202","CCNQ",1164,"protein_coding",1070,25,0.965240359,"AGACT",0.52,NA,NA,NA,NA,NA,NA,NA,NA,NA,0,0,0,NA,NA,NA
"564","ENST00000440865.2","ENSG00000153187.21","OTTHUMG00000040396.17","OTTHUMT00000097164.4","HNRNPU-204","HNRNPU",3207,"protein_coding",2180,35,0.976550043,"GAACT",0.628571429,NA,NA,NA,NA,NA,NA,NA,NA,NA,0,0,0,NA,NA,NA
"565","ENST00000441250.6","ENSG00000149761.9","OTTHUMG00000167791.8","OTTHUMT00000396303.2","NUDT22-204","NUDT22",986,"protein_coding",511,25,0.957472861,"GGACC",0.4,NA,NA,NA,NA,NA,NA,NA,NA,NA,0,0,0,NA,NA,NA
"566","ENST00000441448.7","ENSG00000197498.13","OTTHUMG00000015368.3","OTTHUMT00000041813.3","RPF2-203","RPF2",3671,"protein_coding",994,21,0.919349134,"GAACT",0.666666667,NA,NA,NA,NA,NA,NA,NA,NA,NA,0,0,0,NA,NA,NA
"567","ENST00000441917.6","ENSG00000089053.13","OTTHUMG00000169157.4","OTTHUMT00000402579.1","ANAPC5-204","ANAPC5",2147,"protein_coding",2069,191,0.933186412,"GGACT",0.685863874,NA,NA,NA,NA,NA,NA,NA,NA,NA,0,0,0,NA,NA,NA
"568","ENST00000442592.3","ENSG00000108826.16","OTTHUMG00000162062.5","OTTHUMT00000367058.2","MRPL27-202","MRPL27",2441,"protein_coding",2358,26,0.926314592,"TGACT",0.653846154,NA,NA,NA,NA,NA,NA,NA,NA,NA,0,0,0,NA,NA,NA
"569","ENST00000442908.2","ENSG00000183444.10","OTTHUMG00000154186.2","OTTHUMT00000334303.2","OR7E38P-201","OR7E38P",985,"unprocessed_pseudogene",416,26,0.956721961,"TGACT",0.5,NA,NA,NA,NA,NA,NA,NA,NA,NA,0,0,0,NA,NA,NA
"570","ENST00000444376.7","ENSG00000153187.21","OTTHUMG00000040396.17","OTTHUMT00000097162.5","HNRNPU-205","HNRNPU",6827,"protein_coding",2691,33,0.981717288,"GAACT",0.666666667,NA,NA,NA,NA,NA,NA,NA,NA,NA,0,0,0,NA,NA,NA
"571","ENST00000445724.3","ENSG00000183255.12","OTTHUMG00000090254.2","-","PTTG1IP-204","PTTG1IP",2497,"protein_coding",2171,75,0.921689987,"GGACT",0.706666667,NA,NA,NA,NA,NA,NA,NA,NA,NA,0,0,0,NA,NA,NA
"572","ENST00000446936.6","ENSG00000169714.17","OTTHUMG00000159943.4","OTTHUMT00000390199.1","CNBP-203","CNBP",1623,"protein_coding",1619,28,0.94044435,"GGACT",0.428571429,NA,NA,NA,NA,NA,NA,NA,NA,NA,0,0,0,NA,NA,NA
"573","ENST00000447929.5","ENSG00000169919.17","OTTHUMG00000023735.5","OTTHUMT00000345090.1","GUSB-205","GUSB",1983,"nonsense_mediated_decay",1863,92,0.967002451,"GGACT",0.815217391,NA,NA,NA,NA,NA,NA,NA,NA,NA,0,0,0,NA,NA,NA
"574","ENST00000448116.7","ENSG00000160691.19","OTTHUMG00000037295.6","OTTHUMT00000090779.2","SHC1-210","SHC1",3481,"protein_coding",2938,25,0.931351066,"GAACT",0.6,NA,NA,NA,NA,NA,NA,NA,NA,NA,0,0,0,NA,NA,NA
"575","ENST00000448395.6","ENSG00000128944.14","OTTHUMG00000172454.3","OTTHUMT00000418637.1","KNSTRN-203","KNSTRN",1464,"protein_coding",1016,22,0.930380344,"AGACT",0.818181818,NA,NA,NA,NA,NA,NA,NA,NA,NA,0,0,0,NA,NA,NA
"576","ENST00000450361.2","ENSG00000170619.10","OTTHUMG00000165251.6","OTTHUMT00000382961.1","COMMD5-203","COMMD5",1573,"protein_coding",882,20,0.955212355,"TGACT",0.8,NA,NA,NA,NA,NA,NA,NA,NA,NA,0,0,0,NA,NA,NA
"577","ENST00000450361.2","ENSG00000170619.10","OTTHUMG00000165251.6","OTTHUMT00000382961.1","COMMD5-203","COMMD5",1573,"protein_coding",1092,22,0.955864012,"GGACT",0.727272727,NA,NA,NA,NA,NA,NA,NA,NA,NA,0,0,0,NA,NA,NA
"578","ENST00000451025.6","ENSG00000124688.14","OTTHUMG00000014747.2","OTTHUMT00000368050.1","MAD2L1BP-202","MAD2L1BP",1517,"protein_coding",1029,22,0.994893074,"TGACT",0.909090909,NA,NA,NA,NA,NA,NA,NA,NA,NA,0,0,0,NA,NA,NA
"579","ENST00000451025.6","ENSG00000124688.14","OTTHUMG00000014747.2","OTTHUMT00000368050.1","MAD2L1BP-202","MAD2L1BP",1517,"protein_coding",1306,33,0.974910021,"TGACT",0.878787879,NA,NA,NA,NA,NA,NA,NA,NA,NA,0,0,0,NA,NA,NA
"580","ENST00000451025.6","ENSG00000124688.14","OTTHUMG00000014747.2","OTTHUMT00000368050.1","MAD2L1BP-202","MAD2L1BP",1517,"protein_coding",1312,32,0.9623788,"TGACT",0.78125,NA,NA,NA,NA,NA,NA,NA,NA,NA,0,0,0,NA,NA,NA
"581","ENST00000451137.7","ENSG00000142871.18","OTTHUMG00000010577.2","OTTHUMT00000029187.2","CCN1-201","CCN1",2278,"protein_coding",1552,130,0.944853365,"GGACA",0.530769231,NA,NA,NA,NA,NA,NA,NA,NA,NA,0,0,0,NA,NA,NA
"582","ENST00000451311.7","ENSG00000205542.11","OTTHUMG00000021144.4","OTTHUMT00000055780.2","TMSB4X-204","TMSB4X",622,"protein_coding",324,29,0.948312163,"TGACT",0.413793103,NA,NA,NA,NA,NA,NA,NA,NA,NA,0,0,0,NA,NA,NA
"583","ENST00000451491.2","ENSG00000184281.15","OTTHUMG00000009895.8","-","TSSC4-207","TSSC4",1423,"protein_coding",1151,22,0.90361011,"GGACC",0.272727273,NA,NA,NA,NA,NA,NA,NA,NA,NA,0,0,0,NA,NA,NA
"584","ENST00000451728.6","ENSG00000169714.17","OTTHUMG00000159943.4","OTTHUMT00000390198.1","CNBP-204","CNBP",1641,"protein_coding",1637,28,0.945939302,"GGACT",0.428571429,NA,NA,NA,NA,NA,NA,NA,NA,NA,0,0,0,NA,NA,NA
"585","ENST00000452368.7","ENSG00000167526.14","OTTHUMG00000133770.8","OTTHUMT00000426174.1","RPL13-204","RPL13",1455,"protein_coding",684,247,0.907729328,"AGACA",0.611336032,NA,NA,NA,NA,NA,NA,NA,NA,NA,0,0,0,NA,NA,NA
"586","ENST00000453453.1","ENSG00000115234.11","OTTHUMG00000097781.3","OTTHUMT00000324461.1","SNX17-204","SNX17",1638,"nonsense_mediated_decay",1627,23,0.91296643,"TGACT",0.608695652,NA,NA,NA,NA,NA,NA,NA,NA,NA,0,0,0,NA,NA,NA
"587","ENST00000453551.6","ENSG00000179950.15","OTTHUMG00000165155.3","OTTHUMT00000382223.1","PUF60-203","PUF60",1842,"protein_coding",1591,100,0.988188863,"AGACT",0.87,148,143,1551,1,148,149,1698,1699,1841,0,1,0,NA,0.93036750483559,NA
"588","ENST00000453551.6","ENSG00000179950.15","OTTHUMG00000165155.3","OTTHUMT00000382223.1","PUF60-203","PUF60",1842,"protein_coding",1718,68,0.983309209,"GGACT",0.705882353,148,143,1551,1,148,149,1698,1699,1841,0,0,1,NA,NA,0.132867132867133
"589","ENST00000455915.6","ENSG00000100401.21","OTTHUMG00000150940.12","OTTHUMT00000320606.1","RANGAP1-207","RANGAP1",4222,"protein_coding",4141,32,0.905896068,"TGACT",0.625,1470,988,1764,1,1470,1471,3233,3234,4221,0,0,1,NA,NA,0.918016194331984
"590","ENST00000455918.2","ENSG00000156508.19","OTTHUMG00000015031.7","OTTHUMT00000041212.4","EEF1A1-206","EEF1A1",2079,"protein_coding",1847,2689,0.908916712,"GAACT",0.60691707,NA,NA,NA,NA,NA,NA,NA,NA,NA,0,0,0,NA,NA,NA
"591","ENST00000455918.2","ENSG00000156508.19","OTTHUMG00000015031.7","OTTHUMT00000041212.4","EEF1A1-206","EEF1A1",2079,"protein_coding",1888,2548,0.924942136,"AGACT",0.540031397,NA,NA,NA,NA,NA,NA,NA,NA,NA,0,0,0,NA,NA,NA
"592","ENST00000456095.6","ENSG00000179950.15","OTTHUMG00000165155.3","OTTHUMT00000382225.1","PUF60-204","PUF60",1736,"protein_coding",1485,96,0.986539125,"AGACT",0.864583333,NA,NA,NA,NA,NA,NA,NA,NA,NA,0,0,0,NA,NA,NA
"593","ENST00000456095.6","ENSG00000179950.15","OTTHUMG00000165155.3","OTTHUMT00000382225.1","PUF60-204","PUF60",1736,"protein_coding",1612,65,0.979773343,"GGACT",0.692307692,NA,NA,NA,NA,NA,NA,NA,NA,NA,0,0,0,NA,NA,NA
"594","ENST00000456496.7","ENSG00000171130.19","OTTHUMG00000158094.5","OTTHUMT00000350172.1","ATP6V0E2-203","ATP6V0E2",2722,"protein_coding",2472,21,0.930497646,"GGACT",0.714285714,NA,NA,NA,NA,NA,NA,NA,NA,NA,0,0,0,NA,NA,NA
"595","ENST00000458134.7","ENSG00000103415.12","OTTHUMG00000129473.4","OTTHUMT00000438510.1","HMOX2-205","HMOX2",1797,"protein_coding",1233,21,0.986069381,"GGACT",0.857142857,NA,NA,NA,NA,NA,NA,NA,NA,NA,0,0,0,NA,NA,NA
"596","ENST00000458578.6","ENSG00000185651.16","OTTHUMG00000150823.2","-","UBE2L3-202","UBE2L3",3007,"protein_coding",716,133,0.97991991,"GGACT",0.721804511,NA,NA,NA,NA,NA,NA,NA,NA,NA,0,0,0,NA,NA,NA
"597","ENST00000460601.5","ENSG00000101158.15","OTTHUMG00000032861.8","OTTHUMT00000079905.5","NELFCD-201","NELFCD",2137,"nonsense_mediated_decay",1959,23,0.971882463,"GGACA",0.434782609,NA,NA,NA,NA,NA,NA,NA,NA,NA,0,0,0,NA,NA,NA
"598","ENST00000460766.5","ENSG00000136718.10","OTTHUMG00000131627.4","OTTHUMT00000332757.1","IMP4-208","IMP4",2379,"retained_intron",1148,116,0.901102543,"GAACT",0.612068966,NA,NA,NA,NA,NA,NA,NA,NA,NA,0,0,0,NA,NA,NA
"599","ENST00000462880.1","ENSG00000143553.11","OTTHUMG00000037086.2","OTTHUMT00000090037.1","SNAPIN-202","SNAPIN",922,"protein_coding_CDS_not_defined",409,25,0.929269433,"GGACT",0.56,NA,NA,NA,NA,NA,NA,NA,NA,NA,0,0,0,NA,NA,NA
"600","ENST00000462880.1","ENSG00000143553.11","OTTHUMG00000037086.2","OTTHUMT00000090037.1","SNAPIN-202","SNAPIN",922,"protein_coding_CDS_not_defined",474,24,0.916243136,"AGACA",0.625,NA,NA,NA,NA,NA,NA,NA,NA,NA,0,0,0,NA,NA,NA
"601","ENST00000462948.6","ENSG00000122140.13","OTTHUMG00000020910.4","OTTHUMT00000055001.1","MRPS2-204","MRPS2",1714,"nonsense_mediated_decay",1424,27,0.918891132,"GGACC",0.518518519,NA,NA,NA,NA,NA,NA,NA,NA,NA,0,0,0,NA,NA,NA
"602","ENST00000464254.1","ENSG00000226525.5","OTTHUMG00000016546.1","OTTHUMT00000044132.1","RPS7P10-201","RPS7P10",603,"processed_pseudogene",594,85,0.928371847,"TGACT",0.482352941,NA,NA,NA,NA,NA,NA,NA,NA,NA,0,0,0,NA,NA,NA
"603","ENST00000464781.5","ENSG00000147274.14","OTTHUMG00000022517.2","OTTHUMT00000058508.2","RBMX-204","RBMX",1852,"nonsense_mediated_decay",1237,50,0.907760799,"GGACT",0.58,NA,NA,NA,NA,NA,NA,NA,NA,NA,0,0,0,NA,NA,NA
"604","ENST00000465670.1","ENSG00000106263.19","OTTHUMG00000022839.6","OTTHUMT00000322939.1","EIF3B-207","EIF3B",2766,"retained_intron",2388,69,0.957329929,"GGACT",0.710144928,NA,NA,NA,NA,NA,NA,NA,NA,NA,0,0,0,NA,NA,NA
"605","ENST00000466883.5","ENSG00000169919.17","OTTHUMG00000023735.5","OTTHUMT00000344648.1","GUSB-209","GUSB",2555,"retained_intron",2425,62,0.969468594,"GGACT",0.838709677,NA,NA,NA,NA,NA,NA,NA,NA,NA,0,0,0,NA,NA,NA
"606","ENST00000467004.5","ENSG00000146574.16","OTTHUMG00000152441.3","OTTHUMT00000324364.1","CCZ1B-206","CCZ1B",2867,"retained_intron",2665,72,0.931667089,"GGACT",0.666666667,NA,NA,NA,NA,NA,NA,NA,NA,NA,0,0,0,NA,NA,NA
"607","ENST00000467558.5","ENSG00000106009.16","OTTHUMG00000119091.5","OTTHUMT00000325027.1","BRAT1-203","BRAT1",4440,"retained_intron",4283,22,0.962196708,"GGACC",0.727272727,NA,NA,NA,NA,NA,NA,NA,NA,NA,0,0,0,NA,NA,NA
"608","ENST00000468084.1","ENSG00000197982.14","OTTHUMG00000004319.7","OTTHUMT00000012946.2","C1orf122-204","C1orf122",1234,"protein_coding",912,51,0.929543197,"GGACT",0.705882353,NA,NA,NA,NA,NA,NA,NA,NA,NA,0,0,0,NA,NA,NA
"609","ENST00000468093.5","ENSG00000155366.17","OTTHUMG00000011905.6","OTTHUMT00000033239.2","RHOC-212","RHOC",1042,"nonsense_mediated_decay",837,94,0.931022584,"GGACT",0.574468085,NA,NA,NA,NA,NA,NA,NA,NA,NA,0,0,0,NA,NA,NA
"610","ENST00000468611.5","ENSG00000106263.19","OTTHUMG00000022839.6","OTTHUMT00000322938.1","EIF3B-210","EIF3B",1868,"retained_intron",1490,162,0.961153567,"GGACT",0.740740741,NA,NA,NA,NA,NA,NA,NA,NA,NA,0,0,0,NA,NA,NA
"611","ENST00000469144.5","ENSG00000228300.14","OTTHUMG00000153928.8","OTTHUMT00000333051.3","FAM174C-202","FAM174C",668,"protein_coding",511,131,0.941128433,"TGACT",0.58778626,NA,NA,NA,NA,NA,NA,NA,NA,NA,0,0,0,NA,NA,NA
"612","ENST00000469698.5","ENSG00000141698.17","OTTHUMG00000133499.10","OTTHUMT00000257426.1","NT5C3B-206","NT5C3B",1573,"retained_intron",1449,113,0.930699706,"GGACC",0.557522124,NA,NA,NA,NA,NA,NA,NA,NA,NA,0,0,0,NA,NA,NA
"613","ENST00000469750.5","ENSG00000106009.16","OTTHUMG00000119091.5","OTTHUMT00000325026.1","BRAT1-204","BRAT1",5226,"retained_intron",5069,46,0.910091817,"GGACC",0.52173913,NA,NA,NA,NA,NA,NA,NA,NA,NA,0,0,0,NA,NA,NA
"614","ENST00000470180.2","ENSG00000143612.21","OTTHUMG00000035981.5","OTTHUMT00000087669.2","C1orf43-207","C1orf43",1861,"nonsense_mediated_decay",1126,21,0.980308354,"GGACT",0.714285714,NA,NA,NA,NA,NA,NA,NA,NA,NA,0,0,0,NA,NA,NA
"615","ENST00000470557.2","ENSG00000141378.15","OTTHUMG00000154532.4","OTTHUMT00000448482.1","PTRH2-203","PTRH2",4114,"protein_coding",3667,33,0.991356075,"TGACT",0.848484848,NA,NA,NA,NA,NA,NA,NA,NA,NA,0,0,0,NA,NA,NA
"616","ENST00000470557.2","ENSG00000141378.15","OTTHUMG00000154532.4","OTTHUMT00000448482.1","PTRH2-203","PTRH2",4114,"protein_coding",3857,57,0.945125043,"GGACT",0.649122807,NA,NA,NA,NA,NA,NA,NA,NA,NA,0,0,0,NA,NA,NA
"617","ENST00000470557.2","ENSG00000141378.15","OTTHUMG00000154532.4","OTTHUMT00000448482.1","PTRH2-203","PTRH2",4114,"protein_coding",3861,56,0.998207271,"TGACT",0.892857143,NA,NA,NA,NA,NA,NA,NA,NA,NA,0,0,0,NA,NA,NA
"618","ENST00000470690.5","ENSG00000141698.17","OTTHUMG00000133499.10","OTTHUMT00000257427.1","NT5C3B-207","NT5C3B",1729,"retained_intron",1651,99,0.924969137,"GGACC",0.535353535,NA,NA,NA,NA,NA,NA,NA,NA,NA,0,0,0,NA,NA,NA
"619","ENST00000470924.5","ENSG00000189159.16","OTTHUMG00000154521.4","OTTHUMT00000335702.2","JPT1-205","JPT1",663,"protein_coding",498,116,0.924902558,"GAACT",0.551724138,NA,NA,NA,NA,NA,NA,NA,NA,NA,0,0,0,NA,NA,NA
"620","ENST00000471642.6","ENSG00000132676.16","OTTHUMG00000035439.6","OTTHUMT00000086045.2","DAP3-214","DAP3",1671,"protein_coding",1511,67,0.927951396,"GGACT",0.701492537,NA,NA,NA,NA,NA,NA,NA,NA,NA,0,0,0,NA,NA,NA
"621","ENST00000471877.5","ENSG00000171130.19","OTTHUMG00000158094.5","OTTHUMT00000350174.2","ATP6V0E2-206","ATP6V0E2",1766,"nonsense_mediated_decay",1513,21,0.928378105,"GGACT",0.714285714,NA,NA,NA,NA,NA,NA,NA,NA,NA,0,0,0,NA,NA,NA
"622","ENST00000472354.1","ENSG00000167526.14","OTTHUMG00000133770.8","OTTHUMT00000258300.2","RPL13-206","RPL13",631,"protein_coding",374,70,0.933308303,"AGACA",0.657142857,NA,NA,NA,NA,NA,NA,NA,NA,NA,0,0,0,NA,NA,NA
"623","ENST00000472467.1","ENSG00000163479.14","OTTHUMG00000017456.4","OTTHUMT00000046174.1","SSR2-205","SSR2",1833,"retained_intron",1677,298,0.936440885,"AGACT",0.496644295,NA,NA,NA,NA,NA,NA,NA,NA,NA,0,0,0,NA,NA,NA
"624","ENST00000472467.1","ENSG00000163479.14","OTTHUMG00000017456.4","OTTHUMT00000046174.1","SSR2-205","SSR2",1833,"retained_intron",1750,284,0.993270397,"GGACT",0.883802817,NA,NA,NA,NA,NA,NA,NA,NA,NA,0,0,0,NA,NA,NA
"625","ENST00000472852.2","ENSG00000122140.13","OTTHUMG00000020910.4","OTTHUMT00000055002.1","MRPS2-205","MRPS2",1656,"nonsense_mediated_decay",1366,25,0.935075641,"GGACC",0.52,NA,NA,NA,NA,NA,NA,NA,NA,NA,0,0,0,NA,NA,NA
"626","ENST00000474507.1","ENSG00000122674.12","OTTHUMG00000155502.2","OTTHUMT00000340392.1","CCZ1-203","CCZ1",2867,"retained_intron",2665,72,0.927654445,"GGACT",0.666666667,NA,NA,NA,NA,NA,NA,NA,NA,NA,0,0,0,NA,NA,NA
"627","ENST00000475415.5","ENSG00000106263.19","OTTHUMG00000022839.6","OTTHUMT00000322937.1","EIF3B-211","EIF3B",3745,"retained_intron",3367,181,0.965529859,"GGACT",0.751381215,NA,NA,NA,NA,NA,NA,NA,NA,NA,0,0,0,NA,NA,NA
"628","ENST00000476258.5","ENSG00000189159.16","OTTHUMG00000154521.4","OTTHUMT00000335696.2","JPT1-206","JPT1",2289,"protein_coding",1486,123,0.922871709,"GAACT",0.577235772,NA,NA,NA,NA,NA,NA,NA,NA,NA,0,0,0,NA,NA,NA
"629","ENST00000476552.1","ENSG00000243147.8","OTTHUMG00000097795.3","OTTHUMT00000324566.1","MRPL33-205","MRPL33",587,"protein_coding_CDS_not_defined",550,81,0.902364969,"GGACA",0.37037037,NA,NA,NA,NA,NA,NA,NA,NA,NA,0,0,0,NA,NA,NA
"630","ENST00000477279.1","ENSG00000055950.17","OTTHUMG00000018920.3","OTTHUMT00000049910.2","MRPL43-211","MRPL43",903,"protein_coding",685,22,0.908922911,"AGACT",0.590909091,NA,NA,NA,NA,NA,NA,NA,NA,NA,0,0,0,NA,NA,NA
"631","ENST00000477902.6","ENSG00000148824.19","OTTHUMG00000166564.4","OTTHUMT00000051170.2","MTG1-205","MTG1",1283,"protein_coding",1173,20,0.944239855,"GGACA",0.55,NA,NA,NA,NA,NA,NA,NA,NA,NA,0,0,0,NA,NA,NA
"632","ENST00000478753.5","ENSG00000179918.19","OTTHUMG00000176988.12","OTTHUMT00000109640.14","SEPHS2-201","SEPHS2",2244,"protein_coding",1518,21,0.993069351,"GGACC",0.952380952,NA,NA,NA,NA,NA,NA,NA,NA,NA,0,0,0,NA,NA,NA
"633","ENST00000478753.5","ENSG00000179918.19","OTTHUMG00000176988.12","OTTHUMT00000109640.14","SEPHS2-201","SEPHS2",2244,"protein_coding",1686,62,0.94796741,"GAACT",0.693548387,NA,NA,NA,NA,NA,NA,NA,NA,NA,0,0,0,NA,NA,NA
"634","ENST00000478753.5","ENSG00000179918.19","OTTHUMG00000176988.12","OTTHUMT00000109640.14","SEPHS2-201","SEPHS2",2244,"protein_coding",1898,56,0.911602557,"GGACC",0.553571429,NA,NA,NA,NA,NA,NA,NA,NA,NA,0,0,0,NA,NA,NA
"635","ENST00000479613.5","ENSG00000171130.19","OTTHUMG00000158094.5","OTTHUMT00000350173.1","ATP6V0E2-207","ATP6V0E2",1666,"protein_coding",1420,21,0.933574438,"GGACT",0.714285714,NA,NA,NA,NA,NA,NA,NA,NA,NA,0,0,0,NA,NA,NA
"636","ENST00000480176.5","ENSG00000163479.14","OTTHUMG00000017456.4","OTTHUMT00000046175.1","SSR2-209","SSR2",1040,"retained_intron",964,100,0.944827974,"AGACT",0.55,NA,NA,NA,NA,NA,NA,NA,NA,NA,0,0,0,NA,NA,NA
"637","ENST00000480384.1","ENSG00000204386.12","OTTHUMG00000031284.5","OTTHUMT00000268460.1","NEU1-207","NEU1",2214,"retained_intron",1712,21,0.961843431,"GGACT",0.761904762,NA,NA,NA,NA,NA,NA,NA,NA,NA,0,0,0,NA,NA,NA
"638","ENST00000480484.5","ENSG00000140365.16","OTTHUMG00000142823.6","OTTHUMT00000286415.3","COMMD4-203","COMMD4",3225,"nonsense_mediated_decay",727,78,0.913309455,"GGACT",0.487179487,NA,NA,NA,NA,NA,NA,NA,NA,NA,0,0,0,NA,NA,NA
"639","ENST00000480759.1","ENSG00000125971.18","OTTHUMG00000032302.2","OTTHUMT00000078790.1","DYNLRB1-204","DYNLRB1",1053,"nonsense_mediated_decay",794,21,0.929929495,"GGACT",0.476190476,NA,NA,NA,NA,NA,NA,NA,NA,NA,0,0,0,NA,NA,NA
"640","ENST00000481647.5","ENSG00000189159.16","OTTHUMG00000154521.4","OTTHUMT00000335701.2","JPT1-208","JPT1",576,"protein_coding",517,63,0.919008255,"GAACT",0.555555556,NA,NA,NA,NA,NA,NA,NA,NA,NA,0,0,0,NA,NA,NA
"641","ENST00000482348.5","ENSG00000189159.16","OTTHUMG00000154521.4","OTTHUMT00000335697.2","JPT1-209","JPT1",1614,"protein_coding",849,122,0.93145436,"GAACT",0.56557377,NA,NA,NA,NA,NA,NA,NA,NA,NA,0,0,0,NA,NA,NA
"642","ENST00000482463.5","ENSG00000115944.15","OTTHUMG00000128605.9","OTTHUMT00000325855.1","COX7A2L-207","COX7A2L",1918,"protein_coding_CDS_not_defined",1221,71,0.944681644,"GGACT",0.605633803,NA,NA,NA,NA,NA,NA,NA,NA,NA,0,0,0,NA,NA,NA
"643","ENST00000483992.5","ENSG00000243147.8","OTTHUMG00000097795.3","OTTHUMT00000324565.1","MRPL33-206","MRPL33",729,"protein_coding_CDS_not_defined",658,24,0.985180557,"GGACA",0.458333333,NA,NA,NA,NA,NA,NA,NA,NA,NA,0,0,0,NA,NA,NA
"644","ENST00000484320.6","ENSG00000163479.14","OTTHUMG00000017456.4","OTTHUMT00000046177.2","SSR2-211","SSR2",1148,"retained_intron",1050,219,0.948390305,"AGACT",0.502283105,NA,NA,NA,NA,NA,NA,NA,NA,NA,0,0,0,NA,NA,NA
"645","ENST00000484320.6","ENSG00000163479.14","OTTHUMG00000017456.4","OTTHUMT00000046177.2","SSR2-211","SSR2",1148,"retained_intron",1123,200,0.991218746,"GGACT",0.86,NA,NA,NA,NA,NA,NA,NA,NA,NA,0,0,0,NA,NA,NA
"646","ENST00000485191.5","ENSG00000228300.14","OTTHUMG00000153928.8","OTTHUMT00000333052.1","FAM174C-203","FAM174C",1675,"retained_intron",1518,132,0.941138029,"TGACT",0.590909091,NA,NA,NA,NA,NA,NA,NA,NA,NA,0,0,0,NA,NA,NA
"647","ENST00000485332.7","ENSG00000178605.14","OTTHUMG00000022694.3","OTTHUMT00000467781.1","GTPBP6-202","GTPBP6",2016,"retained_intron",1766,20,0.980730832,"GGACA",0.65,NA,NA,NA,NA,NA,NA,NA,NA,NA,0,0,0,NA,NA,NA
"648","ENST00000485333.6","ENSG00000122140.13","OTTHUMG00000020910.4","OTTHUMT00000055000.1","MRPS2-207","MRPS2",1654,"nonsense_mediated_decay",1364,24,0.939214706,"GGACC",0.541666667,NA,NA,NA,NA,NA,NA,NA,NA,NA,0,0,0,NA,NA,NA
"649","ENST00000486645.5","ENSG00000103121.9","OTTHUMG00000137625.6","OTTHUMT00000269048.2","CMC2-202","CMC2",766,"protein_coding",518,27,0.992050171,"AGACT",0.851851852,NA,NA,NA,NA,NA,NA,NA,NA,NA,0,0,0,NA,NA,NA
"650","ENST00000487416.7","ENSG00000214046.9","OTTHUMG00000149895.3","OTTHUMT00000313801.2","SMIM7-208","SMIM7",1360,"protein_coding",624,24,0.932479262,"GGACA",0.583333333,NA,NA,NA,NA,NA,NA,NA,NA,NA,0,0,0,NA,NA,NA
"651","ENST00000487659.1","ENSG00000242485.6","OTTHUMG00000002916.4","OTTHUMT00000008140.2","MRPL20-204","MRPL20",1693,"retained_intron",1525,21,0.975667655,"GGACT",0.714285714,NA,NA,NA,NA,NA,NA,NA,NA,NA,0,0,0,NA,NA,NA
"652","ENST00000487803.5","ENSG00000214046.9","OTTHUMG00000149895.3","OTTHUMT00000313802.2","SMIM7-209","SMIM7",2190,"nonsense_mediated_decay",967,20,0.942259789,"GGACA",0.6,NA,NA,NA,NA,NA,NA,NA,NA,NA,0,0,0,NA,NA,NA
"653","ENST00000488050.1","ENSG00000165283.16","OTTHUMG00000019851.4","OTTHUMT00000052274.3","STOML2-204","STOML2",904,"nonsense_mediated_decay",522,20,0.933569133,"TGACT",0.8,NA,NA,NA,NA,NA,NA,NA,NA,NA,0,0,0,NA,NA,NA
"654","ENST00000488179.6","ENSG00000163479.14","OTTHUMG00000017456.4","OTTHUMT00000046183.2","SSR2-212","SSR2",1712,"retained_intron",1569,291,0.927704513,"AGACT",0.487972509,NA,NA,NA,NA,NA,NA,NA,NA,NA,0,0,0,NA,NA,NA
"655","ENST00000488179.6","ENSG00000163479.14","OTTHUMG00000017456.4","OTTHUMT00000046183.2","SSR2-212","SSR2",1712,"retained_intron",1642,278,0.991920888,"GGACT",0.874100719,NA,NA,NA,NA,NA,NA,NA,NA,NA,0,0,0,NA,NA,NA
"656","ENST00000488500.2","ENSG00000156508.19","OTTHUMG00000015031.7","OTTHUMT00000128720.1","EEF1A1-207","EEF1A1",1825,"retained_intron",1634,2286,0.904973626,"AGACT",0.513560805,NA,NA,NA,NA,NA,NA,NA,NA,NA,0,0,0,NA,NA,NA
"657","ENST00000488610.6","ENSG00000122140.13","OTTHUMG00000020910.4","OTTHUMT00000054999.1","MRPS2-208","MRPS2",1709,"nonsense_mediated_decay",1419,24,0.93876183,"GGACC",0.541666667,NA,NA,NA,NA,NA,NA,NA,NA,NA,0,0,0,NA,NA,NA
"658","ENST00000488633.2","ENSG00000144021.3","OTTHUMG00000130452.3","OTTHUMT00000252843.2","CIAO1-203","CIAO1",3968,"protein_coding",1162,48,0.992279232,"GGACA",0.875,NA,NA,NA,NA,NA,NA,NA,NA,NA,0,0,0,NA,NA,NA
"659","ENST00000488633.2","ENSG00000144021.3","OTTHUMG00000130452.3","OTTHUMT00000252843.2","CIAO1-203","CIAO1",3968,"protein_coding",1197,59,0.928839743,"AGACT",0.728813559,NA,NA,NA,NA,NA,NA,NA,NA,NA,0,0,0,NA,NA,NA
"660","ENST00000491404.2","ENSG00000156508.19","OTTHUMG00000015031.7","-","EEF1A1-209","EEF1A1",2109,"retained_intron",1918,2188,0.900893092,"AGACT",0.519195612,NA,NA,NA,NA,NA,NA,NA,NA,NA,0,0,0,NA,NA,NA
"661","ENST00000491768.5","ENSG00000204386.12","OTTHUMG00000031284.5","OTTHUMT00000268458.2","NEU1-208","NEU1",1875,"nonsense_mediated_decay",1244,78,0.963995218,"GGACT",0.717948718,NA,NA,NA,NA,NA,NA,NA,NA,NA,0,0,0,NA,NA,NA
"662","ENST00000491768.5","ENSG00000204386.12","OTTHUMG00000031284.5","OTTHUMT00000268458.2","NEU1-208","NEU1",1875,"nonsense_mediated_decay",1298,38,0.987360656,"AGACA",0.842105263,NA,NA,NA,NA,NA,NA,NA,NA,NA,0,0,0,NA,NA,NA
"663","ENST00000491768.5","ENSG00000204386.12","OTTHUMG00000031284.5","OTTHUMT00000268458.2","NEU1-208","NEU1",1875,"nonsense_mediated_decay",1373,95,0.977366924,"GGACT",0.768421053,NA,NA,NA,NA,NA,NA,NA,NA,NA,0,0,0,NA,NA,NA
"664","ENST00000492239.5","ENSG00000267673.7","OTTHUMG00000141299.4","OTTHUMT00000325276.2","FDX2-206","FDX2",773,"protein_coding",738,20,0.982073665,"GGACT",0.9,NA,NA,NA,NA,NA,NA,NA,NA,NA,0,0,0,NA,NA,NA
"665","ENST00000492721.5","ENSG00000101084.19","OTTHUMG00000032384.4","OTTHUMT00000079011.3","RAB5IF-206","RAB5IF",1044,"nonsense_mediated_decay",426,27,0.983856857,"TGACT",0.62962963,NA,NA,NA,NA,NA,NA,NA,NA,NA,0,0,0,NA,NA,NA
"666","ENST00000493287.5","ENSG00000242485.6","OTTHUMG00000002916.4","OTTHUMT00000008144.1","MRPL20-206","MRPL20",504,"protein_coding_CDS_not_defined",336,21,0.975686431,"GGACT",0.714285714,NA,NA,NA,NA,NA,NA,NA,NA,NA,0,0,0,NA,NA,NA
"667","ENST00000493471.2","ENSG00000100804.19","OTTHUMG00000028713.6","OTTHUMT00000071697.2","PSMB5-205","PSMB5",1117,"protein_coding",942,520,0.959708512,"GGACA",0.553846154,NA,NA,NA,NA,NA,NA,NA,NA,NA,0,0,0,NA,NA,NA
"668","ENST00000495270.1","ENSG00000136908.18","OTTHUMG00000020725.2","OTTHUMT00000054325.2","DPM2-205","DPM2",1662,"retained_intron",1388,77,0.933009803,"GGACT",0.688311688,NA,NA,NA,NA,NA,NA,NA,NA,NA,0,0,0,NA,NA,NA
"669","ENST00000495333.6","ENSG00000156508.19","OTTHUMG00000015031.7","OTTHUMT00000041211.2","EEF1A1-210","EEF1A1",1849,"retained_intron",1660,2004,0.901766241,"AGACT",0.526447106,NA,NA,NA,NA,NA,NA,NA,NA,NA,0,0,0,NA,NA,NA
"670","ENST00000495807.1","ENSG00000204386.12","OTTHUMG00000031284.5","OTTHUMT00000268461.1","NEU1-209","NEU1",4616,"retained_intron",2592,24,0.966860712,"GGACT",0.75,NA,NA,NA,NA,NA,NA,NA,NA,NA,0,0,0,NA,NA,NA
"671","ENST00000495807.1","ENSG00000204386.12","OTTHUMG00000031284.5","OTTHUMT00000268461.1","NEU1-209","NEU1",4616,"retained_intron",2646,27,0.978465199,"AGACA",0.740740741,NA,NA,NA,NA,NA,NA,NA,NA,NA,0,0,0,NA,NA,NA
"672","ENST00000495807.1","ENSG00000204386.12","OTTHUMG00000031284.5","OTTHUMT00000268461.1","NEU1-209","NEU1",4616,"retained_intron",2721,33,0.987350583,"GGACT",0.848484848,NA,NA,NA,NA,NA,NA,NA,NA,NA,0,0,0,NA,NA,NA
"673","ENST00000496447.5","ENSG00000142949.17","OTTHUMG00000007501.6","OTTHUMT00000019717.1","PTPRF-215","PTPRF",5887,"protein_coding_CDS_not_defined",5529,55,0.927426815,"GGACT",0.6,NA,NA,NA,NA,NA,NA,NA,NA,NA,0,0,0,NA,NA,NA
"674","ENST00000496722.1","ENSG00000185651.16","OTTHUMG00000150823.2","OTTHUMT00000320220.2","UBE2L3-203","UBE2L3",3451,"retained_intron",1160,133,0.979980111,"GGACT",0.721804511,NA,NA,NA,NA,NA,NA,NA,NA,NA,0,0,0,NA,NA,NA
"675","ENST00000496742.5","ENSG00000163479.14","OTTHUMG00000017456.4","OTTHUMT00000046178.2","SSR2-213","SSR2",825,"protein_coding",725,193,0.94523257,"AGACT",0.497409326,NA,NA,NA,NA,NA,NA,NA,NA,NA,0,0,0,NA,NA,NA
"676","ENST00000496742.5","ENSG00000163479.14","OTTHUMG00000017456.4","OTTHUMT00000046178.2","SSR2-213","SSR2",825,"protein_coding",798,184,0.990893126,"GGACT",0.880434783,NA,NA,NA,NA,NA,NA,NA,NA,NA,0,0,0,NA,NA,NA
"677","ENST00000498704.6","ENSG00000128581.17","OTTHUMG00000157136.4","OTTHUMT00000347571.2","IFT22-209","IFT22",917,"protein_coding",552,21,0.971682549,"GGACT",0.714285714,NA,NA,NA,NA,NA,NA,NA,NA,NA,0,0,0,NA,NA,NA
"678","ENST00000498704.6","ENSG00000128581.17","OTTHUMG00000157136.4","OTTHUMT00000347571.2","IFT22-209","IFT22",917,"protein_coding",834,22,0.906677186,"GGACT",0.590909091,NA,NA,NA,NA,NA,NA,NA,NA,NA,0,0,0,NA,NA,NA
"679","ENST00000498815.1","ENSG00000137154.13","OTTHUMG00000019642.3","OTTHUMT00000051862.1","RPS6-205","RPS6",480,"protein_coding_CDS_not_defined",473,326,0.906199813,"AGACT",0.401840491,NA,NA,NA,NA,NA,NA,NA,NA,NA,0,0,0,NA,NA,NA
"680","ENST00000499810.6","ENSG00000120705.13","OTTHUMG00000129199.6","OTTHUMT00000373726.1","ETF1-202","ETF1",3874,"protein_coding",1777,51,0.937726855,"GAACT",0.431372549,NA,NA,NA,NA,NA,NA,NA,NA,NA,0,0,0,NA,NA,NA
"681","ENST00000499810.6","ENSG00000120705.13","OTTHUMG00000129199.6","OTTHUMT00000373726.1","ETF1-202","ETF1",3874,"protein_coding",1901,56,0.966272235,"GGACT",0.821428571,NA,NA,NA,NA,NA,NA,NA,NA,NA,0,0,0,NA,NA,NA
"682","ENST00000502346.2","ENSG00000174695.10","OTTHUMG00000162570.3","OTTHUMT00000369631.3","TMEM167A-201","TMEM167A",4528,"protein_coding",341,20,0.925269067,"GGACT",0.55,NA,NA,NA,NA,NA,NA,NA,NA,NA,0,0,0,NA,NA,NA
"683","ENST00000503042.5","ENSG00000049656.14","OTTHUMG00000131015.5","OTTHUMT00000365906.1","CLPTM1L-202","CLPTM1L",3540,"retained_intron",3154,33,0.944053471,"GGACA",0.666666667,NA,NA,NA,NA,NA,NA,NA,NA,NA,0,0,0,NA,NA,NA
"684","ENST00000503042.5","ENSG00000049656.14","OTTHUMG00000131015.5","OTTHUMT00000365906.1","CLPTM1L-202","CLPTM1L",3540,"retained_intron",3441,57,0.949924409,"GGACT",0.824561404,NA,NA,NA,NA,NA,NA,NA,NA,NA,0,0,0,NA,NA,NA
"685","ENST00000503633.5","ENSG00000108826.16","OTTHUMG00000162062.5","OTTHUMT00000367059.2","MRPL27-203","MRPL27",742,"protein_coding",659,163,0.910606086,"TGACT",0.693251534,NA,NA,NA,NA,NA,NA,NA,NA,NA,0,0,0,NA,NA,NA
"686","ENST00000504156.7","ENSG00000170445.16","OTTHUMG00000129502.12","OTTHUMT00000251673.5","HARS1-207","HARS1",1948,"protein_coding",1628,21,0.996109962,"GGACT",0.857142857,NA,NA,NA,NA,NA,NA,NA,NA,NA,0,0,0,NA,NA,NA
"687","ENST00000505459.6","ENSG00000153037.15","OTTHUMG00000186064.6","OTTHUMT00000250737.4","SRP19-206","SRP19",2776,"protein_coding",632,113,0.953145266,"GAACT",0.646017699,NA,NA,NA,NA,NA,NA,NA,NA,NA,0,0,0,NA,NA,NA
"688","ENST00000505459.6","ENSG00000153037.15","OTTHUMG00000186064.6","OTTHUMT00000250737.4","SRP19-206","SRP19",2776,"protein_coding",787,111,0.939286053,"GGACT",0.711711712,NA,NA,NA,NA,NA,NA,NA,NA,NA,0,0,0,NA,NA,NA
"689","ENST00000506469.5","ENSG00000137207.12","OTTHUMG00000014738.6","OTTHUMT00000358714.1","YIPF3-213","YIPF3",1444,"protein_coding",1271,21,0.974946082,"GGACA",0.619047619,NA,NA,NA,NA,NA,NA,NA,NA,NA,0,0,0,NA,NA,NA
"690","ENST00000507088.5","ENSG00000108826.16","OTTHUMG00000162062.5","OTTHUMT00000367127.1","MRPL27-204","MRPL27",732,"protein_coding",638,164,0.914284885,"TGACT",0.695121951,NA,NA,NA,NA,NA,NA,NA,NA,NA,0,0,0,NA,NA,NA
"691","ENST00000507807.3","ENSG00000049656.14","OTTHUMG00000131015.5","OTTHUMT00000365905.1","CLPTM1L-209","CLPTM1L",1740,"protein_coding",1239,84,0.946039915,"GGACA",0.69047619,NA,NA,NA,NA,NA,NA,NA,NA,NA,0,0,0,NA,NA,NA
"692","ENST00000507807.3","ENSG00000049656.14","OTTHUMG00000131015.5","OTTHUMT00000365905.1","CLPTM1L-209","CLPTM1L",1740,"protein_coding",1526,104,0.962976217,"GGACT",0.836538462,NA,NA,NA,NA,NA,NA,NA,NA,NA,0,0,0,NA,NA,NA
"693","ENST00000508200.5","ENSG00000108826.16","OTTHUMG00000162062.5","OTTHUMT00000367130.2","MRPL27-205","MRPL27",636,"protein_coding",550,163,0.909363389,"TGACT",0.693251534,NA,NA,NA,NA,NA,NA,NA,NA,NA,0,0,0,NA,NA,NA
"694","ENST00000509534.5","ENSG00000120725.13","OTTHUMG00000129226.4","OTTHUMT00000373063.1","SIL1-213","SIL1",1714,"protein_coding",1634,21,0.977629781,"GGACT",0.80952381,NA,NA,NA,NA,NA,NA,NA,NA,NA,0,0,0,NA,NA,NA
"695","ENST00000509534.5","ENSG00000120725.13","OTTHUMG00000129226.4","OTTHUMT00000373063.1","SIL1-213","SIL1",1714,"protein_coding",1639,20,0.986798286,"GGACT",0.95,NA,NA,NA,NA,NA,NA,NA,NA,NA,0,0,0,NA,NA,NA
"696","ENST00000510102.5","ENSG00000137207.12","OTTHUMG00000014738.6","OTTHUMT00000040637.2","YIPF3-214","YIPF3",1639,"nonsense_mediated_decay",1378,47,0.968237042,"GGACA",0.531914894,NA,NA,NA,NA,NA,NA,NA,NA,NA,0,0,0,NA,NA,NA
"697","ENST00000511450.5","ENSG00000174695.10","OTTHUMG00000162570.3","OTTHUMT00000369632.1","TMEM167A-206","TMEM167A",3353,"protein_coding_CDS_not_defined",382,20,0.924016595,"GGACT",0.55,NA,NA,NA,NA,NA,NA,NA,NA,NA,0,0,0,NA,NA,NA
"698","ENST00000511832.6","ENSG00000167085.14","OTTHUMG00000134271.10","OTTHUMT00000364811.2","PHB1-210","PHB1",1847,"protein_coding",1567,22,0.995627224,"GGACT",0.954545455,NA,NA,NA,NA,NA,NA,NA,NA,NA,0,0,0,NA,NA,NA
"699","ENST00000511832.6","ENSG00000167085.14","OTTHUMG00000134271.10","OTTHUMT00000364811.2","PHB1-210","PHB1",1847,"protein_coding",1754,24,0.928416371,"AGACT",0.5,NA,NA,NA,NA,NA,NA,NA,NA,NA,0,0,0,NA,NA,NA
"700","ENST00000511860.1","ENSG00000108826.16","OTTHUMG00000162062.5","OTTHUMT00000367128.1","MRPL27-206","MRPL27",869,"protein_coding",806,161,0.910450578,"TGACT",0.695652174,NA,NA,NA,NA,NA,NA,NA,NA,NA,0,0,0,NA,NA,NA
"701","ENST00000515768.6","ENSG00000113712.19","OTTHUMG00000163463.7","OTTHUMT00000504780.1","CSNK1A1-207","CSNK1A1",2570,"protein_coding",1632,28,0.927940905,"GAACT",0.357142857,NA,NA,NA,NA,NA,NA,NA,NA,NA,0,0,0,NA,NA,NA
"702","ENST00000517481.5","ENSG00000128581.17","OTTHUMG00000157136.4","OTTHUMT00000379661.1","IFT22-210","IFT22",1657,"protein_coding",714,21,0.973377049,"GGACT",0.714285714,NA,NA,NA,NA,NA,NA,NA,NA,NA,0,0,0,NA,NA,NA
"703","ENST00000517481.5","ENSG00000128581.17","OTTHUMG00000157136.4","OTTHUMT00000379661.1","IFT22-210","IFT22",1657,"protein_coding",996,22,0.900181055,"GGACT",0.590909091,NA,NA,NA,NA,NA,NA,NA,NA,NA,0,0,0,NA,NA,NA
"704","ENST00000517701.5","ENSG00000141698.17","OTTHUMG00000133499.10","OTTHUMT00000380434.1","NT5C3B-213","NT5C3B",1028,"retained_intron",904,105,0.927871048,"GGACC",0.552380952,NA,NA,NA,NA,NA,NA,NA,NA,NA,0,0,0,NA,NA,NA
"705","ENST00000519374.6","ENSG00000113732.9","OTTHUMG00000130518.4","OTTHUMT00000252935.3","ATP6V0E1-203","ATP6V0E1",1419,"protein_coding",560,189,0.952946544,"GAACT",0.666666667,NA,NA,NA,NA,NA,NA,NA,NA,NA,0,0,0,NA,NA,NA
"706","ENST00000519387.1","ENSG00000160886.13","OTTHUMG00000164720.3","OTTHUMT00000379957.2","LY6K-203","LY6K",963,"protein_coding",201,26,0.965332925,"GAACC",0.730769231,NA,NA,NA,NA,NA,NA,NA,NA,NA,0,0,0,NA,NA,NA
"707","ENST00000519387.1","ENSG00000160886.13","OTTHUMG00000164720.3","OTTHUMT00000379957.2","LY6K-203","LY6K",963,"protein_coding",888,145,0.918734252,"GGACT",0.593103448,NA,NA,NA,NA,NA,NA,NA,NA,NA,0,0,0,NA,NA,NA
"708","ENST00000519911.5","ENSG00000113732.9","OTTHUMG00000130518.4","OTTHUMT00000372562.1","ATP6V0E1-204","ATP6V0E1",718,"protein_coding",420,76,0.951232076,"GAACT",0.697368421,NA,NA,NA,NA,NA,NA,NA,NA,NA,0,0,0,NA,NA,NA
"709","ENST00000519966.5","ENSG00000176623.12","OTTHUMG00000163692.6","OTTHUMT00000374835.1","RMDN1-212","RMDN1",1164,"protein_coding",567,25,0.95011729,"GAACT",0.56,NA,NA,NA,NA,NA,NA,NA,NA,NA,0,0,0,NA,NA,NA
"710","ENST00000523903.5","ENSG00000141698.17","OTTHUMG00000133499.10","OTTHUMT00000257423.1","NT5C3B-216","NT5C3B",1534,"retained_intron",1410,122,0.923724353,"GGACC",0.540983607,NA,NA,NA,NA,NA,NA,NA,NA,NA,0,0,0,NA,NA,NA
"711","ENST00000524624.5","ENSG00000104529.19","OTTHUMG00000165191.23","OTTHUMT00000386946.1","EEF1D-207","EEF1D",1084,"protein_coding",1080,23,0.953114271,"AGACT",0.391304348,NA,NA,NA,NA,NA,NA,NA,NA,NA,0,0,0,NA,NA,NA
"712","ENST00000524846.5","ENSG00000104518.11","OTTHUMG00000165132.8","OTTHUMT00000382051.2","GSDMD-202","GSDMD",3462,"retained_intron",3285,25,0.909763992,"GGACT",0.64,NA,NA,NA,NA,NA,NA,NA,NA,NA,0,0,0,NA,NA,NA
"713","ENST00000525346.6","ENSG00000172893.18","OTTHUMG00000167346.3","OTTHUMT00000394251.2","DHCR7-204","DHCR7",2603,"protein_coding",1593,60,0.976617813,"GGACT",0.883333333,NA,NA,NA,NA,NA,NA,NA,NA,NA,0,0,0,NA,NA,NA
"714","ENST00000525346.6","ENSG00000172893.18","OTTHUMG00000167346.3","OTTHUMT00000394251.2","DHCR7-204","DHCR7",2603,"protein_coding",1761,63,0.94774282,"AAACT",0.619047619,NA,NA,NA,NA,NA,NA,NA,NA,NA,0,0,0,NA,NA,NA
"715","ENST00000525346.6","ENSG00000172893.18","OTTHUMG00000167346.3","OTTHUMT00000394251.2","DHCR7-204","DHCR7",2603,"protein_coding",2185,129,0.930520236,"GGACA",0.643410853,NA,NA,NA,NA,NA,NA,NA,NA,NA,0,0,0,NA,NA,NA
"716","ENST00000526110.5","ENSG00000109971.14","OTTHUMG00000166030.2","OTTHUMT00000387523.1","HSPA8-207","HSPA8",1924,"protein_coding",861,82,0.936462879,"GAACT",0.585365854,NA,NA,NA,NA,NA,NA,NA,NA,NA,0,0,0,NA,NA,NA
"717","ENST00000526683.6","ENSG00000179950.15","OTTHUMG00000165155.3","OTTHUMT00000382222.2","PUF60-208","PUF60",1868,"protein_coding",1584,103,0.988442063,"AGACT",0.873786408,NA,NA,NA,NA,NA,NA,NA,NA,NA,0,0,0,NA,NA,NA
"718","ENST00000526683.6","ENSG00000179950.15","OTTHUMG00000165155.3","OTTHUMT00000382222.2","PUF60-208","PUF60",1868,"protein_coding",1711,67,0.984711289,"GGACT",0.71641791,NA,NA,NA,NA,NA,NA,NA,NA,NA,0,0,0,NA,NA,NA
"719","ENST00000526780.6","ENSG00000172893.18","OTTHUMG00000167346.3","OTTHUMT00000394250.2","DHCR7-205","DHCR7",2850,"protein_coding",1840,24,0.979453027,"GGACT",0.791666667,NA,NA,NA,NA,NA,NA,NA,NA,NA,0,0,0,NA,NA,NA
"720","ENST00000526780.6","ENSG00000172893.18","OTTHUMG00000167346.3","OTTHUMT00000394250.2","DHCR7-205","DHCR7",2850,"protein_coding",2008,29,0.966839373,"AAACT",0.689655172,NA,NA,NA,NA,NA,NA,NA,NA,NA,0,0,0,NA,NA,NA
"721","ENST00000526780.6","ENSG00000172893.18","OTTHUMG00000167346.3","OTTHUMT00000394250.2","DHCR7-205","DHCR7",2850,"protein_coding",2432,100,0.936188877,"GGACA",0.65,NA,NA,NA,NA,NA,NA,NA,NA,NA,0,0,0,NA,NA,NA
"722","ENST00000526780.6","ENSG00000172893.18","OTTHUMG00000167346.3","OTTHUMT00000394250.2","DHCR7-205","DHCR7",2850,"protein_coding",2632,94,0.926671863,"TGACT",0.468085106,NA,NA,NA,NA,NA,NA,NA,NA,NA,0,0,0,NA,NA,NA
"723","ENST00000527109.5","ENSG00000140988.16","OTTHUMG00000128708.6","OTTHUMT00000387767.1","RPS2-205","RPS2",1030,"retained_intron",504,75,0.956998229,"GGACC",0.666666667,NA,NA,NA,NA,NA,NA,NA,NA,NA,0,0,0,NA,NA,NA
"724","ENST00000528011.2","ENSG00000177697.19","OTTHUMG00000133311.10","OTTHUMT00000383118.2","CD151-213","CD151",1425,"protein_coding",550,89,0.942445934,"GGACT",0.651685393,NA,NA,NA,NA,NA,NA,NA,NA,NA,0,0,0,NA,NA,NA
"725","ENST00000528655.5","ENSG00000148926.10","OTTHUMG00000165907.2","OTTHUMT00000387008.1","ADM-206","ADM",1889,"protein_coding",1564,23,0.975323081,"GAACT",0.652173913,NA,NA,NA,NA,NA,NA,NA,NA,NA,0,0,0,NA,NA,NA
"726","ENST00000529008.5","ENSG00000163479.14","OTTHUMG00000017456.4","OTTHUMT00000392292.1","SSR2-215","SSR2",849,"protein_coding",730,237,0.919795752,"AGACT",0.46835443,NA,NA,NA,NA,NA,NA,NA,NA,NA,0,0,0,NA,NA,NA
"727","ENST00000529008.5","ENSG00000163479.14","OTTHUMG00000017456.4","OTTHUMT00000392292.1","SSR2-215","SSR2",849,"protein_coding",803,216,0.99014616,"GGACT",0.865740741,NA,NA,NA,NA,NA,NA,NA,NA,NA,0,0,0,NA,NA,NA
"728","ENST00000529901.1","ENSG00000137492.9","OTTHUMG00000165280.2","OTTHUMT00000383187.1","THAP12-204","THAP12",6795,"retained_intron",6337,23,0.962949395,"GGACA",0.739130435,NA,NA,NA,NA,NA,NA,NA,NA,NA,0,0,0,NA,NA,NA
"729","ENST00000529901.1","ENSG00000137492.9","OTTHUMG00000165280.2","OTTHUMT00000383187.1","THAP12-204","THAP12",6795,"retained_intron",6415,32,0.93487978,"GAACT",0.5625,NA,NA,NA,NA,NA,NA,NA,NA,NA,0,0,0,NA,NA,NA
"730","ENST00000529958.1","ENSG00000158042.9","OTTHUMG00000165505.3","OTTHUMT00000384546.1","MRPL17-202","MRPL17",1002,"retained_intron",937,76,0.94427067,"GGACA",0.684210526,NA,NA,NA,NA,NA,NA,NA,NA,NA,0,0,0,NA,NA,NA
"731","ENST00000530028.3","ENSG00000255302.5","OTTHUMG00000165911.3","OTTHUMT00000387033.3","EID1-201","EID1",2040,"protein_coding",1028,50,0.988242865,"GGACA",0.52,NA,NA,NA,NA,NA,NA,NA,NA,NA,0,0,0,NA,NA,NA
"732","ENST00000530028.3","ENSG00000255302.5","OTTHUMG00000165911.3","OTTHUMT00000387033.3","EID1-201","EID1",2040,"protein_coding",1052,52,0.984293878,"GGACT",0.884615385,NA,NA,NA,NA,NA,NA,NA,NA,NA,0,0,0,NA,NA,NA
"733","ENST00000530167.2","ENSG00000188486.4","OTTHUMG00000166196.4","OTTHUMT00000388330.2","H2AX-202","H2AX",1592,"protein_coding",1261,56,0.941879332,"TGACT",0.75,NA,NA,NA,NA,NA,NA,NA,NA,NA,0,0,0,NA,NA,NA
"734","ENST00000530167.2","ENSG00000188486.4","OTTHUMG00000166196.4","OTTHUMT00000388330.2","H2AX-202","H2AX",1592,"protein_coding",1330,50,0.913035691,"GGACA",0.6,NA,NA,NA,NA,NA,NA,NA,NA,NA,0,0,0,NA,NA,NA
"735","ENST00000530167.2","ENSG00000188486.4","OTTHUMG00000166196.4","OTTHUMT00000388330.2","H2AX-202","H2AX",1592,"protein_coding",1472,110,0.952828586,"GGACT",0.845454545,NA,NA,NA,NA,NA,NA,NA,NA,NA,0,0,0,NA,NA,NA
"736","ENST00000530705.6","ENSG00000133112.17","OTTHUMG00000016845.7","OTTHUMT00000044758.4","TPT1-212","TPT1",4548,"protein_coding",972,186,0.904136837,"GGACT",0.677419355,NA,NA,NA,NA,NA,NA,NA,NA,NA,0,0,0,NA,NA,NA
"737","ENST00000530726.5","ENSG00000177697.19","OTTHUMG00000133311.10","OTTHUMT00000383112.1","CD151-218","CD151",1407,"nonsense_mediated_decay",570,50,0.966753602,"GGACT",0.6,NA,NA,NA,NA,NA,NA,NA,NA,NA,0,0,0,NA,NA,NA
"738","ENST00000530908.5","ENSG00000159228.13","OTTHUMG00000086618.3","OTTHUMT00000383517.1","CBR1-205","CBR1",1924,"protein_coding",1603,64,0.969201148,"GGACA",0.765625,NA,NA,NA,NA,NA,NA,NA,NA,NA,0,0,0,NA,NA,NA
"739","ENST00000531323.1","ENSG00000204922.5","OTTHUMG00000167546.4","OTTHUMT00000394992.2","UQCC3-202","UQCC3",2288,"protein_coding",992,82,0.990701437,"GGACT",0.865853659,NA,NA,NA,NA,NA,NA,NA,NA,NA,0,0,0,NA,NA,NA
"740","ENST00000531323.1","ENSG00000204922.5","OTTHUMG00000167546.4","OTTHUMT00000394992.2","UQCC3-202","UQCC3",2288,"protein_coding",996,54,0.931328952,"TGACT",0.703703704,NA,NA,NA,NA,NA,NA,NA,NA,NA,0,0,0,NA,NA,NA
"741","ENST00000531323.1","ENSG00000204922.5","OTTHUMG00000167546.4","OTTHUMT00000394992.2","UQCC3-202","UQCC3",2288,"protein_coding",1052,111,0.94611311,"GAACT",0.576576577,NA,NA,NA,NA,NA,NA,NA,NA,NA,0,0,0,NA,NA,NA
"742","ENST00000532074.5","ENSG00000163479.14","OTTHUMG00000017456.4","OTTHUMT00000392293.1","SSR2-218","SSR2",1008,"retained_intron",918,268,0.958653331,"AGACT",0.582089552,NA,NA,NA,NA,NA,NA,NA,NA,NA,0,0,0,NA,NA,NA
"743","ENST00000532074.5","ENSG00000163479.14","OTTHUMG00000017456.4","OTTHUMT00000392293.1","SSR2-218","SSR2",1008,"retained_intron",991,241,0.99331069,"GGACT",0.904564315,NA,NA,NA,NA,NA,NA,NA,NA,NA,0,0,0,NA,NA,NA
"744","ENST00000532091.1","ENSG00000109971.14","OTTHUMG00000166030.2","OTTHUMT00000387520.1","HSPA8-215","HSPA8",2301,"retained_intron",820,47,0.916547477,"GAACT",0.531914894,NA,NA,NA,NA,NA,NA,NA,NA,NA,0,0,0,NA,NA,NA
"745","ENST00000532636.5","ENSG00000109971.14","OTTHUMG00000166030.2","OTTHUMT00000387515.1","HSPA8-218","HSPA8",2306,"protein_coding",1031,193,0.900273979,"GAACT",0.507772021,NA,NA,NA,NA,NA,NA,NA,NA,NA,0,0,0,NA,NA,NA
"746","ENST00000533729.1","ENSG00000213465.8","OTTHUMG00000165728.2","OTTHUMT00000385967.1","ARL2-206","ARL2",795,"protein_coding",317,21,0.92685312,"GGACT",0.523809524,NA,NA,NA,NA,NA,NA,NA,NA,NA,0,0,0,NA,NA,NA
"747","ENST00000534377.6","ENSG00000104529.19","OTTHUMG00000165191.23","OTTHUMT00000386777.2","EEF1D-250","EEF1D",886,"protein_coding",882,21,0.953619301,"AGACT",0.333333333,NA,NA,NA,NA,NA,NA,NA,NA,NA,0,0,0,NA,NA,NA
"748","ENST00000534378.5","ENSG00000105135.16","OTTHUMG00000165630.4","OTTHUMT00000385440.2","ILVBL-209","ILVBL",2067,"protein_coding",1873,21,0.969556868,"GGACT",0.714285714,NA,NA,NA,NA,NA,NA,NA,NA,NA,0,0,0,NA,NA,NA
"749","ENST00000534843.1","ENSG00000178878.13","OTTHUMG00000153561.2","OTTHUMT00000400669.1","APOLD1-203","APOLD1",2375,"nonsense_mediated_decay",2034,36,0.977559805,"AGACT",0.75,NA,NA,NA,NA,NA,NA,NA,NA,NA,0,0,0,NA,NA,NA
"750","ENST00000534843.1","ENSG00000178878.13","OTTHUMG00000153561.2","OTTHUMT00000400669.1","APOLD1-203","APOLD1",2375,"nonsense_mediated_decay",2143,35,0.923178315,"AGACT",0.514285714,NA,NA,NA,NA,NA,NA,NA,NA,NA,0,0,0,NA,NA,NA
"751","ENST00000535183.5","ENSG00000132676.16","OTTHUMG00000035439.6","-","DAP3-225","DAP3",1894,"protein_coding",1289,69,0.929139793,"GGACT",0.68115942,91,729,1074,1,91,92,1164,1165,1893,0,0,1,NA,NA,0.170096021947874
"752","ENST00000535401.5","ENSG00000166741.9","OTTHUMG00000168245.1","OTTHUMT00000398951.1","NNMT-203","NNMT",1867,"protein_coding",1016,90,0.933855772,"GGACT",0.644444444,NA,NA,NA,NA,NA,NA,NA,NA,NA,0,0,0,NA,NA,NA
"753","ENST00000535425.5","ENSG00000284194.3","OTTHUMG00000191637.2","-","SCO2-203","SCO2",1002,"protein_coding",718,21,0.981926858,"AGACT",0.666666667,NA,NA,NA,NA,NA,NA,NA,NA,NA,0,0,0,NA,NA,NA
"754","ENST00000535482.1","ENSG00000089053.13","OTTHUMG00000169157.4","OTTHUMT00000402583.1","ANAPC5-208","ANAPC5",2077,"protein_coding",2000,132,0.932377815,"GGACT",0.643939394,NA,NA,NA,NA,NA,NA,NA,NA,NA,0,0,0,NA,NA,NA
"755","ENST00000536844.5","ENSG00000003056.8","OTTHUMG00000168276.4","-","M6PR-202","M6PR",2305,"protein_coding",1988,32,0.95875746,"GGACT",0.6875,NA,NA,NA,NA,NA,NA,NA,NA,NA,0,0,0,NA,NA,NA
"756","ENST00000536844.5","ENSG00000003056.8","OTTHUMG00000168276.4","-","M6PR-202","M6PR",2305,"protein_coding",2128,56,0.918160021,"GGACT",0.678571429,NA,NA,NA,NA,NA,NA,NA,NA,NA,0,0,0,NA,NA,NA
"757","ENST00000536981.6","ENSG00000168003.19","OTTHUMG00000074091.8","-","SLC3A2-208","SLC3A2",1413,"protein_coding",1242,50,0.912590742,"GGACC",0.42,NA,NA,NA,NA,NA,NA,NA,NA,NA,0,0,0,NA,NA,NA
"758","ENST00000537496.5","ENSG00000139428.12","OTTHUMG00000169255.6","OTTHUMT00000403130.1","MMAB-205","MMAB",1188,"nonsense_mediated_decay",1031,64,0.907682359,"GGACT",0.71875,NA,NA,NA,NA,NA,NA,NA,NA,NA,0,0,0,NA,NA,NA
"759","ENST00000537716.6","ENSG00000167775.11","OTTHUMG00000182457.3","OTTHUMT00000461365.1","CD320-202","CD320",1119,"protein_coding",959,187,0.906080365,"GGACA",0.513368984,NA,NA,NA,NA,NA,NA,NA,NA,NA,0,0,0,NA,NA,NA
"760","ENST00000538265.5","ENSG00000175832.13","OTTHUMG00000180884.2","-","ETV4-203","ETV4",2147,"protein_coding",1895,24,0.971116424,"GGACT",0.666666667,NA,NA,NA,NA,NA,NA,NA,NA,NA,0,0,0,NA,NA,NA
"761","ENST00000538404.1","ENSG00000149357.10","OTTHUMG00000167869.2","OTTHUMT00000396734.1","LAMTOR1-204","LAMTOR1",1346,"protein_coding",1056,30,0.907732189,"GGACT",0.5,NA,NA,NA,NA,NA,NA,NA,NA,NA,0,0,0,NA,NA,NA
"762","ENST00000538426.6","ENSG00000167770.13","OTTHUMG00000167786.2","OTTHUMT00000396277.1","OTUB1-208","OTUB1",1701,"protein_coding",1689,54,0.934316635,"GAACT",0.592592593,NA,NA,NA,NA,NA,NA,NA,NA,NA,0,0,0,NA,NA,NA
"763","ENST00000539079.5","ENSG00000089053.13","OTTHUMG00000169157.4","OTTHUMT00000402578.1","ANAPC5-214","ANAPC5",1715,"nonsense_mediated_decay",1637,110,0.944219828,"GGACT",0.7,NA,NA,NA,NA,NA,NA,NA,NA,NA,0,0,0,NA,NA,NA
"764","ENST00000539196.2","ENSG00000126749.17","OTTHUMG00000188247.3","OTTHUMT00000401809.2","EMG1-201","EMG1",616,"protein_coding",545,20,0.967038929,"AGACT",0.6,NA,NA,NA,NA,NA,NA,NA,NA,NA,0,0,0,NA,NA,NA
"765","ENST00000540016.5","ENSG00000139428.12","OTTHUMG00000169255.6","OTTHUMT00000403129.2","MMAB-206","MMAB",945,"protein_coding",607,20,0.957249761,"GGACT",0.6,NA,NA,NA,NA,NA,NA,NA,NA,NA,0,0,0,NA,NA,NA
"766","ENST00000540200.6","ENSG00000004142.12","OTTHUMG00000132065.9","OTTHUMT00000446163.5","POLDIP2-201","POLDIP2",2670,"protein_coding",1708,50,0.914564967,"GGACT",0.62,NA,NA,NA,NA,NA,NA,NA,NA,NA,0,0,0,NA,NA,NA
"767","ENST00000540200.6","ENSG00000004142.12","OTTHUMG00000132065.9","OTTHUMT00000446163.5","POLDIP2-201","POLDIP2",2670,"protein_coding",1713,55,0.985084891,"GGACT",0.8,NA,NA,NA,NA,NA,NA,NA,NA,NA,0,0,0,NA,NA,NA
"768","ENST00000540437.5","ENSG00000127054.22","OTTHUMG00000003330.13","-","INTS11-247","INTS11",2629,"protein_coding",2425,20,0.974944413,"GGACT",0.65,NA,NA,NA,NA,NA,NA,NA,NA,NA,0,0,0,NA,NA,NA
"769","ENST00000540550.6","ENSG00000123297.20","OTTHUMG00000153042.13","OTTHUMT00000488627.1","TSFM-206","TSFM",1935,"protein_coding",793,26,0.966157615,"AGACT",0.538461538,NA,NA,NA,NA,NA,NA,NA,NA,NA,0,0,0,NA,NA,NA
"770","ENST00000540550.6","ENSG00000123297.20","OTTHUMG00000153042.13","OTTHUMT00000488627.1","TSFM-206","TSFM",1935,"protein_coding",940,28,0.975696802,"AGACT",0.857142857,NA,NA,NA,NA,NA,NA,NA,NA,NA,0,0,0,NA,NA,NA
"771","ENST00000540550.6","ENSG00000123297.20","OTTHUMG00000153042.13","OTTHUMT00000488627.1","TSFM-206","TSFM",1935,"protein_coding",978,25,0.925980985,"GGACA",0.4,NA,NA,NA,NA,NA,NA,NA,NA,NA,0,0,0,NA,NA,NA
"772","ENST00000541425.6","ENSG00000168003.19","OTTHUMG00000074091.8","-","SLC3A2-217","SLC3A2",2029,"nonsense_mediated_decay",1858,63,0.914813101,"GGACC",0.444444444,NA,NA,NA,NA,NA,NA,NA,NA,NA,0,0,0,NA,NA,NA
"773","ENST00000541507.5","ENSG00000003056.8","OTTHUMG00000168276.4","OTTHUMT00000399129.1","M6PR-206","M6PR",2198,"nonsense_mediated_decay",1880,32,0.958628654,"GGACT",0.6875,NA,NA,NA,NA,NA,NA,NA,NA,NA,0,0,0,NA,NA,NA
"774","ENST00000541507.5","ENSG00000003056.8","OTTHUMG00000168276.4","OTTHUMT00000399129.1","M6PR-206","M6PR",2198,"nonsense_mediated_decay",2020,56,0.91837132,"GGACT",0.678571429,NA,NA,NA,NA,NA,NA,NA,NA,NA,0,0,0,NA,NA,NA
"775","ENST00000541649.2","ENSG00000168003.19","OTTHUMG00000074091.8","OTTHUMT00000396049.1","SLC3A2-218","SLC3A2",1926,"retained_intron",1755,63,0.926215351,"GGACC",0.428571429,NA,NA,NA,NA,NA,NA,NA,NA,NA,0,0,0,NA,NA,NA
"776","ENST00000541754.1","ENSG00000166741.9","OTTHUMG00000168245.1","OTTHUMT00000398955.1","NNMT-205","NNMT",716,"protein_coding_CDS_not_defined",634,26,0.954378426,"GGACT",0.692307692,NA,NA,NA,NA,NA,NA,NA,NA,NA,0,0,0,NA,NA,NA
"777","ENST00000541887.5","ENSG00000089053.13","OTTHUMG00000169157.4","OTTHUMT00000402581.1","ANAPC5-218","ANAPC5",2400,"protein_coding",2322,187,0.930343986,"GGACT",0.668449198,NA,NA,NA,NA,NA,NA,NA,NA,NA,0,0,0,NA,NA,NA
"778","ENST00000542123.5","ENSG00000213782.7","OTTHUMG00000168709.2","OTTHUMT00000400677.1","DDX47-207","DDX47",2689,"retained_intron",2342,24,0.97850281,"AGACT",0.708333333,NA,NA,NA,NA,NA,NA,NA,NA,NA,0,0,0,NA,NA,NA
"779","ENST00000542575.6","ENSG00000105281.12","OTTHUMG00000183434.3","OTTHUMT00000466630.1","SLC1A5-203","SLC1A5",2882,"protein_coding",2299,32,0.987106323,"GGACA",0.84375,NA,NA,NA,NA,NA,NA,NA,NA,NA,0,0,0,NA,NA,NA
"780","ENST00000543927.6","ENSG00000284194.3","OTTHUMG00000191637.2","OTTHUMT00000317092.3","SCO2-204","SCO2",1068,"protein_coding",438,21,0.967454612,"GGACT",0.761904762,NA,NA,NA,NA,NA,NA,NA,NA,NA,0,0,0,NA,NA,NA
"781","ENST00000543927.6","ENSG00000284194.3","OTTHUMG00000191637.2","OTTHUMT00000317092.3","SCO2-204","SCO2",1068,"protein_coding",789,23,0.979824543,"AGACT",0.652173913,NA,NA,NA,NA,NA,NA,NA,NA,NA,0,0,0,NA,NA,NA
"782","ENST00000543949.2","ENSG00000170619.10","OTTHUMG00000165251.6","-","COMMD5-207","COMMD5",1571,"protein_coding",1069,20,0.9484514,"GGACT",0.7,NA,NA,NA,NA,NA,NA,NA,NA,NA,0,0,0,NA,NA,NA
"783","ENST00000544005.5","ENSG00000089737.19","OTTHUMG00000171301.3","OTTHUMT00000412862.1","DDX24-201","DDX24",2214,"protein_coding",1965,21,0.919643819,"TGACT",0.666666667,NA,NA,NA,NA,NA,NA,NA,NA,NA,0,0,0,NA,NA,NA
"784","ENST00000544017.5","ENSG00000105197.11","OTTHUMG00000183066.6","-","TIMM50-201","TIMM50",2572,"protein_coding",1659,26,0.965602756,"GGACT",0.653846154,NA,NA,NA,NA,NA,NA,NA,NA,NA,0,0,0,NA,NA,NA
"785","ENST00000544051.5","ENSG00000139428.12","OTTHUMG00000169255.6","OTTHUMT00000403131.1","MMAB-209","MMAB",1089,"nonsense_mediated_decay",805,25,0.93667829,"GGACT",0.56,NA,NA,NA,NA,NA,NA,NA,NA,NA,0,0,0,NA,NA,NA
"786","ENST00000544051.5","ENSG00000139428.12","OTTHUMG00000169255.6","OTTHUMT00000403131.1","MMAB-209","MMAB",1089,"nonsense_mediated_decay",980,23,0.973693252,"GGACT",0.869565217,NA,NA,NA,NA,NA,NA,NA,NA,NA,0,0,0,NA,NA,NA
"787","ENST00000544314.5","ENSG00000089053.13","OTTHUMG00000169157.4","OTTHUMT00000402584.2","ANAPC5-219","ANAPC5",1508,"protein_coding_CDS_not_defined",1431,140,0.938611746,"GGACT",0.657142857,NA,NA,NA,NA,NA,NA,NA,NA,NA,0,0,0,NA,NA,NA
"788","ENST00000544377.2","ENSG00000168003.19","OTTHUMG00000074091.8","OTTHUMT00000396043.3","SLC3A2-221","SLC3A2",2041,"protein_coding",1870,74,0.904017866,"GGACC",0.405405405,NA,NA,NA,NA,NA,NA,NA,NA,NA,0,0,0,NA,NA,NA
"789","ENST00000544594.5","ENSG00000149357.10","OTTHUMG00000167869.2","OTTHUMT00000396732.1","LAMTOR1-207","LAMTOR1",849,"protein_coding",503,48,0.905725718,"GGACT",0.541666667,NA,NA,NA,NA,NA,NA,NA,NA,NA,0,0,0,NA,NA,NA
"790","ENST00000545038.5","ENSG00000213782.7","OTTHUMG00000168709.2","OTTHUMT00000400675.1","DDX47-212","DDX47",2357,"retained_intron",2012,27,0.981994867,"AGACT",0.740740741,NA,NA,NA,NA,NA,NA,NA,NA,NA,0,0,0,NA,NA,NA
"791","ENST00000545038.5","ENSG00000213782.7","OTTHUMG00000168709.2","OTTHUMT00000400675.1","DDX47-212","DDX47",2357,"retained_intron",2121,27,0.900889158,"AGACT",0.481481481,NA,NA,NA,NA,NA,NA,NA,NA,NA,0,0,0,NA,NA,NA
"792","ENST00000545507.6","ENSG00000172270.22","OTTHUMG00000177718.19","OTTHUMT00000438628.8","BSG-204","BSG",1795,"protein_coding",1540,212,0.949116707,"GGACT",0.580188679,NA,NA,NA,NA,NA,NA,NA,NA,NA,0,0,0,NA,NA,NA
"793","ENST00000545681.2","ENSG00000185651.16","OTTHUMG00000150823.2","-","UBE2L3-204","UBE2L3",2932,"protein_coding",641,67,0.969678938,"GGACT",0.671641791,NA,NA,NA,NA,NA,NA,NA,NA,NA,0,0,0,NA,NA,NA
"794","ENST00000545712.7","ENSG00000139428.12","OTTHUMG00000169255.6","OTTHUMT00000403128.3","MMAB-210","MMAB",4090,"protein_coding",945,65,0.90448916,"GGACT",0.723076923,NA,NA,NA,NA,NA,NA,NA,NA,NA,0,0,0,NA,NA,NA
"795","ENST00000546654.1","ENSG00000229117.9","OTTHUMG00000170183.2","OTTHUMT00000407823.1","RPL41-205","RPL41",238,"protein_coding_CDS_not_defined",158,23,0.915520847,"GGACT",0.565217391,NA,NA,NA,NA,NA,NA,NA,NA,NA,0,0,0,NA,NA,NA
"796","ENST00000546954.2","ENSG00000170855.4","OTTHUMG00000047787.4","OTTHUMT00000108980.4","TRIAP1-202","TRIAP1",1151,"protein_coding",447,20,0.957778037,"GAACT",0.6,NA,NA,NA,NA,NA,NA,NA,NA,NA,0,0,0,NA,NA,NA
"797","ENST00000548847.1","ENSG00000075415.15","OTTHUMG00000170212.3","OTTHUMT00000407998.1","SLC25A3-210","SLC25A3",1369,"protein_coding",1249,23,0.95083791,"GGACT",0.695652174,NA,NA,NA,NA,NA,NA,NA,NA,NA,0,0,0,NA,NA,NA
"798","ENST00000549338.5","ENSG00000075415.15","OTTHUMG00000170212.3","OTTHUMT00000407996.1","SLC25A3-211","SLC25A3",1285,"protein_coding",1159,246,0.9189955,"GGACT",0.593495935,NA,NA,NA,NA,NA,NA,NA,NA,NA,0,0,0,NA,NA,NA
"799","ENST00000549989.1","ENSG00000088986.11","OTTHUMG00000169368.5","OTTHUMT00000403734.1","DYNLL1-207","DYNLL1",719,"protein_coding",587,22,0.920175254,"GGACT",0.636363636,NA,NA,NA,NA,NA,NA,NA,NA,NA,0,0,0,NA,NA,NA
"800","ENST00000551917.5","ENSG00000075415.15","OTTHUMG00000170212.3","OTTHUMT00000407989.2","SLC25A3-215","SLC25A3",1359,"protein_coding",263,74,0.95227021,"TGACT",0.810810811,NA,NA,NA,NA,NA,NA,NA,NA,NA,0,0,0,NA,NA,NA
"801","ENST00000551917.5","ENSG00000075415.15","OTTHUMG00000170212.3","OTTHUMT00000407989.2","SLC25A3-215","SLC25A3",1359,"protein_coding",297,77,0.91429764,"GGACT",0.688311688,NA,NA,NA,NA,NA,NA,NA,NA,NA,0,0,0,NA,NA,NA
"802","ENST00000552870.1","ENSG00000088986.11","OTTHUMG00000169368.5","OTTHUMT00000403735.1","DYNLL1-211","DYNLL1",595,"protein_coding",341,263,0.904088438,"GGACT",0.558935361,NA,NA,NA,NA,NA,NA,NA,NA,NA,0,0,0,NA,NA,NA
"803","ENST00000553555.5","ENSG00000100823.12","OTTHUMG00000029544.7","OTTHUMT00000411059.1","APEX1-205","APEX1",1603,"retained_intron",1221,116,0.972890854,"GGACT",0.870689655,NA,NA,NA,NA,NA,NA,NA,NA,NA,0,0,0,NA,NA,NA
"804","ENST00000555414.5","ENSG00000100823.12","OTTHUMG00000029544.7","OTTHUMT00000073640.4","APEX1-210","APEX1",1437,"protein_coding",1017,134,0.972504616,"GGACT",0.873134328,NA,NA,NA,NA,NA,NA,NA,NA,NA,0,0,0,NA,NA,NA
"805","ENST00000557159.5","ENSG00000100823.12","OTTHUMG00000029544.7","OTTHUMT00000411065.1","APEX1-216","APEX1",1803,"retained_intron",1417,118,0.973968744,"GGACT",0.872881356,NA,NA,NA,NA,NA,NA,NA,NA,NA,0,0,0,NA,NA,NA
"806","ENST00000558046.5","ENSG00000196497.17","OTTHUMG00000028801.7","OTTHUMT00000415602.1","IPO4-203","IPO4",3440,"nonsense_mediated_decay",3321,44,0.909668565,"AGACT",0.590909091,NA,NA,NA,NA,NA,NA,NA,NA,NA,0,0,0,NA,NA,NA
"807","ENST00000558096.5","ENSG00000100889.12","OTTHUMG00000028791.10","OTTHUMT00000416428.1","PCK2-205","PCK2",2433,"protein_coding",2394,25,0.96424973,"AGACT",0.72,842,166,1425,1,842,843,2266,2267,2432,0,0,1,NA,NA,0.765060240963855
"808","ENST00000558780.5","ENSG00000196497.17","OTTHUMG00000028801.7","OTTHUMT00000415601.1","IPO4-207","IPO4",3540,"nonsense_mediated_decay",3415,44,0.908872783,"AGACT",0.590909091,NA,NA,NA,NA,NA,NA,NA,NA,NA,0,0,0,NA,NA,NA
"809","ENST00000560798.5","ENSG00000196497.17","OTTHUMG00000028801.7","OTTHUMT00000415600.1","IPO4-214","IPO4",3581,"retained_intron",3456,44,0.913686514,"AGACT",0.590909091,NA,NA,NA,NA,NA,NA,NA,NA,NA,0,0,0,NA,NA,NA
"810","ENST00000560981.5","ENSG00000128944.14","OTTHUMG00000172454.3","OTTHUMT00000418635.1","KNSTRN-212","KNSTRN",1598,"nonsense_mediated_decay",1150,22,0.931795239,"AGACT",0.818181818,NA,NA,NA,NA,NA,NA,NA,NA,NA,0,0,0,NA,NA,NA
"811","ENST00000561048.2","ENSG00000166794.6","OTTHUMG00000133018.2","OTTHUMT00000418682.1","PPIB-203","PPIB",4064,"retained_intron",4013,130,0.908822656,"GGACT",0.538461538,NA,NA,NA,NA,NA,NA,NA,NA,NA,0,0,0,NA,NA,NA
"812","ENST00000561169.5","ENSG00000128944.14","OTTHUMG00000172454.3","OTTHUMT00000418638.1","KNSTRN-213","KNSTRN",1388,"nonsense_mediated_decay",952,20,0.912128985,"AGACT",0.8,NA,NA,NA,NA,NA,NA,NA,NA,NA,0,0,0,NA,NA,NA
"813","ENST00000561286.5","ENSG00000100889.12","OTTHUMG00000028791.10","OTTHUMT00000416426.1","PCK2-216","PCK2",2012,"protein_coding",1979,23,0.973556399,"AGACT",0.782608696,NA,NA,NA,NA,NA,NA,NA,NA,NA,0,0,0,NA,NA,NA
"814","ENST00000561491.1","ENSG00000125148.7","OTTHUMG00000133281.3","OTTHUMT00000434301.1","MT2A-202","MT2A",581,"protein_coding",448,255,0.927017927,"GGACA",0.545098039,NA,NA,NA,NA,NA,NA,NA,NA,NA,0,0,0,NA,NA,NA
"815","ENST00000561573.1","ENSG00000261147.1","OTTHUMG00000177211.1","OTTHUMT00000435855.1","ENST00000561573","ENSG00000261147",3838,"nonsense_mediated_decay",3543,47,0.986617327,"GGACT",0.893617021,NA,NA,NA,NA,NA,NA,NA,NA,NA,0,0,0,NA,NA,NA
"816","ENST00000562789.5","ENSG00000140365.16","OTTHUMG00000142823.6","OTTHUMT00000419819.1","COMMD4-207","COMMD4",746,"protein_coding",593,20,0.937656045,"GGACT",0.5,NA,NA,NA,NA,NA,NA,NA,NA,NA,0,0,0,NA,NA,NA
"817","ENST00000562879.5","ENSG00000167526.14","OTTHUMG00000133770.8","OTTHUMT00000426172.1","RPL13-210","RPL13",958,"nonsense_mediated_decay",666,158,0.901598513,"AGACA",0.582278481,NA,NA,NA,NA,NA,NA,NA,NA,NA,0,0,0,NA,NA,NA
"818","ENST00000563779.5","ENSG00000103121.9","OTTHUMG00000137625.6","OTTHUMT00000432281.1","CMC2-206","CMC2",2087,"retained_intron",1838,27,0.994912326,"AGACT",0.851851852,NA,NA,NA,NA,NA,NA,NA,NA,NA,0,0,0,NA,NA,NA
"819","ENST00000563985.1","ENSG00000125148.7","OTTHUMG00000133281.3","OTTHUMT00000434298.1","MT2A-204","MT2A",688,"protein_coding_CDS_not_defined",573,332,0.917116642,"GGACA",0.536144578,NA,NA,NA,NA,NA,NA,NA,NA,NA,0,0,0,NA,NA,NA
"820","ENST00000564088.5","ENSG00000167965.18","OTTHUMG00000128827.6","OTTHUMT00000435063.1","MLST8-215","MLST8",1861,"protein_coding",1497,29,0.965379298,"GGACT",0.655172414,NA,NA,NA,NA,NA,NA,NA,NA,NA,0,0,0,NA,NA,NA
"821","ENST00000564316.1","ENSG00000103266.11","OTTHUMG00000121140.7","OTTHUMT00000421437.1","STUB1-203","STUB1",729,"protein_coding",590,35,0.979163826,"GGACT",0.714285714,NA,NA,NA,NA,NA,NA,NA,NA,NA,0,0,0,NA,NA,NA
"822","ENST00000564316.1","ENSG00000103266.11","OTTHUMG00000121140.7","OTTHUMT00000421437.1","STUB1-203","STUB1",729,"protein_coding",597,33,0.96067363,"GGACT",0.878787879,NA,NA,NA,NA,NA,NA,NA,NA,NA,0,0,0,NA,NA,NA
"823","ENST00000565677.5","ENSG00000103266.11","OTTHUMG00000121140.7","OTTHUMT00000421293.1","STUB1-205","STUB1",1560,"protein_coding",1421,89,0.982203126,"GGACT",0.797752809,NA,NA,NA,NA,NA,NA,NA,NA,NA,0,0,0,NA,NA,NA
"824","ENST00000565677.5","ENSG00000103266.11","OTTHUMG00000121140.7","OTTHUMT00000421293.1","STUB1-205","STUB1",1560,"protein_coding",1428,92,0.963276029,"GGACT",0.869565217,NA,NA,NA,NA,NA,NA,NA,NA,NA,0,0,0,NA,NA,NA
"825","ENST00000566501.5","ENSG00000184110.15","OTTHUMG00000099443.4","OTTHUMT00000430990.1","EIF3C-209","EIF3C",3128,"protein_coding",1264,21,0.911333203,"GAACT",0.714285714,NA,NA,NA,NA,NA,NA,NA,NA,NA,0,0,0,NA,NA,NA
"826","ENST00000567300.1","ENSG00000125148.7","OTTHUMG00000133281.3","OTTHUMT00000434302.1","MT2A-205","MT2A",416,"protein_coding_CDS_not_defined",280,458,0.930181503,"GGACA",0.565502183,NA,NA,NA,NA,NA,NA,NA,NA,NA,0,0,0,NA,NA,NA
"827","ENST00000568194.5","ENSG00000167965.18","OTTHUMG00000128827.6","OTTHUMT00000435077.1","MLST8-230","MLST8",2116,"retained_intron",1751,29,0.97335732,"GGACT",0.689655172,NA,NA,NA,NA,NA,NA,NA,NA,NA,0,0,0,NA,NA,NA
"828","ENST00000569417.6","ENSG00000167965.18","OTTHUMG00000128827.6","OTTHUMT00000250763.3","MLST8-232","MLST8",1671,"protein_coding",1250,32,0.964163065,"GGACT",0.625,NA,NA,NA,NA,NA,NA,NA,NA,NA,0,0,0,NA,NA,NA
"829","ENST00000569417.6","ENSG00000167965.18","OTTHUMG00000128827.6","OTTHUMT00000250763.3","MLST8-232","MLST8",1671,"protein_coding",1318,28,0.906624138,"GGACT",0.678571429,NA,NA,NA,NA,NA,NA,NA,NA,NA,0,0,0,NA,NA,NA
"830","ENST00000569466.1","ENSG00000169217.9","OTTHUMG00000132397.3","OTTHUMT00000434111.1","CD2BP2-203","CD2BP2",1417,"protein_coding",1319,54,0.963961184,"GGACT",0.777777778,NA,NA,NA,NA,NA,NA,NA,NA,NA,0,0,0,NA,NA,NA
"831","ENST00000570382.2","ENSG00000184009.13","OTTHUMG00000177955.9","OTTHUMT00000439922.4","ACTG1-201","ACTG1",2052,"protein_coding",670,20,0.999965847,"GGACT",0.95,NA,NA,NA,NA,NA,NA,NA,NA,NA,0,0,0,NA,NA,NA
"832","ENST00000570382.2","ENSG00000184009.13","OTTHUMG00000177955.9","OTTHUMT00000439922.4","ACTG1-201","ACTG1",2052,"protein_coding",1342,144,0.975583017,"GGACT",0.729166667,NA,NA,NA,NA,NA,NA,NA,NA,NA,0,0,0,NA,NA,NA
"833","ENST00000570646.6","ENSG00000103415.12","OTTHUMG00000129473.4","OTTHUMT00000251636.3","HMOX2-208","HMOX2",1673,"protein_coding",708,21,0.960459709,"GGACA",0.571428571,NA,NA,NA,NA,NA,NA,NA,NA,NA,0,0,0,NA,NA,NA
"834","ENST00000570646.6","ENSG00000103415.12","OTTHUMG00000129473.4","OTTHUMT00000251636.3","HMOX2-208","HMOX2",1673,"protein_coding",1057,23,0.976128578,"GGACT",0.695652174,NA,NA,NA,NA,NA,NA,NA,NA,NA,0,0,0,NA,NA,NA
"835","ENST00000571133.6","ENSG00000171490.13","OTTHUMG00000129824.6","OTTHUMT00000252059.4","RSL1D1-204","RSL1D1",5440,"protein_coding",1608,151,0.962498546,"GGACT",0.761589404,NA,NA,NA,NA,NA,NA,NA,NA,NA,0,0,0,NA,NA,NA
"836","ENST00000571710.6","ENSG00000108963.19","OTTHUMG00000177724.8","OTTHUMT00000438672.2","DPH1-207","DPH1",2487,"protein_coding",1538,31,0.958880842,"GGACA",0.64516129,NA,NA,NA,NA,NA,NA,NA,NA,NA,0,0,0,NA,NA,NA
"837","ENST00000571735.3","ENSG00000172270.22","OTTHUMG00000177718.19","OTTHUMT00000438639.6","BSG-205","BSG",2141,"retained_intron",1887,200,0.937944174,"GGACT",0.53,NA,NA,NA,NA,NA,NA,NA,NA,NA,0,0,0,NA,NA,NA
"838","ENST00000572105.7","ENSG00000184009.13","OTTHUMG00000177955.9","OTTHUMT00000439932.3","ACTG1-204","ACTG1",2005,"nonsense_mediated_decay",1297,65,0.985074818,"GGACT",0.769230769,NA,NA,NA,NA,NA,NA,NA,NA,NA,0,0,0,NA,NA,NA
"839","ENST00000572195.3","ENSG00000262664.3","OTTHUMG00000132471.7","OTTHUMT00000255636.7","OVCA2-201","OVCA2",1031,"protein_coding",555,37,0.939434946,"GGACA",0.567567568,NA,NA,NA,NA,NA,NA,NA,NA,NA,0,0,0,NA,NA,NA
"840","ENST00000572195.3","ENSG00000262664.3","OTTHUMG00000132471.7","OTTHUMT00000255636.7","OVCA2-201","OVCA2",1031,"protein_coding",910,42,0.925668716,"GGACA",0.738095238,NA,NA,NA,NA,NA,NA,NA,NA,NA,0,0,0,NA,NA,NA
"841","ENST00000572248.2","ENSG00000108963.19","OTTHUMG00000177724.8","OTTHUMT00000438674.1","DPH1-209","DPH1",1743,"retained_intron",1155,25,0.90543592,"TGACT",0.64,NA,NA,NA,NA,NA,NA,NA,NA,NA,0,0,0,NA,NA,NA
"842","ENST00000572684.2","ENSG00000108963.19","OTTHUMG00000177724.8","OTTHUMT00000438673.2","DPH1-210","DPH1",3081,"retained_intron",2132,27,0.972143412,"GGACA",0.62962963,NA,NA,NA,NA,NA,NA,NA,NA,NA,0,0,0,NA,NA,NA
"843","ENST00000572684.2","ENSG00000108963.19","OTTHUMG00000177724.8","OTTHUMT00000438673.2","DPH1-210","DPH1",3081,"retained_intron",2487,32,0.922751248,"GGACA",0.6875,NA,NA,NA,NA,NA,NA,NA,NA,NA,0,0,0,NA,NA,NA
"844","ENST00000573283.7","ENSG00000184009.13","OTTHUMG00000177955.9","OTTHUMT00000495511.2","ACTG1-205","ACTG1",1919,"protein_coding",532,41,0.999931514,"GGACT",0.951219512,NA,NA,NA,NA,NA,NA,NA,NA,NA,0,0,0,NA,NA,NA
"845","ENST00000573283.7","ENSG00000184009.13","OTTHUMG00000177955.9","OTTHUMT00000495511.2","ACTG1-205","ACTG1",1919,"protein_coding",1204,152,0.977926612,"GGACT",0.723684211,NA,NA,NA,NA,NA,NA,NA,NA,NA,0,0,0,NA,NA,NA
"846","ENST00000573600.5","ENSG00000175826.12","OTTHUMG00000102180.7","OTTHUMT00000440215.1","CTDNEP1-208","CTDNEP1",1724,"protein_coding",1246,55,0.917271256,"GGACT",0.381818182,NA,NA,NA,NA,NA,NA,NA,NA,NA,0,0,0,NA,NA,NA
"847","ENST00000573600.5","ENSG00000175826.12","OTTHUMG00000102180.7","OTTHUMT00000440215.1","CTDNEP1-208","CTDNEP1",1724,"protein_coding",1321,32,0.911982775,"GGACA",0.53125,NA,NA,NA,NA,NA,NA,NA,NA,NA,0,0,0,NA,NA,NA
"848","ENST00000573600.5","ENSG00000175826.12","OTTHUMG00000102180.7","OTTHUMT00000440215.1","CTDNEP1-208","CTDNEP1",1724,"protein_coding",1446,51,0.961179018,"GGACT",0.588235294,NA,NA,NA,NA,NA,NA,NA,NA,NA,0,0,0,NA,NA,NA
"849","ENST00000573784.6","ENSG00000172270.22","OTTHUMG00000177718.19","OTTHUMT00000438636.3","BSG-208","BSG",1587,"protein_coding",1331,216,0.92570287,"GGACT",0.518518519,NA,NA,NA,NA,NA,NA,NA,NA,NA,0,0,0,NA,NA,NA
"850","ENST00000574322.6","ENSG00000175826.12","OTTHUMG00000102180.7","OTTHUMT00000220030.5","CTDNEP1-210","CTDNEP1",1767,"protein_coding",1262,55,0.908367395,"GGACT",0.381818182,NA,NA,NA,NA,NA,NA,NA,NA,NA,0,0,0,NA,NA,NA
"851","ENST00000574322.6","ENSG00000175826.12","OTTHUMG00000102180.7","OTTHUMT00000220030.5","CTDNEP1-210","CTDNEP1",1767,"protein_coding",1337,32,0.904424429,"GGACA",0.53125,NA,NA,NA,NA,NA,NA,NA,NA,NA,0,0,0,NA,NA,NA
"852","ENST00000574322.6","ENSG00000175826.12","OTTHUMG00000102180.7","OTTHUMT00000220030.5","CTDNEP1-210","CTDNEP1",1767,"protein_coding",1462,51,0.960413933,"GGACT",0.588235294,NA,NA,NA,NA,NA,NA,NA,NA,NA,0,0,0,NA,NA,NA
"853","ENST00000574671.6","ENSG00000184009.13","OTTHUMG00000177955.9","OTTHUMT00000439925.1","ACTG1-206","ACTG1",2241,"retained_intron",1532,110,0.974389791,"GGACT",0.690909091,NA,NA,NA,NA,NA,NA,NA,NA,NA,0,0,0,NA,NA,NA
"854","ENST00000576892.8","ENSG00000262919.8","OTTHUMG00000024206.8","OTTHUMT00000060992.5","CCNQ-204","CCNQ",1253,"protein_coding",920,46,0.944239795,"GGACT",0.652173913,NA,NA,NA,NA,NA,NA,NA,NA,NA,0,0,0,NA,NA,NA
"855","ENST00000576892.8","ENSG00000262919.8","OTTHUMG00000024206.8","OTTHUMT00000060992.5","CCNQ-204","CCNQ",1253,"protein_coding",1152,46,0.906770289,"AGACT",0.456521739,NA,NA,NA,NA,NA,NA,NA,NA,NA,0,0,0,NA,NA,NA
"856","ENST00000576925.4","ENSG00000172270.22","OTTHUMG00000177718.19","OTTHUMT00000438631.3","BSG-210","BSG",2314,"retained_intron",2089,102,0.951971412,"GGACT",0.607843137,NA,NA,NA,NA,NA,NA,NA,NA,NA,0,0,0,NA,NA,NA
"857","ENST00000576984.3","ENSG00000172270.22","OTTHUMG00000177718.19","OTTHUMT00000438638.4","BSG-211","BSG",1666,"protein_coding",1411,233,0.939444602,"GGACT",0.549356223,NA,NA,NA,NA,NA,NA,NA,NA,NA,0,0,0,NA,NA,NA
"858","ENST00000578552.6","ENSG00000169727.14","OTTHUMG00000178484.3","OTTHUMT00000442165.1","GPS1-208","GPS1",1841,"protein_coding",1549,25,0.910511255,"GGACC",0.48,NA,NA,NA,NA,NA,NA,NA,NA,NA,0,0,0,NA,NA,NA
"859","ENST00000579520.5","ENSG00000169689.15","OTTHUMG00000132129.3","OTTHUMT00000441992.1","CENPX-204","CENPX",702,"protein_coding",364,65,0.913703501,"GGACT",0.6,NA,NA,NA,NA,NA,NA,NA,NA,NA,0,0,0,NA,NA,NA
"860","ENST00000579520.5","ENSG00000169689.15","OTTHUMG00000132129.3","OTTHUMT00000441992.1","CENPX-204","CENPX",702,"protein_coding",402,59,0.927811861,"GGACA",0.610169492,NA,NA,NA,NA,NA,NA,NA,NA,NA,0,0,0,NA,NA,NA
"861","ENST00000579520.5","ENSG00000169689.15","OTTHUMG00000132129.3","OTTHUMT00000441992.1","CENPX-204","CENPX",702,"protein_coding",456,54,0.94732362,"GGACA",0.5,NA,NA,NA,NA,NA,NA,NA,NA,NA,0,0,0,NA,NA,NA
"862","ENST00000580435.5","ENSG00000169689.15","OTTHUMG00000132129.3","OTTHUMT00000441994.1","CENPX-206","CENPX",710,"protein_coding",373,64,0.934089422,"GGACT",0.625,NA,NA,NA,NA,NA,NA,NA,NA,NA,0,0,0,NA,NA,NA
"863","ENST00000580435.5","ENSG00000169689.15","OTTHUMG00000132129.3","OTTHUMT00000441994.1","CENPX-206","CENPX",710,"protein_coding",411,39,0.957626343,"GGACA",0.743589744,NA,NA,NA,NA,NA,NA,NA,NA,NA,0,0,0,NA,NA,NA
"864","ENST00000580435.5","ENSG00000169689.15","OTTHUMG00000132129.3","OTTHUMT00000441994.1","CENPX-206","CENPX",710,"protein_coding",465,34,0.93694371,"GGACA",0.5,NA,NA,NA,NA,NA,NA,NA,NA,NA,0,0,0,NA,NA,NA
"865","ENST00000584460.5","ENSG00000169727.14","OTTHUMG00000178484.3","OTTHUMT00000442179.1","GPS1-224","GPS1",1855,"nonsense_mediated_decay",1570,24,0.930307269,"GGACC",0.541666667,NA,NA,NA,NA,NA,NA,NA,NA,NA,0,0,0,NA,NA,NA
"866","ENST00000584514.5","ENSG00000169689.15","OTTHUMG00000132129.3","OTTHUMT00000441995.1","CENPX-209","CENPX",882,"protein_coding_CDS_not_defined",558,68,0.913722456,"GGACT",0.602941176,NA,NA,NA,NA,NA,NA,NA,NA,NA,0,0,0,NA,NA,NA
"867","ENST00000584514.5","ENSG00000169689.15","OTTHUMG00000132129.3","OTTHUMT00000441995.1","CENPX-209","CENPX",882,"protein_coding_CDS_not_defined",596,42,0.970242202,"GGACA",0.761904762,NA,NA,NA,NA,NA,NA,NA,NA,NA,0,0,0,NA,NA,NA
"868","ENST00000584514.5","ENSG00000169689.15","OTTHUMG00000132129.3","OTTHUMT00000441995.1","CENPX-209","CENPX",882,"protein_coding_CDS_not_defined",650,57,0.9447667,"GGACA",0.49122807,NA,NA,NA,NA,NA,NA,NA,NA,NA,0,0,0,NA,NA,NA
"869","ENST00000584600.5","ENSG00000169689.15","OTTHUMG00000132129.3","OTTHUMT00000441993.1","CENPX-210","CENPX",730,"protein_coding",393,65,0.927002788,"GGACT",0.6,NA,NA,NA,NA,NA,NA,NA,NA,NA,0,0,0,NA,NA,NA
"870","ENST00000584600.5","ENSG00000169689.15","OTTHUMG00000132129.3","OTTHUMT00000441993.1","CENPX-210","CENPX",730,"protein_coding",431,38,0.956100345,"GGACA",0.736842105,NA,NA,NA,NA,NA,NA,NA,NA,NA,0,0,0,NA,NA,NA
"871","ENST00000584600.5","ENSG00000169689.15","OTTHUMG00000132129.3","OTTHUMT00000441993.1","CENPX-210","CENPX",730,"protein_coding",485,55,0.938768566,"GGACA",0.490909091,NA,NA,NA,NA,NA,NA,NA,NA,NA,0,0,0,NA,NA,NA
"872","ENST00000585603.6","ENSG00000105171.10","OTTHUMG00000182020.4","OTTHUMT00000458710.2","POP4-202","POP4",2556,"protein_coding",744,117,0.954854608,"GGACA",0.606837607,NA,NA,NA,NA,NA,NA,NA,NA,NA,0,0,0,NA,NA,NA
"873","ENST00000585716.3","ENSG00000228300.14","OTTHUMG00000153928.8","OTTHUMT00000450061.3","FAM174C-204","FAM174C",558,"protein_coding_CDS_not_defined",401,83,0.943385303,"TGACT",0.602409639,NA,NA,NA,NA,NA,NA,NA,NA,NA,0,0,0,NA,NA,NA
"874","ENST00000585809.6","ENSG00000065268.11","OTTHUMG00000181903.9","OTTHUMT00000458225.3","WDR18-202","WDR18",1521,"protein_coding",1403,139,0.956301033,"GGACT",0.784172662,NA,NA,NA,NA,NA,NA,NA,NA,NA,0,0,0,NA,NA,NA
"875","ENST00000585933.2","ENSG00000153879.9","OTTHUMG00000180469.5","OTTHUMT00000451428.2","CEBPG-202","CEBPG",3845,"protein_coding",844,67,0.996811986,"GGACA",0.76119403,NA,NA,NA,NA,NA,NA,NA,NA,NA,0,0,0,NA,NA,NA
"876","ENST00000586276.5","ENSG00000108883.13","OTTHUMG00000179865.4","OTTHUMT00000448674.1","EFTUD2-205","EFTUD2",3678,"retained_intron",3222,23,0.911474824,"GGACT",0.652173913,NA,NA,NA,NA,NA,NA,NA,NA,NA,0,0,0,NA,NA,NA
"877","ENST00000586439.1","ENSG00000105258.9","OTTHUMG00000181749.2","OTTHUMT00000457446.1","POLR2I-203","POLR2I",744,"nonsense_mediated_decay",526,131,0.914608896,"GAACT",0.526717557,NA,NA,NA,NA,NA,NA,NA,NA,NA,0,0,0,NA,NA,NA
"878","ENST00000587001.6","ENSG00000065268.11","OTTHUMG00000181903.9","OTTHUMT00000458226.3","WDR18-204","WDR18",1465,"protein_coding",1347,85,0.960981905,"GGACT",0.811764706,NA,NA,NA,NA,NA,NA,NA,NA,NA,0,0,0,NA,NA,NA
"879","ENST00000587232.1","ENSG00000105171.10","OTTHUMG00000182020.4","OTTHUMT00000459322.1","POP4-207","POP4",608,"retained_intron",330,23,0.908492327,"GGACA",0.52173913,NA,NA,NA,NA,NA,NA,NA,NA,NA,0,0,0,NA,NA,NA
"880","ENST00000587950.5","ENSG00000174917.9","OTTHUMG00000180503.2","OTTHUMT00000451655.1","MICOS13-204","MICOS13",655,"protein_coding",643,157,0.904769242,"GGACT",0.605095541,NA,NA,NA,NA,NA,NA,NA,NA,NA,0,0,0,NA,NA,NA
"881","ENST00000588213.1","ENSG00000123144.11","OTTHUMG00000180347.2","OTTHUMT00000450857.1","TRIR-202","TRIR",841,"protein_coding",670,206,0.978656888,"GGACT",0.694174757,NA,NA,NA,NA,NA,NA,NA,NA,NA,0,0,0,NA,NA,NA
"882","ENST00000588282.5","ENSG00000108639.8","OTTHUMG00000177457.4","OTTHUMT00000437011.2","SYNGR2-203","SYNGR2",1553,"protein_coding",822,21,0.971296608,"GGACT",0.714285714,NA,NA,NA,NA,NA,NA,NA,NA,NA,0,0,0,NA,NA,NA
"883","ENST00000588282.5","ENSG00000108639.8","OTTHUMG00000177457.4","OTTHUMT00000437011.2","SYNGR2-203","SYNGR2",1553,"protein_coding",1161,111,0.982823014,"AGACT",0.783783784,NA,NA,NA,NA,NA,NA,NA,NA,NA,0,0,0,NA,NA,NA
"884","ENST00000588454.6","ENSG00000179218.15","OTTHUMG00000180574.3","OTTHUMT00000451954.2","CALR-206","CALR",1661,"protein_coding",1107,187,0.946376979,"GGACT",0.679144385,NA,NA,NA,NA,NA,NA,NA,NA,NA,0,0,0,NA,NA,NA
"885","ENST00000588538.5","ENSG00000099624.8","OTTHUMG00000180143.5","OTTHUMT00000449961.1","ATP5F1D-203","ATP5F1D",1393,"retained_intron",1351,29,0.914319575,"GAACT",0.448275862,NA,NA,NA,NA,NA,NA,NA,NA,NA,0,0,0,NA,NA,NA
"886","ENST00000588692.5","ENSG00000123136.15","OTTHUMG00000182181.5","OTTHUMT00000459879.1","DDX39A-208","DDX39A",1478,"nonsense_mediated_decay",142,57,0.921771109,"GGACT",0.561403509,NA,NA,NA,NA,NA,NA,NA,NA,NA,0,0,0,NA,NA,NA
"887","ENST00000588692.5","ENSG00000123136.15","OTTHUMG00000182181.5","OTTHUMT00000459879.1","DDX39A-208","DDX39A",1478,"nonsense_mediated_decay",181,59,0.933012605,"GGACT",0.627118644,NA,NA,NA,NA,NA,NA,NA,NA,NA,0,0,0,NA,NA,NA
"888","ENST00000589168.1","ENSG00000108639.8","OTTHUMG00000177457.4","OTTHUMT00000437012.2","SYNGR2-204","SYNGR2",2125,"protein_coding",586,25,0.973513484,"GGACT",0.72,NA,NA,NA,NA,NA,NA,NA,NA,NA,0,0,0,NA,NA,NA
"889","ENST00000589168.1","ENSG00000108639.8","OTTHUMG00000177457.4","OTTHUMT00000437012.2","SYNGR2-204","SYNGR2",2125,"protein_coding",925,127,0.982376873,"AGACT",0.771653543,NA,NA,NA,NA,NA,NA,NA,NA,NA,0,0,0,NA,NA,NA
"890","ENST00000589318.5","ENSG00000123136.15","OTTHUMG00000182181.5","OTTHUMT00000459878.1","DDX39A-209","DDX39A",1903,"retained_intron",214,57,0.933764279,"GGACT",0.596491228,NA,NA,NA,NA,NA,NA,NA,NA,NA,0,0,0,NA,NA,NA
"891","ENST00000589318.5","ENSG00000123136.15","OTTHUMG00000182181.5","OTTHUMT00000459878.1","DDX39A-209","DDX39A",1903,"retained_intron",253,59,0.946466148,"GGACT",0.644067797,NA,NA,NA,NA,NA,NA,NA,NA,NA,0,0,0,NA,NA,NA
"892","ENST00000589590.1","ENSG00000123144.11","OTTHUMG00000180347.2","OTTHUMT00000450858.1","TRIR-203","TRIR",930,"retained_intron",766,60,0.976370633,"GGACT",0.716666667,NA,NA,NA,NA,NA,NA,NA,NA,NA,0,0,0,NA,NA,NA
"893","ENST00000589591.5","ENSG00000105258.9","OTTHUMG00000181749.2","OTTHUMT00000457441.1","POLR2I-206","POLR2I",542,"retained_intron",310,122,0.900062025,"GAACT",0.532786885,NA,NA,NA,NA,NA,NA,NA,NA,NA,0,0,0,NA,NA,NA
"894","ENST00000589711.1","ENSG00000108639.8","OTTHUMG00000177457.4","OTTHUMT00000437010.2","SYNGR2-206","SYNGR2",2041,"protein_coding",841,72,0.984648168,"AGACT",0.791666667,NA,NA,NA,NA,NA,NA,NA,NA,NA,0,0,0,NA,NA,NA
"895","ENST00000590201.1","ENSG00000108639.8","OTTHUMG00000177457.4","OTTHUMT00000438291.1","SYNGR2-207","SYNGR2",2239,"protein_coding",700,21,0.972043514,"GGACT",0.714285714,NA,NA,NA,NA,NA,NA,NA,NA,NA,0,0,0,NA,NA,NA
"896","ENST00000590201.1","ENSG00000108639.8","OTTHUMG00000177457.4","OTTHUMT00000438291.1","SYNGR2-207","SYNGR2",2239,"protein_coding",1039,113,0.983842909,"AGACT",0.787610619,NA,NA,NA,NA,NA,NA,NA,NA,NA,0,0,0,NA,NA,NA
"897","ENST00000590265.5","ENSG00000099624.8","OTTHUMG00000180143.5","OTTHUMT00000449960.1","ATP5F1D-205","ATP5F1D",1144,"retained_intron",1102,93,0.916824043,"GAACT",0.494623656,NA,NA,NA,NA,NA,NA,NA,NA,NA,0,0,0,NA,NA,NA
"898","ENST00000590354.3","ENSG00000065268.11","OTTHUMG00000181903.9","OTTHUMT00000474030.3","WDR18-205","WDR18",678,"nonsense_mediated_decay",560,101,0.933247685,"GGACT",0.742574257,NA,NA,NA,NA,NA,NA,NA,NA,NA,0,0,0,NA,NA,NA
"899","ENST00000590367.5","ENSG00000108883.13","OTTHUMG00000179865.4","OTTHUMT00000448676.1","EFTUD2-218","EFTUD2",3638,"retained_intron",3288,22,0.906026363,"GGACT",0.636363636,NA,NA,NA,NA,NA,NA,NA,NA,NA,0,0,0,NA,NA,NA
"900","ENST00000590550.6","ENSG00000071655.18","OTTHUMG00000180081.9","OTTHUMT00000473640.2","MBD3-207","MBD3",2782,"protein_coding",2075,24,0.922825933,"GGACA",0.458333333,NA,NA,NA,NA,NA,NA,NA,NA,NA,0,0,0,NA,NA,NA
"901","ENST00000590550.6","ENSG00000071655.18","OTTHUMG00000180081.9","OTTHUMT00000473640.2","MBD3-207","MBD3",2782,"protein_coding",2219,53,0.988758862,"GGACT",0.905660377,NA,NA,NA,NA,NA,NA,NA,NA,NA,0,0,0,NA,NA,NA
"902","ENST00000590550.6","ENSG00000071655.18","OTTHUMG00000180081.9","OTTHUMT00000473640.2","MBD3-207","MBD3",2782,"protein_coding",2420,109,0.973308742,"GGACT",0.825688073,NA,NA,NA,NA,NA,NA,NA,NA,NA,0,0,0,NA,NA,NA
"903","ENST00000591254.1","ENSG00000123144.11","OTTHUMG00000180347.2","OTTHUMT00000450854.1","TRIR-204","TRIR",988,"nonsense_mediated_decay",815,86,0.962344825,"GGACT",0.674418605,NA,NA,NA,NA,NA,NA,NA,NA,NA,0,0,0,NA,NA,NA
"904","ENST00000591325.1","ENSG00000267216.1","OTTHUMG00000182074.1","OTTHUMT00000459138.1","ZNF8-ERVK3-1-201","ZNF8-ERVK3-1",4227,"lncRNA",3941,20,0.951492786,"AAACT",0.7,NA,NA,NA,NA,NA,NA,NA,NA,NA,0,0,0,NA,NA,NA
"905","ENST00000591382.5","ENSG00000108883.13","OTTHUMG00000179865.4","OTTHUMT00000448677.1","EFTUD2-220","EFTUD2",3675,"protein_coding",3325,28,0.929533184,"GGACT",0.714285714,NA,NA,NA,NA,NA,NA,NA,NA,NA,0,0,0,NA,NA,NA
"906","ENST00000591985.6","ENSG00000065268.11","OTTHUMG00000181903.9","OTTHUMT00000458227.3","WDR18-209","WDR18",1498,"nonsense_mediated_decay",1383,132,0.95855689,"GGACT",0.765151515,NA,NA,NA,NA,NA,NA,NA,NA,NA,0,0,0,NA,NA,NA
"907","ENST00000592012.5","ENSG00000071655.18","OTTHUMG00000180081.9","OTTHUMT00000473835.1","MBD3-209","MBD3",2379,"nonsense_mediated_decay",1816,84,0.987293065,"GGACT",0.916666667,NA,NA,NA,NA,NA,NA,NA,NA,NA,0,0,0,NA,NA,NA
"908","ENST00000592012.5","ENSG00000071655.18","OTTHUMG00000180081.9","OTTHUMT00000473835.1","MBD3-209","MBD3",2379,"nonsense_mediated_decay",1987,110,0.915708244,"GGACT",0.609090909,NA,NA,NA,NA,NA,NA,NA,NA,NA,0,0,0,NA,NA,NA
"909","ENST00000592012.5","ENSG00000071655.18","OTTHUMG00000180081.9","OTTHUMT00000473835.1","MBD3-209","MBD3",2379,"nonsense_mediated_decay",2017,122,0.974467754,"GGACT",0.827868852,NA,NA,NA,NA,NA,NA,NA,NA,NA,0,0,0,NA,NA,NA
"910","ENST00000592273.5","ENSG00000123144.11","OTTHUMG00000180347.2","OTTHUMT00000450855.1","TRIR-205","TRIR",783,"protein_coding",610,148,0.984557033,"GGACT",0.722972973,NA,NA,NA,NA,NA,NA,NA,NA,NA,0,0,0,NA,NA,NA
"911","ENST00000592456.1","ENSG00000108639.8","OTTHUMG00000177457.4","OTTHUMT00000437013.1","SYNGR2-209","SYNGR2",3036,"protein_coding_CDS_not_defined",2644,71,0.985222042,"AGACT",0.816901408,NA,NA,NA,NA,NA,NA,NA,NA,NA,0,0,0,NA,NA,NA
"912","ENST00000592576.5","ENSG00000108883.13","OTTHUMG00000179865.4","OTTHUMT00000448675.1","EFTUD2-223","EFTUD2",3364,"protein_coding",2964,28,0.92487818,"GGACT",0.714285714,67,408,2889,1,67,68,2955,2956,3363,0,0,1,NA,NA,0.0196078431372549
"913","ENST00000593409.5","ENSG00000214046.9","OTTHUMG00000149895.3","OTTHUMT00000462804.1","SMIM7-211","SMIM7",1757,"nonsense_mediated_decay",594,24,0.930111408,"GGACA",0.583333333,NA,NA,NA,NA,NA,NA,NA,NA,NA,0,0,0,NA,NA,NA
"914","ENST00000593829.6","ENSG00000130520.11","OTTHUMG00000183357.11","OTTHUMT00000466321.1","LSM4-203","LSM4",1704,"protein_coding",866,241,0.950480938,"GGACT",0.680497925,NA,NA,NA,NA,NA,NA,NA,NA,NA,0,0,0,NA,NA,NA
"915","ENST00000594991.5","ENSG00000105281.12","OTTHUMG00000183434.3","OTTHUMT00000466632.1","SLC1A5-205","SLC1A5",2031,"protein_coding",1450,30,0.988270462,"GGACA",0.866666667,NA,NA,NA,NA,NA,NA,NA,NA,NA,0,0,0,NA,NA,NA
"916","ENST00000596002.5","ENSG00000167775.11","OTTHUMG00000182457.3","OTTHUMT00000461364.1","CD320-203","CD320",1729,"nonsense_mediated_decay",1569,147,0.912814319,"GGACA",0.530612245,NA,NA,NA,NA,NA,NA,NA,NA,NA,0,0,0,NA,NA,NA
"917","ENST00000596287.6","ENSG00000293495.1","-","OTTHUMT00000464125.2","C19orf48P-204","C19orf48P",1364,"lncRNA",887,67,0.911514819,"GGACA",0.537313433,NA,NA,NA,NA,NA,NA,NA,NA,NA,0,0,0,NA,NA,NA
"918","ENST00000597020.5","ENSG00000042753.12","OTTHUMG00000183437.2","OTTHUMT00000466645.1","AP2S1-204","AP2S1",707,"protein_coding",302,230,0.947796762,"GAACT",0.626086957,NA,NA,NA,NA,NA,NA,NA,NA,NA,0,0,0,NA,NA,NA
"919","ENST00000597493.7","ENSG00000293495.1","-","OTTHUMT00000464127.2","C19orf48P-207","C19orf48P",1575,"lncRNA",716,22,0.970363915,"GGACA",0.590909091,NA,NA,NA,NA,NA,NA,NA,NA,NA,0,0,0,NA,NA,NA
"920","ENST00000597493.7","ENSG00000293495.1","-","OTTHUMT00000464127.2","C19orf48P-207","C19orf48P",1575,"lncRNA",778,27,0.981185079,"GGACA",0.740740741,NA,NA,NA,NA,NA,NA,NA,NA,NA,0,0,0,NA,NA,NA
"921","ENST00000597493.7","ENSG00000293495.1","-","OTTHUMT00000464127.2","C19orf48P-207","C19orf48P",1575,"lncRNA",1107,101,0.961074173,"GGACA",0.594059406,NA,NA,NA,NA,NA,NA,NA,NA,NA,0,0,0,NA,NA,NA
"922","ENST00000598188.6","ENSG00000105393.16","OTTHUMG00000182755.3","OTTHUMT00000463469.2","BABAM1-208","BABAM1",1377,"protein_coding",1168,61,0.953466535,"GGACC",0.540983607,NA,NA,NA,NA,NA,NA,NA,NA,NA,0,0,0,NA,NA,NA
"923","ENST00000598463.5","ENSG00000293495.1","-","OTTHUMT00000464107.1","C19orf48P-209","C19orf48P",1844,"lncRNA",990,22,0.980313003,"GGACA",0.636363636,NA,NA,NA,NA,NA,NA,NA,NA,NA,0,0,0,NA,NA,NA
"924","ENST00000598463.5","ENSG00000293495.1","-","OTTHUMT00000464107.1","C19orf48P-209","C19orf48P",1844,"lncRNA",1052,26,0.975119531,"GGACA",0.653846154,NA,NA,NA,NA,NA,NA,NA,NA,NA,0,0,0,NA,NA,NA
"925","ENST00000598463.5","ENSG00000293495.1","-","OTTHUMT00000464107.1","C19orf48P-209","C19orf48P",1844,"lncRNA",1381,103,0.968735576,"GGACA",0.669902913,NA,NA,NA,NA,NA,NA,NA,NA,NA,0,0,0,NA,NA,NA
"926","ENST00000599255.5","ENSG00000142227.11","OTTHUMG00000183196.3","OTTHUMT00000465617.1","EMP3-208","EMP3",667,"nonsense_mediated_decay",267,33,0.964090049,"GGACT",0.787878788,NA,NA,NA,NA,NA,NA,NA,NA,NA,0,0,0,NA,NA,NA
"927","ENST00000599672.6","ENSG00000126749.17","OTTHUMG00000188247.3","OTTHUMT00000401804.6","EMG1-202","EMG1",4873,"protein_coding",843,184,0.959808648,"AGACT",0.581521739,NA,NA,NA,NA,NA,NA,NA,NA,NA,0,0,0,NA,NA,NA
"928","ENST00000599990.5","ENSG00000042753.12","OTTHUMG00000183437.2","OTTHUMT00000466641.1","AP2S1-207","AP2S1",829,"protein_coding",410,235,0.938973308,"GAACT",0.608510638,105,289,435,1,105,106,539,540,828,0,1,0,NA,0.701149425287356,NA
"929","ENST00000600289.6","ENSG00000130520.11","OTTHUMG00000183357.11","OTTHUMT00000466323.2","LSM4-206","LSM4",1113,"nonsense_mediated_decay",955,157,0.931488037,"GGACT",0.643312102,NA,NA,NA,NA,NA,NA,NA,NA,NA,0,0,0,NA,NA,NA
"930","ENST00000601043.5","ENSG00000105393.16","OTTHUMG00000182755.3","OTTHUMT00000463475.1","BABAM1-213","BABAM1",1366,"protein_coding",1157,61,0.957308829,"GGACC",0.540983607,NA,NA,NA,NA,NA,NA,NA,NA,NA,0,0,0,NA,NA,NA
"931","ENST00000601498.5","ENSG00000042753.12","OTTHUMG00000183437.2","OTTHUMT00000466640.1","AP2S1-209","AP2S1",898,"protein_coding",479,241,0.939422727,"GAACT",0.609958506,NA,NA,NA,NA,NA,NA,NA,NA,NA,0,0,0,NA,NA,NA
"932","ENST00000602748.5","ENSG00000055130.18","OTTHUMG00000152776.7","OTTHUMT00000467784.1","CUL1-203","CUL1",3054,"protein_coding",2629,20,0.901839674,"TGACT",0.45,NA,NA,NA,NA,NA,NA,NA,NA,NA,0,0,0,NA,NA,NA
"933","ENST00000602775.5","ENSG00000213523.12","OTTHUMG00000163569.4","OTTHUMT00000374261.2","SRA1-205","SRA1",1466,"retained_intron",919,104,0.963466823,"AGACT",0.730769231,NA,NA,NA,NA,NA,NA,NA,NA,NA,0,0,0,NA,NA,NA
"934","ENST00000602845.2","ENSG00000270170.2","OTTHUMG00000184107.3","OTTHUMT00000468038.3","NCBP2AS2-201","NCBP2AS2",870,"protein_coding",647,28,0.986478686,"GGACT",0.928571429,NA,NA,NA,NA,NA,NA,NA,NA,NA,0,0,0,NA,NA,NA
"935","ENST00000602845.2","ENSG00000270170.2","OTTHUMG00000184107.3","OTTHUMT00000468038.3","NCBP2AS2-201","NCBP2AS2",870,"protein_coding",679,27,0.969156504,"TGACT",0.62962963,NA,NA,NA,NA,NA,NA,NA,NA,NA,0,0,0,NA,NA,NA
"936","ENST00000602845.2","ENSG00000270170.2","OTTHUMG00000184107.3","OTTHUMT00000468038.3","NCBP2AS2-201","NCBP2AS2",870,"protein_coding",693,26,0.979638278,"GGACA",0.615384615,NA,NA,NA,NA,NA,NA,NA,NA,NA,0,0,0,NA,NA,NA
"937","ENST00000605895.6","ENSG00000157916.20","OTTHUMG00000001403.6","OTTHUMT00000004061.3","RER1-209","RER1",3028,"protein_coding",1195,21,0.901981056,"TAACT",0.476190476,NA,NA,NA,NA,NA,NA,NA,NA,NA,0,0,0,NA,NA,NA
"938","ENST00000606719.6","ENSG00000113712.19","OTTHUMG00000163463.7","OTTHUMT00000504788.1","CSNK1A1-210","CSNK1A1",2476,"protein_coding",1615,47,0.910966456,"GAACT",0.340425532,NA,NA,NA,NA,NA,NA,NA,NA,NA,0,0,0,NA,NA,NA
"939","ENST00000607388.1","ENSG00000197498.13","OTTHUMG00000015368.3","OTTHUMT00000471367.1","RPF2-204","RPF2",3621,"nonsense_mediated_decay",944,21,0.919409692,"GAACT",0.666666667,NA,NA,NA,NA,NA,NA,NA,NA,NA,0,0,0,NA,NA,NA
"940","ENST00000607440.5","ENSG00000065268.11","OTTHUMG00000181903.9","OTTHUMT00000474026.1","WDR18-211","WDR18",1397,"protein_coding",1279,141,0.954192698,"GGACT",0.773049645,NA,NA,NA,NA,NA,NA,NA,NA,NA,0,0,0,NA,NA,NA
"941","ENST00000607714.6","ENSG00000105197.11","OTTHUMG00000183066.6","OTTHUMT00000470728.3","TIMM50-219","TIMM50",5037,"protein_coding",1233,26,0.965800285,"GGACT",0.653846154,NA,NA,NA,NA,NA,NA,NA,NA,NA,0,0,0,NA,NA,NA
"942","ENST00000607778.2","ENSG00000272047.4","OTTHUMG00000015906.4","OTTHUMT00000042865.2","GTF2H5-201","GTF2H5",7483,"protein_coding",457,52,0.925013185,"GAACT",0.538461538,NA,NA,NA,NA,NA,NA,NA,NA,NA,0,0,0,NA,NA,NA
"943","ENST00000608100.5","ENSG00000128944.14","OTTHUMG00000172454.3","OTTHUMT00000473005.1","KNSTRN-216","KNSTRN",1495,"protein_coding",973,22,0.931768358,"AGACT",0.818181818,NA,NA,NA,NA,NA,NA,NA,NA,NA,0,0,0,NA,NA,NA
"944","ENST00000608703.1","ENSG00000204389.10","OTTHUMG00000031201.4","OTTHUMT00000268464.2","HSPA1A-202","HSPA1A",1909,"protein_coding",1545,25,0.987106502,"GGACT",0.96,NA,NA,NA,NA,NA,NA,NA,NA,NA,0,0,0,NA,NA,NA
"945","ENST00000610520.5","ENSG00000156508.19","OTTHUMG00000015031.7","-","EEF1A1-211","EEF1A1",3503,"protein_coding",1502,2907,0.92292583,"GAACT",0.618163055,NA,NA,NA,NA,NA,NA,NA,NA,NA,0,0,0,NA,NA,NA
"946","ENST00000610520.5","ENSG00000156508.19","OTTHUMG00000015031.7","-","EEF1A1-211","EEF1A1",3503,"protein_coding",1543,2728,0.936018527,"AGACT",0.56744868,NA,NA,NA,NA,NA,NA,NA,NA,NA,0,0,0,NA,NA,NA
"947","ENST00000611400.4","ENSG00000164081.13","OTTHUMG00000156901.2","-","TEX264-215","TEX264",1488,"protein_coding",1374,71,0.906684101,"GGACT",0.577464789,NA,NA,NA,NA,NA,NA,NA,NA,NA,0,0,0,NA,NA,NA
"948","ENST00000611779.4","ENSG00000213977.8","OTTHUMG00000090701.3","-","TAX1BP3-202","TAX1BP3",1302,"protein_coding",649,24,0.904755592,"GGACA",0.5,NA,NA,NA,NA,NA,NA,NA,NA,NA,0,0,0,NA,NA,NA
"949","ENST00000613183.1","ENSG00000066697.15","OTTHUMG00000020365.3","-","MSANTD3-206","MSANTD3",1755,"protein_coding",1011,22,0.965519667,"AGACT",0.863636364,NA,NA,NA,NA,NA,NA,NA,NA,NA,0,0,0,NA,NA,NA
"950","ENST00000613322.4","ENSG00000042286.15","OTTHUMG00000018398.3","-","AIFM2-204","AIFM2",3247,"protein_coding",1384,47,0.951973796,"GGACT",0.659574468,NA,NA,NA,NA,NA,NA,NA,NA,NA,0,0,0,NA,NA,NA
"951","ENST00000614363.4","ENSG00000204387.14","OTTHUMG00000031175.4","-","SNHG32-209","SNHG32",748,"lncRNA",573,74,0.963954329,"GAACT",0.567567568,NA,NA,NA,NA,NA,NA,NA,NA,NA,0,0,0,NA,NA,NA
"952","ENST00000614830.5","ENSG00000048162.22","OTTHUMG00000163186.5","OTTHUMT00000371963.3","NOP16-207","NOP16",881,"protein_coding",762,181,0.916591883,"GAACT",0.569060773,NA,NA,NA,NA,NA,NA,NA,NA,NA,0,0,0,NA,NA,NA
"953","ENST00000614851.4","ENSG00000262919.8","OTTHUMG00000024206.8","OTTHUMT00000060990.5","CCNQ-206","CCNQ",1006,"nonsense_mediated_decay",675,21,0.945812643,"GGACT",0.571428571,NA,NA,NA,NA,NA,NA,NA,NA,NA,0,0,0,NA,NA,NA
"954","ENST00000614851.4","ENSG00000262919.8","OTTHUMG00000024206.8","OTTHUMT00000060990.5","CCNQ-206","CCNQ",1006,"nonsense_mediated_decay",907,22,0.962045312,"AGACT",0.5,NA,NA,NA,NA,NA,NA,NA,NA,NA,0,0,0,NA,NA,NA
"955","ENST00000614867.2","ENSG00000172270.22","OTTHUMG00000177718.19","OTTHUMT00000474399.1","BSG-214","BSG",960,"protein_coding",711,150,0.949249327,"GGACT",0.56,NA,NA,NA,NA,NA,NA,NA,NA,NA,0,0,0,NA,NA,NA
"956","ENST00000615060.5","ENSG00000156508.19","OTTHUMG00000015031.7","-","EEF1A1-212","EEF1A1",3694,"protein_coding",1708,2647,0.912989199,"GAACT",0.606724594,NA,NA,NA,NA,NA,NA,NA,NA,NA,0,0,0,NA,NA,NA
"957","ENST00000615060.5","ENSG00000156508.19","OTTHUMG00000015031.7","-","EEF1A1-212","EEF1A1",3694,"protein_coding",1749,2507,0.925973535,"AGACT",0.551655365,NA,NA,NA,NA,NA,NA,NA,NA,NA,0,0,0,NA,NA,NA
"958","ENST00000615116.1","ENSG00000171222.11","OTTHUMG00000032370.2","-","SCAND1-203","SCAND1",1371,"protein_coding",1285,126,0.99078989,"GGACT",0.777777778,NA,NA,NA,NA,NA,NA,NA,NA,NA,0,0,0,NA,NA,NA
"959","ENST00000615544.5","ENSG00000184009.13","OTTHUMG00000177955.9","-","ACTG1-215","ACTG1",1895,"protein_coding",1185,145,0.972202539,"GGACT",0.703448276,NA,NA,NA,NA,NA,NA,NA,NA,NA,0,0,0,NA,NA,NA
"960","ENST00000618006.4","ENSG00000172270.22","OTTHUMG00000177718.19","OTTHUMT00000474398.3","BSG-215","BSG",1329,"protein_coding",1080,207,0.942982018,"GGACT",0.570048309,NA,NA,NA,NA,NA,NA,NA,NA,NA,0,0,0,NA,NA,NA
"961","ENST00000618112.4","ENSG00000172270.22","OTTHUMG00000177718.19","-","BSG-216","BSG",1519,"nonsense_mediated_decay",1294,131,0.943843782,"GGACT",0.572519084,NA,NA,NA,NA,NA,NA,NA,NA,NA,0,0,0,NA,NA,NA
"962","ENST00000618590.1","ENSG00000164978.18","OTTHUMG00000019817.4","-","NUDT2-204","NUDT2",825,"protein_coding",523,26,0.947050333,"GGACA",0.461538462,NA,NA,NA,NA,NA,NA,NA,NA,NA,0,0,0,NA,NA,NA
"963","ENST00000618911.4","ENSG00000048162.22","OTTHUMG00000163186.5","-","NOP16-209","NOP16",1087,"protein_coding",1003,121,0.922311425,"GAACT",0.578512397,NA,NA,NA,NA,NA,NA,NA,NA,NA,0,0,0,NA,NA,NA
"964","ENST00000619548.1","ENSG00000278845.5","OTTHUMG00000188489.2","-","MRPL45-204","MRPL45",1554,"protein_coding",1128,20,0.993353903,"GGACA",0.85,NA,NA,NA,NA,NA,NA,NA,NA,NA,0,0,0,NA,NA,NA
"965","ENST00000619858.1","ENSG00000277972.2","OTTHUMG00000188500.2","OTTHUMT00000477445.1","CISD3-206","CISD3",2326,"retained_intron",833,87,0.902439475,"AGACT",0.597701149,NA,NA,NA,NA,NA,NA,NA,NA,NA,0,0,0,NA,NA,NA
"966","ENST00000620088.4","ENSG00000262919.8","OTTHUMG00000024206.8","OTTHUMT00000060987.4","CCNQ-207","CCNQ",1160,"nonsense_mediated_decay",834,26,0.964548349,"GGACT",0.653846154,NA,NA,NA,NA,NA,NA,NA,NA,NA,0,0,0,NA,NA,NA
"967","ENST00000620088.4","ENSG00000262919.8","OTTHUMG00000024206.8","OTTHUMT00000060987.4","CCNQ-207","CCNQ",1160,"nonsense_mediated_decay",1066,25,0.966370106,"AGACT",0.52,NA,NA,NA,NA,NA,NA,NA,NA,NA,0,0,0,NA,NA,NA
"968","ENST00000620440.4","ENSG00000185164.15","OTTHUMG00000131366.2","-","NOMO2-210","NOMO2",1360,"protein_coding",1055,23,0.925142825,"GGACC",0.608695652,NA,NA,NA,NA,NA,NA,NA,NA,NA,0,0,0,NA,NA,NA
"969","ENST00000621420.5","ENSG00000153037.15","OTTHUMG00000186064.6","OTTHUMT00000488541.2","SRP19-212","SRP19",1270,"protein_coding",522,107,0.951871574,"GAACT",0.644859813,NA,NA,NA,NA,NA,NA,NA,NA,NA,0,0,0,NA,NA,NA
"970","ENST00000621420.5","ENSG00000153037.15","OTTHUMG00000186064.6","OTTHUMT00000488541.2","SRP19-212","SRP19",1270,"protein_coding",677,104,0.942521513,"GGACT",0.721153846,NA,NA,NA,NA,NA,NA,NA,NA,NA,0,0,0,NA,NA,NA
"971","ENST00000621444.4","ENSG00000048162.22","OTTHUMG00000163186.5","OTTHUMT00000371964.5","NOP16-210","NOP16",954,"protein_coding",835,141,0.919528306,"GAACT",0.595744681,NA,NA,NA,NA,NA,NA,NA,NA,NA,0,0,0,NA,NA,NA
"972","ENST00000621592.8","ENSG00000136997.22","OTTHUMG00000128475.10","OTTHUMT00000250277.8","MYC-206","MYC",3721,"protein_coding",1660,41,0.918618143,"GGACT",0.658536585,NA,NA,NA,NA,NA,NA,NA,NA,NA,0,0,0,NA,NA,NA
"973","ENST00000621592.8","ENSG00000136997.22","OTTHUMG00000128475.10","OTTHUMT00000250277.8","MYC-206","MYC",3721,"protein_coding",1840,45,0.942585588,"AGACT",0.6,NA,NA,NA,NA,NA,NA,NA,NA,NA,0,0,0,NA,NA,NA
"974","ENST00000621592.8","ENSG00000136997.22","OTTHUMG00000128475.10","OTTHUMT00000250277.8","MYC-206","MYC",3721,"protein_coding",1880,45,0.938544393,"GGACT",0.844444444,NA,NA,NA,NA,NA,NA,NA,NA,NA,0,0,0,NA,NA,NA
"975","ENST00000621629.4","ENSG00000262919.8","OTTHUMG00000024206.8","OTTHUMT00000060996.2","CCNQ-208","CCNQ",1220,"nonsense_mediated_decay",894,46,0.944005072,"GGACT",0.652173913,NA,NA,NA,NA,NA,NA,NA,NA,NA,0,0,0,NA,NA,NA
"976","ENST00000621629.4","ENSG00000262919.8","OTTHUMG00000024206.8","OTTHUMT00000060996.2","CCNQ-208","CCNQ",1220,"nonsense_mediated_decay",1126,45,0.905097425,"AGACT",0.466666667,NA,NA,NA,NA,NA,NA,NA,NA,NA,0,0,0,NA,NA,NA
"977","ENST00000621632.5","ENSG00000089737.19","OTTHUMG00000171301.3","OTTHUMT00000412861.3","DDX24-208","DDX24",5573,"protein_coding",2688,21,0.919133544,"TGACT",0.666666667,NA,NA,NA,NA,NA,NA,NA,NA,NA,0,0,0,NA,NA,NA
"978","ENST00000621943.4","ENSG00000066322.15","OTTHUMG00000007422.3","-","ELOVL1-216","ELOVL1",1625,"protein_coding",1218,49,0.954729378,"GGACT",0.755102041,NA,NA,NA,NA,NA,NA,NA,NA,NA,0,0,0,NA,NA,NA
"979","ENST00000622306.5","ENSG00000185164.15","OTTHUMG00000131366.2","-","NOMO2-212","NOMO2",4235,"protein_coding",3932,23,0.966409922,"GGACC",0.652173913,NA,NA,NA,NA,NA,NA,NA,NA,NA,0,0,0,NA,NA,NA
"980","ENST00000622602.2","ENSG00000256537.5","OTTHUMG00000168565.4","OTTHUMT00000474483.3","SMIM10L1-201","SMIM10L1",4823,"protein_coding",585,23,0.97888732,"GAACT",0.652173913,NA,NA,NA,NA,NA,NA,NA,NA,NA,0,0,0,NA,NA,NA
"981","ENST00000622602.2","ENSG00000256537.5","OTTHUMG00000168565.4","OTTHUMT00000474483.3","SMIM10L1-201","SMIM10L1",4823,"protein_coding",745,28,0.91938585,"GGACT",0.607142857,NA,NA,NA,NA,NA,NA,NA,NA,NA,0,0,0,NA,NA,NA
"982","ENST00000622639.4","ENSG00000066697.15","OTTHUMG00000020365.3","-","MSANTD3-207","MSANTD3",1748,"protein_coding",1004,22,0.965290904,"AGACT",0.863636364,NA,NA,NA,NA,NA,NA,NA,NA,NA,0,0,0,NA,NA,NA
"983","ENST00000623691.3","ENSG00000169727.14","OTTHUMG00000178484.3","OTTHUMT00000478893.1","GPS1-226","GPS1",1839,"protein_coding",1547,23,0.933596969,"GGACC",0.47826087,NA,NA,NA,NA,NA,NA,NA,NA,NA,0,0,0,NA,NA,NA
"984","ENST00000626257.2","ENSG00000146574.16","OTTHUMG00000152441.3","-","CCZ1B-215","CCZ1B",2211,"protein_coding",2009,130,0.943465889,"GGACT",0.692307692,NA,NA,NA,NA,NA,NA,NA,NA,NA,0,0,0,NA,NA,NA
"985","ENST00000627144.2","ENSG00000214046.9","OTTHUMG00000149895.3","-","SMIM7-221","SMIM7",2171,"protein_coding",967,20,0.940906346,"GGACA",0.6,NA,NA,NA,NA,NA,NA,NA,NA,NA,0,0,0,NA,NA,NA
"986","ENST00000628813.2","ENSG00000122674.12","OTTHUMG00000155502.2","-","CCZ1-207","CCZ1",2218,"protein_coding",1436,130,0.934842706,"GGACT",0.669230769,NA,NA,NA,NA,NA,NA,NA,NA,NA,0,0,0,NA,NA,NA
"987","ENST00000630539.1","ENSG00000049656.14","OTTHUMG00000131015.5","-","CLPTM1L-216","CLPTM1L",2032,"protein_coding",1670,88,0.955319822,"GGACA",0.704545455,NA,NA,NA,NA,NA,NA,NA,NA,NA,0,0,0,NA,NA,NA
"988","ENST00000630539.1","ENSG00000049656.14","OTTHUMG00000131015.5","-","CLPTM1L-216","CLPTM1L",2032,"protein_coding",1957,96,0.958566666,"GGACT",0.84375,NA,NA,NA,NA,NA,NA,NA,NA,NA,0,0,0,NA,NA,NA
"989","ENST00000637233.1","ENSG00000283515.1","OTTHUMG00000183459.2","OTTHUMT00000488725.1","ENST00000637233","ENSG00000283515",3042,"nonsense_mediated_decay",2770,20,0.951712251,"AAACT",0.7,NA,NA,NA,NA,NA,NA,NA,NA,NA,0,0,0,NA,NA,NA
"990","ENST00000638475.1","ENSG00000153187.21","OTTHUMG00000040396.17","OTTHUMT00000492377.1","HNRNPU-214","HNRNPU",2698,"protein_coding",2204,22,0.936029911,"GAACT",0.5,NA,NA,NA,NA,NA,NA,NA,NA,NA,0,0,0,NA,NA,NA
"991","ENST00000638716.1","ENSG00000153187.21","OTTHUMG00000040396.17","OTTHUMT00000492369.1","HNRNPU-216","HNRNPU",2640,"protein_coding",1674,30,0.963377178,"GAACT",0.566666667,NA,NA,NA,NA,NA,NA,NA,NA,NA,0,0,0,NA,NA,NA
"992","ENST00000638952.1","ENSG00000153187.21","OTTHUMG00000040396.17","OTTHUMT00000492372.2","HNRNPU-217","HNRNPU",5678,"retained_intron",4712,27,0.971858501,"GAACT",0.62962963,NA,NA,NA,NA,NA,NA,NA,NA,NA,0,0,0,NA,NA,NA
"993","ENST00000639628.2","ENSG00000153187.21","OTTHUMG00000040396.17","OTTHUMT00000097165.3","HNRNPU-219","HNRNPU",7674,"protein_coding",3538,29,0.986187637,"GAACT",0.655172414,NA,NA,NA,NA,NA,NA,NA,NA,NA,0,0,0,NA,NA,NA
"994","ENST00000640218.2","ENSG00000153187.21","OTTHUMG00000040396.17","OTTHUMT00000097163.5","HNRNPU-226","HNRNPU",6867,"protein_coding",2731,34,0.966029942,"GAACT",0.617647059,NA,NA,NA,NA,NA,NA,NA,NA,NA,0,0,0,NA,NA,NA
"995","ENST00000641834.2","ENSG00000293495.1","-","OTTHUMT00000464108.1","C19orf48P-214","C19orf48P",1735,"lncRNA",864,22,0.98474133,"GGACA",0.636363636,NA,NA,NA,NA,NA,NA,NA,NA,NA,0,0,0,NA,NA,NA
"996","ENST00000641834.2","ENSG00000293495.1","-","OTTHUMT00000464108.1","C19orf48P-214","C19orf48P",1735,"lncRNA",926,28,0.974726081,"GGACA",0.678571429,NA,NA,NA,NA,NA,NA,NA,NA,NA,0,0,0,NA,NA,NA
"997","ENST00000641834.2","ENSG00000293495.1","-","OTTHUMT00000464108.1","C19orf48P-214","C19orf48P",1735,"lncRNA",1073,36,0.948159635,"GGACC",0.5,NA,NA,NA,NA,NA,NA,NA,NA,NA,0,0,0,NA,NA,NA
"998","ENST00000641834.2","ENSG00000293495.1","-","OTTHUMT00000464108.1","C19orf48P-214","C19orf48P",1735,"lncRNA",1255,117,0.95203197,"GGACA",0.623931624,NA,NA,NA,NA,NA,NA,NA,NA,NA,0,0,0,NA,NA,NA
"999","ENST00000642195.1","ENSG00000171453.20","OTTHUMG00000014739.13","OTTHUMT00000040652.4","POLR1C-210","POLR1C",1275,"protein_coding",1120,79,0.921807349,"GGACT",0.607594937,NA,NA,NA,NA,NA,NA,NA,NA,NA,0,0,0,NA,NA,NA
"1000","ENST00000643098.1","ENSG00000124570.21","OTTHUMG00000016170.12","OTTHUMT00000043425.2","SERPINB6-209","SERPINB6",1638,"protein_coding",1241,43,0.92656666,"TGACT",0.465116279,NA,NA,NA,NA,NA,NA,NA,NA,NA,0,0,0,NA,NA,NA
"1001","ENST00000643314.1","ENSG00000124570.21","OTTHUMG00000016170.12","OTTHUMT00000043422.1","SERPINB6-211","SERPINB6",3265,"retained_intron",2868,33,0.930197716,"TGACT",0.424242424,NA,NA,NA,NA,NA,NA,NA,NA,NA,0,0,0,NA,NA,NA
"1002","ENST00000644178.1","ENSG00000124570.21","OTTHUMG00000016170.12","OTTHUMT00000496532.1","SERPINB6-212","SERPINB6",5620,"protein_coding",5227,32,0.923663557,"TGACT",0.46875,NA,NA,NA,NA,NA,NA,NA,NA,NA,0,0,0,NA,NA,NA
"1003","ENST00000645141.1","ENSG00000171453.20","OTTHUMG00000014739.13","OTTHUMT00000496343.1","POLR1C-213","POLR1C",1334,"nonsense_mediated_decay",1179,78,0.920479059,"GGACT",0.602564103,NA,NA,NA,NA,NA,NA,NA,NA,NA,0,0,0,NA,NA,NA
"1004","ENST00000645878.1","ENSG00000177697.19","OTTHUMG00000133311.10","OTTHUMT00000494212.1","CD151-223","CD151",1857,"retained_intron",944,21,0.983319342,"GGACT",0.761904762,NA,NA,NA,NA,NA,NA,NA,NA,NA,0,0,0,NA,NA,NA
"1005","ENST00000646188.1","ENSG00000171453.20","OTTHUMG00000014739.13","OTTHUMT00000495091.1","POLR1C-214","POLR1C",1221,"protein_coding",1192,40,0.946311533,"GGACT",0.675,258,87,876,1,258,259,1133,1134,1220,0,0,1,NA,NA,0.666666666666667
"1006","ENST00000646188.1","ENSG00000171453.20","OTTHUMG00000014739.13","OTTHUMT00000495091.1","POLR1C-214","POLR1C",1221,"protein_coding",1217,32,0.97204417,"TGACT",0.53125,258,87,876,1,258,259,1133,1134,1220,0,0,1,NA,NA,0.954022988505747
"1007","ENST00000647960.1","ENSG00000285854.1","OTTHUMG00000193384.2","OTTHUMT00000501285.1","ENST00000647960","ENSG00000285854",3765,"nonsense_mediated_decay",714,21,0.91079092,"GAACT",0.619047619,54,2865,846,1,54,55,899,900,3764,0,1,0,NA,0.780141843971631,NA
"1008","ENST00000648161.1","ENSG00000100138.15","OTTHUMG00000151189.9","OTTHUMT00000497945.1","SNU13-208","SNU13",1340,"protein_coding_CDS_not_defined",1181,20,0.971093595,"GGACT",0.85,NA,NA,NA,NA,NA,NA,NA,NA,NA,0,0,0,NA,NA,NA
"1009","ENST00000648267.1","ENSG00000143612.21","OTTHUMG00000035981.5","OTTHUMT00000498735.2","C1orf43-211","C1orf43",1760,"nonsense_mediated_decay",1015,49,0.975842118,"GGACT",0.714285714,NA,NA,NA,NA,NA,NA,NA,NA,NA,0,0,0,NA,NA,NA
"1010","ENST00000648328.1","ENSG00000272047.4","OTTHUMG00000015906.4","OTTHUMT00000499667.2","GTF2H5-202","GTF2H5",1102,"protein_coding",539,53,0.918212891,"GAACT",0.528301887,NA,NA,NA,NA,NA,NA,NA,NA,NA,0,0,0,NA,NA,NA
"1011","ENST00000648677.1","ENSG00000204387.14","OTTHUMG00000031175.4","OTTHUMT00000076333.1","SNHG32-210","SNHG32",712,"lncRNA",542,57,0.969967663,"GAACT",0.578947368,NA,NA,NA,NA,NA,NA,NA,NA,NA,0,0,0,NA,NA,NA
"1012","ENST00000649899.1","ENSG00000153187.21","OTTHUMG00000040396.17","OTTHUMT00000500955.1","HNRNPU-231","HNRNPU",13084,"retained_intron",2662,21,0.975218952,"GAACT",0.571428571,NA,NA,NA,NA,NA,NA,NA,NA,NA,0,0,0,NA,NA,NA
"1013","ENST00000650182.1","ENSG00000163956.13","OTTHUMG00000090299.8","OTTHUMT00000206659.6","LRPAP1-205","LRPAP1",10446,"protein_coding",1298,114,0.930784047,"TGACT",0.543859649,NA,NA,NA,NA,NA,NA,NA,NA,NA,0,0,0,NA,NA,NA
"1014","ENST00000650204.1","ENSG00000285725.1","OTTHUMG00000193353.1","OTTHUMT00000500898.1","ENST00000650204","ENSG00000285725",1910,"lncRNA",1628,26,0.956016481,"TGACT",0.5,NA,NA,NA,NA,NA,NA,NA,NA,NA,0,0,0,NA,NA,NA
"1015","ENST00000651284.1","ENSG00000257921.6","OTTHUMG00000170460.4","OTTHUMT00000501939.1","ENST00000651284","ENSG00000257921",2246,"nonsense_mediated_decay",1137,27,0.9672876,"AGACT",0.555555556,NA,NA,NA,NA,NA,NA,NA,NA,NA,0,0,0,NA,NA,NA
"1016","ENST00000651284.1","ENSG00000257921.6","OTTHUMG00000170460.4","OTTHUMT00000501939.1","ENST00000651284","ENSG00000257921",2246,"nonsense_mediated_decay",1284,28,0.972061038,"AGACT",0.857142857,NA,NA,NA,NA,NA,NA,NA,NA,NA,0,0,0,NA,NA,NA
"1017","ENST00000651284.1","ENSG00000257921.6","OTTHUMG00000170460.4","OTTHUMT00000501939.1","ENST00000651284","ENSG00000257921",2246,"nonsense_mediated_decay",1322,25,0.933321416,"GGACA",0.44,NA,NA,NA,NA,NA,NA,NA,NA,NA,0,0,0,NA,NA,NA
"1018","ENST00000651626.1","ENSG00000136997.22","OTTHUMG00000128475.10","OTTHUMT00000502391.1","MYC-209","MYC",1957,"protein_coding",1593,21,0.934068203,"AGACT",0.571428571,NA,NA,NA,NA,NA,NA,NA,NA,NA,0,0,0,NA,NA,NA
"1019","ENST00000651899.1","ENSG00000123297.20","OTTHUMG00000153042.13","OTTHUMT00000501940.1","TSFM-211","TSFM",1085,"nonsense_mediated_decay",797,26,0.964625061,"AGACT",0.538461538,NA,NA,NA,NA,NA,NA,NA,NA,NA,0,0,0,NA,NA,NA
"1020","ENST00000651899.1","ENSG00000123297.20","OTTHUMG00000153042.13","OTTHUMT00000501940.1","TSFM-211","TSFM",1085,"nonsense_mediated_decay",944,28,0.976144612,"AGACT",0.857142857,NA,NA,NA,NA,NA,NA,NA,NA,NA,0,0,0,NA,NA,NA
"1021","ENST00000651899.1","ENSG00000123297.20","OTTHUMG00000153042.13","OTTHUMT00000501940.1","TSFM-211","TSFM",1085,"nonsense_mediated_decay",982,25,0.924140394,"GGACA",0.4,NA,NA,NA,NA,NA,NA,NA,NA,NA,0,0,0,NA,NA,NA
"1022","ENST00000652027.2","ENSG00000123297.20","OTTHUMG00000153042.13","OTTHUMT00000501942.1","TSFM-212","TSFM",1997,"protein_coding",855,27,0.965364277,"AGACT",0.555555556,NA,NA,NA,NA,NA,NA,NA,NA,NA,0,0,0,NA,NA,NA
"1023","ENST00000652027.2","ENSG00000123297.20","OTTHUMG00000153042.13","OTTHUMT00000501942.1","TSFM-212","TSFM",1997,"protein_coding",1002,28,0.973541379,"AGACT",0.857142857,NA,NA,NA,NA,NA,NA,NA,NA,NA,0,0,0,NA,NA,NA
"1024","ENST00000652027.2","ENSG00000123297.20","OTTHUMG00000153042.13","OTTHUMT00000501942.1","TSFM-212","TSFM",1997,"protein_coding",1040,25,0.929216743,"GGACA",0.44,NA,NA,NA,NA,NA,NA,NA,NA,NA,0,0,0,NA,NA,NA
"1025","ENST00000652288.1","ENSG00000136997.22","OTTHUMG00000128475.10","OTTHUMT00000502392.1","MYC-210","MYC",1877,"protein_coding",1513,23,0.930237055,"AGACT",0.608695652,NA,NA,NA,NA,NA,NA,NA,NA,NA,0,0,0,NA,NA,NA
"1026","ENST00000652332.1","ENSG00000155660.11","OTTHUMG00000150248.4","OTTHUMT00000317077.2","PDIA4-204","PDIA4",2767,"protein_coding",2211,37,0.983616531,"TGACT",0.72972973,NA,NA,NA,NA,NA,NA,NA,NA,NA,0,0,0,NA,NA,NA
"1027","ENST00000652514.1","ENSG00000126088.14","OTTHUMG00000008949.7","OTTHUMT00000502778.1","UROD-227","UROD",1142,"nonsense_mediated_decay",1004,20,0.908032835,"GAACA",0.65,NA,NA,NA,NA,NA,NA,NA,NA,NA,0,0,0,NA,NA,NA
"1028","ENST00000652630.1","ENSG00000153879.9","OTTHUMG00000180469.5","OTTHUMT00000498796.2","CEBPG-203","CEBPG",2810,"nonsense_mediated_decay",753,71,0.997531474,"GGACA",0.788732394,NA,NA,NA,NA,NA,NA,NA,NA,NA,0,0,0,NA,NA,NA
"1029","ENST00000652630.1","ENSG00000153879.9","OTTHUMG00000180469.5","OTTHUMT00000498796.2","CEBPG-203","CEBPG",2810,"nonsense_mediated_decay",859,75,0.912049174,"TGACT",0.533333333,NA,NA,NA,NA,NA,NA,NA,NA,NA,0,0,0,NA,NA,NA
"1030","ENST00000653276.1","ENSG00000233016.9","OTTHUMG00000020949.5","OTTHUMT00000514410.2","SNHG7-205","SNHG7",1123,"lncRNA",788,58,0.932397306,"GAACT",0.655172414,NA,NA,NA,NA,NA,NA,NA,NA,NA,0,0,0,NA,NA,NA
"1031","ENST00000653677.2","ENSG00000163597.17","OTTHUMG00000132201.6","OTTHUMT00000526038.1","SNHG16-209","SNHG16",2536,"lncRNA",532,25,0.973157346,"GGACT",0.72,NA,NA,NA,NA,NA,NA,NA,NA,NA,0,0,0,NA,NA,NA
"1032","ENST00000670737.3","ENSG00000163597.17","OTTHUMG00000132201.6","OTTHUMT00000516713.1","SNHG16-213","SNHG16",2564,"lncRNA",559,24,0.978108883,"GGACT",0.75,NA,NA,NA,NA,NA,NA,NA,NA,NA,0,0,0,NA,NA,NA
"1033","ENST00000673047.2","ENSG00000111716.14","OTTHUMG00000133760.5","OTTHUMT00000505307.1","LDHB-211","LDHB",1303,"protein_coding",356,384,0.969443738,"TGACT",0.755208333,NA,NA,NA,NA,NA,NA,NA,NA,NA,0,0,0,NA,NA,NA
"1034","ENST00000674629.1","ENSG00000134684.13","OTTHUMG00000003933.2","-","YARS1-211","YARS1",2075,"nonsense_mediated_decay",1491,23,0.985927761,"GGACT",0.826086957,NA,NA,NA,NA,NA,NA,NA,NA,NA,0,0,0,NA,NA,NA
"1035","ENST00000674743.1","ENSG00000142871.18","OTTHUMG00000010577.2","-","CCN1-203","CCN1",2446,"retained_intron",1740,122,0.935226917,"GGACA",0.516393443,NA,NA,NA,NA,NA,NA,NA,NA,NA,0,0,0,NA,NA,NA
"1036","ENST00000674818.1","ENSG00000142871.18","OTTHUMG00000010577.2","-","CCN1-204","CCN1",3080,"retained_intron",1715,129,0.940811753,"GGACA",0.527131783,NA,NA,NA,NA,NA,NA,NA,NA,NA,0,0,0,NA,NA,NA
"1037","ENST00000675083.1","ENSG00000142871.18","OTTHUMG00000010577.2","-","CCN1-205","CCN1",1868,"nonsense_mediated_decay",1162,128,0.934075415,"GGACA",0.5234375,NA,NA,NA,NA,NA,NA,NA,NA,NA,0,0,0,NA,NA,NA
"1038","ENST00000676007.1","ENSG00000142871.18","OTTHUMG00000010577.2","-","CCN1-206","CCN1",1957,"retained_intron",1528,89,0.920824945,"GGACA",0.505617978,NA,NA,NA,NA,NA,NA,NA,NA,NA,0,0,0,NA,NA,NA
"1039","ENST00000676297.1","ENSG00000134684.13","OTTHUMG00000003933.2","-","YARS1-214","YARS1",3263,"nonsense_mediated_decay",2657,21,0.975573301,"GGACT",0.80952381,125,2481,657,1,125,126,781,782,3262,0,0,1,NA,NA,0.755743651753325
"1040","ENST00000676322.1","ENSG00000147224.13","OTTHUMG00000022167.3","-","PRPS1-224","PRPS1",1032,"nonsense_mediated_decay",955,28,0.90263927,"GAACT",0.607142857,NA,NA,NA,NA,NA,NA,NA,NA,NA,0,0,0,NA,NA,NA
"1041","ENST00000676496.1","ENSG00000215021.10","OTTHUMG00000168519.5","-","PHB2-215","PHB2",1391,"nonsense_mediated_decay",799,52,0.996491194,"GGACT",0.846153846,NA,NA,NA,NA,NA,NA,NA,NA,NA,0,0,0,NA,NA,NA
"1042","ENST00000676496.1","ENSG00000215021.10","OTTHUMG00000168519.5","-","PHB2-215","PHB2",1391,"nonsense_mediated_decay",824,303,0.994237065,"GGACA",0.663366337,NA,NA,NA,NA,NA,NA,NA,NA,NA,0,0,0,NA,NA,NA
"1043","ENST00000676710.1","ENSG00000156508.19","OTTHUMG00000015031.7","-","EEF1A1-214","EEF1A1",1790,"protein_coding",1554,2632,0.906434596,"GAACT",0.60600304,NA,NA,NA,NA,NA,NA,NA,NA,NA,0,0,0,NA,NA,NA
"1044","ENST00000676710.1","ENSG00000156508.19","OTTHUMG00000015031.7","-","EEF1A1-214","EEF1A1",1790,"protein_coding",1595,2496,0.92574811,"AGACT",0.55088141,NA,NA,NA,NA,NA,NA,NA,NA,NA,0,0,0,NA,NA,NA
"1045","ENST00000676989.1","ENSG00000247596.10","OTTHUMG00000158105.4","-","TWF2-207","TWF2",1579,"nonsense_mediated_decay",1207,29,0.95194298,"GGACT",0.724137931,NA,NA,NA,NA,NA,NA,NA,NA,NA,0,0,0,NA,NA,NA
"1046","ENST00000677236.1","ENSG00000156508.19","OTTHUMG00000015031.7","-","EEF1A1-216","EEF1A1",1823,"protein_coding",1591,2652,0.916783094,"GAACT",0.619909502,NA,NA,NA,NA,NA,NA,NA,NA,NA,0,0,0,NA,NA,NA
"1047","ENST00000677236.1","ENSG00000156508.19","OTTHUMG00000015031.7","-","EEF1A1-216","EEF1A1",1823,"protein_coding",1632,2528,0.924175441,"AGACT",0.554193038,NA,NA,NA,NA,NA,NA,NA,NA,NA,0,0,0,NA,NA,NA
"1048","ENST00000677508.1","ENSG00000170144.22","OTTHUMG00000132529.11","-","HNRNPA3-214","HNRNPA3",5953,"retained_intron",1613,25,0.922450006,"GGACT",0.56,NA,NA,NA,NA,NA,NA,NA,NA,NA,0,0,0,NA,NA,NA
"1049","ENST00000677552.1","ENSG00000079785.16","OTTHUMG00000090593.6","-","DDX1-216","DDX1",2499,"nonsense_mediated_decay",2080,20,0.918235481,"GAACT",0.65,NA,NA,NA,NA,NA,NA,NA,NA,NA,0,0,0,NA,NA,NA
"1050","ENST00000677703.1","ENSG00000115053.17","OTTHUMG00000153866.4","-","NCL-215","NCL",2268,"retained_intron",1866,21,0.920639098,"GGACT",0.523809524,NA,NA,NA,NA,NA,NA,NA,NA,NA,0,0,0,NA,NA,NA
"1051","ENST00000677912.1","ENSG00000103226.19","OTTHUMG00000177317.23","-","NOMO3-224","NOMO3",4390,"nonsense_mediated_decay",4084,25,0.966898322,"GGACC",0.68,NA,NA,NA,NA,NA,NA,NA,NA,NA,0,0,0,NA,NA,NA
"1052","ENST00000678016.1","ENSG00000179958.10","OTTHUMG00000132416.5","-","DCTPP1-206","DCTPP1",1024,"protein_coding",451,101,0.967449248,"GGACA",0.623762376,NA,NA,NA,NA,NA,NA,NA,NA,NA,0,0,0,NA,NA,NA
"1053","ENST00000678016.1","ENSG00000179958.10","OTTHUMG00000132416.5","-","DCTPP1-206","DCTPP1",1024,"protein_coding",504,132,0.919121027,"GGACT",0.666666667,NA,NA,NA,NA,NA,NA,NA,NA,NA,0,0,0,NA,NA,NA
"1054","ENST00000678116.1","ENSG00000105889.16","OTTHUMG00000193419.2","-","STEAP1B-210","STEAP1B",1261,"protein_coding",1081,31,0.9763273,"GGACT",0.64516129,NA,NA,NA,NA,NA,NA,NA,NA,NA,0,0,0,NA,NA,NA
"1055","ENST00000678352.1","ENSG00000247596.10","OTTHUMG00000158105.4","-","TWF2-211","TWF2",1531,"retained_intron",1138,34,0.94183594,"GGACT",0.676470588,NA,NA,NA,NA,NA,NA,NA,NA,NA,0,0,0,NA,NA,NA
"1056","ENST00000678508.1","ENSG00000156508.19","OTTHUMG00000015031.7","-","EEF1A1-219","EEF1A1",1778,"protein_coding",1542,2659,0.908507347,"GAACT",0.617901467,NA,NA,NA,NA,NA,NA,NA,NA,NA,0,0,0,NA,NA,NA
"1057","ENST00000678508.1","ENSG00000156508.19","OTTHUMG00000015031.7","-","EEF1A1-219","EEF1A1",1778,"protein_coding",1583,2529,0.920764506,"AGACT",0.540925267,NA,NA,NA,NA,NA,NA,NA,NA,NA,0,0,0,NA,NA,NA
"1058","ENST00000678549.1","ENSG00000247596.10","OTTHUMG00000158105.4","-","TWF2-212","TWF2",1558,"nonsense_mediated_decay",1186,33,0.939030945,"GGACT",0.696969697,NA,NA,NA,NA,NA,NA,NA,NA,NA,0,0,0,NA,NA,NA
"1059","ENST00000678702.1","ENSG00000156508.19","OTTHUMG00000015031.7","-","EEF1A1-221","EEF1A1",1821,"protein_coding",1589,2704,0.913588583,"GAACT",0.617233728,NA,NA,NA,NA,NA,NA,NA,NA,NA,0,0,0,NA,NA,NA
"1060","ENST00000678702.1","ENSG00000156508.19","OTTHUMG00000015031.7","-","EEF1A1-221","EEF1A1",1821,"protein_coding",1630,2543,0.920821607,"AGACT",0.534801416,NA,NA,NA,NA,NA,NA,NA,NA,NA,0,0,0,NA,NA,NA
"1061","ENST00000678703.1","ENSG00000156508.19","OTTHUMG00000015031.7","-","EEF1A1-222","EEF1A1",1731,"protein_coding",1502,2730,0.917431951,"GAACT",0.615384615,NA,NA,NA,NA,NA,NA,NA,NA,NA,0,0,0,NA,NA,NA
"1062","ENST00000678703.1","ENSG00000156508.19","OTTHUMG00000015031.7","-","EEF1A1-222","EEF1A1",1731,"protein_coding",1543,2585,0.926537871,"AGACT",0.557059961,NA,NA,NA,NA,NA,NA,NA,NA,NA,0,0,0,NA,NA,NA
"1063","ENST00000678761.1","ENSG00000144381.18","OTTHUMG00000154463.5","-","HSPD1-222","HSPD1",2252,"protein_coding",531,21,0.922415137,"GAACT",0.523809524,NA,NA,NA,NA,NA,NA,NA,NA,NA,0,0,0,NA,NA,NA
"1064","ENST00000678828.1","ENSG00000115053.17","OTTHUMG00000153866.4","-","NCL-222","NCL",2666,"protein_coding",2265,24,0.918347836,"GGACT",0.5,NA,NA,NA,NA,NA,NA,NA,NA,NA,0,0,0,NA,NA,NA
"1065","ENST00000678829.1","ENSG00000215021.10","OTTHUMG00000168519.5","-","PHB2-219","PHB2",1282,"nonsense_mediated_decay",302,57,0.993721128,"GGACA",0.649122807,NA,NA,NA,NA,NA,NA,NA,NA,NA,0,0,0,NA,NA,NA
"1066","ENST00000678829.1","ENSG00000215021.10","OTTHUMG00000168519.5","-","PHB2-219","PHB2",1282,"nonsense_mediated_decay",659,34,0.994230449,"GGACT",0.823529412,NA,NA,NA,NA,NA,NA,NA,NA,NA,0,0,0,NA,NA,NA
"1067","ENST00000678829.1","ENSG00000215021.10","OTTHUMG00000168519.5","-","PHB2-219","PHB2",1282,"nonsense_mediated_decay",684,167,0.995644391,"GGACA",0.682634731,NA,NA,NA,NA,NA,NA,NA,NA,NA,0,0,0,NA,NA,NA
"1068","ENST00000678869.1","ENSG00000204386.12","OTTHUMG00000031284.5","-","NEU1-212","NEU1",2338,"retained_intron",1872,21,0.951577008,"GGACT",0.666666667,NA,NA,NA,NA,NA,NA,NA,NA,NA,0,0,0,NA,NA,NA
"1069","ENST00000678869.1","ENSG00000204386.12","OTTHUMG00000031284.5","-","NEU1-212","NEU1",2338,"retained_intron",1926,25,0.985324264,"AGACA",0.84,NA,NA,NA,NA,NA,NA,NA,NA,NA,0,0,0,NA,NA,NA
"1070","ENST00000678869.1","ENSG00000204386.12","OTTHUMG00000031284.5","-","NEU1-212","NEU1",2338,"retained_intron",2001,30,0.981786072,"GGACT",0.833333333,NA,NA,NA,NA,NA,NA,NA,NA,NA,0,0,0,NA,NA,NA
"1071","ENST00000678882.1","ENSG00000247596.10","OTTHUMG00000158105.4","-","TWF2-216","TWF2",1503,"protein_coding_CDS_not_defined",1131,35,0.948127925,"GGACT",0.685714286,NA,NA,NA,NA,NA,NA,NA,NA,NA,0,0,0,NA,NA,NA
"1072","ENST00000679159.1","ENSG00000170144.22","OTTHUMG00000132529.11","-","HNRNPA3-218","HNRNPA3",5697,"nonsense_mediated_decay",1431,32,0.910029769,"GGACT",0.59375,NA,NA,NA,NA,NA,NA,NA,NA,NA,0,0,0,NA,NA,NA
"1073","ENST00000679296.1","ENSG00000247596.10","OTTHUMG00000158105.4","-","TWF2-218","TWF2",1536,"protein_coding",1164,25,0.936633408,"GGACT",0.76,NA,NA,NA,NA,NA,NA,NA,NA,NA,0,0,0,NA,NA,NA
"1074","ENST00000679328.1","ENSG00000170144.22","OTTHUMG00000132529.11","-","HNRNPA3-219","HNRNPA3",1911,"protein_coding",1406,31,0.930016279,"GGACT",0.64516129,NA,NA,NA,NA,NA,NA,NA,NA,NA,0,0,0,NA,NA,NA
"1075","ENST00000679355.1","ENSG00000044574.9","OTTHUMG00000020672.2","-","HSPA5-202","HSPA5",4052,"retained_intron",2358,129,0.984750688,"GGACT",0.891472868,NA,NA,NA,NA,NA,NA,NA,NA,NA,0,0,0,NA,NA,NA
"1076","ENST00000679355.1","ENSG00000044574.9","OTTHUMG00000020672.2","-","HSPA5-202","HSPA5",4052,"retained_intron",2366,151,0.906424344,"GAACT",0.523178808,NA,NA,NA,NA,NA,NA,NA,NA,NA,0,0,0,NA,NA,NA
"1077","ENST00000679355.1","ENSG00000044574.9","OTTHUMG00000020672.2","-","HSPA5-202","HSPA5",4052,"retained_intron",2392,154,0.938704967,"GAACT",0.493506494,NA,NA,NA,NA,NA,NA,NA,NA,NA,0,0,0,NA,NA,NA
"1078","ENST00000679400.1","ENSG00000137267.7","OTTHUMG00000014135.2","-","TUBB2A-203","TUBB2A",1760,"protein_coding_CDS_not_defined",1427,23,0.949374199,"GAACT",0.608695652,NA,NA,NA,NA,NA,NA,NA,NA,NA,0,0,0,NA,NA,NA
"1079","ENST00000679472.1","ENSG00000172270.22","OTTHUMG00000177718.19","-","BSG-217","BSG",1610,"protein_coding",1406,83,0.951677382,"GGACT",0.578313253,NA,NA,NA,NA,NA,NA,NA,NA,NA,0,0,0,NA,NA,NA
"1080","ENST00000679475.1","ENSG00000044574.9","OTTHUMG00000020672.2","-","HSPA5-203","HSPA5",4281,"retained_intron",2587,137,0.98872447,"GGACT",0.905109489,NA,NA,NA,NA,NA,NA,NA,NA,NA,0,0,0,NA,NA,NA
"1081","ENST00000679475.1","ENSG00000044574.9","OTTHUMG00000020672.2","-","HSPA5-203","HSPA5",4281,"retained_intron",2595,164,0.939988554,"GAACT",0.585365854,NA,NA,NA,NA,NA,NA,NA,NA,NA,0,0,0,NA,NA,NA
"1082","ENST00000679475.1","ENSG00000044574.9","OTTHUMG00000020672.2","-","HSPA5-203","HSPA5",4281,"retained_intron",2621,164,0.959498286,"GAACT",0.554878049,NA,NA,NA,NA,NA,NA,NA,NA,NA,0,0,0,NA,NA,NA
"1083","ENST00000679480.1","ENSG00000184009.13","OTTHUMG00000177955.9","-","ACTG1-218","ACTG1",1919,"protein_coding",537,21,0.999950945,"GGACT",0.952380952,NA,NA,NA,NA,NA,NA,NA,NA,NA,0,0,0,NA,NA,NA
"1084","ENST00000679480.1","ENSG00000184009.13","OTTHUMG00000177955.9","-","ACTG1-218","ACTG1",1919,"protein_coding",1209,145,0.972864509,"GGACT",0.717241379,NA,NA,NA,NA,NA,NA,NA,NA,NA,0,0,0,NA,NA,NA
"1085","ENST00000679907.1","ENSG00000137267.7","OTTHUMG00000014135.2","-","TUBB2A-204","TUBB2A",1912,"retained_intron",1759,22,0.953318477,"GAACT",0.590909091,NA,NA,NA,NA,NA,NA,NA,NA,NA,0,0,0,NA,NA,NA
"1086","ENST00000679908.1","ENSG00000168003.19","OTTHUMG00000074091.8","-","SLC3A2-225","SLC3A2",2029,"nonsense_mediated_decay",1858,55,0.939550638,"GGACC",0.454545455,NA,NA,NA,NA,NA,NA,NA,NA,NA,0,0,0,NA,NA,NA
"1087","ENST00000680036.1","ENSG00000137267.7","OTTHUMG00000014135.2","-","TUBB2A-205","TUBB2A",2284,"retained_intron",2153,21,0.962121367,"GAACT",0.666666667,NA,NA,NA,NA,NA,NA,NA,NA,NA,0,0,0,NA,NA,NA
"1088","ENST00000680065.1","ENSG00000172270.22","OTTHUMG00000177718.19","-","BSG-218","BSG",1630,"protein_coding",1406,122,0.960806131,"GGACT",0.56557377,NA,NA,NA,NA,NA,NA,NA,NA,NA,0,0,0,NA,NA,NA
"1089","ENST00000680158.1","ENSG00000166794.6","OTTHUMG00000133018.2","-","PPIB-204","PPIB",1050,"nonsense_mediated_decay",979,542,0.959370017,"GGACT",0.664206642,NA,NA,NA,NA,NA,NA,NA,NA,NA,0,0,0,NA,NA,NA
"1090","ENST00000680257.1","ENSG00000044574.9","OTTHUMG00000020672.2","-","HSPA5-206","HSPA5",4234,"retained_intron",2540,100,0.97899437,"GGACT",0.85,NA,NA,NA,NA,NA,NA,NA,NA,NA,0,0,0,NA,NA,NA
"1091","ENST00000680257.1","ENSG00000044574.9","OTTHUMG00000020672.2","-","HSPA5-206","HSPA5",4234,"retained_intron",2548,116,0.937306285,"GAACT",0.586206897,NA,NA,NA,NA,NA,NA,NA,NA,NA,0,0,0,NA,NA,NA
"1092","ENST00000680257.1","ENSG00000044574.9","OTTHUMG00000020672.2","-","HSPA5-206","HSPA5",4234,"retained_intron",2574,117,0.93638587,"GAACT",0.487179487,NA,NA,NA,NA,NA,NA,NA,NA,NA,0,0,0,NA,NA,NA
"1093","ENST00000680272.1","ENSG00000044574.9","OTTHUMG00000020672.2","-","HSPA5-207","HSPA5",3825,"protein_coding",2131,110,0.987583876,"GGACT",0.927272727,NA,NA,NA,NA,NA,NA,NA,NA,NA,0,0,0,NA,NA,NA
"1094","ENST00000680272.1","ENSG00000044574.9","OTTHUMG00000020672.2","-","HSPA5-207","HSPA5",3825,"protein_coding",2139,125,0.941871107,"GAACT",0.576,NA,NA,NA,NA,NA,NA,NA,NA,NA,0,0,0,NA,NA,NA
"1095","ENST00000680272.1","ENSG00000044574.9","OTTHUMG00000020672.2","-","HSPA5-207","HSPA5",3825,"protein_coding",2165,127,0.94684881,"GAACT",0.503937008,NA,NA,NA,NA,NA,NA,NA,NA,NA,0,0,0,NA,NA,NA
"1096","ENST00000680326.1","ENSG00000172270.22","OTTHUMG00000177718.19","OTTHUMT00000474367.2","BSG-219","BSG",1575,"protein_coding",1320,276,0.936350346,"GGACT",0.536231884,NA,NA,NA,NA,NA,NA,NA,NA,NA,0,0,0,NA,NA,NA
"1097","ENST00000680343.1","ENSG00000166794.6","OTTHUMG00000133018.2","-","PPIB-205","PPIB",888,"protein_coding_CDS_not_defined",740,492,0.955769181,"GGACT",0.654471545,NA,NA,NA,NA,NA,NA,NA,NA,NA,0,0,0,NA,NA,NA
"1098","ENST00000680494.1","ENSG00000044574.9","OTTHUMG00000020672.2","-","HSPA5-208","HSPA5",5402,"retained_intron",3708,100,0.978967071,"GGACT",0.85,NA,NA,NA,NA,NA,NA,NA,NA,NA,0,0,0,NA,NA,NA
"1099","ENST00000680494.1","ENSG00000044574.9","OTTHUMG00000020672.2","-","HSPA5-208","HSPA5",5402,"retained_intron",3716,121,0.939829111,"GAACT",0.570247934,NA,NA,NA,NA,NA,NA,NA,NA,NA,0,0,0,NA,NA,NA
"1100","ENST00000680494.1","ENSG00000044574.9","OTTHUMG00000020672.2","-","HSPA5-208","HSPA5",5402,"retained_intron",3742,121,0.922981322,"GAACT",0.495867769,NA,NA,NA,NA,NA,NA,NA,NA,NA,0,0,0,NA,NA,NA
"1101","ENST00000680552.1","ENSG00000172270.22","OTTHUMG00000177718.19","-","BSG-221","BSG",1605,"protein_coding",1401,72,0.940377057,"GGACT",0.569444444,NA,NA,NA,NA,NA,NA,NA,NA,NA,0,0,0,NA,NA,NA
"1102","ENST00000680631.1","ENSG00000168003.19","OTTHUMG00000074091.8","-","SLC3A2-230","SLC3A2",1890,"protein_coding",1719,59,0.935575306,"GGACC",0.474576271,NA,NA,NA,NA,NA,NA,NA,NA,NA,0,0,0,NA,NA,NA
"1103","ENST00000680640.1","ENSG00000044574.9","OTTHUMG00000020672.2","-","HSPA5-209","HSPA5",4929,"retained_intron",3235,97,0.982422709,"GGACT",0.886597938,NA,NA,NA,NA,NA,NA,NA,NA,NA,0,0,0,NA,NA,NA
"1104","ENST00000680640.1","ENSG00000044574.9","OTTHUMG00000020672.2","-","HSPA5-209","HSPA5",4929,"retained_intron",3243,114,0.933355451,"GAACT",0.535087719,NA,NA,NA,NA,NA,NA,NA,NA,NA,0,0,0,NA,NA,NA
"1105","ENST00000680640.1","ENSG00000044574.9","OTTHUMG00000020672.2","-","HSPA5-209","HSPA5",4929,"retained_intron",3269,118,0.932825565,"GAACT",0.5,NA,NA,NA,NA,NA,NA,NA,NA,NA,0,0,0,NA,NA,NA
"1106","ENST00000680725.1","ENSG00000168003.19","OTTHUMG00000074091.8","-","SLC3A2-232","SLC3A2",2197,"protein_coding",2026,61,0.913583398,"GGACC",0.393442623,NA,NA,NA,NA,NA,NA,NA,NA,NA,0,0,0,NA,NA,NA
"1107","ENST00000680967.1","ENSG00000137267.7","OTTHUMG00000014135.2","-","TUBB2A-206","TUBB2A",2592,"retained_intron",2461,21,0.963589489,"GAACT",0.666666667,NA,NA,NA,NA,NA,NA,NA,NA,NA,0,0,0,NA,NA,NA
"1108","ENST00000681045.1","ENSG00000044574.9","OTTHUMG00000020672.2","-","HSPA5-210","HSPA5",4858,"retained_intron",3164,111,0.976537824,"GGACT",0.837837838,NA,NA,NA,NA,NA,NA,NA,NA,NA,0,0,0,NA,NA,NA
"1109","ENST00000681045.1","ENSG00000044574.9","OTTHUMG00000020672.2","-","HSPA5-210","HSPA5",4858,"retained_intron",3172,134,0.930344582,"GAACT",0.559701493,NA,NA,NA,NA,NA,NA,NA,NA,NA,0,0,0,NA,NA,NA
"1110","ENST00000681045.1","ENSG00000044574.9","OTTHUMG00000020672.2","-","HSPA5-210","HSPA5",4858,"retained_intron",3198,131,0.950852334,"GAACT",0.519083969,NA,NA,NA,NA,NA,NA,NA,NA,NA,0,0,0,NA,NA,NA
"1111","ENST00000681052.1","ENSG00000184009.13","OTTHUMG00000177955.9","-","ACTG1-223","ACTG1",2491,"protein_coding",546,23,0.999945104,"GGACT",0.956521739,NA,NA,NA,NA,NA,NA,NA,NA,NA,0,0,0,NA,NA,NA
"1112","ENST00000681052.1","ENSG00000184009.13","OTTHUMG00000177955.9","-","ACTG1-223","ACTG1",2491,"protein_coding",1218,153,0.979689062,"GGACT",0.725490196,NA,NA,NA,NA,NA,NA,NA,NA,NA,0,0,0,NA,NA,NA
"1113","ENST00000681397.1","ENSG00000166794.6","OTTHUMG00000133018.2","-","PPIB-206","PPIB",973,"protein_coding",825,547,0.959357202,"GGACT",0.665447898,NA,NA,NA,NA,NA,NA,NA,NA,NA,0,0,0,NA,NA,NA
"1114","ENST00000681424.1","ENSG00000044574.9","OTTHUMG00000020672.2","-","HSPA5-211","HSPA5",4333,"retained_intron",2639,79,0.978081286,"GGACT",0.835443038,NA,NA,NA,NA,NA,NA,NA,NA,NA,0,0,0,NA,NA,NA
"1115","ENST00000681424.1","ENSG00000044574.9","OTTHUMG00000020672.2","-","HSPA5-211","HSPA5",4333,"retained_intron",2647,118,0.911337376,"GAACT",0.508474576,NA,NA,NA,NA,NA,NA,NA,NA,NA,0,0,0,NA,NA,NA
"1116","ENST00000681424.1","ENSG00000044574.9","OTTHUMG00000020672.2","-","HSPA5-211","HSPA5",4333,"retained_intron",2673,119,0.963179231,"GAACT",0.56302521,NA,NA,NA,NA,NA,NA,NA,NA,NA,0,0,0,NA,NA,NA
"1117","ENST00000681544.1","ENSG00000044574.9","OTTHUMG00000020672.2","-","HSPA5-213","HSPA5",4028,"retained_intron",2334,144,0.987594366,"GGACT",0.909722222,NA,NA,NA,NA,NA,NA,NA,NA,NA,0,0,0,NA,NA,NA
"1118","ENST00000681544.1","ENSG00000044574.9","OTTHUMG00000020672.2","-","HSPA5-213","HSPA5",4028,"retained_intron",2342,177,0.94514221,"GAACT",0.553672316,NA,NA,NA,NA,NA,NA,NA,NA,NA,0,0,0,NA,NA,NA
"1119","ENST00000681544.1","ENSG00000044574.9","OTTHUMG00000020672.2","-","HSPA5-213","HSPA5",4028,"retained_intron",2368,176,0.966701865,"GAACT",0.573863636,NA,NA,NA,NA,NA,NA,NA,NA,NA,0,0,0,NA,NA,NA
"1120","ENST00000681563.1","ENSG00000168003.19","OTTHUMG00000074091.8","OTTHUMT00000396057.1","SLC3A2-238","SLC3A2",2843,"retained_intron",2682,50,0.90066123,"GGACC",0.44,NA,NA,NA,NA,NA,NA,NA,NA,NA,0,0,0,NA,NA,NA
"1121","ENST00000681569.1","ENSG00000168003.19","OTTHUMG00000074091.8","-","SLC3A2-239","SLC3A2",2313,"protein_coding",2142,76,0.93990761,"GGACC",0.460526316,NA,NA,NA,NA,NA,NA,NA,NA,NA,0,0,0,NA,NA,NA
"1122","ENST00000681658.1","ENSG00000166794.6","OTTHUMG00000133018.2","-","PPIB-207","PPIB",869,"protein_coding",721,523,0.955490053,"GGACT",0.661567878,NA,NA,NA,NA,NA,NA,NA,NA,NA,0,0,0,NA,NA,NA
"1123","ENST00000681675.1","ENSG00000044574.9","OTTHUMG00000020672.2","-","HSPA5-214","HSPA5",4577,"retained_intron",2883,137,0.989110351,"GGACT",0.905109489,NA,NA,NA,NA,NA,NA,NA,NA,NA,0,0,0,NA,NA,NA
"1124","ENST00000681675.1","ENSG00000044574.9","OTTHUMG00000020672.2","-","HSPA5-214","HSPA5",4577,"retained_intron",2891,170,0.948748887,"GAACT",0.570588235,NA,NA,NA,NA,NA,NA,NA,NA,NA,0,0,0,NA,NA,NA
"1125","ENST00000681675.1","ENSG00000044574.9","OTTHUMG00000020672.2","-","HSPA5-214","HSPA5",4577,"retained_intron",2917,167,0.94639796,"GAACT",0.51497006,NA,NA,NA,NA,NA,NA,NA,NA,NA,0,0,0,NA,NA,NA
"1126","ENST00000681774.1","ENSG00000044574.9","OTTHUMG00000020672.2","-","HSPA5-215","HSPA5",4919,"retained_intron",3225,136,0.988550186,"GGACT",0.882352941,NA,NA,NA,NA,NA,NA,NA,NA,NA,0,0,0,NA,NA,NA
"1127","ENST00000681774.1","ENSG00000044574.9","OTTHUMG00000020672.2","-","HSPA5-215","HSPA5",4919,"retained_intron",3233,162,0.923233986,"GAACT",0.537037037,NA,NA,NA,NA,NA,NA,NA,NA,NA,0,0,0,NA,NA,NA
"1128","ENST00000681774.1","ENSG00000044574.9","OTTHUMG00000020672.2","-","HSPA5-215","HSPA5",4919,"retained_intron",3259,167,0.965885937,"GAACT",0.54491018,NA,NA,NA,NA,NA,NA,NA,NA,NA,0,0,0,NA,NA,NA
"1129","ENST00000682046.1","ENSG00000137492.9","OTTHUMG00000165280.2","-","THAP12-206","THAP12",3395,"nonsense_mediated_decay",2951,23,0.963990629,"GGACA",0.739130435,NA,NA,NA,NA,NA,NA,NA,NA,NA,0,0,0,NA,NA,NA
"1130","ENST00000682046.1","ENSG00000137492.9","OTTHUMG00000165280.2","-","THAP12-206","THAP12",3395,"nonsense_mediated_decay",3029,32,0.935706317,"GAACT",0.5625,NA,NA,NA,NA,NA,NA,NA,NA,NA,0,0,0,NA,NA,NA
"1131","ENST00000682527.1","ENSG00000137492.9","OTTHUMG00000165280.2","-","THAP12-207","THAP12",3255,"protein_coding",2739,23,0.963191867,"GGACA",0.739130435,NA,NA,NA,NA,NA,NA,NA,NA,NA,0,0,0,NA,NA,NA
"1132","ENST00000682527.1","ENSG00000137492.9","OTTHUMG00000165280.2","-","THAP12-207","THAP12",3255,"protein_coding",2817,32,0.931242943,"GAACT",0.5625,NA,NA,NA,NA,NA,NA,NA,NA,NA,0,0,0,NA,NA,NA
"1133","ENST00000682708.1","ENSG00000172893.18","OTTHUMG00000167346.3","-","DHCR7-213","DHCR7",2710,"protein_coding",1700,29,0.966289818,"GGACT",0.75862069,277,954,1479,1,277,278,1755,1756,2709,0,1,0,NA,0.962136578769439,NA
"1134","ENST00000682708.1","ENSG00000172893.18","OTTHUMG00000167346.3","-","DHCR7-213","DHCR7",2710,"protein_coding",1868,54,0.927657604,"AAACT",0.611111111,277,954,1479,1,277,278,1755,1756,2709,0,0,1,NA,NA,0.117400419287212
"1135","ENST00000682944.1","ENSG00000151835.17","OTTHUMG00000016562.6","-","SACS-210","SACS",15712,"protein_coding",14664,20,0.908812881,"GAACT",0.45,NA,NA,NA,NA,NA,NA,NA,NA,NA,0,0,0,NA,NA,NA
"1136","ENST00000683287.1","ENSG00000172893.18","OTTHUMG00000167346.3","-","DHCR7-215","DHCR7",2695,"protein_coding",1685,33,0.9793998,"GGACT",0.848484848,NA,NA,NA,NA,NA,NA,NA,NA,NA,0,0,0,NA,NA,NA
"1137","ENST00000683287.1","ENSG00000172893.18","OTTHUMG00000167346.3","-","DHCR7-215","DHCR7",2695,"protein_coding",1853,53,0.930174351,"AAACT",0.622641509,NA,NA,NA,NA,NA,NA,NA,NA,NA,0,0,0,NA,NA,NA
"1138","ENST00000683287.1","ENSG00000172893.18","OTTHUMG00000167346.3","-","DHCR7-215","DHCR7",2695,"protein_coding",2277,110,0.94302094,"GGACA",0.7,NA,NA,NA,NA,NA,NA,NA,NA,NA,0,0,0,NA,NA,NA
"1139","ENST00000683287.1","ENSG00000172893.18","OTTHUMG00000167346.3","-","DHCR7-215","DHCR7",2695,"protein_coding",2477,107,0.908006489,"TGACT",0.476635514,NA,NA,NA,NA,NA,NA,NA,NA,NA,0,0,0,NA,NA,NA
"1140","ENST00000683600.1","ENSG00000137492.9","OTTHUMG00000165280.2","-","THAP12-209","THAP12",3373,"nonsense_mediated_decay",2929,22,0.957110107,"GGACA",0.727272727,NA,NA,NA,NA,NA,NA,NA,NA,NA,0,0,0,NA,NA,NA
"1141","ENST00000683600.1","ENSG00000137492.9","OTTHUMG00000165280.2","-","THAP12-209","THAP12",3373,"nonsense_mediated_decay",3007,31,0.909824967,"GAACT",0.548387097,NA,NA,NA,NA,NA,NA,NA,NA,NA,0,0,0,NA,NA,NA
"1142","ENST00000684059.1","ENSG00000137492.9","OTTHUMG00000165280.2","-","THAP12-210","THAP12",3730,"nonsense_mediated_decay",3280,22,0.960760891,"GGACA",0.727272727,NA,NA,NA,NA,NA,NA,NA,NA,NA,0,0,0,NA,NA,NA
"1143","ENST00000684059.1","ENSG00000137492.9","OTTHUMG00000165280.2","-","THAP12-210","THAP12",3730,"nonsense_mediated_decay",3358,31,0.934970081,"GAACT",0.548387097,NA,NA,NA,NA,NA,NA,NA,NA,NA,0,0,0,NA,NA,NA
"1144","ENST00000684396.1","ENSG00000172893.18","OTTHUMG00000167346.3","-","DHCR7-218","DHCR7",2422,"retained_intron",1412,21,0.978357673,"GGACT",0.904761905,NA,NA,NA,NA,NA,NA,NA,NA,NA,0,0,0,NA,NA,NA
"1145","ENST00000684396.1","ENSG00000172893.18","OTTHUMG00000167346.3","-","DHCR7-218","DHCR7",2422,"retained_intron",1580,45,0.921684802,"AAACT",0.555555556,NA,NA,NA,NA,NA,NA,NA,NA,NA,0,0,0,NA,NA,NA
"1146","ENST00000684396.1","ENSG00000172893.18","OTTHUMG00000167346.3","-","DHCR7-218","DHCR7",2422,"retained_intron",2004,99,0.901500821,"GGACA",0.565656566,NA,NA,NA,NA,NA,NA,NA,NA,NA,0,0,0,NA,NA,NA
"1147","ENST00000684396.1","ENSG00000172893.18","OTTHUMG00000167346.3","-","DHCR7-218","DHCR7",2422,"retained_intron",2204,99,0.915483296,"TGACT",0.444444444,NA,NA,NA,NA,NA,NA,NA,NA,NA,0,0,0,NA,NA,NA
"1148","ENST00000684993.1","ENSG00000272047.4","OTTHUMG00000015906.4","-","GTF2H5-203","GTF2H5",537,"protein_coding_CDS_not_defined",436,22,0.973346353,"GAACT",0.590909091,NA,NA,NA,NA,NA,NA,NA,NA,NA,0,0,0,NA,NA,NA
"1149","ENST00000685320.1","ENSG00000172893.18","OTTHUMG00000167346.3","-","DHCR7-219","DHCR7",2287,"protein_coding",1277,26,0.984854698,"GGACT",0.807692308,NA,NA,NA,NA,NA,NA,NA,NA,NA,0,0,0,NA,NA,NA
"1150","ENST00000685320.1","ENSG00000172893.18","OTTHUMG00000167346.3","-","DHCR7-219","DHCR7",2287,"protein_coding",1445,51,0.923302531,"AAACT",0.549019608,NA,NA,NA,NA,NA,NA,NA,NA,NA,0,0,0,NA,NA,NA
"1151","ENST00000685320.1","ENSG00000172893.18","OTTHUMG00000167346.3","-","DHCR7-219","DHCR7",2287,"protein_coding",1869,106,0.920008659,"GGACA",0.660377358,NA,NA,NA,NA,NA,NA,NA,NA,NA,0,0,0,NA,NA,NA
"1152","ENST00000685320.1","ENSG00000172893.18","OTTHUMG00000167346.3","-","DHCR7-219","DHCR7",2287,"protein_coding",2069,97,0.914745748,"TGACT",0.432989691,NA,NA,NA,NA,NA,NA,NA,NA,NA,0,0,0,NA,NA,NA
"1153","ENST00000689809.1","ENSG00000272047.4","OTTHUMG00000015906.4","-","GTF2H5-206","GTF2H5",734,"protein_coding",642,52,0.910778821,"GAACT",0.538461538,NA,NA,NA,NA,NA,NA,NA,NA,NA,0,0,0,NA,NA,NA
"1154","ENST00000690257.1","ENSG00000172893.18","OTTHUMG00000167346.3","OTTHUMT00000394248.2","DHCR7-220","DHCR7",2515,"protein_coding",1505,31,0.975270569,"GGACT",0.806451613,NA,NA,NA,NA,NA,NA,NA,NA,NA,0,0,0,NA,NA,NA
"1155","ENST00000690257.1","ENSG00000172893.18","OTTHUMG00000167346.3","OTTHUMT00000394248.2","DHCR7-220","DHCR7",2515,"protein_coding",1673,34,0.945685923,"AAACT",0.617647059,NA,NA,NA,NA,NA,NA,NA,NA,NA,0,0,0,NA,NA,NA
"1156","ENST00000690257.1","ENSG00000172893.18","OTTHUMG00000167346.3","OTTHUMT00000394248.2","DHCR7-220","DHCR7",2515,"protein_coding",2297,100,0.917541504,"TGACT",0.47,NA,NA,NA,NA,NA,NA,NA,NA,NA,0,0,0,NA,NA,NA
"1157","ENST00000691867.1","ENSG00000272047.4","OTTHUMG00000015906.4","-","GTF2H5-207","GTF2H5",2718,"protein_coding",1064,52,0.91299808,"GAACT",0.538461538,NA,NA,NA,NA,NA,NA,NA,NA,NA,0,0,0,NA,NA,NA
"1158","ENST00000692421.1","ENSG00000293495.1","-","-","C19orf48P-215","C19orf48P",1372,"lncRNA",518,20,0.982107759,"GGACA",0.65,NA,NA,NA,NA,NA,NA,NA,NA,NA,0,0,0,NA,NA,NA
"1159","ENST00000692421.1","ENSG00000293495.1","-","-","C19orf48P-215","C19orf48P",1372,"lncRNA",580,26,0.977382064,"GGACA",0.730769231,NA,NA,NA,NA,NA,NA,NA,NA,NA,0,0,0,NA,NA,NA
"1160","ENST00000692421.1","ENSG00000293495.1","-","-","C19orf48P-215","C19orf48P",1372,"lncRNA",909,111,0.95159471,"GGACA",0.648648649,NA,NA,NA,NA,NA,NA,NA,NA,NA,0,0,0,NA,NA,NA
"1161","ENST00000693315.1","ENSG00000293495.1","-","-","C19orf48P-216","C19orf48P",1450,"lncRNA",596,20,0.983938694,"GGACA",0.6,NA,NA,NA,NA,NA,NA,NA,NA,NA,0,0,0,NA,NA,NA
"1162","ENST00000693315.1","ENSG00000293495.1","-","-","C19orf48P-216","C19orf48P",1450,"lncRNA",658,25,0.990065753,"GGACA",0.76,NA,NA,NA,NA,NA,NA,NA,NA,NA,0,0,0,NA,NA,NA
"1163","ENST00000693315.1","ENSG00000293495.1","-","-","C19orf48P-216","C19orf48P",1450,"lncRNA",987,112,0.951253414,"GGACA",0.651785714,NA,NA,NA,NA,NA,NA,NA,NA,NA,0,0,0,NA,NA,NA
"1164","ENST00000696046.1","ENSG00000185651.16","OTTHUMG00000150823.2","-","UBE2L3-205","UBE2L3",824,"nonsense_mediated_decay",694,23,0.920217037,"GGACT",0.565217391,NA,NA,NA,NA,NA,NA,NA,NA,NA,0,0,0,NA,NA,NA
"1165","ENST00000696365.1","ENSG00000167085.14","OTTHUMG00000134271.10","-","PHB1-216","PHB1",1509,"protein_coding",1226,21,0.995556355,"GGACT",0.952380952,NA,NA,NA,NA,NA,NA,NA,NA,NA,0,0,0,NA,NA,NA
"1166","ENST00000696933.1","ENSG00000143575.16","OTTHUMG00000035978.5","-","HAX1-216","HAX1",1156,"nonsense_mediated_decay",418,30,0.91695261,"GAACT",0.6,NA,NA,NA,NA,NA,NA,NA,NA,NA,0,0,0,NA,NA,NA
"1167","ENST00000699926.1","ENSG00000182117.7","OTTHUMG00000129440.3","-","NOP10-203","NOP10",988,"protein_coding",374,310,0.942647815,"GGACT",0.612903226,NA,NA,NA,NA,NA,NA,NA,NA,NA,0,0,0,NA,NA,NA
"1168","ENST00000699935.1","ENSG00000182117.7","OTTHUMG00000129440.3","-","NOP10-205","NOP10",817,"protein_coding",634,127,0.935351014,"GGACT",0.606299213,NA,NA,NA,NA,NA,NA,NA,NA,NA,0,0,0,NA,NA,NA
"1169","ENST00000699936.1","ENSG00000182117.7","OTTHUMG00000129440.3","-","NOP10-206","NOP10",629,"protein_coding",446,146,0.949811995,"GGACT",0.630136986,NA,NA,NA,NA,NA,NA,NA,NA,NA,0,0,0,NA,NA,NA
"1170","ENST00000699937.1","ENSG00000182117.7","OTTHUMG00000129440.3","-","NOP10-207","NOP10",494,"protein_coding",314,309,0.94337368,"GGACT",0.614886731,NA,NA,NA,NA,NA,NA,NA,NA,NA,0,0,0,NA,NA,NA
"1171","ENST00000699939.1","ENSG00000182117.7","OTTHUMG00000129440.3","-","NOP10-209","NOP10",591,"protein_coding_CDS_not_defined",411,47,0.917264998,"GGACT",0.595744681,NA,NA,NA,NA,NA,NA,NA,NA,NA,0,0,0,NA,NA,NA
"1172","ENST00000700482.1","ENSG00000168003.19","OTTHUMG00000074091.8","-","SLC3A2-241","SLC3A2",2136,"retained_intron",1965,56,0.901714087,"GGACC",0.428571429,NA,NA,NA,NA,NA,NA,NA,NA,NA,0,0,0,NA,NA,NA
"1173","ENST00000700957.1","ENSG00000163597.17","OTTHUMG00000132201.6","-","SNHG16-216","SNHG16",733,"lncRNA",494,25,0.983058989,"GGACT",0.8,NA,NA,NA,NA,NA,NA,NA,NA,NA,0,0,0,NA,NA,NA
"1174","ENST00000702900.1","ENSG00000293495.1","-","-","C19orf48P-217","C19orf48P",1567,"lncRNA",713,21,0.986026347,"GGACA",0.619047619,NA,NA,NA,NA,NA,NA,NA,NA,NA,0,0,0,NA,NA,NA
"1175","ENST00000702900.1","ENSG00000293495.1","-","-","C19orf48P-217","C19orf48P",1567,"lncRNA",775,25,0.987745762,"GGACA",0.76,NA,NA,NA,NA,NA,NA,NA,NA,NA,0,0,0,NA,NA,NA
"1176","ENST00000702900.1","ENSG00000293495.1","-","-","C19orf48P-217","C19orf48P",1567,"lncRNA",1104,117,0.94528234,"GGACA",0.64957265,NA,NA,NA,NA,NA,NA,NA,NA,NA,0,0,0,NA,NA,NA
"1177","ENST00000703744.1","ENSG00000179950.15","OTTHUMG00000165155.3","-","PUF60-222","PUF60",2519,"protein_coding_CDS_not_defined",2283,76,0.985683322,"AGACT",0.855263158,NA,NA,NA,NA,NA,NA,NA,NA,NA,0,0,0,NA,NA,NA
"1178","ENST00000703744.1","ENSG00000179950.15","OTTHUMG00000165155.3","-","PUF60-222","PUF60",2519,"protein_coding_CDS_not_defined",2410,52,0.98496592,"GGACT",0.692307692,NA,NA,NA,NA,NA,NA,NA,NA,NA,0,0,0,NA,NA,NA
"1179","ENST00000705116.1","ENSG00000100401.21","OTTHUMG00000150940.12","-","RANGAP1-208","RANGAP1",4239,"protein_coding",3353,31,0.902696431,"TGACT",0.612903226,NA,NA,NA,NA,NA,NA,NA,NA,NA,0,0,0,NA,NA,NA
"1180","ENST00000707113.1","ENSG00000136997.22","OTTHUMG00000128475.10","-","MYC-211","MYC",2052,"protein_coding",1508,20,0.949792743,"GGACT",0.75,NA,NA,NA,NA,NA,NA,NA,NA,NA,0,0,0,NA,NA,NA
"1181","ENST00000707113.1","ENSG00000136997.22","OTTHUMG00000128475.10","-","MYC-211","MYC",2052,"protein_coding",1728,40,0.90965575,"GGACT",0.7,NA,NA,NA,NA,NA,NA,NA,NA,NA,0,0,0,NA,NA,NA
"1182","ENST00000707114.1","ENSG00000136997.22","OTTHUMG00000128475.10","-","MYC-212","MYC",2127,"protein_coding",1763,20,0.910055637,"AGACT",0.4,NA,NA,NA,NA,NA,NA,NA,NA,NA,0,0,0,NA,NA,NA
"1183","ENST00000707115.1","ENSG00000136997.22","OTTHUMG00000128475.10","-","MYC-213","MYC",2322,"protein_coding",1778,24,0.928368032,"GGACT",0.666666667,NA,NA,NA,NA,NA,NA,NA,NA,NA,0,0,0,NA,NA,NA
"1184","ENST00000707115.1","ENSG00000136997.22","OTTHUMG00000128475.10","-","MYC-213","MYC",2322,"protein_coding",1958,52,0.938736081,"AGACT",0.576923077,NA,NA,NA,NA,NA,NA,NA,NA,NA,0,0,0,NA,NA,NA
"1185","ENST00000707115.1","ENSG00000136997.22","OTTHUMG00000128475.10","-","MYC-213","MYC",2322,"protein_coding",1998,50,0.915018082,"GGACT",0.76,NA,NA,NA,NA,NA,NA,NA,NA,NA,0,0,0,NA,NA,NA
"1186","ENST00000711232.1","ENSG00000292358.1","OTTHUMG00000022694.3","OTTHUMT00000467781.1","GTPBP6-203","GTPBP6",2016,"retained_intron",1766,20,0.981611788,"GGACA",0.65,NA,NA,NA,NA,NA,NA,NA,NA,NA,0,0,0,NA,NA,NA
"1187","ENST00000711233.1","ENSG00000292358.1","OTTHUMG00000022694.3","OTTHUMT00000058882.2","GTPBP6-204","GTPBP6",1875,"protein_coding",1855,25,0.977755129,"GGACA",0.64,NA,NA,NA,NA,NA,NA,NA,NA,NA,0,0,0,NA,NA,NA
