"","ensembl_transcript_id","ensembl_gene_id","otthumg_gene_id","otthumg_transcript_id","ensembl_transcript_name","ensembl_gene_name","transcript_length","gene_biotype","transcript_position","n_reads","probability_modified","kmer","mod_ratio","utr5_length","utr3_length","cds_length_tx","start_utr5","end_utr5","start_cds","end_cds","start_utr3","end_utr3","isin_5utr","isin_cds","isin_3utr","rel_5utr","rel_cds","rel_3utr"
"1","ENST00000000412.8","ENSG00000003056.8","OTTHUMG00000168276.4","OTTHUMT00000399130.2","M6PR-201","M6PR",2450,"protein_coding",2130,203,0.92329067,"GGACT",0.655172414,NA,NA,NA,NA,NA,NA,NA,NA,NA,0,0,0,NA,NA,NA
"2","ENST00000001008.6","ENSG00000004478.8","OTTHUMG00000090429.4","OTTHUMT00000206861.3","FKBP4-201","FKBP4",3715,"protein_coding",1279,86,0.924669027,"GAACT",0.569767442,NA,NA,NA,NA,NA,NA,NA,NA,NA,0,0,0,NA,NA,NA
"3","ENST00000002165.11","ENSG00000001036.14","OTTHUMG00000015728.3","OTTHUMT00000042521.3","FUCA2-201","FUCA2",2385,"protein_coding",619,23,0.988015771,"GGACT",0.826086957,NA,NA,NA,NA,NA,NA,NA,NA,NA,0,0,0,NA,NA,NA
"4","ENST00000002165.11","ENSG00000001036.14","OTTHUMG00000015728.3","OTTHUMT00000042521.3","FUCA2-201","FUCA2",2385,"protein_coding",1417,80,0.925926626,"GAACT",0.6375,NA,NA,NA,NA,NA,NA,NA,NA,NA,0,0,0,NA,NA,NA
"5","ENST00000007264.7","ENSG00000007376.8","OTTHUMG00000047840.5","OTTHUMT00000109063.3","RPUSD1-201","RPUSD1",2048,"protein_coding",1114,25,0.984126687,"GGACT",0.72,NA,NA,NA,NA,NA,NA,NA,NA,NA,0,0,0,NA,NA,NA
"6","ENST00000007264.7","ENSG00000007376.8","OTTHUMG00000047840.5","OTTHUMT00000109063.3","RPUSD1-201","RPUSD1",2048,"protein_coding",1291,34,0.981125772,"GGACT",0.882352941,NA,NA,NA,NA,NA,NA,NA,NA,NA,0,0,0,NA,NA,NA
"7","ENST00000007264.7","ENSG00000007376.8","OTTHUMG00000047840.5","OTTHUMT00000109063.3","RPUSD1-201","RPUSD1",2048,"protein_coding",1411,61,0.994342566,"GGACT",0.93442623,NA,NA,NA,NA,NA,NA,NA,NA,NA,0,0,0,NA,NA,NA
"8","ENST00000007264.7","ENSG00000007376.8","OTTHUMG00000047840.5","OTTHUMT00000109063.3","RPUSD1-201","RPUSD1",2048,"protein_coding",2034,49,0.982450664,"TGACT",0.816326531,NA,NA,NA,NA,NA,NA,NA,NA,NA,0,0,0,NA,NA,NA
"9","ENST00000014914.6","ENSG00000013588.10","OTTHUMG00000168710.4","OTTHUMT00000400682.1","GPRC5A-201","GPRC5A",6582,"protein_coding",6453,42,0.902220547,"AGACT",0.476190476,NA,NA,NA,NA,NA,NA,NA,NA,NA,0,0,0,NA,NA,NA
"10","ENST00000029410.10","ENSG00000027847.14","OTTHUMG00000130851.4","OTTHUMT00000253421.2","B4GALT7-201","B4GALT7",1698,"protein_coding",1234,49,0.939687848,"GGACA",0.632653061,NA,NA,NA,NA,NA,NA,NA,NA,NA,0,0,0,NA,NA,NA
"11","ENST00000037869.8","ENSG00000035141.10","OTTHUMG00000129668.4","OTTHUMT00000251869.2","FAM136A-201","FAM136A",1786,"protein_coding",616,26,0.982409537,"GGACA",0.730769231,NA,NA,NA,NA,NA,NA,NA,NA,NA,0,0,0,NA,NA,NA
"12","ENST00000040877.2","ENSG00000059588.10","OTTHUMG00000037947.4","OTTHUMT00000092616.2","TARBP1-201","TARBP1",5206,"protein_coding",4959,22,0.920864642,"GAACT",0.636363636,NA,NA,NA,NA,NA,NA,NA,NA,NA,0,0,0,NA,NA,NA
"13","ENST00000054950.4","ENSG00000049449.10","OTTHUMG00000166227.4","OTTHUMT00000388510.1","RCN1-201","RCN1",2369,"protein_coding",1122,79,0.918468654,"AGACA",0.53164557,NA,NA,NA,NA,NA,NA,NA,NA,NA,0,0,0,NA,NA,NA
"14","ENST00000054950.4","ENSG00000049449.10","OTTHUMG00000166227.4","OTTHUMT00000388510.1","RCN1-201","RCN1",2369,"protein_coding",1285,57,0.985621989,"GGACA",0.701754386,NA,NA,NA,NA,NA,NA,NA,NA,NA,0,0,0,NA,NA,NA
"15","ENST00000055077.8","ENSG00000049541.11","OTTHUMG00000023239.8","OTTHUMT00000252459.3","RFC2-201","RFC2",1685,"protein_coding",1183,24,0.98907721,"TGACT",0.708333333,NA,NA,NA,NA,NA,NA,NA,NA,NA,0,0,0,NA,NA,NA
"16","ENST00000056233.4","ENSG00000050344.9","OTTHUMG00000023882.5","OTTHUMT00000214088.2","NFE2L3-201","NFE2L3",3740,"protein_coding",2403,20,0.960037827,"GGACT",0.85,NA,NA,NA,NA,NA,NA,NA,NA,NA,0,0,0,NA,NA,NA
"17","ENST00000056233.4","ENSG00000050344.9","OTTHUMG00000023882.5","OTTHUMT00000214088.2","NFE2L3-201","NFE2L3",3740,"protein_coding",2537,20,0.964058459,"GGACA",0.7,NA,NA,NA,NA,NA,NA,NA,NA,NA,0,0,0,NA,NA,NA
"18","ENST00000066544.8","ENSG00000004897.12","OTTHUMG00000166429.8","OTTHUMT00000389742.3","CDC27-201","CDC27",5830,"protein_coding",2744,23,0.927753687,"TGACT",0.608695652,123,3232,2475,1,123,124,2597,2598,5829,0,0,1,NA,NA,0.0451732673267327
"19","ENST00000072644.7","ENSG00000058799.15","OTTHUMG00000008074.9","OTTHUMT00000023104.5","YIPF1-201","YIPF1",1821,"protein_coding",1788,20,0.901893556,"GAACT",0.55,354,546,921,1,354,355,1274,1275,1820,0,0,1,NA,NA,0.93956043956044
"20","ENST00000085068.7","ENSG00000063241.8","OTTHUMG00000180830.3","OTTHUMT00000453180.1","ISOC2-201","ISOC2",1122,"protein_coding",980,193,0.981747568,"AGACT",0.85492228,NA,NA,NA,NA,NA,NA,NA,NA,NA,0,0,0,NA,NA,NA
"21","ENST00000156825.5","ENSG00000071655.18","OTTHUMG00000180081.9","OTTHUMT00000449657.3","MBD3-201","MBD3",5518,"protein_coding",1283,82,0.987253666,"AGACT",0.670731707,NA,NA,NA,NA,NA,NA,NA,NA,NA,0,0,0,NA,NA,NA
"22","ENST00000156825.5","ENSG00000071655.18","OTTHUMG00000180081.9","OTTHUMT00000449657.3","MBD3-201","MBD3",5518,"protein_coding",1408,119,0.993825078,"GGACT",0.941176471,NA,NA,NA,NA,NA,NA,NA,NA,NA,0,0,0,NA,NA,NA
"23","ENST00000156825.5","ENSG00000071655.18","OTTHUMG00000180081.9","OTTHUMT00000449657.3","MBD3-201","MBD3",5518,"protein_coding",1629,159,0.910771608,"GGACT",0.628930818,NA,NA,NA,NA,NA,NA,NA,NA,NA,0,0,0,NA,NA,NA
"24","ENST00000156825.5","ENSG00000071655.18","OTTHUMG00000180081.9","OTTHUMT00000449657.3","MBD3-201","MBD3",5518,"protein_coding",1911,227,0.983312488,"GGACT",0.881057269,NA,NA,NA,NA,NA,NA,NA,NA,NA,0,0,0,NA,NA,NA
"25","ENST00000156825.5","ENSG00000071655.18","OTTHUMG00000180081.9","OTTHUMT00000449657.3","MBD3-201","MBD3",5518,"protein_coding",2082,297,0.927476168,"GGACT",0.65993266,NA,NA,NA,NA,NA,NA,NA,NA,NA,0,0,0,NA,NA,NA
"26","ENST00000156825.5","ENSG00000071655.18","OTTHUMG00000180081.9","OTTHUMT00000449657.3","MBD3-201","MBD3",5518,"protein_coding",2112,316,0.975045145,"GGACT",0.851265823,NA,NA,NA,NA,NA,NA,NA,NA,NA,0,0,0,NA,NA,NA
"27","ENST00000158771.9","ENSG00000072849.11","OTTHUMG00000102040.5","OTTHUMT00000219825.2","DERL2-201","DERL2",4167,"protein_coding",773,138,0.928072512,"GGACT",0.543478261,NA,NA,NA,NA,NA,NA,NA,NA,NA,0,0,0,NA,NA,NA
"28","ENST00000158771.9","ENSG00000072849.11","OTTHUMG00000102040.5","OTTHUMT00000219825.2","DERL2-201","DERL2",4167,"protein_coding",822,98,0.924197853,"GGACA",0.602040816,NA,NA,NA,NA,NA,NA,NA,NA,NA,0,0,0,NA,NA,NA
"29","ENST00000162749.7","ENSG00000067182.9","OTTHUMG00000168267.4","OTTHUMT00000399038.2","TNFRSF1A-201","TNFRSF1A",2171,"protein_coding",2081,26,0.952754021,"GAACT",0.692307692,NA,NA,NA,NA,NA,NA,NA,NA,NA,0,0,0,NA,NA,NA
"30","ENST00000162749.7","ENSG00000067182.9","OTTHUMG00000168267.4","OTTHUMT00000399038.2","TNFRSF1A-201","TNFRSF1A",2171,"protein_coding",2137,24,0.970673919,"GGACT",0.916666667,NA,NA,NA,NA,NA,NA,NA,NA,NA,0,0,0,NA,NA,NA
"31","ENST00000166345.8","ENSG00000071539.14","OTTHUMG00000090349.28","OTTHUMT00000206721.3","TRIP13-201","TRIP13",2431,"protein_coding",1528,20,0.950232685,"AGACT",0.55,NA,NA,NA,NA,NA,NA,NA,NA,NA,0,0,0,NA,NA,NA
"32","ENST00000171111.10","ENSG00000079999.14","OTTHUMG00000180579.5","OTTHUMT00000452000.2","KEAP1-201","KEAP1",2565,"protein_coding",1343,46,0.988280416,"GGACT",0.956521739,NA,NA,NA,NA,NA,NA,NA,NA,NA,0,0,0,NA,NA,NA
"33","ENST00000171111.10","ENSG00000079999.14","OTTHUMG00000180579.5","OTTHUMT00000452000.2","KEAP1-201","KEAP1",2565,"protein_coding",2024,123,0.97334367,"GAACT",0.658536585,NA,NA,NA,NA,NA,NA,NA,NA,NA,0,0,0,NA,NA,NA
"34","ENST00000171111.10","ENSG00000079999.14","OTTHUMG00000180579.5","OTTHUMT00000452000.2","KEAP1-201","KEAP1",2565,"protein_coding",2107,147,0.957961798,"GGACT",0.755102041,NA,NA,NA,NA,NA,NA,NA,NA,NA,0,0,0,NA,NA,NA
"35","ENST00000179259.6","ENSG00000078237.7","OTTHUMG00000168124.5","OTTHUMT00000398290.4","TIGAR-201","TIGAR",8209,"protein_coding",853,20,0.929697752,"GGACT",0.75,NA,NA,NA,NA,NA,NA,NA,NA,NA,0,0,0,NA,NA,NA
"36","ENST00000179259.6","ENSG00000078237.7","OTTHUMG00000168124.5","OTTHUMT00000398290.4","TIGAR-201","TIGAR",8209,"protein_coding",1025,20,0.952750444,"GGACA",0.6,NA,NA,NA,NA,NA,NA,NA,NA,NA,0,0,0,NA,NA,NA
"37","ENST00000182527.4","ENSG00000065308.5","OTTHUMG00000014850.2","OTTHUMT00000040910.2","TRAM2-201","TRAM2",7047,"protein_coding",6672,75,0.968659282,"AGACT",0.64,NA,NA,NA,NA,NA,NA,NA,NA,NA,0,0,0,NA,NA,NA
"38","ENST00000182527.4","ENSG00000065308.5","OTTHUMG00000014850.2","OTTHUMT00000040910.2","TRAM2-201","TRAM2",7047,"protein_coding",6769,75,0.912847161,"GGACA",0.48,NA,NA,NA,NA,NA,NA,NA,NA,NA,0,0,0,NA,NA,NA
"39","ENST00000187830.2","ENSG00000073008.16","OTTHUMG00000151527.5","OTTHUMT00000323018.2","PVR-201","PVR",3132,"nonsense_mediated_decay",2923,71,0.908267379,"GGACA",0.464788732,NA,NA,NA,NA,NA,NA,NA,NA,NA,0,0,0,NA,NA,NA
"40","ENST00000194118.8","ENSG00000081791.9","OTTHUMG00000129662.6","OTTHUMT00000370647.1","DELE1-201","DELE1",2203,"protein_coding",2093,27,0.90510118,"TGACT",0.37037037,NA,NA,NA,NA,NA,NA,NA,NA,NA,0,0,0,NA,NA,NA
"41","ENST00000196061.5","ENSG00000083444.17","OTTHUMG00000002393.5","OTTHUMT00000006865.2","PLOD1-201","PLOD1",2976,"protein_coding",2505,42,0.979477465,"TGACT",0.833333333,NA,NA,NA,NA,NA,NA,NA,NA,NA,0,0,0,NA,NA,NA
"42","ENST00000196061.5","ENSG00000083444.17","OTTHUMG00000002393.5","OTTHUMT00000006865.2","PLOD1-201","PLOD1",2976,"protein_coding",2614,48,0.98944515,"AGACT",0.8125,NA,NA,NA,NA,NA,NA,NA,NA,NA,0,0,0,NA,NA,NA
"43","ENST00000196061.5","ENSG00000083444.17","OTTHUMG00000002393.5","OTTHUMT00000006865.2","PLOD1-201","PLOD1",2976,"protein_coding",2673,49,0.933193505,"GGACT",0.734693878,NA,NA,NA,NA,NA,NA,NA,NA,NA,0,0,0,NA,NA,NA
"44","ENST00000196061.5","ENSG00000083444.17","OTTHUMG00000002393.5","OTTHUMT00000006865.2","PLOD1-201","PLOD1",2976,"protein_coding",2739,47,0.969685555,"GGACT",0.808510638,NA,NA,NA,NA,NA,NA,NA,NA,NA,0,0,0,NA,NA,NA
"45","ENST00000199814.9","ENSG00000086589.12","OTTHUMG00000163589.5","OTTHUMT00000374431.3","RBM22-201","RBM22",2299,"protein_coding",1474,52,0.984273434,"AGACT",0.865384615,NA,NA,NA,NA,NA,NA,NA,NA,NA,0,0,0,NA,NA,NA
"46","ENST00000199814.9","ENSG00000086589.12","OTTHUMG00000163589.5","OTTHUMT00000374431.3","RBM22-201","RBM22",2299,"protein_coding",1517,48,0.95427686,"GGACC",0.583333333,NA,NA,NA,NA,NA,NA,NA,NA,NA,0,0,0,NA,NA,NA
"47","ENST00000204566.7","ENSG00000090487.11","OTTHUMG00000133098.7","OTTHUMT00000256758.5","SPG21-201","SPG21",1799,"protein_coding",1332,81,0.920935512,"GGACT",0.530864198,NA,NA,NA,NA,NA,NA,NA,NA,NA,0,0,0,NA,NA,NA
"48","ENST00000205402.10","ENSG00000091140.15","OTTHUMG00000154813.4","OTTHUMT00000337194.4","DLD-201","DLD",3537,"protein_coding",1698,76,0.94328326,"GGACT",0.684210526,NA,NA,NA,NA,NA,NA,NA,NA,NA,0,0,0,NA,NA,NA
"49","ENST00000214869.7","ENSG00000099203.7","OTTHUMG00000180696.3","OTTHUMT00000452614.2","TMED1-201","TMED1",1633,"protein_coding",730,130,0.977665484,"GGACA",0.638461538,NA,NA,NA,NA,NA,NA,NA,NA,NA,0,0,0,NA,NA,NA
"50","ENST00000215375.7","ENSG00000099624.8","OTTHUMG00000180143.5","OTTHUMT00000449958.3","ATP5F1D-201","ATP5F1D",995,"protein_coding",953,87,0.95029366,"GAACT",0.528735632,NA,NA,NA,NA,NA,NA,NA,NA,NA,0,0,0,NA,NA,NA
"51","ENST00000215574.9","ENSG00000099804.9","OTTHUMG00000180558.11","OTTHUMT00000451889.8","CDC34-201","CDC34",1418,"protein_coding",1186,81,0.933506966,"GGACT",0.691358025,NA,NA,NA,NA,NA,NA,NA,NA,NA,0,0,0,NA,NA,NA
"52","ENST00000215631.9","ENSG00000099860.9","OTTHUMG00000180434.4","OTTHUMT00000451337.2","GADD45B-201","GADD45B",1371,"protein_coding",1081,49,0.944316924,"AGACT",0.530612245,NA,NA,NA,NA,NA,NA,NA,NA,NA,0,0,0,NA,NA,NA
"53","ENST00000215631.9","ENSG00000099860.9","OTTHUMG00000180434.4","OTTHUMT00000451337.2","GADD45B-201","GADD45B",1371,"protein_coding",1192,50,0.95645076,"GGACT",0.78,NA,NA,NA,NA,NA,NA,NA,NA,NA,0,0,0,NA,NA,NA
"54","ENST00000215659.13","ENSG00000188130.14","OTTHUMG00000030145.5","OTTHUMT00000074999.3","MAPK12-201","MAPK12",1778,"protein_coding",1413,26,0.964974225,"GGACC",0.538461538,NA,NA,NA,NA,NA,NA,NA,NA,NA,0,0,0,NA,NA,NA
"55","ENST00000215659.13","ENSG00000188130.14","OTTHUMG00000030145.5","OTTHUMT00000074999.3","MAPK12-201","MAPK12",1778,"protein_coding",1630,62,0.948530734,"GGACA",0.5,NA,NA,NA,NA,NA,NA,NA,NA,NA,0,0,0,NA,NA,NA
"56","ENST00000215742.9","ENSG00000184436.12","OTTHUMG00000150879.2","OTTHUMT00000320405.2","THAP7-201","THAP7",1913,"protein_coding",1019,52,0.973829746,"AGACT",0.769230769,NA,NA,NA,NA,NA,NA,NA,NA,NA,0,0,0,NA,NA,NA
"57","ENST00000215742.9","ENSG00000184436.12","OTTHUMG00000150879.2","OTTHUMT00000320405.2","THAP7-201","THAP7",1913,"protein_coding",1080,52,0.979026735,"AGACT",0.769230769,NA,NA,NA,NA,NA,NA,NA,NA,NA,0,0,0,NA,NA,NA
"58","ENST00000215742.9","ENSG00000184436.12","OTTHUMG00000150879.2","OTTHUMT00000320405.2","THAP7-201","THAP7",1913,"protein_coding",1102,55,0.936390281,"GGACT",0.672727273,NA,NA,NA,NA,NA,NA,NA,NA,NA,0,0,0,NA,NA,NA
"59","ENST00000215742.9","ENSG00000184436.12","OTTHUMG00000150879.2","OTTHUMT00000320405.2","THAP7-201","THAP7",1913,"protein_coding",1148,46,0.991788447,"GGACT",0.826086957,NA,NA,NA,NA,NA,NA,NA,NA,NA,0,0,0,NA,NA,NA
"60","ENST00000215904.7","ENSG00000241360.2","OTTHUMG00000044618.4","OTTHUMT00000104105.3","PDXP-201","PDXP",2012,"protein_coding",946,71,0.962893784,"GGACT",0.633802817,NA,NA,NA,NA,NA,NA,NA,NA,NA,0,0,0,NA,NA,NA
"61","ENST00000215917.11","ENSG00000100104.13","OTTHUMG00000150885.4","OTTHUMT00000320423.3","SRRD-201","SRRD",4020,"protein_coding",975,22,0.915859878,"GGACT",0.5,NA,NA,NA,NA,NA,NA,NA,NA,NA,0,0,0,NA,NA,NA
"62","ENST00000215917.11","ENSG00000100104.13","OTTHUMG00000150885.4","OTTHUMT00000320423.3","SRRD-201","SRRD",4020,"protein_coding",1185,25,0.911615968,"GGACT",0.76,NA,NA,NA,NA,NA,NA,NA,NA,NA,0,0,0,NA,NA,NA
"63","ENST00000216037.10","ENSG00000100219.17","OTTHUMG00000151094.3","OTTHUMT00000321274.1","XBP1-201","XBP1",1850,"protein_coding",1111,56,0.983092368,"TGACT",0.928571429,NA,NA,NA,NA,NA,NA,NA,NA,NA,0,0,0,NA,NA,NA
"64","ENST00000216037.10","ENSG00000100219.17","OTTHUMG00000151094.3","OTTHUMT00000321274.1","XBP1-201","XBP1",1850,"protein_coding",1186,59,0.905955911,"GGACA",0.406779661,NA,NA,NA,NA,NA,NA,NA,NA,NA,0,0,0,NA,NA,NA
"65","ENST00000216080.5","ENSG00000100258.18","OTTHUMG00000150206.3","OTTHUMT00000316832.2","LMF2-201","LMF2",2658,"protein_coding",2289,22,0.972696722,"GGACC",0.636363636,NA,NA,NA,NA,NA,NA,NA,NA,NA,0,0,0,NA,NA,NA
"66","ENST00000216080.5","ENSG00000100258.18","OTTHUMG00000150206.3","OTTHUMT00000316832.2","LMF2-201","LMF2",2658,"protein_coding",2418,50,0.985646844,"GGACT",0.74,NA,NA,NA,NA,NA,NA,NA,NA,NA,0,0,0,NA,NA,NA
"67","ENST00000216185.7","ENSG00000100348.10","OTTHUMG00000150596.4","OTTHUMT00000319016.2","TXN2-201","TXN2",1336,"protein_coding",627,78,0.958324969,"GAACT",0.525641026,NA,NA,NA,NA,NA,NA,NA,NA,NA,0,0,0,NA,NA,NA
"68","ENST00000216252.4","ENSG00000100410.8","OTTHUMG00000150966.2","OTTHUMT00000320686.2","PHF5A-201","PHF5A",1053,"protein_coding",719,35,0.947903216,"GAACT",0.628571429,NA,NA,NA,NA,NA,NA,NA,NA,NA,0,0,0,NA,NA,NA
"69","ENST00000216252.4","ENSG00000100410.8","OTTHUMG00000150966.2","OTTHUMT00000320686.2","PHF5A-201","PHF5A",1053,"protein_coding",723,59,0.96238023,"TGACT",0.694915254,NA,NA,NA,NA,NA,NA,NA,NA,NA,0,0,0,NA,NA,NA
"70","ENST00000216259.8","ENSG00000100417.12","OTTHUMG00000150972.4","OTTHUMT00000320711.4","PMM1-201","PMM1",1242,"protein_coding",971,62,0.944726706,"GGACA",0.629032258,NA,NA,NA,NA,NA,NA,NA,NA,NA,0,0,0,NA,NA,NA
"71","ENST00000216410.8","ENSG00000100522.10","OTTHUMG00000152334.6","OTTHUMT00000276898.2","GNPNAT1-201","GNPNAT1",3867,"protein_coding",3755,34,0.938866556,"TGACT",0.382352941,NA,NA,NA,NA,NA,NA,NA,NA,NA,0,0,0,NA,NA,NA
"72","ENST00000216463.8","ENSG00000100575.14","OTTHUMG00000140322.8","OTTHUMT00000412359.2","TIMM9-201","TIMM9",1075,"protein_coding_CDS_not_defined",707,65,0.935640275,"GGACT",0.615384615,NA,NA,NA,NA,NA,NA,NA,NA,NA,0,0,0,NA,NA,NA
"73","ENST00000216463.8","ENSG00000100575.14","OTTHUMG00000140322.8","OTTHUMT00000412359.2","TIMM9-201","TIMM9",1075,"protein_coding_CDS_not_defined",764,60,0.9755885,"TGACT",0.566666667,NA,NA,NA,NA,NA,NA,NA,NA,NA,0,0,0,NA,NA,NA
"74","ENST00000216714.8","ENSG00000100823.12","OTTHUMG00000029544.7","OTTHUMT00000073641.4","APEX1-201","APEX1",1453,"protein_coding",1038,347,0.949145794,"GGACT",0.772334294,NA,NA,NA,NA,NA,NA,NA,NA,NA,0,0,0,NA,NA,NA
"75","ENST00000216780.9","ENSG00000100889.12","OTTHUMG00000028791.10","OTTHUMT00000071900.5","PCK2-201","PCK2",2179,"protein_coding",2145,73,0.943508923,"AGACT",0.602739726,NA,NA,NA,NA,NA,NA,NA,NA,NA,0,0,0,NA,NA,NA
"76","ENST00000216840.11","ENSG00000100949.15","OTTHUMG00000171838.7","OTTHUMT00000415311.5","RABGGTA-201","RABGGTA",1946,"protein_coding",1835,31,0.905463815,"GAACT",0.548387097,NA,NA,NA,NA,NA,NA,NA,NA,NA,0,0,0,NA,NA,NA
"77","ENST00000217109.9","ENSG00000101138.12","OTTHUMG00000032791.9","OTTHUMT00000079794.4","CSTF1-201","CSTF1",4032,"protein_coding",1197,20,0.916092873,"GGACT",0.45,NA,NA,NA,NA,NA,NA,NA,NA,NA,0,0,0,NA,NA,NA
"78","ENST00000217109.9","ENSG00000101138.12","OTTHUMG00000032791.9","OTTHUMT00000079794.4","CSTF1-201","CSTF1",4032,"protein_coding",1392,50,0.995279849,"TGACT",0.82,NA,NA,NA,NA,NA,NA,NA,NA,NA,0,0,0,NA,NA,NA
"79","ENST00000217109.9","ENSG00000101138.12","OTTHUMG00000032791.9","OTTHUMT00000079794.4","CSTF1-201","CSTF1",4032,"protein_coding",1428,26,0.975196421,"GGACT",0.730769231,NA,NA,NA,NA,NA,NA,NA,NA,NA,0,0,0,NA,NA,NA
"80","ENST00000217109.9","ENSG00000101138.12","OTTHUMG00000032791.9","OTTHUMT00000079794.4","CSTF1-201","CSTF1",4032,"protein_coding",1655,27,0.960037351,"GGACT",0.740740741,NA,NA,NA,NA,NA,NA,NA,NA,NA,0,0,0,NA,NA,NA
"81","ENST00000217131.6","ENSG00000101160.15","OTTHUMG00000032858.3","OTTHUMT00000079899.2","CTSZ-201","CTSZ",1502,"protein_coding",1132,20,0.928627551,"GAACT",0.6,NA,NA,NA,NA,NA,NA,NA,NA,NA,0,0,0,NA,NA,NA
"82","ENST00000217131.6","ENSG00000101160.15","OTTHUMG00000032858.3","OTTHUMT00000079899.2","CTSZ-201","CTSZ",1502,"protein_coding",1326,43,0.903078973,"GGACT",0.604651163,NA,NA,NA,NA,NA,NA,NA,NA,NA,0,0,0,NA,NA,NA
"83","ENST00000217233.9","ENSG00000101255.12","OTTHUMG00000031627.6","OTTHUMT00000077441.3","TRIB3-201","TRIB3",2356,"protein_coding",1362,26,0.946350694,"GGACC",0.461538462,NA,NA,NA,NA,NA,NA,NA,NA,NA,0,0,0,NA,NA,NA
"84","ENST00000217233.9","ENSG00000101255.12","OTTHUMG00000031627.6","OTTHUMT00000077441.3","TRIB3-201","TRIB3",2356,"protein_coding",1426,24,0.967318475,"GGACT",0.708333333,NA,NA,NA,NA,NA,NA,NA,NA,NA,0,0,0,NA,NA,NA
"85","ENST00000217233.9","ENSG00000101255.12","OTTHUMG00000031627.6","OTTHUMT00000077441.3","TRIB3-201","TRIB3",2356,"protein_coding",1563,35,0.973744512,"GAACT",0.685714286,NA,NA,NA,NA,NA,NA,NA,NA,NA,0,0,0,NA,NA,NA
"86","ENST00000217233.9","ENSG00000101255.12","OTTHUMG00000031627.6","OTTHUMT00000077441.3","TRIB3-201","TRIB3",2356,"protein_coding",1879,56,0.974589229,"GGACA",0.696428571,NA,NA,NA,NA,NA,NA,NA,NA,NA,0,0,0,NA,NA,NA
"87","ENST00000217381.3","ENSG00000101400.6","OTTHUMG00000032259.3","OTTHUMT00000078704.3","SNTA1-201","SNTA1",2211,"protein_coding",1803,55,0.923258781,"AGACT",0.509090909,NA,NA,NA,NA,NA,NA,NA,NA,NA,0,0,0,NA,NA,NA
"88","ENST00000217381.3","ENSG00000101400.6","OTTHUMG00000032259.3","OTTHUMT00000078704.3","SNTA1-201","SNTA1",2211,"protein_coding",1849,61,0.964144409,"GGACT",0.62295082,NA,NA,NA,NA,NA,NA,NA,NA,NA,0,0,0,NA,NA,NA
"89","ENST00000217446.8","ENSG00000101464.11","OTTHUMG00000032304.6","OTTHUMT00000078795.2","PIGU-201","PIGU",1639,"protein_coding",1340,161,0.935932338,"GGACC",0.726708075,NA,NA,NA,NA,NA,NA,NA,NA,NA,0,0,0,NA,NA,NA
"90","ENST00000217446.8","ENSG00000101464.11","OTTHUMG00000032304.6","OTTHUMT00000078795.2","PIGU-201","PIGU",1639,"protein_coding",1460,165,0.908551157,"GGACC",0.557575758,NA,NA,NA,NA,NA,NA,NA,NA,NA,0,0,0,NA,NA,NA
"91","ENST00000217456.3","ENSG00000101474.12","OTTHUMG00000032107.3","OTTHUMT00000078380.3","APMAP-201","APMAP",2202,"protein_coding",1837,112,0.906486511,"GAACT",0.598214286,NA,NA,NA,NA,NA,NA,NA,NA,NA,0,0,0,NA,NA,NA
"92","ENST00000219066.5","ENSG00000065057.9","OTTHUMG00000128744.4","-","NTHL1-201","NTHL1",1067,"protein_coding",858,63,0.922372282,"GGACT",0.571428571,NA,NA,NA,NA,NA,NA,NA,NA,NA,0,0,0,NA,NA,NA
"93","ENST00000219097.7","ENSG00000091651.9","OTTHUMG00000132539.5","OTTHUMT00000255739.4","ORC6-201","ORC6",1615,"protein_coding",915,31,0.995969713,"AGACT",0.903225806,NA,NA,NA,NA,NA,NA,NA,NA,NA,0,0,0,NA,NA,NA
"94","ENST00000219240.9","ENSG00000102967.12","OTTHUMG00000178093.7","OTTHUMT00000504258.2","DHODH-201","DHODH",4669,"protein_coding",1291,63,0.94870162,"GGACT",0.555555556,NA,NA,NA,NA,NA,NA,NA,NA,NA,0,0,0,NA,NA,NA
"95","ENST00000219313.9","ENSG00000103035.11","OTTHUMG00000137601.4","OTTHUMT00000269010.3","PSMD7-201","PSMD7",1631,"protein_coding",700,171,0.923726082,"GGACT",0.69005848,NA,NA,NA,NA,NA,NA,NA,NA,NA,0,0,0,NA,NA,NA
"96","ENST00000219313.9","ENSG00000103035.11","OTTHUMG00000137601.4","OTTHUMT00000269010.3","PSMD7-201","PSMD7",1631,"protein_coding",1245,112,0.946174324,"AGACT",0.580357143,NA,NA,NA,NA,NA,NA,NA,NA,NA,0,0,0,NA,NA,NA
"97","ENST00000219313.9","ENSG00000103035.11","OTTHUMG00000137601.4","OTTHUMT00000269010.3","PSMD7-201","PSMD7",1631,"protein_coding",1413,138,0.953368008,"AGACT",0.717391304,NA,NA,NA,NA,NA,NA,NA,NA,NA,0,0,0,NA,NA,NA
"98","ENST00000219400.8","ENSG00000103121.9","OTTHUMG00000137625.6","OTTHUMT00000269047.3","CMC2-201","CMC2",10072,"protein_coding",470,94,0.975710094,"AGACT",0.765957447,NA,NA,NA,NA,NA,NA,NA,NA,NA,0,0,0,NA,NA,NA
"99","ENST00000219548.9","ENSG00000103266.11","OTTHUMG00000121140.7","OTTHUMT00000241618.3","STUB1-201","STUB1",1340,"protein_coding",1146,226,0.979295731,"GGACT",0.809734513,NA,NA,NA,NA,NA,NA,NA,NA,NA,0,0,0,NA,NA,NA
"100","ENST00000219548.9","ENSG00000103266.11","OTTHUMG00000121140.7","OTTHUMT00000241618.3","STUB1-201","STUB1",1340,"protein_coding",1153,222,0.956207395,"GGACT",0.824324324,NA,NA,NA,NA,NA,NA,NA,NA,NA,0,0,0,NA,NA,NA
"101","ENST00000219700.10","ENSG00000103415.12","OTTHUMG00000129473.4","OTTHUMT00000438511.1","HMOX2-201","HMOX2",1621,"protein_coding",629,24,0.959976554,"GGACC",0.625,NA,NA,NA,NA,NA,NA,NA,NA,NA,0,0,0,NA,NA,NA
"102","ENST00000219700.10","ENSG00000103415.12","OTTHUMG00000129473.4","OTTHUMT00000438511.1","HMOX2-201","HMOX2",1621,"protein_coding",657,20,0.991443098,"GGACA",0.8,NA,NA,NA,NA,NA,NA,NA,NA,NA,0,0,0,NA,NA,NA
"103","ENST00000220751.5","ENSG00000104312.8","OTTHUMG00000163809.3","OTTHUMT00000375686.2","RIPK2-201","RIPK2",2516,"protein_coding",1871,22,0.911827028,"TGACT",0.681818182,NA,NA,NA,NA,NA,NA,NA,NA,NA,0,0,0,NA,NA,NA
"104","ENST00000221770.7","ENSG00000105171.10","OTTHUMG00000182020.4","OTTHUMT00000458714.1","POP4-201","POP4",2321,"protein_coding",509,163,0.925224006,"GGACA",0.539877301,NA,NA,NA,NA,NA,NA,NA,NA,NA,0,0,0,NA,NA,NA
"105","ENST00000221770.7","ENSG00000105171.10","OTTHUMG00000182020.4","OTTHUMT00000458714.1","POP4-201","POP4",2321,"protein_coding",847,66,0.961122215,"GGACA",0.590909091,NA,NA,NA,NA,NA,NA,NA,NA,NA,0,0,0,NA,NA,NA
"106","ENST00000222219.8","ENSG00000105612.10","OTTHUMG00000180535.3","OTTHUMT00000451790.2","DNASE2-201","DNASE2",1938,"protein_coding",992,22,0.905353606,"GGACC",0.454545455,NA,NA,NA,NA,NA,NA,NA,NA,NA,0,0,0,NA,NA,NA
"107","ENST00000222219.8","ENSG00000105612.10","OTTHUMG00000180535.3","OTTHUMT00000451790.2","DNASE2-201","DNASE2",1938,"protein_coding",1287,62,0.932011187,"GAACT",0.564516129,NA,NA,NA,NA,NA,NA,NA,NA,NA,0,0,0,NA,NA,NA
"108","ENST00000222219.8","ENSG00000105612.10","OTTHUMG00000180535.3","OTTHUMT00000451790.2","DNASE2-201","DNASE2",1938,"protein_coding",1419,63,0.961022854,"AGACT",0.634920635,NA,NA,NA,NA,NA,NA,NA,NA,NA,0,0,0,NA,NA,NA
"109","ENST00000222572.8","ENSG00000105854.13","OTTHUMG00000153948.9","OTTHUMT00000333142.2","PON2-201","PON2",1610,"protein_coding",669,54,0.904167175,"GAACT",0.425925926,NA,NA,NA,NA,NA,NA,NA,NA,NA,0,0,0,NA,NA,NA
"110","ENST00000223073.6","ENSG00000106344.8","OTTHUMG00000157711.3","OTTHUMT00000349442.2","RBM28-201","RBM28",15507,"protein_coding",2533,40,0.966090143,"GGACT",0.8,NA,NA,NA,NA,NA,NA,NA,NA,NA,0,0,0,NA,NA,NA
"111","ENST00000223095.5","ENSG00000106366.9","OTTHUMG00000157107.3","OTTHUMT00000347458.2","SERPINE1-201","SERPINE1",3156,"protein_coding",1439,113,0.932984352,"TGACT",0.734513274,NA,NA,NA,NA,NA,NA,NA,NA,NA,0,0,0,NA,NA,NA
"112","ENST00000223127.8","ENSG00000106397.12","OTTHUMG00000157111.5","OTTHUMT00000347470.2","PLOD3-201","PLOD3",2821,"protein_coding",2651,25,0.93235302,"GAACT",0.6,NA,NA,NA,NA,NA,NA,NA,NA,NA,0,0,0,NA,NA,NA
"113","ENST00000223273.7","ENSG00000241127.8","OTTHUMG00000128689.4","OTTHUMT00000250586.2","YAE1-201","YAE1",871,"protein_coding",418,20,0.930743277,"GGACT",0.55,NA,NA,NA,NA,NA,NA,NA,NA,NA,0,0,0,NA,NA,NA
"114","ENST00000223324.3","ENSG00000106591.4","OTTHUMG00000155180.2","OTTHUMT00000338669.2","MRPL32-201","MRPL32",859,"protein_coding",476,149,0.970354259,"AGACT",0.805369128,NA,NA,NA,NA,NA,NA,NA,NA,NA,0,0,0,NA,NA,NA
"115","ENST00000225174.8","ENSG00000108179.14","OTTHUMG00000018562.5","OTTHUMT00000048949.2","PPIF-201","PPIF",2196,"protein_coding",1075,93,0.956559956,"GGACT",0.720430108,NA,NA,NA,NA,NA,NA,NA,NA,NA,0,0,0,NA,NA,NA
"116","ENST00000225726.10","ENSG00000108588.15","OTTHUMG00000178933.5","OTTHUMT00000444016.3","CCDC47-201","CCDC47",3283,"protein_coding",1754,62,0.915775657,"AGACA",0.564516129,NA,NA,NA,NA,NA,NA,NA,NA,NA,0,0,0,NA,NA,NA
"117","ENST00000225777.8","ENSG00000108639.8","OTTHUMG00000177457.4","OTTHUMT00000437009.2","SYNGR2-201","SYNGR2",1495,"protein_coding",763,129,0.957097709,"GGACT",0.666666667,NA,NA,NA,NA,NA,NA,NA,NA,NA,0,0,0,NA,NA,NA
"118","ENST00000225777.8","ENSG00000108639.8","OTTHUMG00000177457.4","OTTHUMT00000437009.2","SYNGR2-201","SYNGR2",1495,"protein_coding",1102,352,0.977598071,"AGACT",0.795454545,NA,NA,NA,NA,NA,NA,NA,NA,NA,0,0,0,NA,NA,NA
"119","ENST00000225916.10","ENSG00000108773.11","OTTHUMG00000133504.4","OTTHUMT00000257458.2","KAT2A-201","KAT2A",3115,"protein_coding",2727,43,0.970602036,"GGACC",0.720930233,NA,NA,NA,NA,NA,NA,NA,NA,NA,0,0,0,NA,NA,NA
"120","ENST00000225916.10","ENSG00000108773.11","OTTHUMG00000133504.4","OTTHUMT00000257458.2","KAT2A-201","KAT2A",3115,"protein_coding",2935,60,0.962162733,"GAACT",0.716666667,NA,NA,NA,NA,NA,NA,NA,NA,NA,0,0,0,NA,NA,NA
"121","ENST00000226230.8","ENSG00000109084.14","OTTHUMG00000132497.6","OTTHUMT00000255675.4","TMEM97-201","TMEM97",2463,"protein_coding",445,28,0.925017118,"AGACT",0.785714286,NA,NA,NA,NA,NA,NA,NA,NA,NA,0,0,0,NA,NA,NA
"122","ENST00000227471.7","ENSG00000110057.9","OTTHUMG00000167472.5","OTTHUMT00000394726.3","UNC93B1-201","UNC93B1",2294,"protein_coding",1867,51,0.954451382,"GGACT",0.666666667,NA,NA,NA,NA,NA,NA,NA,NA,NA,0,0,0,NA,NA,NA
"123","ENST00000227868.9","ENSG00000110435.13","OTTHUMG00000166491.4","OTTHUMT00000390017.2","PDHX-201","PDHX",2500,"protein_coding",2177,23,0.909861505,"GAACT",0.52173913,NA,NA,NA,NA,NA,NA,NA,NA,NA,0,0,0,NA,NA,NA
"124","ENST00000228318.8","ENSG00000075415.15","OTTHUMG00000170212.3","-","SLC25A3-202","SLC25A3",5987,"protein_coding",231,232,0.914522827,"TGACT",0.689655172,NA,NA,NA,NA,NA,NA,NA,NA,NA,0,0,0,NA,NA,NA
"125","ENST00000228318.8","ENSG00000075415.15","OTTHUMG00000170212.3","-","SLC25A3-202","SLC25A3",5987,"protein_coding",265,275,0.957386672,"GGACT",0.792727273,NA,NA,NA,NA,NA,NA,NA,NA,NA,0,0,0,NA,NA,NA
"126","ENST00000228918.9","ENSG00000111321.11","OTTHUMG00000168356.4","OTTHUMT00000399422.2","LTBR-201","LTBR",2134,"protein_coding",1936,21,0.982551277,"GGACT",0.857142857,NA,NA,NA,NA,NA,NA,NA,NA,NA,0,0,0,NA,NA,NA
"127","ENST00000229794.9","ENSG00000112062.12","OTTHUMG00000159806.3","OTTHUMT00000357450.1","MAPK14-201","MAPK14",4222,"protein_coding",3542,55,0.987247169,"GGACT",0.654545455,NA,NA,NA,NA,NA,NA,NA,NA,NA,0,0,0,NA,NA,NA
"128","ENST00000229795.8","ENSG00000112062.12","OTTHUMG00000159806.3","OTTHUMT00000357449.1","MAPK14-202","MAPK14",4222,"protein_coding",3542,55,0.985311627,"GGACT",0.654545455,NA,NA,NA,NA,NA,NA,NA,NA,NA,0,0,0,NA,NA,NA
"129","ENST00000230340.9","ENSG00000112578.10","OTTHUMG00000014687.3","OTTHUMT00000040535.3","BYSL-201","BYSL",1718,"protein_coding",1535,179,0.928852558,"GGACT",0.648044693,NA,NA,NA,NA,NA,NA,NA,NA,NA,0,0,0,NA,NA,NA
"130","ENST00000230510.7","ENSG00000112742.10","OTTHUMG00000015088.5","OTTHUMT00000041317.3","TTK-201","TTK",3477,"protein_coding",3198,65,0.922635972,"GGACT",0.707692308,NA,NA,NA,NA,NA,NA,NA,NA,NA,0,0,0,NA,NA,NA
"131","ENST00000230771.9","ENSG00000112855.17","OTTHUMG00000129500.19","OTTHUMT00000251670.4","HARS2-201","HARS2",2468,"protein_coding",2317,23,0.921139181,"GAACT",0.47826087,NA,NA,NA,NA,NA,NA,NA,NA,NA,0,0,0,NA,NA,NA
"132","ENST00000231198.12","ENSG00000113272.14","OTTHUMG00000130254.5","OTTHUMT00000252579.3","THG1L-201","THG1L",2885,"protein_coding",1016,49,0.961388528,"GGACA",0.632653061,NA,NA,NA,NA,NA,NA,NA,NA,NA,0,0,0,NA,NA,NA
"133","ENST00000231668.13","ENSG00000113734.18","OTTHUMG00000130521.4","OTTHUMT00000252940.2","BNIP1-201","BNIP1",1339,"protein_coding",1141,26,0.945922017,"GGACA",0.576923077,NA,NA,NA,NA,NA,NA,NA,NA,NA,0,0,0,NA,NA,NA
"134","ENST00000232607.7","ENSG00000114491.14","OTTHUMG00000159431.5","OTTHUMT00000355271.3","UMPS-201","UMPS",6652,"protein_coding",480,28,0.984805346,"GGACA",0.75,NA,NA,NA,NA,NA,NA,NA,NA,NA,0,0,0,NA,NA,NA
"135","ENST00000232607.7","ENSG00000114491.14","OTTHUMG00000159431.5","OTTHUMT00000355271.3","UMPS-201","UMPS",6652,"protein_coding",501,31,0.986312509,"GGACA",0.677419355,NA,NA,NA,NA,NA,NA,NA,NA,NA,0,0,0,NA,NA,NA
"136","ENST00000232607.7","ENSG00000114491.14","OTTHUMG00000159431.5","OTTHUMT00000355271.3","UMPS-201","UMPS",6652,"protein_coding",596,32,0.917576551,"AGACA",0.6875,NA,NA,NA,NA,NA,NA,NA,NA,NA,0,0,0,NA,NA,NA
"137","ENST00000232607.7","ENSG00000114491.14","OTTHUMG00000159431.5","OTTHUMT00000355271.3","UMPS-201","UMPS",6652,"protein_coding",691,61,0.907587707,"GAACT",0.524590164,NA,NA,NA,NA,NA,NA,NA,NA,NA,0,0,0,NA,NA,NA
"138","ENST00000232607.7","ENSG00000114491.14","OTTHUMG00000159431.5","OTTHUMT00000355271.3","UMPS-201","UMPS",6652,"protein_coding",841,67,0.942300022,"GGACC",0.582089552,NA,NA,NA,NA,NA,NA,NA,NA,NA,0,0,0,NA,NA,NA
"139","ENST00000232607.7","ENSG00000114491.14","OTTHUMG00000159431.5","OTTHUMT00000355271.3","UMPS-201","UMPS",6652,"protein_coding",863,70,0.97818321,"AGACT",0.9,NA,NA,NA,NA,NA,NA,NA,NA,NA,0,0,0,NA,NA,NA
"140","ENST00000233078.9","ENSG00000071626.17","OTTHUMG00000180058.9","OTTHUMT00000449522.3","DAZAP1-201","DAZAP1",2184,"protein_coding",1569,99,0.918326199,"GGACT",0.767676768,NA,NA,NA,NA,NA,NA,NA,NA,NA,0,0,0,NA,NA,NA
"141","ENST00000233545.6","ENSG00000115204.15","OTTHUMG00000097074.8","OTTHUMT00000214192.2","MPV17-201","MPV17",998,"protein_coding",747,28,0.957025647,"TGACT",0.75,NA,NA,NA,NA,NA,NA,NA,NA,NA,0,0,0,NA,NA,NA
"142","ENST00000234301.3","ENSG00000115944.15","OTTHUMG00000128605.9","OTTHUMT00000504364.2","COX7A2L-201","COX7A2L",2282,"protein_coding",416,172,0.916532993,"GGACT",0.540697674,NA,NA,NA,NA,NA,NA,NA,NA,NA,0,0,0,NA,NA,NA
"143","ENST00000234420.11","ENSG00000116062.19","OTTHUMG00000129129.13","OTTHUMT00000251180.5","MSH6-201","MSH6",4265,"protein_coding",2858,28,0.981570184,"AGACT",0.857142857,NA,NA,NA,NA,NA,NA,NA,NA,NA,0,0,0,NA,NA,NA
"144","ENST00000234420.11","ENSG00000116062.19","OTTHUMG00000129129.13","OTTHUMT00000251180.5","MSH6-201","MSH6",4265,"protein_coding",2863,30,0.942618787,"GGACT",0.833333333,NA,NA,NA,NA,NA,NA,NA,NA,NA,0,0,0,NA,NA,NA
"145","ENST00000234420.11","ENSG00000116062.19","OTTHUMG00000129129.13","OTTHUMT00000251180.5","MSH6-201","MSH6",4265,"protein_coding",3180,31,0.98069936,"GGACT",0.774193548,NA,NA,NA,NA,NA,NA,NA,NA,NA,0,0,0,NA,NA,NA
"146","ENST00000234420.11","ENSG00000116062.19","OTTHUMG00000129129.13","OTTHUMT00000251180.5","MSH6-201","MSH6",4265,"protein_coding",3225,34,0.965729713,"GGACT",0.705882353,NA,NA,NA,NA,NA,NA,NA,NA,NA,0,0,0,NA,NA,NA
"147","ENST00000234454.6","ENSG00000116096.6","OTTHUMG00000129777.3","OTTHUMT00000251993.3","SPR-201","SPR",1432,"protein_coding",1079,28,0.922752321,"GAACT",0.464285714,NA,NA,NA,NA,NA,NA,NA,NA,NA,0,0,0,NA,NA,NA
"148","ENST00000237380.12","ENSG00000118579.13","OTTHUMG00000161980.4","OTTHUMT00000360055.4","MED28-201","MED28",10858,"protein_coding",621,48,0.901730359,"GGACT",0.625,NA,NA,NA,NA,NA,NA,NA,NA,NA,0,0,0,NA,NA,NA
"149","ENST00000237530.11","ENSG00000118705.18","OTTHUMG00000032409.6","OTTHUMT00000079076.4","RPN2-201","RPN2",2227,"protein_coding",1412,135,0.914842129,"GAACT",0.577777778,NA,NA,NA,NA,NA,NA,NA,NA,NA,0,0,0,NA,NA,NA
"150","ENST00000238721.9","ENSG00000115129.14","OTTHUMG00000090817.4","OTTHUMT00000207618.3","TP53I3-201","TP53I3",1653,"protein_coding",1646,22,0.921158135,"GAACT",0.590909091,NA,NA,NA,NA,NA,NA,NA,NA,NA,0,0,0,NA,NA,NA
"151","ENST00000239223.4","ENSG00000120129.6","OTTHUMG00000130523.4","OTTHUMT00000252943.4","DUSP1-201","DUSP1",2013,"protein_coding",325,32,0.908595443,"GGACT",0.5625,NA,NA,NA,NA,NA,NA,NA,NA,NA,0,0,0,NA,NA,NA
"152","ENST00000239223.4","ENSG00000120129.6","OTTHUMG00000130523.4","OTTHUMT00000252943.4","DUSP1-201","DUSP1",2013,"protein_coding",1385,125,0.969132423,"GGACT",0.728,NA,NA,NA,NA,NA,NA,NA,NA,NA,0,0,0,NA,NA,NA
"153","ENST00000239223.4","ENSG00000120129.6","OTTHUMG00000130523.4","OTTHUMT00000252943.4","DUSP1-201","DUSP1",2013,"protein_coding",1599,204,0.937721193,"GGACT",0.588235294,NA,NA,NA,NA,NA,NA,NA,NA,NA,0,0,0,NA,NA,NA
"154","ENST00000240185.8","ENSG00000120948.19","OTTHUMG00000185649.2","OTTHUMT00000006063.2","TARDBP-201","TARDBP",4185,"protein_coding",1656,79,0.935722709,"GGACT",0.721518987,NA,NA,NA,NA,NA,NA,NA,NA,NA,0,0,0,NA,NA,NA
"155","ENST00000241014.6","ENSG00000121653.11","OTTHUMG00000134324.2","OTTHUMT00000259405.1","MAPK8IP1-201","MAPK8IP1",3050,"protein_coding",2977,62,0.900195658,"TGACT",0.661290323,NA,NA,NA,NA,NA,NA,NA,NA,NA,0,0,0,NA,NA,NA
"156","ENST00000241600.10","ENSG00000122140.13","OTTHUMG00000020910.4","OTTHUMT00000504246.2","MRPS2-201","MRPS2",1458,"protein_coding",510,62,0.966292143,"TGACT",0.758064516,NA,NA,NA,NA,NA,NA,NA,NA,NA,0,0,0,NA,NA,NA
"157","ENST00000241600.10","ENSG00000122140.13","OTTHUMG00000020910.4","OTTHUMT00000504246.2","MRPS2-201","MRPS2",1458,"protein_coding",1081,148,0.910971701,"GGACC",0.52027027,NA,NA,NA,NA,NA,NA,NA,NA,NA,0,0,0,NA,NA,NA
"158","ENST00000241600.10","ENSG00000122140.13","OTTHUMG00000020910.4","OTTHUMT00000504246.2","MRPS2-201","MRPS2",1458,"protein_coding",1170,186,0.916741192,"GGACC",0.586021505,NA,NA,NA,NA,NA,NA,NA,NA,NA,0,0,0,NA,NA,NA
"159","ENST00000242257.14","ENSG00000122687.19","OTTHUMG00000023866.8","OTTHUMT00000060187.3","MRM2-201","MRM2",1704,"protein_coding",890,52,0.956014991,"GGACA",0.538461538,NA,NA,NA,NA,NA,NA,NA,NA,NA,0,0,0,NA,NA,NA
"160","ENST00000242257.14","ENSG00000122687.19","OTTHUMG00000023866.8","OTTHUMT00000060187.3","MRM2-201","MRM2",1704,"protein_coding",1140,68,0.969711423,"AGACT",0.823529412,NA,NA,NA,NA,NA,NA,NA,NA,NA,0,0,0,NA,NA,NA
"161","ENST00000242776.9","ENSG00000123136.15","OTTHUMG00000182181.5","OTTHUMT00000459880.2","DDX39A-201","DDX39A",1498,"protein_coding",257,129,0.958206952,"GGACT",0.666666667,76,138,1284,1,76,77,1359,1360,1497,0,1,0,NA,0.140965732087227,NA
"162","ENST00000242784.5","ENSG00000123144.11","OTTHUMG00000180347.2","OTTHUMT00000450856.2","TRIR-201","TRIR",879,"protein_coding",706,422,0.940796137,"GGACT",0.639810427,NA,NA,NA,NA,NA,NA,NA,NA,NA,0,0,0,NA,NA,NA
"163","ENST00000243253.8","ENSG00000058262.11","OTTHUMG00000159624.5","OTTHUMT00000356541.3","SEC61A1-201","SEC61A1",3568,"protein_coding",1743,25,0.967371583,"GAACT",0.68,NA,NA,NA,NA,NA,NA,NA,NA,NA,0,0,0,NA,NA,NA
"164","ENST00000243253.8","ENSG00000058262.11","OTTHUMG00000159624.5","OTTHUMT00000356541.3","SEC61A1-201","SEC61A1",3568,"protein_coding",2053,44,0.992669761,"GGACT",0.818181818,NA,NA,NA,NA,NA,NA,NA,NA,NA,0,0,0,NA,NA,NA
"165","ENST00000243253.8","ENSG00000058262.11","OTTHUMG00000159624.5","OTTHUMT00000356541.3","SEC61A1-201","SEC61A1",3568,"protein_coding",2116,51,0.912253857,"GAACT",0.529411765,NA,NA,NA,NA,NA,NA,NA,NA,NA,0,0,0,NA,NA,NA
"166","ENST00000243253.8","ENSG00000058262.11","OTTHUMG00000159624.5","OTTHUMT00000356541.3","SEC61A1-201","SEC61A1",3568,"protein_coding",2418,60,0.985729396,"GGACA",0.766666667,NA,NA,NA,NA,NA,NA,NA,NA,NA,0,0,0,NA,NA,NA
"167","ENST00000243253.8","ENSG00000058262.11","OTTHUMG00000159624.5","OTTHUMT00000356541.3","SEC61A1-201","SEC61A1",3568,"protein_coding",2424,78,0.961367249,"AAACT",0.602564103,NA,NA,NA,NA,NA,NA,NA,NA,NA,0,0,0,NA,NA,NA
"168","ENST00000243253.8","ENSG00000058262.11","OTTHUMG00000159624.5","OTTHUMT00000356541.3","SEC61A1-201","SEC61A1",3568,"protein_coding",2428,90,0.950796485,"TGACT",0.733333333,NA,NA,NA,NA,NA,NA,NA,NA,NA,0,0,0,NA,NA,NA
"169","ENST00000243253.8","ENSG00000058262.11","OTTHUMG00000159624.5","OTTHUMT00000356541.3","SEC61A1-201","SEC61A1",3568,"protein_coding",2507,81,0.948110104,"GGACT",0.703703704,NA,NA,NA,NA,NA,NA,NA,NA,NA,0,0,0,NA,NA,NA
"170","ENST00000243776.11","ENSG00000123989.15","OTTHUMG00000058929.4","OTTHUMT00000130268.2","CHPF-201","CHPF",3028,"protein_coding",2498,26,0.976564348,"GGACC",0.692307692,NA,NA,NA,NA,NA,NA,NA,NA,NA,0,0,0,NA,NA,NA
"171","ENST00000243896.6","ENSG00000080189.15","OTTHUMG00000033050.5","OTTHUMT00000080362.1","SLC35C2-201","SLC35C2",2447,"protein_coding",1718,53,0.960610628,"GGACT",0.811320755,NA,NA,NA,NA,NA,NA,NA,NA,NA,0,0,0,NA,NA,NA
"172","ENST00000243896.6","ENSG00000080189.15","OTTHUMG00000033050.5","OTTHUMT00000080362.1","SLC35C2-201","SLC35C2",2447,"protein_coding",1914,59,0.934318841,"GGACT",0.661016949,NA,NA,NA,NA,NA,NA,NA,NA,NA,0,0,0,NA,NA,NA
"173","ENST00000243896.6","ENSG00000080189.15","OTTHUMG00000033050.5","OTTHUMT00000080362.1","SLC35C2-201","SLC35C2",2447,"protein_coding",1925,66,0.924188852,"GGACT",0.651515152,NA,NA,NA,NA,NA,NA,NA,NA,NA,0,0,0,NA,NA,NA
"174","ENST00000243903.6","ENSG00000101442.10","OTTHUMG00000032456.4","OTTHUMT00000079205.4","ACTR5-201","ACTR5",2547,"protein_coding",1907,20,0.989447832,"GGACT",0.85,NA,NA,NA,NA,NA,NA,NA,NA,NA,0,0,0,NA,NA,NA
"175","ENST00000243903.6","ENSG00000101442.10","OTTHUMG00000032456.4","OTTHUMT00000079205.4","ACTR5-201","ACTR5",2547,"protein_coding",1996,20,0.955628216,"GGACA",0.75,NA,NA,NA,NA,NA,NA,NA,NA,NA,0,0,0,NA,NA,NA
"176","ENST00000243903.6","ENSG00000101442.10","OTTHUMG00000032456.4","OTTHUMT00000079205.4","ACTR5-201","ACTR5",2547,"protein_coding",2050,20,0.938233018,"AGACT",0.6,NA,NA,NA,NA,NA,NA,NA,NA,NA,0,0,0,NA,NA,NA
"177","ENST00000243918.10","ENSG00000204070.10","OTTHUMG00000032579.4","OTTHUMT00000079453.3","SYS1-201","SYS1",2728,"protein_coding",649,21,0.991294742,"GGACA",0.857142857,NA,NA,NA,NA,NA,NA,NA,NA,NA,0,0,0,NA,NA,NA
"178","ENST00000243918.10","ENSG00000204070.10","OTTHUMG00000032579.4","OTTHUMT00000079453.3","SYS1-201","SYS1",2728,"protein_coding",869,51,0.90257293,"GGACC",0.450980392,NA,NA,NA,NA,NA,NA,NA,NA,NA,0,0,0,NA,NA,NA
"179","ENST00000243918.10","ENSG00000204070.10","OTTHUMG00000032579.4","OTTHUMT00000079453.3","SYS1-201","SYS1",2728,"protein_coding",1418,22,0.982160032,"GGACT",0.772727273,NA,NA,NA,NA,NA,NA,NA,NA,NA,0,0,0,NA,NA,NA
"180","ENST00000244020.5","ENSG00000124193.16","OTTHUMG00000032502.7","OTTHUMT00000079292.4","SRSF6-201","SRSF6",4353,"protein_coding",1179,39,0.950166285,"GAACT",0.512820513,138,3180,1035,1,138,139,1172,1173,4352,0,0,1,NA,NA,0.00188679245283019
"181","ENST00000244496.6","ENSG00000124541.7","OTTHUMG00000014715.3","OTTHUMT00000040572.2","RRP36-201","RRP36",1183,"protein_coding",958,487,0.951711655,"GGACT",0.728952772,NA,NA,NA,NA,NA,NA,NA,NA,NA,0,0,0,NA,NA,NA
"182","ENST00000244496.6","ENSG00000124541.7","OTTHUMG00000014715.3","OTTHUMT00000040572.2","RRP36-201","RRP36",1183,"protein_coding",1140,371,0.926321983,"GGACA",0.574123989,NA,NA,NA,NA,NA,NA,NA,NA,NA,0,0,0,NA,NA,NA
"183","ENST00000245185.6","ENSG00000125148.7","OTTHUMG00000133281.3","OTTHUMT00000257061.2","MT2A-201","MT2A",401,"protein_coding",265,1745,0.916990221,"GGACA",0.557593123,NA,NA,NA,NA,NA,NA,NA,NA,NA,0,0,0,NA,NA,NA
"184","ENST00000245551.9","ENSG00000125457.15","OTTHUMG00000179485.4","OTTHUMT00000446672.1","MIF4GD-201","MIF4GD",1358,"protein_coding",938,23,0.908098221,"AGACT",0.739130435,NA,NA,NA,NA,NA,NA,NA,NA,NA,0,0,0,NA,NA,NA
"185","ENST00000245812.8","ENSG00000125652.8","OTTHUMG00000180792.3","OTTHUMT00000453036.3","ALKBH7-201","ALKBH7",970,"protein_coding",742,202,0.922202766,"GGACA",0.569306931,NA,NA,NA,NA,NA,NA,NA,NA,NA,0,0,0,NA,NA,NA
"186","ENST00000245960.10","ENSG00000101224.18","OTTHUMG00000031764.3","OTTHUMT00000077779.3","CDC25B-201","CDC25B",3119,"protein_coding",3005,45,0.924224734,"GGACT",0.622222222,NA,NA,NA,NA,NA,NA,NA,NA,NA,0,0,0,NA,NA,NA
"187","ENST00000246117.9","ENSG00000125912.11","OTTHUMG00000180687.5","OTTHUMT00000452545.2","NCLN-201","NCLN",3680,"protein_coding",1963,75,0.992814422,"AGACT",0.893333333,NA,NA,NA,NA,NA,NA,NA,NA,NA,0,0,0,NA,NA,NA
"188","ENST00000246117.9","ENSG00000125912.11","OTTHUMG00000180687.5","OTTHUMT00000452545.2","NCLN-201","NCLN",3680,"protein_coding",2048,89,0.941453218,"GGACT",0.685393258,NA,NA,NA,NA,NA,NA,NA,NA,NA,0,0,0,NA,NA,NA
"189","ENST00000246117.9","ENSG00000125912.11","OTTHUMG00000180687.5","OTTHUMT00000452545.2","NCLN-201","NCLN",3680,"protein_coding",3444,91,0.944860399,"AGACT",0.56043956,NA,NA,NA,NA,NA,NA,NA,NA,NA,0,0,0,NA,NA,NA
"190","ENST00000247020.9","ENSG00000132581.10","OTTHUMG00000132681.6","OTTHUMT00000255965.3","SDF2-201","SDF2",1309,"protein_coding",446,93,0.91284436,"GGACC",0.494623656,30,643,636,1,30,31,665,666,1308,0,1,0,NA,0.654088050314465,NA
"191","ENST00000247020.9","ENSG00000132581.10","OTTHUMG00000132681.6","OTTHUMT00000255965.3","SDF2-201","SDF2",1309,"protein_coding",887,157,0.938186944,"GGACT",0.751592357,30,643,636,1,30,31,665,666,1308,0,0,1,NA,NA,0.343701399688958
"192","ENST00000247020.9","ENSG00000132581.10","OTTHUMG00000132681.6","OTTHUMT00000255965.3","SDF2-201","SDF2",1309,"protein_coding",996,144,0.921103716,"GGACT",0.638888889,30,643,636,1,30,31,665,666,1308,0,0,1,NA,NA,0.513219284603421
"193","ENST00000248089.8","ENSG00000103145.11","OTTHUMG00000177450.1","OTTHUMT00000436969.1","HCFC1R1-201","HCFC1R1",656,"protein_coding",428,114,0.915283382,"GGACA",0.5,NA,NA,NA,NA,NA,NA,NA,NA,NA,0,0,0,NA,NA,NA
"194","ENST00000248378.6","ENSG00000127774.7","OTTHUMG00000180187.2","OTTHUMT00000450158.2","EMC6-201","EMC6",656,"protein_coding",513,414,0.931357026,"GGACT",0.574879227,137,186,333,1,137,138,469,470,655,0,0,1,NA,NA,0.231182795698925
"195","ENST00000248437.9","ENSG00000127824.15","OTTHUMG00000133126.7","OTTHUMT00000256816.4","TUBA4A-201","TUBA4A",2049,"protein_coding",1093,25,0.977989316,"GGACT",0.88,NA,NA,NA,NA,NA,NA,NA,NA,NA,0,0,0,NA,NA,NA
"196","ENST00000248975.6","ENSG00000128245.15","OTTHUMG00000030833.10","OTTHUMT00000075721.3","YWHAH-201","YWHAH",1751,"protein_coding",530,22,0.933262289,"GAACT",0.727272727,NA,NA,NA,NA,NA,NA,NA,NA,NA,0,0,0,NA,NA,NA
"197","ENST00000248975.6","ENSG00000128245.15","OTTHUMG00000030833.10","OTTHUMT00000075721.3","YWHAH-201","YWHAH",1751,"protein_coding",824,22,0.921860814,"GGACA",0.681818182,NA,NA,NA,NA,NA,NA,NA,NA,NA,0,0,0,NA,NA,NA
"198","ENST00000248975.6","ENSG00000128245.15","OTTHUMG00000030833.10","OTTHUMT00000075721.3","YWHAH-201","YWHAH",1751,"protein_coding",851,31,0.967267454,"GGACT",0.709677419,NA,NA,NA,NA,NA,NA,NA,NA,NA,0,0,0,NA,NA,NA
"199","ENST00000248975.6","ENSG00000128245.15","OTTHUMG00000030833.10","OTTHUMT00000075721.3","YWHAH-201","YWHAH",1751,"protein_coding",1117,41,0.979379654,"GGACT",0.902439024,NA,NA,NA,NA,NA,NA,NA,NA,NA,0,0,0,NA,NA,NA
"200","ENST00000249042.8","ENSG00000128311.14","OTTHUMG00000150533.5","OTTHUMT00000318789.2","TST-201","TST",1125,"protein_coding",132,48,0.990723491,"GGACT",0.8125,NA,NA,NA,NA,NA,NA,NA,NA,NA,0,0,0,NA,NA,NA
"201","ENST00000249364.9","ENSG00000128595.17","OTTHUMG00000158274.4","OTTHUMT00000350533.2","CALU-201","CALU",5266,"protein_coding",1115,29,0.986025751,"AGACT",0.793103448,NA,NA,NA,NA,NA,NA,NA,NA,NA,0,0,0,NA,NA,NA
"202","ENST00000249776.13","ENSG00000128944.14","OTTHUMG00000172454.3","OTTHUMT00000418636.1","KNSTRN-201","KNSTRN",1757,"protein_coding",1155,68,0.988103151,"GGACT",0.838235294,NA,NA,NA,NA,NA,NA,NA,NA,NA,0,0,0,NA,NA,NA
"203","ENST00000249776.13","ENSG00000128944.14","OTTHUMG00000172454.3","OTTHUMT00000418636.1","KNSTRN-201","KNSTRN",1757,"protein_coding",1201,89,0.97939074,"GGACA",0.640449438,NA,NA,NA,NA,NA,NA,NA,NA,NA,0,0,0,NA,NA,NA
"204","ENST00000249776.13","ENSG00000128944.14","OTTHUMG00000172454.3","OTTHUMT00000418636.1","KNSTRN-201","KNSTRN",1757,"protein_coding",1351,97,0.946222544,"TGACT",0.659793814,NA,NA,NA,NA,NA,NA,NA,NA,NA,0,0,0,NA,NA,NA
"205","ENST00000250056.12","ENSG00000129195.16","OTTHUMG00000177832.6","OTTHUMT00000439156.1","PIMREG-201","PIMREG",1473,"protein_coding",1018,32,0.947349906,"GGACT",0.75,NA,NA,NA,NA,NA,NA,NA,NA,NA,0,0,0,NA,NA,NA
"206","ENST00000250974.9","ENSG00000129968.17","OTTHUMG00000171872.6","OTTHUMT00000415557.1","ABHD17A-201","ABHD17A",1630,"protein_coding",1451,70,0.975100696,"GGACC",0.614285714,NA,NA,NA,NA,NA,NA,NA,NA,NA,0,0,0,NA,NA,NA
"207","ENST00000251289.9","ENSG00000065268.11","OTTHUMG00000181903.9","OTTHUMT00000474027.2","WDR18-201","WDR18",1501,"protein_coding",1384,237,0.940082312,"GGACT",0.687763713,NA,NA,NA,NA,NA,NA,NA,NA,NA,0,0,0,NA,NA,NA
"208","ENST00000251413.8","ENSG00000131462.9","OTTHUMG00000180277.4","OTTHUMT00000450548.2","TUBG1-201","TUBG1",1608,"protein_coding",1527,47,0.939251482,"GGACT",0.638297872,NA,NA,NA,NA,NA,NA,NA,NA,NA,0,0,0,NA,NA,NA
"209","ENST00000251849.9","ENSG00000132155.14","OTTHUMG00000129789.8","OTTHUMT00000252015.2","RAF1-201","RAF1",3191,"protein_coding",2395,24,0.914177001,"GGACC",0.625,NA,NA,NA,NA,NA,NA,NA,NA,NA,0,0,0,NA,NA,NA
"210","ENST00000251849.9","ENSG00000132155.14","OTTHUMG00000129789.8","OTTHUMT00000252015.2","RAF1-201","RAF1",3191,"protein_coding",2705,33,0.943905592,"GGACT",0.606060606,NA,NA,NA,NA,NA,NA,NA,NA,NA,0,0,0,NA,NA,NA
"211","ENST00000251849.9","ENSG00000132155.14","OTTHUMG00000129789.8","OTTHUMT00000252015.2","RAF1-201","RAF1",3191,"protein_coding",2767,31,0.926291943,"GGACT",0.612903226,NA,NA,NA,NA,NA,NA,NA,NA,NA,0,0,0,NA,NA,NA
"212","ENST00000251993.11","ENSG00000100364.19","OTTHUMG00000151263.4","OTTHUMT00000321978.1","KIAA0930-201","KIAA0930",2723,"protein_coding",2069,24,0.939561427,"GGACA",0.625,NA,NA,NA,NA,NA,NA,NA,NA,NA,0,0,0,NA,NA,NA
"213","ENST00000252440.11","ENSG00000130159.15","OTTHUMG00000178590.6","OTTHUMT00000458843.1","ECSIT-201","ECSIT",1501,"protein_coding",1292,53,0.969736755,"GGACT",0.905660377,NA,NA,NA,NA,NA,NA,NA,NA,NA,0,0,0,NA,NA,NA
"214","ENST00000252602.2","ENSG00000130312.7","OTTHUMG00000182764.1","OTTHUMT00000463516.1","MRPL34-201","MRPL34",764,"protein_coding",352,55,0.933143795,"GGACC",0.381818182,NA,NA,NA,NA,NA,NA,NA,NA,NA,0,0,0,NA,NA,NA
"215","ENST00000252602.2","ENSG00000130312.7","OTTHUMG00000182764.1","OTTHUMT00000463516.1","MRPL34-201","MRPL34",764,"protein_coding",403,63,0.957954645,"GGACC",0.587301587,NA,NA,NA,NA,NA,NA,NA,NA,NA,0,0,0,NA,NA,NA
"216","ENST00000252602.2","ENSG00000130312.7","OTTHUMG00000182764.1","OTTHUMT00000463516.1","MRPL34-201","MRPL34",764,"protein_coding",675,72,0.90902698,"AGACA",0.666666667,NA,NA,NA,NA,NA,NA,NA,NA,NA,0,0,0,NA,NA,NA
"217","ENST00000252785.3","ENSG00000284194.3","OTTHUMG00000191637.2","OTTHUMT00000317091.1","SCO2-201","SCO2",992,"protein_coding",385,60,0.964571834,"GGACT",0.833333333,NA,NA,NA,NA,NA,NA,NA,NA,NA,0,0,0,NA,NA,NA
"218","ENST00000252785.3","ENSG00000284194.3","OTTHUMG00000191637.2","OTTHUMT00000317091.1","SCO2-201","SCO2",992,"protein_coding",736,101,0.98128587,"AGACT",0.683168317,NA,NA,NA,NA,NA,NA,NA,NA,NA,0,0,0,NA,NA,NA
"219","ENST00000252809.3","ENSG00000130513.7","OTTHUMG00000183360.6","OTTHUMT00000466340.2","GDF15-201","GDF15",1200,"protein_coding",927,72,0.964049816,"TGACT",0.680555556,NA,NA,NA,NA,NA,NA,NA,NA,NA,0,0,0,NA,NA,NA
"220","ENST00000252809.3","ENSG00000130513.7","OTTHUMG00000183360.6","OTTHUMT00000466340.2","GDF15-201","GDF15",1200,"protein_coding",942,70,0.966866136,"AGACT",0.7,NA,NA,NA,NA,NA,NA,NA,NA,NA,0,0,0,NA,NA,NA
"221","ENST00000252816.10","ENSG00000130520.11","OTTHUMG00000183357.11","OTTHUMT00000466322.5","LSM4-201","LSM4",986,"protein_coding",819,560,0.948134542,"GGACT",0.721428571,NA,NA,NA,NA,NA,NA,NA,NA,NA,0,0,0,NA,NA,NA
"222","ENST00000252818.5","ENSG00000130522.6","OTTHUMG00000183355.6","OTTHUMT00000466318.3","JUND-201","JUND",1929,"protein_coding",928,71,0.979491055,"GGACA",0.788732394,NA,NA,NA,NA,NA,NA,NA,NA,NA,0,0,0,NA,NA,NA
"223","ENST00000252818.5","ENSG00000130522.6","OTTHUMG00000183355.6","OTTHUMT00000466318.3","JUND-201","JUND",1929,"protein_coding",1257,134,0.95830071,"GGACT",0.78358209,NA,NA,NA,NA,NA,NA,NA,NA,NA,0,0,0,NA,NA,NA
"224","ENST00000252818.5","ENSG00000130522.6","OTTHUMG00000183355.6","OTTHUMT00000466318.3","JUND-201","JUND",1929,"protein_coding",1361,118,0.967287004,"GGACT",0.694915254,NA,NA,NA,NA,NA,NA,NA,NA,NA,0,0,0,NA,NA,NA
"225","ENST00000253039.9","ENSG00000130741.11","OTTHUMG00000021262.3","OTTHUMT00000056079.2","EIF2S3-201","EIF2S3",3457,"protein_coding",2147,52,0.976298809,"AGACT",0.730769231,13,2025,1419,1,13,14,1431,1432,3456,0,0,1,NA,NA,0.353086419753086
"226","ENST00000253047.7","ENSG00000130748.7","OTTHUMG00000183441.2","OTTHUMT00000466666.2","TMEM160-201","TMEM160",655,"protein_coding",622,214,0.910570323,"GGACT",0.514018692,NA,NA,NA,NA,NA,NA,NA,NA,NA,0,0,0,NA,NA,NA
"227","ENST00000253193.9","ENSG00000130881.14","OTTHUMG00000180343.9","OTTHUMT00000450842.6","LRP3-201","LRP3",4058,"protein_coding",2422,81,0.94991219,"GGACA",0.654320988,NA,NA,NA,NA,NA,NA,NA,NA,NA,0,0,0,NA,NA,NA
"228","ENST00000253237.10","ENSG00000105447.13","OTTHUMG00000183305.3","OTTHUMT00000466122.2","GRWD1-201","GRWD1",5361,"protein_coding",1219,30,0.917223275,"GGACT",0.5,NA,NA,NA,NA,NA,NA,NA,NA,NA,0,0,0,NA,NA,NA
"229","ENST00000253237.10","ENSG00000105447.13","OTTHUMG00000183305.3","OTTHUMT00000466122.2","GRWD1-201","GRWD1",5361,"protein_coding",1457,58,0.917895973,"AGACT",0.551724138,NA,NA,NA,NA,NA,NA,NA,NA,NA,0,0,0,NA,NA,NA
"230","ENST00000253686.7","ENSG00000131368.9","OTTHUMG00000129836.5","OTTHUMT00000252076.3","MRPS25-201","MRPS25",4572,"protein_coding",744,64,0.963464141,"AGACT",0.65625,NA,NA,NA,NA,NA,NA,NA,NA,NA,0,0,0,NA,NA,NA
"231","ENST00000253968.11","ENSG00000131668.14","OTTHUMG00000020255.6","OTTHUMT00000053164.6","BARX1-201","BARX1",1511,"protein_coding",1108,98,0.993176162,"GGACA",0.87755102,NA,NA,NA,NA,NA,NA,NA,NA,NA,0,0,0,NA,NA,NA
"232","ENST00000253968.11","ENSG00000131668.14","OTTHUMG00000020255.6","OTTHUMT00000053164.6","BARX1-201","BARX1",1511,"protein_coding",1132,96,0.969622552,"GGACA",0.645833333,NA,NA,NA,NA,NA,NA,NA,NA,NA,0,0,0,NA,NA,NA
"233","ENST00000254108.12","ENSG00000089280.19","OTTHUMG00000132395.5","OTTHUMT00000255526.3","FUS-201","FUS",1824,"protein_coding",1029,23,0.991470814,"GGACA",0.869565217,NA,NA,NA,NA,NA,NA,NA,NA,NA,0,0,0,NA,NA,NA
"234","ENST00000254351.9","ENSG00000115884.11","OTTHUMG00000090751.5","OTTHUMT00000207495.2","SDC1-201","SDC1",3165,"protein_coding",3042,23,0.983448744,"TGACT",0.826086957,NA,NA,NA,NA,NA,NA,NA,NA,NA,0,0,0,NA,NA,NA
"235","ENST00000254584.6","ENSG00000132254.13","OTTHUMG00000133406.6","OTTHUMT00000387044.1","ARFIP2-201","ARFIP2",2543,"protein_coding",1143,23,0.996664286,"AGACA",0.913043478,NA,NA,NA,NA,NA,NA,NA,NA,NA,0,0,0,NA,NA,NA
"236","ENST00000254584.6","ENSG00000132254.13","OTTHUMG00000133406.6","OTTHUMT00000387044.1","ARFIP2-201","ARFIP2",2543,"protein_coding",1180,24,0.946059465,"GGACA",0.708333333,NA,NA,NA,NA,NA,NA,NA,NA,NA,0,0,0,NA,NA,NA
"237","ENST00000254584.6","ENSG00000132254.13","OTTHUMG00000133406.6","OTTHUMT00000387044.1","ARFIP2-201","ARFIP2",2543,"protein_coding",1480,65,0.971464217,"GGACT",0.769230769,NA,NA,NA,NA,NA,NA,NA,NA,NA,0,0,0,NA,NA,NA
"238","ENST00000254584.6","ENSG00000132254.13","OTTHUMG00000133406.6","OTTHUMT00000387044.1","ARFIP2-201","ARFIP2",2543,"protein_coding",1554,59,0.91186285,"GGACT",0.661016949,NA,NA,NA,NA,NA,NA,NA,NA,NA,0,0,0,NA,NA,NA
"239","ENST00000254630.12","ENSG00000132300.19","OTTHUMG00000153168.6","OTTHUMT00000329854.2","PTCD3-201","PTCD3",6681,"protein_coding",2142,29,0.952750266,"GAACT",0.620689655,NA,NA,NA,NA,NA,NA,NA,NA,NA,0,0,0,NA,NA,NA
"240","ENST00000254719.10","ENSG00000132383.12","OTTHUMG00000090579.4","OTTHUMT00000207118.3","RPA1-201","RPA1",4847,"protein_coding",2056,42,0.974847555,"GGACT",0.833333333,89,2907,1851,1,89,90,1939,1940,4846,0,0,1,NA,NA,0.0399036807705538
"241","ENST00000254765.4","ENSG00000132429.10","OTTHUMG00000015293.3","OTTHUMT00000041651.2","POPDC3-201","POPDC3",1879,"protein_coding",368,20,0.914624989,"GGACT",0.75,NA,NA,NA,NA,NA,NA,NA,NA,NA,0,0,0,NA,NA,NA
"242","ENST00000254928.10","ENSG00000132591.12","OTTHUMG00000132675.5","OTTHUMT00000255937.3","ERAL1-201","ERAL1",1841,"protein_coding",1384,70,0.931792974,"GAACT",0.557142857,NA,NA,NA,NA,NA,NA,NA,NA,NA,0,0,0,NA,NA,NA
"243","ENST00000254940.10","ENSG00000132603.15","OTTHUMG00000137568.8","OTTHUMT00000268947.3","NIP7-201","NIP7",2055,"protein_coding",668,20,0.924468517,"GGACT",0.7,NA,NA,NA,NA,NA,NA,NA,NA,NA,0,0,0,NA,NA,NA
"244","ENST00000254940.10","ENSG00000132603.15","OTTHUMG00000137568.8","OTTHUMT00000268947.3","NIP7-201","NIP7",2055,"protein_coding",715,21,0.912690938,"GGACT",0.619047619,NA,NA,NA,NA,NA,NA,NA,NA,NA,0,0,0,NA,NA,NA
"245","ENST00000254998.3","ENSG00000132661.4","OTTHUMG00000032059.3","OTTHUMT00000078313.3","NXT1-201","NXT1",1062,"protein_coding",493,118,0.995675623,"GGACA",0.652542373,NA,NA,NA,NA,NA,NA,NA,NA,NA,0,0,0,NA,NA,NA
"246","ENST00000254998.3","ENSG00000132661.4","OTTHUMG00000032059.3","OTTHUMT00000078313.3","NXT1-201","NXT1",1062,"protein_coding",654,126,0.906265616,"GGACT",0.5,NA,NA,NA,NA,NA,NA,NA,NA,NA,0,0,0,NA,NA,NA
"247","ENST00000254998.3","ENSG00000132661.4","OTTHUMG00000032059.3","OTTHUMT00000078313.3","NXT1-201","NXT1",1062,"protein_coding",741,159,0.971549571,"GGACT",0.779874214,NA,NA,NA,NA,NA,NA,NA,NA,NA,0,0,0,NA,NA,NA
"248","ENST00000255108.8","ENSG00000132768.14","OTTHUMG00000008295.3","OTTHUMT00000022832.2","DPH2-201","DPH2",2466,"protein_coding",1664,21,0.941072643,"GGACT",0.80952381,NA,NA,NA,NA,NA,NA,NA,NA,NA,0,0,0,NA,NA,NA
"249","ENST00000255174.3","ENSG00000132823.11","OTTHUMG00000032518.3","OTTHUMT00000079333.2","OSER1-201","OSER1",2109,"protein_coding",667,76,0.93541348,"TGACT",0.736842105,NA,NA,NA,NA,NA,NA,NA,NA,NA,0,0,0,NA,NA,NA
"250","ENST00000255390.10","ENSG00000133028.12","OTTHUMG00000130364.9","OTTHUMT00000252729.5","SCO1-201","SCO1",9577,"protein_coding",1114,57,0.969761252,"GAACT",0.736842105,NA,NA,NA,NA,NA,NA,NA,NA,NA,0,0,0,NA,NA,NA
"251","ENST00000255390.10","ENSG00000133028.12","OTTHUMG00000130364.9","OTTHUMT00000252729.5","SCO1-201","SCO1",9577,"protein_coding",1317,60,0.98450458,"GGACT",0.883333333,NA,NA,NA,NA,NA,NA,NA,NA,NA,0,0,0,NA,NA,NA
"252","ENST00000255641.13","ENSG00000133275.16","OTTHUMG00000180016.5","OTTHUMT00000449287.3","CSNK1G2-201","CSNK1G2",2895,"protein_coding",2691,76,0.936046243,"GGACT",0.736842105,NA,NA,NA,NA,NA,NA,NA,NA,NA,0,0,0,NA,NA,NA
"253","ENST00000256682.9","ENSG00000134287.10","OTTHUMG00000168080.3","OTTHUMT00000258242.3","ARF3-201","ARF3",4041,"protein_coding",824,41,0.96122849,"AGACA",0.829268293,NA,NA,NA,NA,NA,NA,NA,NA,NA,0,0,0,NA,NA,NA
"254","ENST00000257013.9","ENSG00000134590.14","OTTHUMG00000022465.4","OTTHUMT00000058391.3","RTL8C-201","RTL8C",1192,"protein_coding",838,71,0.989031136,"GGACT",0.873239437,NA,NA,NA,NA,NA,NA,NA,NA,NA,0,0,0,NA,NA,NA
"255","ENST00000257497.11","ENSG00000135046.14","OTTHUMG00000020016.3","OTTHUMT00000052664.2","ANXA1-201","ANXA1",1401,"protein_coding",1397,234,0.960898399,"AGACA",0.311965812,NA,NA,NA,NA,NA,NA,NA,NA,NA,0,0,0,NA,NA,NA
"256","ENST00000257829.8","ENSG00000135372.10","OTTHUMG00000166249.4","OTTHUMT00000388693.2","NAT10-201","NAT10",3973,"protein_coding",3328,21,0.984547138,"GGACT",0.904761905,NA,NA,NA,NA,NA,NA,NA,NA,NA,0,0,0,NA,NA,NA
"257","ENST00000257848.7","ENSG00000037897.17","OTTHUMG00000150143.6","OTTHUMT00000316529.3","METTL1-201","METTL1",1096,"protein_coding",895,25,0.923770189,"TGACT",0.8,NA,NA,NA,NA,NA,NA,NA,NA,NA,0,0,0,NA,NA,NA
"258","ENST00000257904.11","ENSG00000135446.17","OTTHUMG00000170382.6","OTTHUMT00000408790.3","CDK4-201","CDK4",1865,"protein_coding",401,174,0.902197003,"GAACT",0.540229885,NA,NA,NA,NA,NA,NA,NA,NA,NA,0,0,0,NA,NA,NA
"259","ENST00000258083.3","ENSG00000135617.4","OTTHUMG00000129773.3","OTTHUMT00000251989.2","PRADC1-201","PRADC1",1090,"protein_coding",677,82,0.902407169,"TGACT",0.743902439,NA,NA,NA,NA,NA,NA,NA,NA,NA,0,0,0,NA,NA,NA
"260","ENST00000258341.5","ENSG00000135862.6","OTTHUMG00000035418.6","OTTHUMT00000085954.3","LAMC1-201","LAMC1",7929,"protein_coding",5017,27,0.910434961,"GGACT",0.62962963,NA,NA,NA,NA,NA,NA,NA,NA,NA,0,0,0,NA,NA,NA
"261","ENST00000258711.7","ENSG00000136213.10","OTTHUMG00000023849.9","OTTHUMT00000060170.4","CHST12-201","CHST12",15979,"protein_coding",1270,22,0.944250882,"GGACT",0.727272727,NA,NA,NA,NA,NA,NA,NA,NA,NA,0,0,0,NA,NA,NA
"262","ENST00000258711.7","ENSG00000136213.10","OTTHUMG00000023849.9","OTTHUMT00000060170.4","CHST12-201","CHST12",15979,"protein_coding",1375,25,0.993525505,"AGACT",0.92,NA,NA,NA,NA,NA,NA,NA,NA,NA,0,0,0,NA,NA,NA
"263","ENST00000258781.11","ENSG00000136280.17","OTTHUMG00000129246.5","OTTHUMT00000251348.1","CCM2-201","CCM2",1864,"protein_coding",1457,74,0.942583144,"GGACT",0.621621622,NA,NA,NA,NA,NA,NA,NA,NA,NA,0,0,0,NA,NA,NA
"264","ENST00000258955.7","ENSG00000136444.10","OTTHUMG00000162126.6","OTTHUMT00000367413.2","RSAD1-201","RSAD1",2467,"protein_coding",2042,46,0.944148898,"GGACT",0.869565217,NA,NA,NA,NA,NA,NA,NA,NA,NA,0,0,0,NA,NA,NA
"265","ENST00000258955.7","ENSG00000136444.10","OTTHUMG00000162126.6","OTTHUMT00000367413.2","RSAD1-201","RSAD1",2467,"protein_coding",2132,58,0.941600144,"GGACT",0.689655172,NA,NA,NA,NA,NA,NA,NA,NA,NA,0,0,0,NA,NA,NA
"266","ENST00000258955.7","ENSG00000136444.10","OTTHUMG00000162126.6","OTTHUMT00000367413.2","RSAD1-201","RSAD1",2467,"protein_coding",2184,54,0.982108057,"GGACT",0.722222222,NA,NA,NA,NA,NA,NA,NA,NA,NA,0,0,0,NA,NA,NA
"267","ENST00000258955.7","ENSG00000136444.10","OTTHUMG00000162126.6","OTTHUMT00000367413.2","RSAD1-201","RSAD1",2467,"protein_coding",2271,55,0.914874256,"AGACT",0.709090909,NA,NA,NA,NA,NA,NA,NA,NA,NA,0,0,0,NA,NA,NA
"268","ENST00000258960.7","ENSG00000136448.13","OTTHUMG00000180003.4","OTTHUMT00000504348.2","NMT1-201","NMT1",4881,"protein_coding",1619,58,0.941207826,"GAACT",0.568965517,NA,NA,NA,NA,NA,NA,NA,NA,NA,0,0,0,NA,NA,NA
"269","ENST00000259477.6","ENSG00000136950.13","OTTHUMG00000020660.2","OTTHUMT00000054040.1","ARPC5L-201","ARPC5L",1325,"protein_coding",539,89,0.959685087,"AGACT",0.584269663,86,777,462,1,86,87,547,548,1324,0,1,0,NA,0.980519480519481,NA
"270","ENST00000259512.9","ENSG00000136986.10","OTTHUMG00000165080.4","OTTHUMT00000381714.3","DERL1-201","DERL1",3213,"protein_coding",1471,26,0.960398138,"GAACT",0.692307692,NA,NA,NA,NA,NA,NA,NA,NA,NA,0,0,0,NA,NA,NA
"271","ENST00000259874.6","ENSG00000137331.12","OTTHUMG00000031265.3","OTTHUMT00000076578.3","IER3-201","IER3",1237,"protein_coding",505,117,0.942212403,"TGACT",0.675213675,29,737,471,1,29,30,499,500,1236,0,0,1,NA,NA,0.0067842605156038
"272","ENST00000259874.6","ENSG00000137331.12","OTTHUMG00000031265.3","OTTHUMT00000076578.3","IER3-201","IER3",1237,"protein_coding",591,89,0.979629397,"GGACT",0.797752809,29,737,471,1,29,30,499,500,1236,0,0,1,NA,NA,0.123473541383989
"273","ENST00000260045.8","ENSG00000137492.9","OTTHUMG00000165280.2","OTTHUMT00000383188.2","THAP12-201","THAP12",3490,"protein_coding",2508,20,0.995807827,"GGACA",1,NA,NA,NA,NA,NA,NA,NA,NA,NA,0,0,0,NA,NA,NA
"274","ENST00000260045.8","ENSG00000137492.9","OTTHUMG00000165280.2","OTTHUMT00000383188.2","THAP12-201","THAP12",3490,"protein_coding",2681,52,0.987647355,"GGACT",0.788461538,NA,NA,NA,NA,NA,NA,NA,NA,NA,0,0,0,NA,NA,NA
"275","ENST00000260045.8","ENSG00000137492.9","OTTHUMG00000165280.2","OTTHUMT00000383188.2","THAP12-201","THAP12",3490,"protein_coding",2738,55,0.902562737,"GAACT",0.6,NA,NA,NA,NA,NA,NA,NA,NA,NA,0,0,0,NA,NA,NA
"276","ENST00000260045.8","ENSG00000137492.9","OTTHUMG00000165280.2","OTTHUMT00000383188.2","THAP12-201","THAP12",3490,"protein_coding",3032,71,0.987699211,"GGACA",0.887323944,NA,NA,NA,NA,NA,NA,NA,NA,NA,0,0,0,NA,NA,NA
"277","ENST00000260045.8","ENSG00000137492.9","OTTHUMG00000165280.2","OTTHUMT00000383188.2","THAP12-201","THAP12",3490,"protein_coding",3110,129,0.943431258,"GAACT",0.565891473,NA,NA,NA,NA,NA,NA,NA,NA,NA,0,0,0,NA,NA,NA
"278","ENST00000260118.7","ENSG00000137563.13","OTTHUMG00000164365.4","OTTHUMT00000378453.2","GGH-201","GGH",1248,"protein_coding",525,72,0.903426588,"GAACT",0.583333333,NA,NA,NA,NA,NA,NA,NA,NA,NA,0,0,0,NA,NA,NA
"279","ENST00000260130.9","ENSG00000137575.12","OTTHUMG00000164303.3","OTTHUMT00000378193.2","SDCBP-201","SDCBP",2073,"protein_coding",1540,60,0.900428712,"GAACT",0.6,NA,NA,NA,NA,NA,NA,NA,NA,NA,0,0,0,NA,NA,NA
"280","ENST00000260952.9","ENSG00000138381.10","OTTHUMG00000193522.2","OTTHUMT00000255919.4","ASNSD1-201","ASNSD1",2411,"protein_coding",1609,25,0.95220542,"GGACT",0.64,NA,NA,NA,NA,NA,NA,NA,NA,NA,0,0,0,NA,NA,NA
"281","ENST00000260952.9","ENSG00000138381.10","OTTHUMG00000193522.2","OTTHUMT00000255919.4","ASNSD1-201","ASNSD1",2411,"protein_coding",1681,20,0.95542258,"GAACT",0.55,NA,NA,NA,NA,NA,NA,NA,NA,NA,0,0,0,NA,NA,NA
"282","ENST00000261220.13","ENSG00000111142.14","OTTHUMG00000170280.3","OTTHUMT00000408299.1","METAP2-201","METAP2",1836,"protein_coding",1497,139,0.932727098,"GGACC",0.496402878,NA,NA,NA,NA,NA,NA,NA,NA,NA,0,0,0,NA,NA,NA
"283","ENST00000261407.9","ENSG00000111684.11","OTTHUMG00000168970.3","OTTHUMT00000401812.2","LPCAT3-201","LPCAT3",2235,"protein_coding",2194,22,0.91293174,"GAACT",0.772727273,NA,NA,NA,NA,NA,NA,NA,NA,NA,0,0,0,NA,NA,NA
"284","ENST00000261413.10","ENSG00000113048.19","OTTHUMG00000100951.9","OTTHUMT00000218560.2","MRPS27-201","MRPS27",2770,"protein_coding",1321,20,0.976005018,"GGACT",0.75,19,1506,1245,1,19,20,1263,1264,2769,0,0,1,NA,NA,0.0378486055776892
"285","ENST00000261507.11","ENSG00000052802.13","OTTHUMG00000161126.7","OTTHUMT00000363880.2","MSMO1-201","MSMO1",2227,"protein_coding",893,49,0.914506435,"GAACT",0.571428571,NA,NA,NA,NA,NA,NA,NA,NA,NA,0,0,0,NA,NA,NA
"286","ENST00000261507.11","ENSG00000052802.13","OTTHUMG00000161126.7","OTTHUMT00000363880.2","MSMO1-201","MSMO1",2227,"protein_coding",950,53,0.954340935,"AGACT",0.754716981,NA,NA,NA,NA,NA,NA,NA,NA,NA,0,0,0,NA,NA,NA
"287","ENST00000261507.11","ENSG00000052802.13","OTTHUMG00000161126.7","OTTHUMT00000363880.2","MSMO1-201","MSMO1",2227,"protein_coding",1000,60,0.984593809,"AGACT",0.9,NA,NA,NA,NA,NA,NA,NA,NA,NA,0,0,0,NA,NA,NA
"288","ENST00000261735.4","ENSG00000089248.7","OTTHUMG00000169637.4","OTTHUMT00000405200.2","ERP29-201","ERP29",1623,"protein_coding",413,71,0.931687236,"GGACT",0.746478873,NA,NA,NA,NA,NA,NA,NA,NA,NA,0,0,0,NA,NA,NA
"289","ENST00000261772.13","ENSG00000090861.17","OTTHUMG00000177042.7","OTTHUMT00000435021.2","AARS1-201","AARS1",3437,"protein_coding",3096,42,0.987890363,"GGACC",0.857142857,NA,NA,NA,NA,NA,NA,NA,NA,NA,0,0,0,NA,NA,NA
"290","ENST00000261798.10","ENSG00000113712.19","OTTHUMG00000163463.7","OTTHUMT00000373584.4","CSNK1A1-201","CSNK1A1",5444,"protein_coding",292,57,0.925691128,"TGACT",0.666666667,NA,NA,NA,NA,NA,NA,NA,NA,NA,0,0,0,NA,NA,NA
"291","ENST00000261819.8","ENSG00000089053.13","OTTHUMG00000169157.4","OTTHUMT00000402582.2","ANAPC5-201","ANAPC5",2574,"protein_coding",2384,513,0.904995978,"GGACT",0.614035088,NA,NA,NA,NA,NA,NA,NA,NA,NA,0,0,0,NA,NA,NA
"292","ENST00000261942.7","ENSG00000113194.13","OTTHUMG00000163228.3","OTTHUMT00000372194.2","FAF2-201","FAF2",4485,"protein_coding",3955,41,0.922841847,"AGACA",0.707317073,NA,NA,NA,NA,NA,NA,NA,NA,NA,0,0,0,NA,NA,NA
"293","ENST00000261942.7","ENSG00000113194.13","OTTHUMG00000163228.3","OTTHUMT00000372194.2","FAF2-201","FAF2",4485,"protein_coding",4210,55,0.994669557,"TGACT",0.818181818,NA,NA,NA,NA,NA,NA,NA,NA,NA,0,0,0,NA,NA,NA
"294","ENST00000261942.7","ENSG00000113194.13","OTTHUMG00000163228.3","OTTHUMT00000372194.2","FAF2-201","FAF2",4485,"protein_coding",4306,59,0.920975745,"GGACT",0.762711864,NA,NA,NA,NA,NA,NA,NA,NA,NA,0,0,0,NA,NA,NA
"295","ENST00000262061.7","ENSG00000111481.10","OTTHUMG00000169762.3","OTTHUMT00000405753.2","COPZ1-201","COPZ1",1890,"protein_coding",1681,174,0.935209811,"GAACT",0.477011494,NA,NA,NA,NA,NA,NA,NA,NA,NA,0,0,0,NA,NA,NA
"296","ENST00000262160.11","ENSG00000175387.16","OTTHUMG00000132652.5","OTTHUMT00000255903.3","SMAD2-201","SMAD2",34626,"protein_coding",1833,56,0.95633769,"GGACT",0.785714286,NA,NA,NA,NA,NA,NA,NA,NA,NA,0,0,0,NA,NA,NA
"297","ENST00000262225.8","ENSG00000086598.11","OTTHUMG00000168694.4","OTTHUMT00000400606.3","TMED2-201","TMED2",2544,"protein_coding",786,28,0.941435695,"GAACT",0.607142857,NA,NA,NA,NA,NA,NA,NA,NA,NA,0,0,0,NA,NA,NA
"298","ENST00000262395.10","ENSG00000076604.16","OTTHUMG00000132677.8","OTTHUMT00000255944.4","TRAF4-201","TRAF4",2894,"protein_coding",1432,138,0.935472667,"GGACA",0.623188406,NA,NA,NA,NA,NA,NA,NA,NA,NA,0,0,0,NA,NA,NA
"299","ENST00000262395.10","ENSG00000076604.16","OTTHUMG00000132677.8","OTTHUMT00000255944.4","TRAF4-201","TRAF4",2894,"protein_coding",1490,138,0.90599817,"GAACT",0.514492754,NA,NA,NA,NA,NA,NA,NA,NA,NA,0,0,0,NA,NA,NA
"300","ENST00000262395.10","ENSG00000076604.16","OTTHUMG00000132677.8","OTTHUMT00000255944.4","TRAF4-201","TRAF4",2894,"protein_coding",1807,178,0.970848858,"GGACT",0.713483146,NA,NA,NA,NA,NA,NA,NA,NA,NA,0,0,0,NA,NA,NA
"301","ENST00000262507.11","ENSG00000088682.14","OTTHUMG00000176582.5","OTTHUMT00000432598.4","COQ9-201","COQ9",1630,"protein_coding",1100,82,0.985613525,"GGACT",0.817073171,NA,NA,NA,NA,NA,NA,NA,NA,NA,0,0,0,NA,NA,NA
"302","ENST00000262570.10","ENSG00000106554.13","OTTHUMG00000155231.3","OTTHUMT00000338899.2","CHCHD3-201","CHCHD3",1604,"protein_coding",1050,117,0.968656957,"GGACA",0.752136752,NA,NA,NA,NA,NA,NA,NA,NA,NA,0,0,0,NA,NA,NA
"303","ENST00000262580.9","ENSG00000104518.11","OTTHUMG00000165132.8","OTTHUMT00000382048.3","GSDMD-201","GSDMD",1723,"protein_coding",1543,53,0.935564816,"GGACT",0.603773585,NA,NA,NA,NA,NA,NA,NA,NA,NA,0,0,0,NA,NA,NA
"304","ENST00000262643.8","ENSG00000105173.14","OTTHUMG00000177626.4","OTTHUMT00000438138.2","CCNE1-201","CCNE1",1954,"protein_coding",1443,48,0.938949764,"AGACA",0.520833333,NA,NA,NA,NA,NA,NA,NA,NA,NA,0,0,0,NA,NA,NA
"305","ENST00000262643.8","ENSG00000105173.14","OTTHUMG00000177626.4","OTTHUMT00000438138.2","CCNE1-201","CCNE1",1954,"protein_coding",1698,64,0.97152245,"GGACT",0.75,NA,NA,NA,NA,NA,NA,NA,NA,NA,0,0,0,NA,NA,NA
"306","ENST00000262646.12","ENSG00000104388.15","OTTHUMG00000134298.5","OTTHUMT00000259145.3","RAB2A-201","RAB2A",3735,"protein_coding",1133,21,0.937032759,"GAACT",0.619047619,NA,NA,NA,NA,NA,NA,NA,NA,NA,0,0,0,NA,NA,NA
"307","ENST00000262947.8","ENSG00000074842.8","OTTHUMG00000182039.2","OTTHUMT00000458937.2","MYDGF-201","MYDGF",990,"protein_coding",629,570,0.910208225,"GGACT",0.598245614,8,460,522,1,8,9,529,530,989,0,0,1,NA,NA,0.215217391304348
"308","ENST00000263083.12","ENSG00000108963.19","OTTHUMG00000177724.8","OTTHUMT00000438660.2","DPH1-201","DPH1",2646,"protein_coding",1697,26,0.908452034,"GGACA",0.5,NA,NA,NA,NA,NA,NA,NA,NA,NA,0,0,0,NA,NA,NA
"309","ENST00000263102.7","ENSG00000108091.11","OTTHUMG00000018284.3","OTTHUMT00000048176.3","CCDC6-201","CCDC6",5727,"protein_coding",5430,46,0.946191907,"GGACT",0.717391304,NA,NA,NA,NA,NA,NA,NA,NA,NA,0,0,0,NA,NA,NA
"310","ENST00000263228.4","ENSG00000107341.5","OTTHUMG00000019797.2","OTTHUMT00000052118.2","UBE2R2-201","UBE2R2",4477,"protein_coding",1484,20,0.985147238,"GGACC",0.8,NA,NA,NA,NA,NA,NA,NA,NA,NA,0,0,0,NA,NA,NA
"311","ENST00000263238.7","ENSG00000115091.12","OTTHUMG00000153497.9","OTTHUMT00000331366.3","ACTR3-201","ACTR3",6589,"protein_coding",1547,80,0.924331605,"TGACT",0.5625,NA,NA,NA,NA,NA,NA,NA,NA,NA,0,0,0,NA,NA,NA
"312","ENST00000263256.7","ENSG00000100418.8","OTTHUMG00000044632.5","OTTHUMT00000104124.4","DESI1-201","DESI1",3780,"protein_coding",561,28,0.936205089,"TGACT",0.714285714,NA,NA,NA,NA,NA,NA,NA,NA,NA,0,0,0,NA,NA,NA
"313","ENST00000263256.7","ENSG00000100418.8","OTTHUMG00000044632.5","OTTHUMT00000104124.4","DESI1-201","DESI1",3780,"protein_coding",715,29,0.942954719,"GGACT",0.586206897,NA,NA,NA,NA,NA,NA,NA,NA,NA,0,0,0,NA,NA,NA
"314","ENST00000263270.11","ENSG00000042753.12","OTTHUMG00000183437.2","OTTHUMT00000466643.1","AP2S1-201","AP2S1",789,"protein_coding",379,516,0.9373703,"GAACT",0.61627907,NA,NA,NA,NA,NA,NA,NA,NA,NA,0,0,0,NA,NA,NA
"315","ENST00000263354.8","ENSG00000105402.8","OTTHUMG00000183294.4","OTTHUMT00000466048.3","NAPA-201","NAPA",1662,"protein_coding",1188,58,0.993796647,"GGACA",0.75862069,NA,NA,NA,NA,NA,NA,NA,NA,NA,0,0,0,NA,NA,NA
"316","ENST00000263382.8","ENSG00000105011.9","OTTHUMG00000150401.3","OTTHUMT00000317946.2","ASF1B-201","ASF1B",1689,"protein_coding",822,21,0.913409293,"GGACT",0.619047619,133,947,609,1,133,134,741,742,1688,0,0,1,NA,NA,0.0844772967265048
"317","ENST00000263383.8","ENSG00000105135.16","OTTHUMG00000165630.4","OTTHUMT00000385439.2","ILVBL-201","ILVBL",2305,"protein_coding",2082,105,0.962463975,"GGACT",0.723809524,NA,NA,NA,NA,NA,NA,NA,NA,NA,0,0,0,NA,NA,NA
"318","ENST00000263384.12","ENSG00000105058.12","OTTHUMG00000182279.2","OTTHUMT00000460346.2","FAM32A-201","FAM32A",1463,"protein_coding",791,48,0.966442645,"GGACC",0.625,NA,NA,NA,NA,NA,NA,NA,NA,NA,0,0,0,NA,NA,NA
"319","ENST00000263384.12","ENSG00000105058.12","OTTHUMG00000182279.2","OTTHUMT00000460346.2","FAM32A-201","FAM32A",1463,"protein_coding",967,20,0.965771854,"GGACA",0.7,NA,NA,NA,NA,NA,NA,NA,NA,NA,0,0,0,NA,NA,NA
"320","ENST00000263398.11","ENSG00000026508.21","OTTHUMG00000044388.10","OTTHUMT00000388924.1","CD44-201","CD44",4288,"protein_coding",755,85,0.939765692,"AGACA",0.8,NA,NA,NA,NA,NA,NA,NA,NA,NA,0,0,0,NA,NA,NA
"321","ENST00000263398.11","ENSG00000026508.21","OTTHUMG00000044388.10","OTTHUMT00000388924.1","CD44-201","CD44",4288,"protein_coding",1282,209,0.969868183,"GGACA",0.693779904,NA,NA,NA,NA,NA,NA,NA,NA,NA,0,0,0,NA,NA,NA
"322","ENST00000263545.7","ENSG00000146963.18","OTTHUMG00000185163.3","-","LUC7L2-201","LUC7L2",2287,"protein_coding",1313,22,0.905334711,"GAACT",0.590909091,NA,NA,NA,NA,NA,NA,NA,NA,NA,0,0,0,NA,NA,NA
"323","ENST00000263646.11","ENSG00000078902.16","OTTHUMG00000133333.6","OTTHUMT00000388550.1","TOLLIP-201","TOLLIP",2283,"protein_coding",1017,22,0.944235384,"GGACT",0.954545455,NA,NA,NA,NA,NA,NA,NA,NA,NA,0,0,0,NA,NA,NA
"324","ENST00000263657.7","ENSG00000115946.8","OTTHUMG00000129563.3","OTTHUMT00000251756.2","PNO1-201","PNO1",2242,"protein_coding",839,62,0.944494009,"GGACT",0.64516129,NA,NA,NA,NA,NA,NA,NA,NA,NA,0,0,0,NA,NA,NA
"325","ENST00000263697.6","ENSG00000126698.11","OTTHUMG00000003538.4","OTTHUMT00000009860.3","DNAJC8-201","DNAJC8",1763,"protein_coding",852,143,0.909089565,"GGACT",0.531468531,NA,NA,NA,NA,NA,NA,NA,NA,NA,0,0,0,NA,NA,NA
"326","ENST00000263805.8","ENSG00000103994.18","OTTHUMG00000173244.7","OTTHUMT00000422587.1","ZNF106-201","ZNF106",10460,"protein_coding",10335,24,0.913958907,"TGACT",0.666666667,NA,NA,NA,NA,NA,NA,NA,NA,NA,0,0,0,NA,NA,NA
"327","ENST00000264079.11","ENSG00000090674.16","OTTHUMG00000182046.5","OTTHUMT00000458974.3","MCOLN1-201","MCOLN1",2084,"protein_coding",2009,26,0.948105931,"GGACC",0.538461538,NA,NA,NA,NA,NA,NA,NA,NA,NA,0,0,0,NA,NA,NA
"328","ENST00000264228.9","ENSG00000128039.13","OTTHUMG00000128733.3","OTTHUMT00000250644.3","SRD5A3-201","SRD5A3",4061,"protein_coding",1105,20,0.958410025,"GGACA",0.55,NA,NA,NA,NA,NA,NA,NA,NA,NA,0,0,0,NA,NA,NA
"329","ENST00000264414.9","ENSG00000036257.14","OTTHUMG00000133167.6","OTTHUMT00000256871.3","CUL3-201","CUL3",6756,"protein_coding",2691,28,0.96800375,"GGACT",0.892857143,NA,NA,NA,NA,NA,NA,NA,NA,NA,0,0,0,NA,NA,NA
"330","ENST00000264414.9","ENSG00000036257.14","OTTHUMG00000133167.6","OTTHUMT00000256871.3","CUL3-201","CUL3",6756,"protein_coding",2709,46,0.958965063,"GGACT",0.739130435,NA,NA,NA,NA,NA,NA,NA,NA,NA,0,0,0,NA,NA,NA
"331","ENST00000264498.9","ENSG00000138685.18","OTTHUMG00000039506.5","OTTHUMT00000095330.3","FGF2-201","FGF2",6801,"protein_coding",880,25,0.948990822,"GAACT",0.72,NA,NA,NA,NA,NA,NA,NA,NA,NA,0,0,0,NA,NA,NA
"332","ENST00000264538.4","ENSG00000114446.5","OTTHUMG00000159223.3","OTTHUMT00000353918.2","IFT57-201","IFT57",3057,"protein_coding",867,33,0.913006365,"GGACT",0.696969697,NA,NA,NA,NA,NA,NA,NA,NA,NA,0,0,0,NA,NA,NA
"333","ENST00000264607.9","ENSG00000065802.12","OTTHUMG00000152866.2","OTTHUMT00000328294.2","ASB1-201","ASB1",6891,"protein_coding",1278,87,0.936951637,"AGACT",0.712643678,NA,NA,NA,NA,NA,NA,NA,NA,NA,0,0,0,NA,NA,NA
"334","ENST00000264670.11","ENSG00000037474.15","OTTHUMG00000090455.3","OTTHUMT00000206902.2","NSUN2-201","NSUN2",3056,"protein_coding",2488,84,0.958280921,"TGACT",0.595238095,NA,NA,NA,NA,NA,NA,NA,NA,NA,0,0,0,NA,NA,NA
"335","ENST00000264670.11","ENSG00000037474.15","OTTHUMG00000090455.3","OTTHUMT00000206902.2","NSUN2-201","NSUN2",3056,"protein_coding",2531,89,0.902513802,"GGACT",0.528089888,NA,NA,NA,NA,NA,NA,NA,NA,NA,0,0,0,NA,NA,NA
"336","ENST00000264720.8","ENSG00000115207.15","OTTHUMG00000097785.9","-","GTF3C2-201","GTF3C2",3607,"protein_coding",2921,23,0.976699233,"GGACT",0.608695652,NA,NA,NA,NA,NA,NA,NA,NA,NA,0,0,0,NA,NA,NA
"337","ENST00000264720.8","ENSG00000115207.15","OTTHUMG00000097785.9","-","GTF3C2-201","GTF3C2",3607,"protein_coding",3021,24,0.934577763,"AGACT",0.583333333,NA,NA,NA,NA,NA,NA,NA,NA,NA,0,0,0,NA,NA,NA
"338","ENST00000264750.10","ENSG00000090316.16","OTTHUMG00000160169.8","OTTHUMT00000359513.1","MAEA-201","MAEA",2058,"protein_coding",1364,65,0.967689574,"AGACT",0.784615385,NA,NA,NA,NA,NA,NA,NA,NA,NA,0,0,0,NA,NA,NA
"339","ENST00000264750.10","ENSG00000090316.16","OTTHUMG00000160169.8","OTTHUMT00000359513.1","MAEA-201","MAEA",2058,"protein_coding",1536,85,0.96499002,"GGACT",0.705882353,NA,NA,NA,NA,NA,NA,NA,NA,NA,0,0,0,NA,NA,NA
"340","ENST00000264750.10","ENSG00000090316.16","OTTHUMG00000160169.8","OTTHUMT00000359513.1","MAEA-201","MAEA",2058,"protein_coding",1574,84,0.929058194,"GGACA",0.595238095,NA,NA,NA,NA,NA,NA,NA,NA,NA,0,0,0,NA,NA,NA
"341","ENST00000264750.10","ENSG00000090316.16","OTTHUMG00000160169.8","OTTHUMT00000359513.1","MAEA-201","MAEA",2058,"protein_coding",1679,87,0.98138386,"GGACT",0.885057471,NA,NA,NA,NA,NA,NA,NA,NA,NA,0,0,0,NA,NA,NA
"342","ENST00000264932.11","ENSG00000073578.18","OTTHUMG00000090275.6","OTTHUMT00000206599.2","SDHA-201","SDHA",2693,"protein_coding",522,21,0.947809935,"GAACT",0.619047619,NA,NA,NA,NA,NA,NA,NA,NA,NA,0,0,0,NA,NA,NA
"343","ENST00000264963.9","ENSG00000114988.12","OTTHUMG00000130453.2","OTTHUMT00000252844.1","LMAN2L-201","LMAN2L",2398,"protein_coding",2120,22,0.986857772,"AGACA",0.636363636,NA,NA,NA,NA,NA,NA,NA,NA,NA,0,0,0,NA,NA,NA
"344","ENST00000265056.12","ENSG00000073111.14","OTTHUMG00000159637.9","OTTHUMT00000356612.3","MCM2-201","MCM2",3434,"protein_coding",2842,55,0.965530038,"GGACA",0.690909091,NA,NA,NA,NA,NA,NA,NA,NA,NA,0,0,0,NA,NA,NA
"345","ENST00000265062.8","ENSG00000075785.14","OTTHUMG00000159812.3","OTTHUMT00000357479.2","RAB7A-201","RAB7A",2185,"protein_coding",81,22,0.936565578,"GAACT",0.636363636,NA,NA,NA,NA,NA,NA,NA,NA,NA,0,0,0,NA,NA,NA
"346","ENST00000265093.4","ENSG00000113732.9","OTTHUMG00000130518.4","OTTHUMT00000372563.1","ATP6V0E1-201","ATP6V0E1",773,"protein_coding",467,469,0.936223328,"GAACT",0.584221748,NA,NA,NA,NA,NA,NA,NA,NA,NA,0,0,0,NA,NA,NA
"347","ENST00000265195.9","ENSG00000120725.13","OTTHUMG00000129226.4","OTTHUMT00000373062.1","SIL1-201","SIL1",1895,"protein_coding",1546,135,0.951130986,"GGACT",0.666666667,NA,NA,NA,NA,NA,NA,NA,NA,NA,0,0,0,NA,NA,NA
"348","ENST00000265195.9","ENSG00000120725.13","OTTHUMG00000129226.4","OTTHUMT00000373062.1","SIL1-201","SIL1",1895,"protein_coding",1551,150,0.976423383,"GGACT",0.813333333,NA,NA,NA,NA,NA,NA,NA,NA,NA,0,0,0,NA,NA,NA
"349","ENST00000265245.10","ENSG00000041802.11","OTTHUMG00000156021.3","OTTHUMT00000342740.2","LSG1-201","LSG1",3283,"protein_coding",2432,27,0.990758955,"AGACT",0.62962963,NA,NA,NA,NA,NA,NA,NA,NA,NA,0,0,0,NA,NA,NA
"350","ENST00000265245.10","ENSG00000041802.11","OTTHUMG00000156021.3","OTTHUMT00000342740.2","LSG1-201","LSG1",3283,"protein_coding",2553,32,0.932726562,"GGACT",0.6875,NA,NA,NA,NA,NA,NA,NA,NA,NA,0,0,0,NA,NA,NA
"351","ENST00000265340.12","ENSG00000069011.16","OTTHUMG00000149983.7","OTTHUMT00000251195.4","PITX1-201","PITX1",2337,"protein_coding",1722,24,0.96665597,"GGACT",0.666666667,NA,NA,NA,NA,NA,NA,NA,NA,NA,0,0,0,NA,NA,NA
"352","ENST00000265471.10","ENSG00000149541.10","OTTHUMG00000167685.3","OTTHUMT00000395588.2","B3GAT3-201","B3GAT3",1452,"protein_coding",1308,63,0.971469343,"GGACC",0.619047619,NA,NA,NA,NA,NA,NA,NA,NA,NA,0,0,0,NA,NA,NA
"353","ENST00000265634.4","ENSG00000106236.4","OTTHUMG00000154369.2","OTTHUMT00000334982.2","NPTX2-201","NPTX2",2713,"protein_coding",2405,50,0.939724207,"GGACT",0.72,NA,NA,NA,NA,NA,NA,NA,NA,NA,0,0,0,NA,NA,NA
"354","ENST00000265663.12","ENSG00000165802.23","OTTHUMG00000020989.5","OTTHUMT00000055330.4","NSMF-201","NSMF",2981,"protein_coding",2758,23,0.959252477,"GGACT",0.608695652,NA,NA,NA,NA,NA,NA,NA,NA,NA,0,0,0,NA,NA,NA
"355","ENST00000265857.8","ENSG00000239857.7","OTTHUMG00000112459.13","OTTHUMT00000231930.2","GET4-201","GET4",2090,"protein_coding",1774,20,0.939532816,"GGACT",0.7,NA,NA,NA,NA,NA,NA,NA,NA,NA,0,0,0,NA,NA,NA
"356","ENST00000265896.10","ENSG00000104549.12","OTTHUMG00000164990.3","OTTHUMT00000381362.2","SQLE-201","SQLE",2962,"protein_coding",757,20,0.968145847,"GGACT",0.8,NA,NA,NA,NA,NA,NA,NA,NA,NA,0,0,0,NA,NA,NA
"357","ENST00000265896.10","ENSG00000104549.12","OTTHUMG00000164990.3","OTTHUMT00000381362.2","SQLE-201","SQLE",2962,"protein_coding",772,20,0.974376917,"GGACA",0.7,NA,NA,NA,NA,NA,NA,NA,NA,NA,0,0,0,NA,NA,NA
"358","ENST00000265896.10","ENSG00000104549.12","OTTHUMG00000164990.3","OTTHUMT00000381362.2","SQLE-201","SQLE",2962,"protein_coding",905,26,0.96502918,"GGACT",0.846153846,NA,NA,NA,NA,NA,NA,NA,NA,NA,0,0,0,NA,NA,NA
"359","ENST00000265896.10","ENSG00000104549.12","OTTHUMG00000164990.3","OTTHUMT00000381362.2","SQLE-201","SQLE",2962,"protein_coding",954,27,0.942948461,"GGACT",0.814814815,NA,NA,NA,NA,NA,NA,NA,NA,NA,0,0,0,NA,NA,NA
"360","ENST00000265993.13","ENSG00000119977.22","OTTHUMG00000018814.7","OTTHUMT00000049546.4","TCTN3-201","TCTN3",2734,"protein_coding",1931,22,0.964119792,"GGACT",0.727272727,NA,NA,NA,NA,NA,NA,NA,NA,NA,0,0,0,NA,NA,NA
"361","ENST00000265993.13","ENSG00000119977.22","OTTHUMG00000018814.7","OTTHUMT00000049546.4","TCTN3-201","TCTN3",2734,"protein_coding",2059,27,0.931229651,"AGACT",0.851851852,NA,NA,NA,NA,NA,NA,NA,NA,NA,0,0,0,NA,NA,NA
"362","ENST00000265993.13","ENSG00000119977.22","OTTHUMG00000018814.7","OTTHUMT00000049546.4","TCTN3-201","TCTN3",2734,"protein_coding",2481,24,0.989779711,"GGACT",0.916666667,NA,NA,NA,NA,NA,NA,NA,NA,NA,0,0,0,NA,NA,NA
"363","ENST00000266025.4","ENSG00000126062.4","OTTHUMG00000044212.4","OTTHUMT00000102784.4","TMEM115-201","TMEM115",2107,"protein_coding",1667,67,0.968492448,"GGACT",0.671641791,NA,NA,NA,NA,NA,NA,NA,NA,NA,0,0,0,NA,NA,NA
"364","ENST00000266025.4","ENSG00000126062.4","OTTHUMG00000044212.4","OTTHUMT00000102784.4","TMEM115-201","TMEM115",2107,"protein_coding",1801,89,0.962689519,"GGACA",0.820224719,NA,NA,NA,NA,NA,NA,NA,NA,NA,0,0,0,NA,NA,NA
"365","ENST00000266025.4","ENSG00000126062.4","OTTHUMG00000044212.4","OTTHUMT00000102784.4","TMEM115-201","TMEM115",2107,"protein_coding",1954,94,0.964962482,"AGACT",0.85106383,NA,NA,NA,NA,NA,NA,NA,NA,NA,0,0,0,NA,NA,NA
"366","ENST00000266087.12","ENSG00000100225.18","OTTHUMG00000030674.12","OTTHUMT00000129001.2","FBXO7-201","FBXO7",2060,"protein_coding",406,22,0.938755512,"GGACT",0.590909091,NA,NA,NA,NA,NA,NA,NA,NA,NA,0,0,0,NA,NA,NA
"367","ENST00000266126.10","ENSG00000119718.11","OTTHUMG00000171764.4","OTTHUMT00000414993.3","EIF2B2-201","EIF2B2",4304,"protein_coding",1306,68,0.912097335,"GGACT",0.602941176,NA,NA,NA,NA,NA,NA,NA,NA,NA,0,0,0,NA,NA,NA
"368","ENST00000266263.10","ENSG00000242114.6","OTTHUMG00000151057.6","OTTHUMT00000321126.5","MTFP1-201","MTFP1",1133,"protein_coding",853,56,0.948715389,"GGACC",0.625,112,520,501,1,112,113,612,613,1132,0,0,1,NA,NA,0.461538461538462
"369","ENST00000266263.10","ENSG00000242114.6","OTTHUMG00000151057.6","OTTHUMT00000321126.5","MTFP1-201","MTFP1",1133,"protein_coding",916,69,0.979702652,"AGACT",0.811594203,112,520,501,1,112,113,612,613,1132,0,0,1,NA,NA,0.582692307692308
"370","ENST00000266679.8","ENSG00000111605.18","OTTHUMG00000169340.4","OTTHUMT00000403613.1","CPSF6-201","CPSF6",2229,"protein_coding",1888,24,0.967054427,"GAACT",0.625,NA,NA,NA,NA,NA,NA,NA,NA,NA,0,0,0,NA,NA,NA
"371","ENST00000266987.7","ENSG00000139546.12","OTTHUMG00000169855.6","OTTHUMT00000406278.2","TARBP2-201","TARBP2",1510,"protein_coding",1088,21,0.928891718,"GGACT",0.571428571,NA,NA,NA,NA,NA,NA,NA,NA,NA,0,0,0,NA,NA,NA
"372","ENST00000267812.4","ENSG00000140259.7","OTTHUMG00000060145.4","OTTHUMT00000133491.3","MFAP1-201","MFAP1",2043,"protein_coding",1610,28,0.953344226,"GGACT",0.642857143,NA,NA,NA,NA,NA,NA,NA,NA,NA,0,0,0,NA,NA,NA
"373","ENST00000267868.8","ENSG00000051180.17","OTTHUMG00000130067.10","OTTHUMT00000252358.3","RAD51-201","RAD51",2436,"protein_coding",1269,65,0.926147103,"AGACT",0.538461538,NA,NA,NA,NA,NA,NA,NA,NA,NA,0,0,0,NA,NA,NA
"374","ENST00000268099.13","ENSG00000140497.16","OTTHUMG00000142817.5","OTTHUMT00000286403.3","SCAMP2-201","SCAMP2",2453,"protein_coding",2449,24,0.923435569,"AGACA",0.333333333,NA,NA,NA,NA,NA,NA,NA,NA,NA,0,0,0,NA,NA,NA
"375","ENST00000268482.8","ENSG00000140829.12","OTTHUMG00000137596.7","OTTHUMT00000269004.4","DHX38-201","DHX38",4323,"protein_coding",4004,51,0.953504086,"GGACT",0.647058824,NA,NA,NA,NA,NA,NA,NA,NA,NA,0,0,0,NA,NA,NA
"376","ENST00000268758.13","ENSG00000087111.22","OTTHUMG00000132604.7","OTTHUMT00000445974.2","PIGS-201","PIGS",2397,"nonsense_mediated_decay",1849,23,0.975007534,"GGACT",0.782608696,NA,NA,NA,NA,NA,NA,NA,NA,NA,0,0,0,NA,NA,NA
"377","ENST00000268802.10","ENSG00000141101.13","OTTHUMG00000137576.4","OTTHUMT00000268958.3","NOB1-201","NOB1",1716,"protein_coding",1421,173,0.969390988,"GGACT",0.87283237,NA,NA,NA,NA,NA,NA,NA,NA,NA,0,0,0,NA,NA,NA
"378","ENST00000269143.8","ENSG00000141385.12","OTTHUMG00000131695.4","OTTHUMT00000254603.3","AFG3L2-201","AFG3L2",3160,"protein_coding",2477,83,0.940210164,"GGACT",0.602409639,NA,NA,NA,NA,NA,NA,NA,NA,NA,0,0,0,NA,NA,NA
"379","ENST00000269143.8","ENSG00000141385.12","OTTHUMG00000131695.4","OTTHUMT00000254603.3","AFG3L2-201","AFG3L2",3160,"protein_coding",2874,121,0.996181071,"GGACT",0.933884298,NA,NA,NA,NA,NA,NA,NA,NA,NA,0,0,0,NA,NA,NA
"380","ENST00000269228.10","ENSG00000141458.13","OTTHUMG00000131873.10","OTTHUMT00000254823.3","NPC1-201","NPC1",4760,"protein_coding",4025,21,0.963112116,"GAACT",0.761904762,NA,NA,NA,NA,NA,NA,NA,NA,NA,0,0,0,NA,NA,NA
"381","ENST00000269228.10","ENSG00000141458.13","OTTHUMG00000131873.10","OTTHUMT00000254823.3","NPC1-201","NPC1",4760,"protein_coding",4207,22,0.900986314,"GGACA",0.545454545,NA,NA,NA,NA,NA,NA,NA,NA,NA,0,0,0,NA,NA,NA
"382","ENST00000269373.11","ENSG00000141560.15","OTTHUMG00000177846.5","OTTHUMT00000439219.2","FN3KRP-201","FN3KRP",1822,"protein_coding",1061,33,0.928159058,"GGACT",0.787878788,NA,NA,NA,NA,NA,NA,NA,NA,NA,0,0,0,NA,NA,NA
"383","ENST00000269740.9","ENSG00000141873.11","OTTHUMG00000180440.4","OTTHUMT00000451354.2","SLC39A3-201","SLC39A3",1367,"protein_coding",819,83,0.970405877,"AGACA",0.590361446,NA,NA,NA,NA,NA,NA,NA,NA,NA,0,0,0,NA,NA,NA
"384","ENST00000269740.9","ENSG00000141873.11","OTTHUMG00000180440.4","OTTHUMT00000451354.2","SLC39A3-201","SLC39A3",1367,"protein_coding",1279,124,0.955486178,"GGACC",0.491935484,NA,NA,NA,NA,NA,NA,NA,NA,NA,0,0,0,NA,NA,NA
"385","ENST00000270257.9","ENSG00000142252.11","OTTHUMG00000181768.2","OTTHUMT00000457533.2","GEMIN7-201","GEMIN7",1653,"protein_coding",782,63,0.982846797,"GGACT",0.888888889,NA,NA,NA,NA,NA,NA,NA,NA,NA,0,0,0,NA,NA,NA
"386","ENST00000270257.9","ENSG00000142252.11","OTTHUMG00000181768.2","OTTHUMT00000457533.2","GEMIN7-201","GEMIN7",1653,"protein_coding",871,67,0.949869275,"GAACT",0.641791045,NA,NA,NA,NA,NA,NA,NA,NA,NA,0,0,0,NA,NA,NA
"387","ENST00000270451.6","ENSG00000171425.10","OTTHUMG00000180869.5","OTTHUMT00000453431.3","ZNF581-201","ZNF581",1197,"protein_coding",771,45,0.95440203,"GGACT",0.755555556,NA,NA,NA,NA,NA,NA,NA,NA,NA,0,0,0,NA,NA,NA
"388","ENST00000270451.6","ENSG00000171425.10","OTTHUMG00000180869.5","OTTHUMT00000453431.3","ZNF581-201","ZNF581",1197,"protein_coding",1008,54,0.921687484,"TGACT",0.648148148,NA,NA,NA,NA,NA,NA,NA,NA,NA,0,0,0,NA,NA,NA
"389","ENST00000270451.6","ENSG00000171425.10","OTTHUMG00000180869.5","OTTHUMT00000453431.3","ZNF581-201","ZNF581",1197,"protein_coding",1163,49,0.973224759,"AGACT",0.693877551,NA,NA,NA,NA,NA,NA,NA,NA,NA,0,0,0,NA,NA,NA
"390","ENST00000270517.12","ENSG00000130159.15","OTTHUMG00000178590.6","OTTHUMT00000442603.3","ECSIT-202","ECSIT",1647,"protein_coding",1438,97,0.978981912,"GGACT",0.907216495,NA,NA,NA,NA,NA,NA,NA,NA,NA,0,0,0,NA,NA,NA
"391","ENST00000270824.1","ENSG00000142694.7","OTTHUMG00000007867.1","OTTHUMT00000021689.1","EVA1B-201","EVA1B",1054,"protein_coding",829,21,0.939472139,"GGACC",0.476190476,NA,NA,NA,NA,NA,NA,NA,NA,NA,0,0,0,NA,NA,NA
"392","ENST00000270824.1","ENSG00000142694.7","OTTHUMG00000007867.1","OTTHUMT00000021689.1","EVA1B-201","EVA1B",1054,"protein_coding",866,26,0.960376978,"GGACT",0.730769231,NA,NA,NA,NA,NA,NA,NA,NA,NA,0,0,0,NA,NA,NA
"393","ENST00000271688.10","ENSG00000143418.20","OTTHUMG00000035064.8","-","CERS2-201","CERS2",2544,"protein_coding",1564,112,0.95107764,"TGACT",0.508928571,NA,NA,NA,NA,NA,NA,NA,NA,NA,0,0,0,NA,NA,NA
"394","ENST00000271843.9","ENSG00000143543.15","OTTHUMG00000036590.4","OTTHUMT00000088996.2","JTB-201","JTB",1273,"protein_coding",926,675,0.956589222,"GGACT",0.82962963,NA,NA,NA,NA,NA,NA,NA,NA,NA,0,0,0,NA,NA,NA
"395","ENST00000272402.2","ENSG00000144021.3","OTTHUMG00000130452.3","OTTHUMT00000338869.1","CIAO1-201","CIAO1",3588,"retained_intron",1606,36,0.995500743,"GGACA",0.861111111,NA,NA,NA,NA,NA,NA,NA,NA,NA,0,0,0,NA,NA,NA
"396","ENST00000272402.2","ENSG00000144021.3","OTTHUMG00000130452.3","OTTHUMT00000338869.1","CIAO1-201","CIAO1",3588,"retained_intron",1641,61,0.915057242,"AGACT",0.770491803,NA,NA,NA,NA,NA,NA,NA,NA,NA,0,0,0,NA,NA,NA
"397","ENST00000272521.7","ENSG00000144120.13","OTTHUMG00000153312.3","OTTHUMT00000330673.2","TMEM177-201","TMEM177",1363,"protein_coding",984,20,0.961267471,"GGACT",0.7,NA,NA,NA,NA,NA,NA,NA,NA,NA,0,0,0,NA,NA,NA
"398","ENST00000272521.7","ENSG00000144120.13","OTTHUMG00000153312.3","OTTHUMT00000330673.2","TMEM177-201","TMEM177",1363,"protein_coding",1192,43,0.919916391,"GAACT",0.674418605,NA,NA,NA,NA,NA,NA,NA,NA,NA,0,0,0,NA,NA,NA
"399","ENST00000272521.7","ENSG00000144120.13","OTTHUMG00000153312.3","OTTHUMT00000330673.2","TMEM177-201","TMEM177",1363,"protein_coding",1200,42,0.913868785,"GGACT",0.714285714,NA,NA,NA,NA,NA,NA,NA,NA,NA,0,0,0,NA,NA,NA
"400","ENST00000272521.7","ENSG00000144120.13","OTTHUMG00000153312.3","OTTHUMT00000330673.2","TMEM177-201","TMEM177",1363,"protein_coding",1249,41,0.923751414,"GAACT",0.585365854,NA,NA,NA,NA,NA,NA,NA,NA,NA,0,0,0,NA,NA,NA
"401","ENST00000272542.8","ENSG00000144136.11","OTTHUMG00000131317.5","OTTHUMT00000254086.3","SLC20A1-201","SLC20A1",3297,"protein_coding",1841,20,0.979256511,"GGACA",0.8,NA,NA,NA,NA,NA,NA,NA,NA,NA,0,0,0,NA,NA,NA
"402","ENST00000272645.9","ENSG00000144231.11","OTTHUMG00000131531.6","OTTHUMT00000254388.5","POLR2D-201","POLR2D",5038,"protein_coding",1400,23,0.994285285,"GAACT",0.782608696,NA,NA,NA,NA,NA,NA,NA,NA,NA,0,0,0,NA,NA,NA
"403","ENST00000272645.9","ENSG00000144231.11","OTTHUMG00000131531.6","OTTHUMT00000254388.5","POLR2D-201","POLR2D",5038,"protein_coding",1878,55,0.937477589,"GGACT",0.690909091,NA,NA,NA,NA,NA,NA,NA,NA,NA,0,0,0,NA,NA,NA
"404","ENST00000272930.9","ENSG00000184182.19","OTTHUMG00000133341.4","OTTHUMT00000257171.2","UBE2F-201","UBE2F",2137,"protein_coding",720,72,0.942290545,"GGACT",0.763888889,135,1444,558,1,135,136,692,693,2136,0,0,1,NA,NA,0.0186980609418283
"405","ENST00000273435.9","ENSG00000144895.12","OTTHUMG00000159775.4","OTTHUMT00000357262.1","EIF2A-201","EIF2A",2083,"protein_coding",933,53,0.93331182,"GAACT",0.603773585,NA,NA,NA,NA,NA,NA,NA,NA,NA,0,0,0,NA,NA,NA
"406","ENST00000273435.9","ENSG00000144895.12","OTTHUMG00000159775.4","OTTHUMT00000357262.1","EIF2A-201","EIF2A",2083,"protein_coding",971,32,0.972397566,"GGACA",0.6875,NA,NA,NA,NA,NA,NA,NA,NA,NA,0,0,0,NA,NA,NA
"407","ENST00000273480.4","ENSG00000114125.14","OTTHUMG00000141305.4","OTTHUMT00000280602.2","RNF7-201","RNF7",2669,"protein_coding",520,225,0.922201753,"GGACT",0.533333333,NA,NA,NA,NA,NA,NA,NA,NA,NA,0,0,0,NA,NA,NA
"408","ENST00000274289.8","ENSG00000145632.15","OTTHUMG00000097047.3","OTTHUMT00000214150.2","PLK2-201","PLK2",2786,"protein_coding",2188,82,0.927013814,"AGACT",0.817073171,NA,NA,NA,NA,NA,NA,NA,NA,NA,0,0,0,NA,NA,NA
"409","ENST00000274289.8","ENSG00000145632.15","OTTHUMG00000097047.3","OTTHUMT00000214150.2","PLK2-201","PLK2",2786,"protein_coding",2201,70,0.91463542,"GGACC",0.471428571,NA,NA,NA,NA,NA,NA,NA,NA,NA,0,0,0,NA,NA,NA
"410","ENST00000274289.8","ENSG00000145632.15","OTTHUMG00000097047.3","OTTHUMT00000214150.2","PLK2-201","PLK2",2786,"protein_coding",2211,80,0.937247872,"GGACT",0.5875,NA,NA,NA,NA,NA,NA,NA,NA,NA,0,0,0,NA,NA,NA
"411","ENST00000274289.8","ENSG00000145632.15","OTTHUMG00000097047.3","OTTHUMT00000214150.2","PLK2-201","PLK2",2786,"protein_coding",2369,59,0.983513415,"GGACA",0.762711864,NA,NA,NA,NA,NA,NA,NA,NA,NA,0,0,0,NA,NA,NA
"412","ENST00000274311.3","ENSG00000152684.11","OTTHUMG00000096973.3","OTTHUMT00000214040.2","PELO-201","PELO",4371,"protein_coding",2009,21,0.984531522,"GGACA",0.904761905,NA,NA,NA,NA,NA,NA,NA,NA,NA,0,0,0,NA,NA,NA
"413","ENST00000274311.3","ENSG00000152684.11","OTTHUMG00000096973.3","OTTHUMT00000214040.2","PELO-201","PELO",4371,"protein_coding",2124,22,0.903666377,"GAACT",0.636363636,NA,NA,NA,NA,NA,NA,NA,NA,NA,0,0,0,NA,NA,NA
"414","ENST00000275015.9","ENSG00000146232.17","OTTHUMG00000014762.9","-","NFKBIE-201","NFKBIE",2581,"protein_coding",1636,46,0.927510262,"GGACT",0.695652174,NA,NA,NA,NA,NA,NA,NA,NA,NA,0,0,0,NA,NA,NA
"415","ENST00000275015.9","ENSG00000146232.17","OTTHUMG00000014762.9","-","NFKBIE-201","NFKBIE",2581,"protein_coding",1874,52,0.980035663,"GGACT",0.942307692,NA,NA,NA,NA,NA,NA,NA,NA,NA,0,0,0,NA,NA,NA
"416","ENST00000275015.9","ENSG00000146232.17","OTTHUMG00000014762.9","-","NFKBIE-201","NFKBIE",2581,"protein_coding",1894,59,0.97662586,"AGACT",0.796610169,NA,NA,NA,NA,NA,NA,NA,NA,NA,0,0,0,NA,NA,NA
"417","ENST00000275015.9","ENSG00000146232.17","OTTHUMG00000014762.9","-","NFKBIE-201","NFKBIE",2581,"protein_coding",1974,57,0.930240333,"AGACT",0.736842105,NA,NA,NA,NA,NA,NA,NA,NA,NA,0,0,0,NA,NA,NA
"418","ENST00000275364.8","ENSG00000146535.14","OTTHUMG00000023064.6","OTTHUMT00000241608.2","GNA12-201","GNA12",4369,"protein_coding",2483,55,0.98736167,"TGACT",0.654545455,NA,NA,NA,NA,NA,NA,NA,NA,NA,0,0,0,NA,NA,NA
"419","ENST00000275364.8","ENSG00000146535.14","OTTHUMG00000023064.6","OTTHUMT00000241608.2","GNA12-201","GNA12",4369,"protein_coding",3612,68,0.982248783,"GGACT",0.867647059,NA,NA,NA,NA,NA,NA,NA,NA,NA,0,0,0,NA,NA,NA
"420","ENST00000276416.11","ENSG00000147439.14","OTTHUMG00000163844.2","OTTHUMT00000375895.2","BIN3-201","BIN3",1836,"protein_coding",1402,22,0.911649823,"GGACT",0.409090909,NA,NA,NA,NA,NA,NA,NA,NA,NA,0,0,0,NA,NA,NA
"421","ENST00000276704.6","ENSG00000189376.12","OTTHUMG00000172562.3","OTTHUMT00000381748.3","C8orf76-201","C8orf76",1310,"protein_coding",662,40,0.990299046,"AGACT",0.9,NA,NA,NA,NA,NA,NA,NA,NA,NA,0,0,0,NA,NA,NA
"422","ENST00000277540.7","ENSG00000148399.13","OTTHUMG00000020991.2","OTTHUMT00000055350.2","DPH7-201","DPH7",2302,"protein_coding",1403,20,0.988559306,"TGACT",0.9,NA,NA,NA,NA,NA,NA,NA,NA,NA,0,0,0,NA,NA,NA
"423","ENST00000277540.7","ENSG00000148399.13","OTTHUMG00000020991.2","OTTHUMT00000055350.2","DPH7-201","DPH7",2302,"protein_coding",1697,23,0.977878153,"GGACT",0.782608696,NA,NA,NA,NA,NA,NA,NA,NA,NA,0,0,0,NA,NA,NA
"424","ENST00000278100.11","ENSG00000107949.17","OTTHUMG00000019237.3","OTTHUMT00000050941.2","BCCIP-201","BCCIP",1234,"protein_coding",971,166,0.984499574,"GGACA",0.759036145,NA,NA,NA,NA,NA,NA,NA,NA,NA,0,0,0,NA,NA,NA
"425","ENST00000278174.10","ENSG00000148925.11","OTTHUMG00000165787.6","OTTHUMT00000386200.1","BTBD10-201","BTBD10",2439,"protein_coding",1947,21,0.951549888,"GGACT",0.619047619,NA,NA,NA,NA,NA,NA,NA,NA,NA,0,0,0,NA,NA,NA
"426","ENST00000278175.10","ENSG00000148926.10","OTTHUMG00000165907.2","OTTHUMT00000387004.2","ADM-201","ADM",1492,"protein_coding",661,27,0.991162956,"GGACT",0.888888889,NA,NA,NA,NA,NA,NA,NA,NA,NA,0,0,0,NA,NA,NA
"427","ENST00000278505.5","ENSG00000149218.5","OTTHUMG00000167835.2","OTTHUMT00000396545.2","ENDOD1-201","ENDOD1",4651,"protein_coding",4216,22,0.952747166,"GGACA",0.636363636,NA,NA,NA,NA,NA,NA,NA,NA,NA,0,0,0,NA,NA,NA
"428","ENST00000278568.8","ENSG00000149269.10","OTTHUMG00000165138.4","OTTHUMT00000382084.2","PAK1-201","PAK1",2543,"protein_coding",2387,22,0.930652916,"GAACT",0.545454545,NA,NA,NA,NA,NA,NA,NA,NA,NA,0,0,0,NA,NA,NA
"429","ENST00000279206.8","ENSG00000149761.9","OTTHUMG00000167791.8","OTTHUMT00000396304.3","NUDT22-201","NUDT22",1110,"protein_coding",527,124,0.929138899,"GGACC",0.387096774,NA,NA,NA,NA,NA,NA,NA,NA,NA,0,0,0,NA,NA,NA
"430","ENST00000279247.11","ENSG00000014216.16","OTTHUMG00000165614.2","OTTHUMT00000385314.1","CAPN1-201","CAPN1",2952,"protein_coding",2451,21,0.969953954,"GGACT",0.666666667,NA,NA,NA,NA,NA,NA,NA,NA,NA,0,0,0,NA,NA,NA
"431","ENST00000279263.14","ENSG00000149809.17","OTTHUMG00000165603.4","OTTHUMT00000385234.3","TM7SF2-201","TM7SF2",1578,"protein_coding",1483,120,0.980167329,"GGACT",0.775,NA,NA,NA,NA,NA,NA,NA,NA,NA,0,0,0,NA,NA,NA
"432","ENST00000282058.11","ENSG00000152240.13","OTTHUMG00000132638.6","OTTHUMT00000255885.2","HAUS1-201","HAUS1",1072,"protein_coding",830,63,0.917422473,"GAACT",0.555555556,NA,NA,NA,NA,NA,NA,NA,NA,NA,0,0,0,NA,NA,NA
"433","ENST00000282841.9","ENSG00000152904.11","OTTHUMG00000037963.3","OTTHUMT00000092656.1","GGPS1-201","GGPS1",2895,"protein_coding",606,21,0.900587857,"GGACA",0.380952381,NA,NA,NA,NA,NA,NA,NA,NA,NA,0,0,0,NA,NA,NA
"434","ENST00000282841.9","ENSG00000152904.11","OTTHUMG00000037963.3","OTTHUMT00000092656.1","GGPS1-201","GGPS1",2895,"protein_coding",693,23,0.987668157,"GGACT",1,NA,NA,NA,NA,NA,NA,NA,NA,NA,0,0,0,NA,NA,NA
"435","ENST00000282999.7","ENSG00000153037.15","OTTHUMG00000186064.6","OTTHUMT00000370786.2","SRP19-201","SRP19",937,"protein_coding",646,259,0.922280788,"GAACT",0.640926641,NA,NA,NA,NA,NA,NA,NA,NA,NA,0,0,0,NA,NA,NA
"436","ENST00000282999.7","ENSG00000153037.15","OTTHUMG00000186064.6","OTTHUMT00000370786.2","SRP19-201","SRP19",937,"protein_coding",794,200,0.910823345,"GGACA",0.56,NA,NA,NA,NA,NA,NA,NA,NA,NA,0,0,0,NA,NA,NA
"437","ENST00000282999.7","ENSG00000153037.15","OTTHUMG00000186064.6","OTTHUMT00000370786.2","SRP19-201","SRP19",937,"protein_coding",801,266,0.935959697,"GGACT",0.718045113,NA,NA,NA,NA,NA,NA,NA,NA,NA,0,0,0,NA,NA,NA
"438","ENST00000283179.14","ENSG00000153187.21","OTTHUMG00000040396.17","OTTHUMT00000492371.1","HNRNPU-201","HNRNPU",3120,"protein_coding",2439,147,0.92301333,"GAACT",0.605442177,NA,NA,NA,NA,NA,NA,NA,NA,NA,0,0,0,NA,NA,NA
"439","ENST00000284000.9","ENSG00000153879.9","OTTHUMG00000180469.5","OTTHUMT00000451427.3","CEBPG-201","CEBPG",3730,"protein_coding",729,217,0.99132961,"GGACA",0.68202765,NA,NA,NA,NA,NA,NA,NA,NA,NA,0,0,0,NA,NA,NA
"440","ENST00000284000.9","ENSG00000153879.9","OTTHUMG00000180469.5","OTTHUMT00000451427.3","CEBPG-201","CEBPG",3730,"protein_coding",835,229,0.944081187,"TGACT",0.572052402,NA,NA,NA,NA,NA,NA,NA,NA,NA,0,0,0,NA,NA,NA
"441","ENST00000285298.9","ENSG00000239789.6","OTTHUMG00000023153.6","OTTHUMT00000251527.4","MRPS17-201","MRPS17",1786,"protein_coding",310,196,0.945207834,"GAACT",0.617346939,NA,NA,NA,NA,NA,NA,NA,NA,NA,0,0,0,NA,NA,NA
"442","ENST00000285735.6","ENSG00000155366.17","OTTHUMG00000011905.6","OTTHUMT00000032904.2","RHOC-201","RHOC",2199,"protein_coding",1917,319,0.92071116,"GGACT",0.589341693,NA,NA,NA,NA,NA,NA,NA,NA,NA,0,0,0,NA,NA,NA
"443","ENST00000285908.5","ENSG00000145919.11","OTTHUMG00000130540.5","OTTHUMT00000351715.1","BOD1-201","BOD1",1286,"protein_coding",837,79,0.941882432,"GGACT",0.797468354,NA,NA,NA,NA,NA,NA,NA,NA,NA,0,0,0,NA,NA,NA
"444","ENST00000286091.9","ENSG00000155660.11","OTTHUMG00000150248.4","OTTHUMT00000502795.1","PDIA4-201","PDIA4",2921,"protein_coding",2371,179,0.987086117,"TGACT",0.720670391,NA,NA,NA,NA,NA,NA,NA,NA,NA,0,0,0,NA,NA,NA
"445","ENST00000286918.9","ENSG00000156381.9","OTTHUMG00000171777.6","OTTHUMT00000415057.3","ANKRD9-201","ANKRD9",6705,"protein_coding",1375,21,0.987559319,"GGACA",0.571428571,NA,NA,NA,NA,NA,NA,NA,NA,NA,0,0,0,NA,NA,NA
"446","ENST00000286918.9","ENSG00000156381.9","OTTHUMG00000171777.6","OTTHUMT00000415057.3","ANKRD9-201","ANKRD9",6705,"protein_coding",1516,20,0.973662317,"GGACC",0.65,NA,NA,NA,NA,NA,NA,NA,NA,NA,0,0,0,NA,NA,NA
"447","ENST00000286918.9","ENSG00000156381.9","OTTHUMG00000171777.6","OTTHUMT00000415057.3","ANKRD9-201","ANKRD9",6705,"protein_coding",1567,22,0.966143131,"GGACA",0.681818182,NA,NA,NA,NA,NA,NA,NA,NA,NA,0,0,0,NA,NA,NA
"448","ENST00000287078.7","ENSG00000156521.14","OTTHUMG00000018397.2","OTTHUMT00000048483.2","TYSND1-201","TYSND1",3758,"protein_coding",2265,34,0.92537868,"GGACT",0.705882353,NA,NA,NA,NA,NA,NA,NA,NA,NA,0,0,0,NA,NA,NA
"449","ENST00000287156.9","ENSG00000156587.16","OTTHUMG00000167047.3","OTTHUMT00000392657.2","UBE2L6-201","UBE2L6",1219,"protein_coding",583,24,0.97548753,"GGACT",0.75,NA,NA,NA,NA,NA,NA,NA,NA,NA,0,0,0,NA,NA,NA
"450","ENST00000287667.12","ENSG00000103512.16","OTTHUMG00000090541.3","OTTHUMT00000207065.2","NOMO1-201","NOMO1",4312,"protein_coding",4006,24,0.981485426,"GGACC",0.833333333,NA,NA,NA,NA,NA,NA,NA,NA,NA,0,0,0,NA,NA,NA
"451","ENST00000287844.7","ENSG00000033050.9","OTTHUMG00000192398.2","OTTHUMT00000336086.2","ABCF2-201","ABCF2",4527,"protein_coding",2132,56,0.95443505,"GGACA",0.642857143,NA,NA,NA,NA,NA,NA,NA,NA,NA,0,0,0,NA,NA,NA
"452","ENST00000287844.7","ENSG00000033050.9","OTTHUMG00000192398.2","OTTHUMT00000336086.2","ABCF2-201","ABCF2",4527,"protein_coding",2185,126,0.963384151,"GGACT",0.69047619,NA,NA,NA,NA,NA,NA,NA,NA,NA,0,0,0,NA,NA,NA
"453","ENST00000288022.2","ENSG00000258429.2","OTTHUMG00000171336.2","OTTHUMT00000413022.2","PDF-201","PDF",2859,"protein_coding",703,54,0.981939673,"GGACA",0.777777778,NA,NA,NA,NA,NA,NA,NA,NA,NA,0,0,0,NA,NA,NA
"454","ENST00000288022.2","ENSG00000258429.2","OTTHUMG00000171336.2","OTTHUMT00000413022.2","PDF-201","PDF",2859,"protein_coding",933,85,0.98487705,"GGACA",0.764705882,NA,NA,NA,NA,NA,NA,NA,NA,NA,0,0,0,NA,NA,NA
"455","ENST00000288022.2","ENSG00000258429.2","OTTHUMG00000171336.2","OTTHUMT00000413022.2","PDF-201","PDF",2859,"protein_coding",1056,120,0.957815766,"GGACC",0.55,NA,NA,NA,NA,NA,NA,NA,NA,NA,0,0,0,NA,NA,NA
"456","ENST00000288607.3","ENSG00000157778.9","OTTHUMG00000119043.3","OTTHUMT00000239254.3","PSMG3-202","PSMG3",1428,"protein_coding",1125,313,0.959826171,"GGACT",0.670926518,693,366,369,1,693,694,1061,1062,1427,0,0,1,NA,NA,0.172131147540984
"457","ENST00000288607.3","ENSG00000157778.9","OTTHUMG00000119043.3","OTTHUMT00000239254.3","PSMG3-202","PSMG3",1428,"protein_coding",1195,358,0.959250569,"AGACT",0.723463687,693,366,369,1,693,694,1061,1062,1427,0,0,1,NA,NA,0.363387978142077
"458","ENST00000289316.2","ENSG00000158373.9","OTTHUMG00000014426.1","OTTHUMT00000040088.1","H2BC5-201","H2BC5",789,"protein_coding",698,23,0.958775282,"GGACT",0.739130435,NA,NA,NA,NA,NA,NA,NA,NA,NA,0,0,0,NA,NA,NA
"459","ENST00000290200.7","ENSG00000243646.11","OTTHUMG00000065128.9","OTTHUMT00000139831.4","IL10RB-201","IL10RB",1941,"protein_coding",1780,21,0.921959162,"GGACT",0.666666667,NA,NA,NA,NA,NA,NA,NA,NA,NA,0,0,0,NA,NA,NA
"460","ENST00000290208.11","ENSG00000159111.13","OTTHUMG00000156302.2","OTTHUMT00000343766.1","MRPL10-201","MRPL10",2013,"protein_coding",1261,67,0.969292521,"GGACT",0.641791045,NA,NA,NA,NA,NA,NA,NA,NA,NA,0,0,0,NA,NA,NA
"461","ENST00000290219.11","ENSG00000159128.16","OTTHUMG00000065188.5","OTTHUMT00000139916.1","IFNGR2-201","IFNGR2",1699,"protein_coding",1218,87,0.927357316,"GGACT",0.609195402,NA,NA,NA,NA,NA,NA,NA,NA,NA,0,0,0,NA,NA,NA
"462","ENST00000290231.11","ENSG00000124160.12","OTTHUMG00000032639.5","OTTHUMT00000079559.2","NCOA5-201","NCOA5",3224,"protein_coding",2587,23,0.946956277,"GGACT",0.782608696,NA,NA,NA,NA,NA,NA,NA,NA,NA,0,0,0,NA,NA,NA
"463","ENST00000290231.11","ENSG00000124160.12","OTTHUMG00000032639.5","OTTHUMT00000079559.2","NCOA5-201","NCOA5",3224,"protein_coding",2712,26,0.974914312,"AGACT",0.730769231,NA,NA,NA,NA,NA,NA,NA,NA,NA,0,0,0,NA,NA,NA
"464","ENST00000290349.11","ENSG00000159228.13","OTTHUMG00000086618.3","OTTHUMT00000194633.3","CBR1-201","CBR1",1208,"protein_coding",889,364,0.971385717,"GGACA",0.788461538,NA,NA,NA,NA,NA,NA,NA,NA,NA,0,0,0,NA,NA,NA
"465","ENST00000290510.10","ENSG00000110811.20","OTTHUMG00000168516.6","OTTHUMT00000399994.6","P3H3-201","P3H3",2631,"protein_coding",2401,27,0.974281013,"GGACT",0.814814815,NA,NA,NA,NA,NA,NA,NA,NA,NA,0,0,0,NA,NA,NA
"466","ENST00000290510.10","ENSG00000110811.20","OTTHUMG00000168516.6","OTTHUMT00000399994.6","P3H3-201","P3H3",2631,"protein_coding",2410,26,0.97174108,"GGACA",0.692307692,NA,NA,NA,NA,NA,NA,NA,NA,NA,0,0,0,NA,NA,NA
"467","ENST00000290510.10","ENSG00000110811.20","OTTHUMG00000168516.6","OTTHUMT00000399994.6","P3H3-201","P3H3",2631,"protein_coding",2474,20,0.953952491,"GGACC",0.55,NA,NA,NA,NA,NA,NA,NA,NA,NA,0,0,0,NA,NA,NA
"468","ENST00000290510.10","ENSG00000110811.20","OTTHUMG00000168516.6","OTTHUMT00000399994.6","P3H3-201","P3H3",2631,"protein_coding",2488,26,0.993971944,"GGACA",0.961538462,NA,NA,NA,NA,NA,NA,NA,NA,NA,0,0,0,NA,NA,NA
"469","ENST00000290649.10","ENSG00000159461.15","OTTHUMG00000133239.6","OTTHUMT00000256978.3","AMFR-201","AMFR",3607,"protein_coding",1981,36,0.930819452,"GAACT",0.5,NA,NA,NA,NA,NA,NA,NA,NA,NA,0,0,0,NA,NA,NA
"470","ENST00000290649.10","ENSG00000159461.15","OTTHUMG00000133239.6","OTTHUMT00000256978.3","AMFR-201","AMFR",3607,"protein_coding",2292,25,0.948663175,"GGACA",0.52,NA,NA,NA,NA,NA,NA,NA,NA,NA,0,0,0,NA,NA,NA
"471","ENST00000290649.10","ENSG00000159461.15","OTTHUMG00000133239.6","OTTHUMT00000256978.3","AMFR-201","AMFR",3607,"protein_coding",2404,33,0.92911613,"GGACT",0.848484848,NA,NA,NA,NA,NA,NA,NA,NA,NA,0,0,0,NA,NA,NA
"472","ENST00000290921.10","ENSG00000159692.18","OTTHUMG00000089259.9","OTTHUMT00000202938.1","CTBP1-201","CTBP1",2297,"protein_coding",1610,55,0.944688201,"AGACT",0.636363636,NA,NA,NA,NA,NA,NA,NA,NA,NA,0,0,0,NA,NA,NA
"473","ENST00000290949.8","ENSG00000159720.13","OTTHUMG00000137515.7","OTTHUMT00000268835.2","ATP6V0D1-201","ATP6V0D1",1636,"protein_coding",1296,132,0.908274055,"AGACT",0.560606061,NA,NA,NA,NA,NA,NA,NA,NA,NA,0,0,0,NA,NA,NA
"474","ENST00000291295.14","ENSG00000160014.17","OTTHUMG00000133517.5","OTTHUMT00000257483.3","CALM3-201","CALM3",2184,"protein_coding",1176,21,0.91321516,"GGACT",0.619047619,NA,NA,NA,NA,NA,NA,NA,NA,NA,0,0,0,NA,NA,NA
"475","ENST00000291386.4","ENSG00000160075.12","OTTHUMG00000000576.6","OTTHUMT00000001366.2","SSU72-201","SSU72",1284,"protein_coding",1215,293,0.94828248,"GGACT",0.662116041,NA,NA,NA,NA,NA,NA,NA,NA,NA,0,0,0,NA,NA,NA
"476","ENST00000291442.4","ENSG00000160113.6","OTTHUMG00000182728.2","OTTHUMT00000463325.1","NR2F6-201","NR2F6",2383,"protein_coding",2008,180,0.96610105,"GGACT",0.655555556,NA,NA,NA,NA,NA,NA,NA,NA,NA,0,0,0,NA,NA,NA
"477","ENST00000291442.4","ENSG00000160113.6","OTTHUMG00000182728.2","OTTHUMT00000463325.1","NR2F6-201","NR2F6",2383,"protein_coding",2045,166,0.989200711,"AGACT",0.84939759,NA,NA,NA,NA,NA,NA,NA,NA,NA,0,0,0,NA,NA,NA
"478","ENST00000291442.4","ENSG00000160113.6","OTTHUMG00000182728.2","OTTHUMT00000463325.1","NR2F6-201","NR2F6",2383,"protein_coding",2099,233,0.907172918,"AGACT",0.583690987,NA,NA,NA,NA,NA,NA,NA,NA,NA,0,0,0,NA,NA,NA
"479","ENST00000291576.12","ENSG00000241945.8","OTTHUMG00000086893.6","OTTHUMT00000195736.4","PWP2-201","PWP2",3188,"protein_coding",3059,46,0.923268378,"GAACT",0.52173913,NA,NA,NA,NA,NA,NA,NA,NA,NA,0,0,0,NA,NA,NA
"480","ENST00000291577.11","ENSG00000160221.18","OTTHUMG00000086916.9","OTTHUMT00000195824.2","GATD3-201","GATD3",1584,"protein_coding",1233,59,0.939178944,"GGACC",0.610169492,NA,NA,NA,NA,NA,NA,NA,NA,NA,0,0,0,NA,NA,NA
"481","ENST00000292035.10","ENSG00000160563.14","OTTHUMG00000020833.7","OTTHUMT00000054770.3","MED27-201","MED27",1385,"protein_coding",1141,120,0.924011588,"GGACT",0.608333333,23,426,936,1,23,24,958,959,1384,0,0,1,NA,NA,0.427230046948357
"482","ENST00000292035.10","ENSG00000160563.14","OTTHUMG00000020833.7","OTTHUMT00000054770.3","MED27-201","MED27",1385,"protein_coding",1166,121,0.926162899,"GGACT",0.58677686,23,426,936,1,23,24,958,959,1384,0,0,1,NA,NA,0.485915492957746
"483","ENST00000292430.10","ENSG00000160886.13","OTTHUMG00000164720.3","OTTHUMT00000379893.2","LY6K-201","LY6K",2671,"protein_coding",923,277,0.926814914,"GGACT",0.59566787,NA,NA,NA,NA,NA,NA,NA,NA,NA,0,0,0,NA,NA,NA
"484","ENST00000292431.5","ENSG00000160877.7","OTTHUMG00000180748.5","OTTHUMT00000452879.2","NACC1-201","NACC1",4524,"protein_coding",4263,80,0.911864102,"AGACT",0.5125,NA,NA,NA,NA,NA,NA,NA,NA,NA,0,0,0,NA,NA,NA
"485","ENST00000292524.6","ENSG00000160959.8","OTTHUMG00000165179.4","OTTHUMT00000382494.3","LRRC14-201","LRRC14",5337,"protein_coding",2047,24,0.933435559,"GGACA",0.583333333,NA,NA,NA,NA,NA,NA,NA,NA,NA,0,0,0,NA,NA,NA
"486","ENST00000292577.12","ENSG00000129968.17","OTTHUMG00000171872.6","OTTHUMT00000415556.2","ABHD17A-202","ABHD17A",1706,"protein_coding",1361,87,0.956305563,"GGACC",0.528735632,NA,NA,NA,NA,NA,NA,NA,NA,NA,0,0,0,NA,NA,NA
"487","ENST00000292778.11","ENSG00000161179.14","OTTHUMG00000150822.2","OTTHUMT00000320213.2","YDJC-201","YDJC",1309,"protein_coding",906,85,0.985285163,"GGACT",0.811764706,NA,NA,NA,NA,NA,NA,NA,NA,NA,0,0,0,NA,NA,NA
"488","ENST00000292808.5","ENSG00000161204.12","OTTHUMG00000156824.1","OTTHUMT00000346048.1","ABCF3-201","ABCF3",2453,"protein_coding",2179,54,0.951624155,"GGACT",0.703703704,NA,NA,NA,NA,NA,NA,NA,NA,NA,0,0,0,NA,NA,NA
"489","ENST00000292823.6","ENSG00000161217.12","OTTHUMG00000155670.2","OTTHUMT00000341147.1","PCYT1A-201","PCYT1A",5597,"protein_coding",5351,28,0.937691748,"TGACT",0.607142857,NA,NA,NA,NA,NA,NA,NA,NA,NA,0,0,0,NA,NA,NA
"490","ENST00000293208.13","ENSG00000161526.15","OTTHUMG00000179798.3","OTTHUMT00000448239.1","SAP30BP-201","SAP30BP",1272,"nonsense_mediated_decay",988,74,0.927021742,"GGACT",0.567567568,NA,NA,NA,NA,NA,NA,NA,NA,NA,0,0,0,NA,NA,NA
"491","ENST00000293208.13","ENSG00000161526.15","OTTHUMG00000179798.3","OTTHUMT00000448239.1","SAP30BP-201","SAP30BP",1272,"nonsense_mediated_decay",1054,68,0.986261725,"GGACT",0.823529412,NA,NA,NA,NA,NA,NA,NA,NA,NA,0,0,0,NA,NA,NA
"492","ENST00000293288.12","ENSG00000087088.21","OTTHUMG00000160476.4","OTTHUMT00000360762.1","BAX-201","BAX",1358,"protein_coding",1214,29,0.987749219,"GGACT",0.965517241,NA,NA,NA,NA,NA,NA,NA,NA,NA,0,0,0,NA,NA,NA
"493","ENST00000294360.5","ENSG00000162384.14","OTTHUMG00000008940.4","OTTHUMT00000024751.2","CZIB-201","CZIB",1102,"protein_coding",676,41,0.915924728,"GGACT",0.707317073,NA,NA,NA,NA,NA,NA,NA,NA,NA,0,0,0,NA,NA,NA
"494","ENST00000295079.6","ENSG00000162972.11","OTTHUMG00000132771.4","-","MAIP1-201","MAIP1",1495,"protein_coding",397,24,0.919189692,"GGACT",0.5,NA,NA,NA,NA,NA,NA,NA,NA,NA,0,0,0,NA,NA,NA
"495","ENST00000295321.9","ENSG00000163166.15","OTTHUMG00000131527.11","OTTHUMT00000254384.3","IWS1-201","IWS1",2973,"protein_coding",2789,24,0.945828259,"GGACT",0.666666667,NA,NA,NA,NA,NA,NA,NA,NA,NA,0,0,0,NA,NA,NA
"496","ENST00000295321.9","ENSG00000163166.15","OTTHUMG00000131527.11","OTTHUMT00000254384.3","IWS1-201","IWS1",2973,"protein_coding",2870,24,0.904836774,"GGACT",0.5,NA,NA,NA,NA,NA,NA,NA,NA,NA,0,0,0,NA,NA,NA
"497","ENST00000295702.9","ENSG00000163479.14","OTTHUMG00000017456.4","OTTHUMT00000046172.3","SSR2-201","SSR2",1108,"protein_coding",951,1114,0.937061787,"AGACT",0.55475763,NA,NA,NA,NA,NA,NA,NA,NA,NA,0,0,0,NA,NA,NA
"498","ENST00000295702.9","ENSG00000163479.14","OTTHUMG00000017456.4","OTTHUMT00000046172.3","SSR2-201","SSR2",1108,"protein_coding",1024,1061,0.990972519,"GGACT",0.845428841,NA,NA,NA,NA,NA,NA,NA,NA,NA,0,0,0,NA,NA,NA
"499","ENST00000295704.7","ENSG00000163481.8","OTTHUMG00000133077.3","OTTHUMT00000256721.2","RNF25-201","RNF25",1477,"protein_coding",1278,76,0.930446029,"GGACT",0.684210526,NA,NA,NA,NA,NA,NA,NA,NA,NA,0,0,0,NA,NA,NA
"500","ENST00000295767.9","ENSG00000163528.13","OTTHUMG00000129805.4","OTTHUMT00000340424.2","CHCHD4-201","CHCHD4",1603,"protein_coding",834,22,0.908004761,"GGACC",0.5,NA,NA,NA,NA,NA,NA,NA,NA,NA,0,0,0,NA,NA,NA
"501","ENST00000296129.6","ENSG00000163814.8","OTTHUMG00000133090.4","OTTHUMT00000256748.4","CDCP1-201","CDCP1",5963,"protein_coding",5227,58,0.966875851,"GGACA",0.637931034,NA,NA,NA,NA,NA,NA,NA,NA,NA,0,0,0,NA,NA,NA
"502","ENST00000296129.6","ENSG00000163814.8","OTTHUMG00000133090.4","OTTHUMT00000256748.4","CDCP1-201","CDCP1",5963,"protein_coding",5500,75,0.969595909,"GGACT",0.746666667,NA,NA,NA,NA,NA,NA,NA,NA,NA,0,0,0,NA,NA,NA
"503","ENST00000296149.9","ENSG00000163832.16","OTTHUMG00000133521.14","OTTHUMT00000257493.2","ELP6-201","ELP6",1352,"protein_coding",954,47,0.988826334,"GGACT",0.85106383,NA,NA,NA,NA,NA,NA,NA,NA,NA,0,0,0,NA,NA,NA
"504","ENST00000296149.9","ENSG00000163832.16","OTTHUMG00000133521.14","OTTHUMT00000257493.2","ELP6-201","ELP6",1352,"protein_coding",1118,61,0.967926979,"GGACC",0.672131148,NA,NA,NA,NA,NA,NA,NA,NA,NA,0,0,0,NA,NA,NA
"505","ENST00000296181.9","ENSG00000082781.12","OTTHUMG00000159432.10","OTTHUMT00000355286.4","ITGB5-201","ITGB5",4440,"protein_coding",2760,71,0.983125508,"GGACT",0.816901408,NA,NA,NA,NA,NA,NA,NA,NA,NA,0,0,0,NA,NA,NA
"506","ENST00000296277.9","ENSG00000163923.10","OTTHUMG00000156465.3","OTTHUMT00000344283.3","RPL39L-201","RPL39L",729,"protein_coding",623,131,0.932105839,"GGACA",0.564885496,NA,NA,NA,NA,NA,NA,NA,NA,NA,0,0,0,NA,NA,NA
"507","ENST00000296292.8","ENSG00000163933.10","OTTHUMG00000074035.6","OTTHUMT00000157136.3","RFT1-201","RFT1",5081,"protein_coding",1619,103,0.959203601,"GGACT",0.601941748,NA,NA,NA,NA,NA,NA,NA,NA,NA,0,0,0,NA,NA,NA
"508","ENST00000296511.10","ENSG00000164111.15","OTTHUMG00000133034.5","OTTHUMT00000256636.3","ANXA5-201","ANXA5",1638,"protein_coding",704,72,0.92012918,"GAACT",0.555555556,NA,NA,NA,NA,NA,NA,NA,NA,NA,0,0,0,NA,NA,NA
"509","ENST00000296792.9","ENSG00000164338.10","OTTHUMG00000162453.4","OTTHUMT00000368965.2","UTP15-201","UTP15",5096,"protein_coding",1881,27,0.945548594,"AGACT",0.740740741,NA,NA,NA,NA,NA,NA,NA,NA,NA,0,0,0,NA,NA,NA
"510","ENST00000297056.11","ENSG00000164535.15","OTTHUMG00000125513.5","OTTHUMT00000246840.3","DAGLB-201","DAGLB",2839,"protein_coding",2426,22,0.95761621,"GGACT",0.681818182,NA,NA,NA,NA,NA,NA,NA,NA,NA,0,0,0,NA,NA,NA
"511","ENST00000297109.11","ENSG00000164576.12","OTTHUMG00000130146.7","OTTHUMT00000252454.4","SAP30L-201","SAP30L",6185,"protein_coding",497,26,0.999634027,"GGACT",0.884615385,608,5025,552,1,608,609,1159,1160,6184,1,0,0,0.817434210526316,NA,NA
"512","ENST00000297533.9","ENSG00000164897.14","OTTHUMG00000158621.4","OTTHUMT00000351484.2","TMUB1-201","TMUB1",1295,"protein_coding",973,20,0.940644205,"GGACT",0.6,NA,NA,NA,NA,NA,NA,NA,NA,NA,0,0,0,NA,NA,NA
"513","ENST00000297613.4","ENSG00000164967.10","OTTHUMG00000000443.2","OTTHUMT00000001130.1","RPP25L-201","RPP25L",1092,"protein_coding",846,58,0.95104301,"TGACT",0.844827586,NA,NA,NA,NA,NA,NA,NA,NA,NA,0,0,0,NA,NA,NA
"514","ENST00000297613.4","ENSG00000164967.10","OTTHUMG00000000443.2","OTTHUMT00000001130.1","RPP25L-201","RPP25L",1092,"protein_coding",932,68,0.916012824,"GGACT",0.647058824,NA,NA,NA,NA,NA,NA,NA,NA,NA,0,0,0,NA,NA,NA
"515","ENST00000298510.4","ENSG00000165672.7","OTTHUMG00000019146.3","OTTHUMT00000050639.3","PRDX3-201","PRDX3",1553,"protein_coding",716,180,0.903738201,"GAACT",0.577777778,NA,NA,NA,NA,NA,NA,NA,NA,NA,0,0,0,NA,NA,NA
"516","ENST00000298564.14","ENSG00000048140.18","OTTHUMG00000163230.3","OTTHUMT00000387012.1","TSPAN17-201","TSPAN17",2810,"protein_coding",1696,21,0.965164959,"GGACC",0.523809524,NA,NA,NA,NA,NA,NA,NA,NA,NA,0,0,0,NA,NA,NA
"517","ENST00000298564.14","ENSG00000048140.18","OTTHUMG00000163230.3","OTTHUMT00000387012.1","TSPAN17-201","TSPAN17",2810,"protein_coding",1766,47,0.990410149,"GGACT",0.914893617,NA,NA,NA,NA,NA,NA,NA,NA,NA,0,0,0,NA,NA,NA
"518","ENST00000298564.14","ENSG00000048140.18","OTTHUMG00000163230.3","OTTHUMT00000387012.1","TSPAN17-201","TSPAN17",2810,"protein_coding",1858,51,0.986456513,"GGACT",0.980392157,NA,NA,NA,NA,NA,NA,NA,NA,NA,0,0,0,NA,NA,NA
"519","ENST00000298838.11","ENSG00000165912.16","OTTHUMG00000166870.6","OTTHUMT00000391632.2","PACSIN3-201","PACSIN3",1873,"protein_coding",1635,21,0.905563295,"GGACT",0.666666667,NA,NA,NA,NA,NA,NA,NA,NA,NA,0,0,0,NA,NA,NA
"520","ENST00000299259.10","ENSG00000166200.15","OTTHUMG00000172324.4","OTTHUMT00000417841.1","COPS2-201","COPS2",2036,"protein_coding",1385,54,0.986067355,"GGACC",0.814814815,NA,NA,NA,NA,NA,NA,NA,NA,NA,0,0,0,NA,NA,NA
"521","ENST00000299335.8","ENSG00000166260.13","OTTHUMG00000177838.2","OTTHUMT00000439182.2","COX11-201","COX11",3150,"protein_coding",1242,30,0.946677208,"GAACT",0.5,NA,NA,NA,NA,NA,NA,NA,NA,NA,0,0,0,NA,NA,NA
"522","ENST00000299563.5","ENSG00000166439.6","OTTHUMG00000165516.3","OTTHUMT00000384741.2","RNF169-201","RNF169",7842,"protein_coding",7602,22,0.93389535,"GGACT",0.636363636,NA,NA,NA,NA,NA,NA,NA,NA,NA,0,0,0,NA,NA,NA
"523","ENST00000299626.10","ENSG00000159063.14","OTTHUMG00000166594.7","OTTHUMT00000390637.2","ALG8-201","ALG8",1637,"protein_coding",1315,30,0.988652527,"GAACT",0.633333333,NA,NA,NA,NA,NA,NA,NA,NA,NA,0,0,0,NA,NA,NA
"524","ENST00000299853.10","ENSG00000058600.16","OTTHUMG00000094779.4","OTTHUMT00000211590.2","POLR3E-201","POLR3E",3690,"protein_coding",2437,23,0.972570121,"GGACA",0.782608696,NA,NA,NA,NA,NA,NA,NA,NA,NA,0,0,0,NA,NA,NA
"525","ENST00000300026.4","ENSG00000166794.6","OTTHUMG00000133018.2","OTTHUMT00000256604.1","PPIB-201","PPIB",893,"protein_coding",822,1077,0.938667119,"GGACT",0.65088208,NA,NA,NA,NA,NA,NA,NA,NA,NA,0,0,0,NA,NA,NA
"526","ENST00000300131.8","ENSG00000166886.13","OTTHUMG00000171192.2","OTTHUMT00000412222.2","NAB2-201","NAB2",2491,"protein_coding",1880,22,0.94118613,"AGACT",0.5,NA,NA,NA,NA,NA,NA,NA,NA,NA,0,0,0,NA,NA,NA
"527","ENST00000300131.8","ENSG00000166886.13","OTTHUMG00000171192.2","OTTHUMT00000412222.2","NAB2-201","NAB2",2491,"protein_coding",2068,48,0.992507815,"GGACT",0.833333333,NA,NA,NA,NA,NA,NA,NA,NA,NA,0,0,0,NA,NA,NA
"528","ENST00000300302.9","ENSG00000051108.15","OTTHUMG00000133276.10","OTTHUMT00000432314.1","HERPUD1-201","HERPUD1",1862,"protein_coding",1313,25,0.923858881,"GGACT",0.68,NA,NA,NA,NA,NA,NA,NA,NA,NA,0,0,0,NA,NA,NA
"529","ENST00000300403.11","ENSG00000088325.16","OTTHUMG00000032190.3","OTTHUMT00000078569.3","TPX2-201","TPX2",3473,"protein_coding",1726,40,0.959163547,"GAACT",0.75,509,720,2244,1,509,510,2752,2753,3472,0,1,0,NA,0.542335115864528,NA
"530","ENST00000300403.11","ENSG00000088325.16","OTTHUMG00000032190.3","OTTHUMT00000078569.3","TPX2-201","TPX2",3473,"protein_coding",2906,163,0.989253283,"GGACT",0.865030675,509,720,2244,1,509,510,2752,2753,3472,0,0,1,NA,NA,0.2125
"531","ENST00000300408.8","ENSG00000167085.14","OTTHUMG00000134271.10","OTTHUMT00000258826.1","PHB1-201","PHB1",1834,"protein_coding",1231,42,0.959693968,"GGACT",0.857142857,75,940,819,1,75,76,893,894,1833,0,0,1,NA,NA,0.358510638297872
"532","ENST00000300408.8","ENSG00000167085.14","OTTHUMG00000134271.10","OTTHUMT00000258826.1","PHB1-201","PHB1",1834,"protein_coding",1554,69,0.954876602,"GGACT",0.753623188,75,940,819,1,75,76,893,894,1833,0,0,1,NA,NA,0.702127659574468
"533","ENST00000300456.5","ENSG00000167114.13","OTTHUMG00000020746.3","OTTHUMT00000054432.3","SLC27A4-201","SLC27A4",3229,"protein_coding",2399,23,0.989634037,"TGACT",0.826086957,NA,NA,NA,NA,NA,NA,NA,NA,NA,0,0,0,NA,NA,NA
"534","ENST00000300456.5","ENSG00000167114.13","OTTHUMG00000020746.3","OTTHUMT00000054432.3","SLC27A4-201","SLC27A4",3229,"protein_coding",2498,22,0.972925603,"AGACT",0.681818182,NA,NA,NA,NA,NA,NA,NA,NA,NA,0,0,0,NA,NA,NA
"535","ENST00000300648.7","ENSG00000089154.11","OTTHUMG00000169338.3","OTTHUMT00000403592.3","GCN1-201","GCN1",8681,"protein_coding",8340,53,0.934182703,"AGACT",0.622641509,NA,NA,NA,NA,NA,NA,NA,NA,NA,0,0,0,NA,NA,NA
"536","ENST00000300935.8","ENSG00000167461.12","OTTHUMG00000182238.2","OTTHUMT00000460186.2","RAB8A-201","RAB8A",2567,"protein_coding",1722,88,0.909941018,"GGACT",0.636363636,NA,NA,NA,NA,NA,NA,NA,NA,NA,0,0,0,NA,NA,NA
"537","ENST00000301032.8","ENSG00000109103.12","OTTHUMG00000132606.7","OTTHUMT00000255843.2","UNC119-201","UNC119",1653,"protein_coding",1180,41,0.941367209,"GGACC",0.43902439,NA,NA,NA,NA,NA,NA,NA,NA,NA,0,0,0,NA,NA,NA
"538","ENST00000301264.7","ENSG00000167657.14","OTTHUMG00000181825.4","-","DAPK3-201","DAPK3",2105,"protein_coding",1828,24,0.942644238,"GGACA",0.666666667,NA,NA,NA,NA,NA,NA,NA,NA,NA,0,0,0,NA,NA,NA
"539","ENST00000301281.11","ENSG00000167671.12","OTTHUMG00000181954.8","OTTHUMT00000458447.4","UBXN6-201","UBXN6",1915,"protein_coding",957,22,0.965857446,"GAACT",0.727272727,NA,NA,NA,NA,NA,NA,NA,NA,NA,0,0,0,NA,NA,NA
"540","ENST00000301391.8","ENSG00000167740.10","OTTHUMG00000177726.3","OTTHUMT00000438698.1","CYB5D2-201","CYB5D2",1969,"protein_coding",1469,25,0.941925764,"GGACT",0.6,NA,NA,NA,NA,NA,NA,NA,NA,NA,0,0,0,NA,NA,NA
"541","ENST00000301453.7","ENSG00000167770.13","OTTHUMG00000167786.2","OTTHUMT00000396274.1","OTUB1-201","OTUB1",2493,"retained_intron",2482,131,0.925428748,"GAACT",0.564885496,NA,NA,NA,NA,NA,NA,NA,NA,NA,0,0,0,NA,NA,NA
"542","ENST00000301458.10","ENSG00000167775.11","OTTHUMG00000182457.3","OTTHUMT00000461366.2","CD320-201","CD320",1253,"protein_coding",1093,366,0.945806146,"GGACA",0.587431694,NA,NA,NA,NA,NA,NA,NA,NA,NA,0,0,0,NA,NA,NA
"543","ENST00000301585.10","ENSG00000167862.10","OTTHUMG00000179218.3","OTTHUMT00000445314.1","MRPL58-201","MRPL58",894,"protein_coding",633,193,0.903125703,"GGACT",0.523316062,NA,NA,NA,NA,NA,NA,NA,NA,NA,0,0,0,NA,NA,NA
"544","ENST00000301761.7","ENSG00000167985.7","OTTHUMG00000168279.2","OTTHUMT00000398438.1","SDHAF2-201","SDHAF2",1186,"protein_coding",700,101,0.944364548,"TGACT",0.732673267,NA,NA,NA,NA,NA,NA,NA,NA,NA,0,0,0,NA,NA,NA
"545","ENST00000301838.5","ENSG00000168040.5","OTTHUMG00000167264.1","OTTHUMT00000393902.1","FADD-201","FADD",1708,"protein_coding",1072,21,0.926089525,"GAACC",0.619047619,NA,NA,NA,NA,NA,NA,NA,NA,NA,0,0,0,NA,NA,NA
"546","ENST00000301838.5","ENSG00000168040.5","OTTHUMG00000167264.1","OTTHUMT00000393902.1","FADD-201","FADD",1708,"protein_coding",1184,25,0.910796046,"GAACT",0.52,NA,NA,NA,NA,NA,NA,NA,NA,NA,0,0,0,NA,NA,NA
"547","ENST00000301838.5","ENSG00000168040.5","OTTHUMG00000167264.1","OTTHUMT00000393902.1","FADD-201","FADD",1708,"protein_coding",1313,55,0.984424531,"GGACA",0.818181818,NA,NA,NA,NA,NA,NA,NA,NA,NA,0,0,0,NA,NA,NA
"548","ENST00000301964.7","ENSG00000171148.14","OTTHUMG00000128440.4","OTTHUMT00000250236.1","TADA3-201","TADA3",1974,"protein_coding",977,67,0.956508696,"GAACT",0.686567164,NA,NA,NA,NA,NA,NA,NA,NA,NA,0,0,0,NA,NA,NA
"549","ENST00000302165.5","ENSG00000170604.5","OTTHUMG00000182485.2","OTTHUMT00000461683.2","IRF2BP1-201","IRF2BP1",2534,"protein_coding",2114,21,0.983322859,"GGACC",0.666666667,NA,NA,NA,NA,NA,NA,NA,NA,NA,0,0,0,NA,NA,NA
"550","ENST00000302174.9","ENSG00000170502.13","OTTHUMG00000130591.5","OTTHUMT00000253035.3","NUDT9-201","NUDT9",2820,"protein_coding",1555,21,0.959014535,"GAACT",0.714285714,NA,NA,NA,NA,NA,NA,NA,NA,NA,0,0,0,NA,NA,NA
"551","ENST00000302243.12","ENSG00000168872.17","OTTHUMG00000137579.6","OTTHUMT00000268967.3","DDX19A-201","DDX19A",2923,"protein_coding",2442,20,0.932520807,"GGACA",0.65,NA,NA,NA,NA,NA,NA,NA,NA,NA,0,0,0,NA,NA,NA
"552","ENST00000302345.6","ENSG00000171302.17","OTTHUMG00000177570.9","OTTHUMT00000437723.2","CANT1-201","CANT1",3534,"protein_coding",2640,20,0.932196915,"TGACT",0.75,NA,NA,NA,NA,NA,NA,NA,NA,NA,0,0,0,NA,NA,NA
"553","ENST00000302362.11","ENSG00000172301.11","OTTHUMG00000132812.4","OTTHUMT00000256257.3","COPRS-201","COPRS",868,"protein_coding",575,375,0.92044884,"GGACA",0.413333333,NA,NA,NA,NA,NA,NA,NA,NA,NA,0,0,0,NA,NA,NA
"554","ENST00000302386.10","ENSG00000170296.10","OTTHUMG00000102156.4","OTTHUMT00000220000.3","GABARAP-201","GABARAP",1319,"protein_coding",907,61,0.917165458,"GAACT",0.475409836,NA,NA,NA,NA,NA,NA,NA,NA,NA,0,0,0,NA,NA,NA
"555","ENST00000302516.10","ENSG00000189091.13","OTTHUMG00000137582.8","OTTHUMT00000268972.3","SF3B3-201","SF3B3",9692,"protein_coding",3867,49,0.98375082,"AGACT",0.775510204,NA,NA,NA,NA,NA,NA,NA,NA,NA,0,0,0,NA,NA,NA
"556","ENST00000302516.10","ENSG00000189091.13","OTTHUMG00000137582.8","OTTHUMT00000268972.3","SF3B3-201","SF3B3",9692,"protein_coding",3947,49,0.965584159,"AGACT",0.714285714,NA,NA,NA,NA,NA,NA,NA,NA,NA,0,0,0,NA,NA,NA
"557","ENST00000302692.7","ENSG00000171612.7","OTTHUMG00000001322.3","OTTHUMT00000003851.3","SLC25A33-201","SLC25A33",3865,"protein_coding",1096,21,0.933817446,"GGACT",0.523809524,NA,NA,NA,NA,NA,NA,NA,NA,NA,0,0,0,NA,NA,NA
"558","ENST00000302731.4","ENSG00000172409.7","OTTHUMG00000167146.6","OTTHUMT00000393465.1","CLP1-201","CLP1",1634,"protein_coding",722,22,0.941630483,"GAACT",0.590909091,NA,NA,NA,NA,NA,NA,NA,NA,NA,0,0,0,NA,NA,NA
"559","ENST00000302731.4","ENSG00000172409.7","OTTHUMG00000167146.6","OTTHUMT00000393465.1","CLP1-201","CLP1",1634,"protein_coding",799,20,0.965899944,"GGACT",0.75,NA,NA,NA,NA,NA,NA,NA,NA,NA,0,0,0,NA,NA,NA
"560","ENST00000302731.4","ENSG00000172409.7","OTTHUMG00000167146.6","OTTHUMT00000393465.1","CLP1-201","CLP1",1634,"protein_coding",1284,78,0.989316165,"AGACT",0.91025641,NA,NA,NA,NA,NA,NA,NA,NA,NA,0,0,0,NA,NA,NA
"561","ENST00000302731.4","ENSG00000172409.7","OTTHUMG00000167146.6","OTTHUMT00000393465.1","CLP1-201","CLP1",1634,"protein_coding",1402,77,0.977054119,"AGACT",0.727272727,NA,NA,NA,NA,NA,NA,NA,NA,NA,0,0,0,NA,NA,NA
"562","ENST00000302904.8","ENSG00000108312.16","OTTHUMG00000167585.6","OTTHUMT00000395205.1","UBTF-201","UBTF",4997,"protein_coding",3238,20,0.946769536,"GAACT",0.75,NA,NA,NA,NA,NA,NA,NA,NA,NA,0,0,0,NA,NA,NA
"563","ENST00000302979.5","ENSG00000186184.20","OTTHUMG00000016635.10","OTTHUMT00000044305.2","POLR1D-201","POLR1D",693,"protein_coding",518,235,0.967762649,"GAACT",0.714893617,NA,NA,NA,NA,NA,NA,NA,NA,NA,0,0,0,NA,NA,NA
"564","ENST00000303004.5","ENSG00000172216.6","OTTHUMG00000032715.2","OTTHUMT00000079672.2","CEBPB-201","CEBPB",1839,"protein_coding",1282,80,0.900788248,"AGACT",0.475,NA,NA,NA,NA,NA,NA,NA,NA,NA,0,0,0,NA,NA,NA
"565","ENST00000303004.5","ENSG00000172216.6","OTTHUMG00000032715.2","OTTHUMT00000079672.2","CEBPB-201","CEBPB",1839,"protein_coding",1610,185,0.942575157,"GGACT",0.751351351,NA,NA,NA,NA,NA,NA,NA,NA,NA,0,0,0,NA,NA,NA
"566","ENST00000303151.5","ENSG00000172336.5","OTTHUMG00000044311.4","OTTHUMT00000103070.2","POP7-201","POP7",850,"protein_coding",235,100,0.933857083,"GAACT",0.64,194,233,423,1,194,195,616,617,849,0,1,0,NA,0.0969267139479905,NA
"567","ENST00000303151.5","ENSG00000172336.5","OTTHUMG00000044311.4","OTTHUMT00000103070.2","POP7-201","POP7",850,"protein_coding",324,103,0.94989574,"GGACT",0.815533981,194,233,423,1,194,195,616,617,849,0,1,0,NA,0.307328605200946,NA
"568","ENST00000303151.5","ENSG00000172336.5","OTTHUMG00000044311.4","OTTHUMT00000103070.2","POP7-201","POP7",850,"protein_coding",625,206,0.938566625,"AGACA",0.708737864,194,233,423,1,194,195,616,617,849,0,0,1,NA,NA,0.0343347639484979
"569","ENST00000303151.5","ENSG00000172336.5","OTTHUMG00000044311.4","OTTHUMT00000103070.2","POP7-201","POP7",850,"protein_coding",731,226,0.916441023,"GGACT",0.544247788,194,233,423,1,194,195,616,617,849,0,0,1,NA,NA,0.489270386266094
"570","ENST00000303155.9","ENSG00000171208.10","OTTHUMG00000133101.5","OTTHUMT00000430390.1","NETO2-201","NETO2",3241,"protein_coding",1272,20,0.940882206,"GAACT",0.55,NA,NA,NA,NA,NA,NA,NA,NA,NA,0,0,0,NA,NA,NA
"571","ENST00000303155.9","ENSG00000171208.10","OTTHUMG00000133101.5","OTTHUMT00000430390.1","NETO2-201","NETO2",3241,"protein_coding",1841,80,0.924903452,"GAACT",0.5,NA,NA,NA,NA,NA,NA,NA,NA,NA,0,0,0,NA,NA,NA
"572","ENST00000303251.11","ENSG00000169228.14","OTTHUMG00000130849.6","OTTHUMT00000253416.2","RAB24-201","RAB24",1588,"protein_coding",1209,29,0.979599953,"TGACT",0.689655172,NA,NA,NA,NA,NA,NA,NA,NA,NA,0,0,0,NA,NA,NA
"573","ENST00000303270.6","ENSG00000169228.14","OTTHUMG00000130849.6","OTTHUMT00000253418.1","RAB24-202","RAB24",1385,"protein_coding",1294,23,0.984111667,"TGACT",0.739130435,NA,NA,NA,NA,NA,NA,NA,NA,NA,0,0,0,NA,NA,NA
"574","ENST00000303400.9","ENSG00000090316.16","OTTHUMG00000160169.8","OTTHUMT00000359511.2","MAEA-202","MAEA",2182,"protein_coding",1487,63,0.969859242,"AGACT",0.793650794,NA,NA,NA,NA,NA,NA,NA,NA,NA,0,0,0,NA,NA,NA
"575","ENST00000303400.9","ENSG00000090316.16","OTTHUMG00000160169.8","OTTHUMT00000359511.2","MAEA-202","MAEA",2182,"protein_coding",1659,82,0.967516243,"GGACT",0.731707317,NA,NA,NA,NA,NA,NA,NA,NA,NA,0,0,0,NA,NA,NA
"576","ENST00000303400.9","ENSG00000090316.16","OTTHUMG00000160169.8","OTTHUMT00000359511.2","MAEA-202","MAEA",2182,"protein_coding",1697,81,0.926347673,"GGACA",0.62962963,NA,NA,NA,NA,NA,NA,NA,NA,NA,0,0,0,NA,NA,NA
"577","ENST00000303400.9","ENSG00000090316.16","OTTHUMG00000160169.8","OTTHUMT00000359511.2","MAEA-202","MAEA",2182,"protein_coding",1802,85,0.980299413,"GGACT",0.870588235,NA,NA,NA,NA,NA,NA,NA,NA,NA,0,0,0,NA,NA,NA
"578","ENST00000303545.4","ENSG00000170881.5","OTTHUMG00000165072.4","OTTHUMT00000381692.1","RNF139-201","RNF139",3199,"protein_coding",1799,30,0.974405587,"GGACT",0.766666667,NA,NA,NA,NA,NA,NA,NA,NA,NA,0,0,0,NA,NA,NA
"579","ENST00000303545.4","ENSG00000170881.5","OTTHUMG00000165072.4","OTTHUMT00000381692.1","RNF139-201","RNF139",3199,"protein_coding",2220,80,0.986907899,"TGACT",0.825,NA,NA,NA,NA,NA,NA,NA,NA,NA,0,0,0,NA,NA,NA
"580","ENST00000303575.9","ENSG00000170348.9","OTTHUMG00000171771.3","OTTHUMT00000415034.2","TMED10-201","TMED10",4109,"protein_coding",629,57,0.967359841,"GGACT",0.649122807,NA,NA,NA,NA,NA,NA,NA,NA,NA,0,0,0,NA,NA,NA
"581","ENST00000303577.7","ENSG00000169564.7","OTTHUMG00000129645.2","OTTHUMT00000251844.2","PCBP1-201","PCBP1",1727,"protein_coding",1132,21,0.97299403,"TAACT",0.571428571,NA,NA,NA,NA,NA,NA,NA,NA,NA,0,0,0,NA,NA,NA
"582","ENST00000303596.3","ENSG00000168286.3","OTTHUMG00000137546.2","OTTHUMT00000268879.2","THAP11-201","THAP11",1876,"protein_coding",1302,21,0.987706721,"GGACT",0.952380952,NA,NA,NA,NA,NA,NA,NA,NA,NA,0,0,0,NA,NA,NA
"583","ENST00000303596.3","ENSG00000168286.3","OTTHUMG00000137546.2","OTTHUMT00000268879.2","THAP11-201","THAP11",1876,"protein_coding",1507,46,0.927335799,"GGACT",0.739130435,NA,NA,NA,NA,NA,NA,NA,NA,NA,0,0,0,NA,NA,NA
"584","ENST00000303759.3","ENSG00000170791.18","OTTHUMG00000074081.5","-","CHCHD7-201","CHCHD7",1684,"protein_coding",205,20,0.901702285,"GAACT",0.55,NA,NA,NA,NA,NA,NA,NA,NA,NA,0,0,0,NA,NA,NA
"585","ENST00000303961.9","ENSG00000269858.6","OTTHUMG00000182703.6","OTTHUMT00000463215.2","EGLN2-201","EGLN2",2100,"protein_coding",1999,75,0.943579972,"GGACT",0.746666667,NA,NA,NA,NA,NA,NA,NA,NA,NA,0,0,0,NA,NA,NA
"586","ENST00000304222.3","ENSG00000170425.4","OTTHUMG00000059140.2","OTTHUMT00000131032.1","ADORA2B-201","ADORA2B",1522,"protein_coding",1376,20,0.915315568,"AGACT",0.7,NA,NA,NA,NA,NA,NA,NA,NA,NA,0,0,0,NA,NA,NA
"587","ENST00000304271.11","ENSG00000171067.11","OTTHUMG00000167478.3","OTTHUMT00000394750.2","C11orf24-201","C11orf24",2071,"protein_coding",1750,54,0.982994616,"GGACT",0.703703704,NA,NA,NA,NA,NA,NA,NA,NA,NA,0,0,0,NA,NA,NA
"588","ENST00000304478.9","ENSG00000171861.11","OTTHUMG00000090285.3","OTTHUMT00000206611.2","MRM3-201","MRM3",1729,"protein_coding",1059,52,0.988824308,"GGACT",0.769230769,NA,NA,NA,NA,NA,NA,NA,NA,NA,0,0,0,NA,NA,NA
"589","ENST00000304478.9","ENSG00000171861.11","OTTHUMG00000090285.3","OTTHUMT00000206611.2","MRM3-201","MRM3",1729,"protein_coding",1237,55,0.961200774,"AGACA",0.618181818,NA,NA,NA,NA,NA,NA,NA,NA,NA,0,0,0,NA,NA,NA
"590","ENST00000304478.9","ENSG00000171861.11","OTTHUMG00000090285.3","OTTHUMT00000206611.2","MRM3-201","MRM3",1729,"protein_coding",1260,61,0.954695582,"GGACT",0.672131148,NA,NA,NA,NA,NA,NA,NA,NA,NA,0,0,0,NA,NA,NA
"591","ENST00000304658.10","ENSG00000169180.12","OTTHUMG00000176782.9","OTTHUMT00000433732.1","XPO6-201","XPO6",4537,"protein_coding",3999,33,0.902996123,"GGACT",0.606060606,NA,NA,NA,NA,NA,NA,NA,NA,NA,0,0,0,NA,NA,NA
"592","ENST00000304658.10","ENSG00000169180.12","OTTHUMG00000176782.9","OTTHUMT00000433732.1","XPO6-201","XPO6",4537,"protein_coding",4301,71,0.979234993,"GGACA",0.591549296,NA,NA,NA,NA,NA,NA,NA,NA,NA,0,0,0,NA,NA,NA
"593","ENST00000304658.10","ENSG00000169180.12","OTTHUMG00000176782.9","OTTHUMT00000433732.1","XPO6-201","XPO6",4537,"protein_coding",4360,67,0.947424948,"GAACT",0.641791045,NA,NA,NA,NA,NA,NA,NA,NA,NA,0,0,0,NA,NA,NA
"594","ENST00000304658.10","ENSG00000169180.12","OTTHUMG00000176782.9","OTTHUMT00000433732.1","XPO6-201","XPO6",4537,"protein_coding",4438,73,0.96723175,"AGACT",0.945205479,NA,NA,NA,NA,NA,NA,NA,NA,NA,0,0,0,NA,NA,NA
"595","ENST00000304661.6","ENSG00000171155.8","OTTHUMG00000022305.2","OTTHUMT00000058117.2","C1GALT1C1-201","C1GALT1C1",1636,"protein_coding",730,22,0.931321561,"AGACT",0.681818182,NA,NA,NA,NA,NA,NA,NA,NA,NA,0,0,0,NA,NA,NA
"596","ENST00000304661.6","ENSG00000171155.8","OTTHUMG00000022305.2","OTTHUMT00000058117.2","C1GALT1C1-201","C1GALT1C1",1636,"protein_coding",982,70,0.960097313,"GGACT",0.8,NA,NA,NA,NA,NA,NA,NA,NA,NA,0,0,0,NA,NA,NA
"597","ENST00000304734.9","ENSG00000146223.16","OTTHUMG00000014710.5","OTTHUMT00000040566.3","RPL7L1-201","RPL7L1",3769,"protein_coding",1135,49,0.984636664,"AGACA",0.795918367,NA,NA,NA,NA,NA,NA,NA,NA,NA,0,0,0,NA,NA,NA
"598","ENST00000304734.9","ENSG00000146223.16","OTTHUMG00000014710.5","OTTHUMT00000040566.3","RPL7L1-201","RPL7L1",3769,"protein_coding",1440,80,0.989008963,"AGACA",0.7375,NA,NA,NA,NA,NA,NA,NA,NA,NA,0,0,0,NA,NA,NA
"599","ENST00000304834.11","ENSG00000189159.16","OTTHUMG00000154521.4","OTTHUMT00000335694.2","JPT1-201","JPT1",1633,"nonsense_mediated_decay",889,203,0.932443261,"GAACT",0.596059113,NA,NA,NA,NA,NA,NA,NA,NA,NA,0,0,0,NA,NA,NA
"600","ENST00000304863.6","ENSG00000169021.6","OTTHUMG00000181997.3","OTTHUMT00000458563.3","UQCRFS1-201","UQCRFS1",3086,"protein_coding",622,1086,0.962181449,"GGACC",0.520257827,NA,NA,NA,NA,NA,NA,NA,NA,NA,0,0,0,NA,NA,NA
"601","ENST00000304863.6","ENSG00000169021.6","OTTHUMG00000181997.3","OTTHUMT00000458563.3","UQCRFS1-201","UQCRFS1",3086,"protein_coding",867,1765,0.969227374,"GGACT",0.769405099,NA,NA,NA,NA,NA,NA,NA,NA,NA,0,0,0,NA,NA,NA
"602","ENST00000304895.9","ENSG00000169919.17","OTTHUMG00000023735.5","OTTHUMT00000251637.4","GUSB-201","GUSB",2199,"protein_coding",2065,278,0.958326399,"GGACT",0.81294964,NA,NA,NA,NA,NA,NA,NA,NA,NA,0,0,0,NA,NA,NA
"603","ENST00000305103.4","ENSG00000170619.10","OTTHUMG00000165251.6","OTTHUMT00000382962.2","COMMD5-201","COMMD5",1430,"protein_coding",391,22,0.993617415,"GGACC",0.636363636,NA,NA,NA,NA,NA,NA,NA,NA,NA,0,0,0,NA,NA,NA
"604","ENST00000305103.4","ENSG00000170619.10","OTTHUMG00000165251.6","OTTHUMT00000382962.2","COMMD5-201","COMMD5",1430,"protein_coding",454,51,0.932371438,"GGACT",0.607843137,NA,NA,NA,NA,NA,NA,NA,NA,NA,0,0,0,NA,NA,NA
"605","ENST00000305103.4","ENSG00000170619.10","OTTHUMG00000165251.6","OTTHUMT00000382962.2","COMMD5-201","COMMD5",1430,"protein_coding",640,56,0.953944445,"GGACT",0.785714286,NA,NA,NA,NA,NA,NA,NA,NA,NA,0,0,0,NA,NA,NA
"606","ENST00000305103.4","ENSG00000170619.10","OTTHUMG00000165251.6","OTTHUMT00000382962.2","COMMD5-201","COMMD5",1430,"protein_coding",727,58,0.919304073,"TGACT",0.724137931,NA,NA,NA,NA,NA,NA,NA,NA,NA,0,0,0,NA,NA,NA
"607","ENST00000305103.4","ENSG00000170619.10","OTTHUMG00000165251.6","OTTHUMT00000382962.2","COMMD5-201","COMMD5",1430,"protein_coding",937,65,0.9829126,"GGACT",0.830769231,NA,NA,NA,NA,NA,NA,NA,NA,NA,0,0,0,NA,NA,NA
"608","ENST00000305533.10","ENSG00000247596.10","OTTHUMG00000158105.4","OTTHUMT00000350199.3","TWF2-201","TWF2",1614,"protein_coding",1221,141,0.956171393,"GGACT",0.723404255,NA,NA,NA,NA,NA,NA,NA,NA,NA,0,0,0,NA,NA,NA
"609","ENST00000305596.8","ENSG00000169217.9","OTTHUMG00000132397.3","OTTHUMT00000255528.2","CD2BP2-201","CD2BP2",3361,"protein_coding",1189,135,0.96602428,"GGACT",0.755555556,123,2212,1026,1,123,124,1148,1149,3360,0,0,1,NA,NA,0.0180831826401447
"610","ENST00000305596.8","ENSG00000169217.9","OTTHUMG00000132397.3","OTTHUMT00000255528.2","CD2BP2-201","CD2BP2",3361,"protein_coding",3313,20,0.96943295,"GGACT",0.65,123,2212,1026,1,123,124,1148,1149,3360,0,0,1,NA,NA,0.978300180831826
"611","ENST00000305885.3","ENSG00000168496.4","OTTHUMG00000168162.5","OTTHUMT00000398526.2","FEN1-201","FEN1",2016,"protein_coding",680,133,0.989808977,"GGACT",0.917293233,NA,NA,NA,NA,NA,NA,NA,NA,NA,0,0,0,NA,NA,NA
"612","ENST00000305885.3","ENSG00000168496.4","OTTHUMG00000168162.5","OTTHUMT00000398526.2","FEN1-201","FEN1",2016,"protein_coding",721,144,0.903421521,"TGACT",0.576388889,NA,NA,NA,NA,NA,NA,NA,NA,NA,0,0,0,NA,NA,NA
"613","ENST00000305885.3","ENSG00000168496.4","OTTHUMG00000168162.5","OTTHUMT00000398526.2","FEN1-201","FEN1",2016,"protein_coding",881,138,0.924189627,"GGACC",0.434782609,NA,NA,NA,NA,NA,NA,NA,NA,NA,0,0,0,NA,NA,NA
"614","ENST00000305885.3","ENSG00000168496.4","OTTHUMG00000168162.5","OTTHUMT00000398526.2","FEN1-201","FEN1",2016,"protein_coding",1246,206,0.987622797,"AGACT",0.834951456,NA,NA,NA,NA,NA,NA,NA,NA,NA,0,0,0,NA,NA,NA
"615","ENST00000305885.3","ENSG00000168496.4","OTTHUMG00000168162.5","OTTHUMT00000398526.2","FEN1-201","FEN1",2016,"protein_coding",1675,387,0.914090097,"AGACT",0.599483204,NA,NA,NA,NA,NA,NA,NA,NA,NA,0,0,0,NA,NA,NA
"616","ENST00000305885.3","ENSG00000168496.4","OTTHUMG00000168162.5","OTTHUMT00000398526.2","FEN1-201","FEN1",2016,"protein_coding",1818,403,0.935895503,"TGACT",0.759305211,NA,NA,NA,NA,NA,NA,NA,NA,NA,0,0,0,NA,NA,NA
"617","ENST00000305978.7","ENSG00000171222.11","OTTHUMG00000032370.2","OTTHUMT00000078959.2","SCAND1-201","SCAND1",771,"protein_coding",692,237,0.981327653,"GGACT",0.734177215,110,121,540,1,110,111,649,650,770,0,0,1,NA,NA,0.347107438016529
"618","ENST00000306065.9","ENSG00000105186.16","OTTHUMG00000180225.10","OTTHUMT00000450329.2","ANKRD27-201","ANKRD27",4432,"protein_coding",3794,21,0.958305955,"GGACA",0.714285714,NA,NA,NA,NA,NA,NA,NA,NA,NA,0,0,0,NA,NA,NA
"619","ENST00000306704.10","ENSG00000169689.15","OTTHUMG00000132129.3","OTTHUMT00000255173.1","CENPX-201","CENPX",751,"protein_coding",414,157,0.945394039,"GGACT",0.649681529,NA,NA,NA,NA,NA,NA,NA,NA,NA,0,0,0,NA,NA,NA
"620","ENST00000306704.10","ENSG00000169689.15","OTTHUMG00000132129.3","OTTHUMT00000255173.1","CENPX-201","CENPX",751,"protein_coding",506,135,0.919227421,"GGACA",0.511111111,NA,NA,NA,NA,NA,NA,NA,NA,NA,0,0,0,NA,NA,NA
"621","ENST00000306773.5","ENSG00000171246.7","OTTHUMG00000177607.2","OTTHUMT00000438051.2","NPTX1-201","NPTX1",5439,"protein_coding",1678,45,0.976850629,"GGACT",0.777777778,NA,NA,NA,NA,NA,NA,NA,NA,NA,0,0,0,NA,NA,NA
"622","ENST00000306773.5","ENSG00000171246.7","OTTHUMG00000177607.2","OTTHUMT00000438051.2","NPTX1-201","NPTX1",5439,"protein_coding",5037,42,0.90070039,"GGACT",0.595238095,NA,NA,NA,NA,NA,NA,NA,NA,NA,0,0,0,NA,NA,NA
"623","ENST00000306796.10","ENSG00000169718.18","OTTHUMG00000178525.4","OTTHUMT00000442346.2","DUS1L-201","DUS1L",2233,"protein_coding",1648,110,0.919072151,"GGACT",0.5,NA,NA,NA,NA,NA,NA,NA,NA,NA,0,0,0,NA,NA,NA
"624","ENST00000306823.10","ENSG00000169727.14","OTTHUMG00000178484.3","OTTHUMT00000442176.1","GPS1-201","GPS1",1842,"protein_coding",1550,124,0.903431296,"GGACC",0.5,NA,NA,NA,NA,NA,NA,NA,NA,NA,0,0,0,NA,NA,NA
"625","ENST00000306875.10","ENSG00000213380.16","OTTHUMG00000154277.7","OTTHUMT00000489197.2","COG8-201","COG8",4629,"protein_coding",2218,27,0.952707171,"GGACA",0.62962963,NA,NA,NA,NA,NA,NA,NA,NA,NA,0,0,0,NA,NA,NA
"626","ENST00000306875.10","ENSG00000213380.16","OTTHUMG00000154277.7","OTTHUMT00000489197.2","COG8-201","COG8",4629,"protein_coding",2341,30,0.95338583,"GGACC",0.5,NA,NA,NA,NA,NA,NA,NA,NA,NA,0,0,0,NA,NA,NA
"627","ENST00000306984.8","ENSG00000168303.9","OTTHUMG00000128797.6","OTTHUMT00000493913.3","MPLKIP-201","MPLKIP",7627,"protein_coding",642,34,0.98703295,"GGACA",0.852941176,NA,NA,NA,NA,NA,NA,NA,NA,NA,0,0,0,NA,NA,NA
"628","ENST00000307114.11","ENSG00000172432.19","OTTHUMG00000014744.13","-","GTPBP2-201","GTPBP2",2830,"protein_coding",2670,56,0.964537382,"GGACT",0.714285714,NA,NA,NA,NA,NA,NA,NA,NA,NA,0,0,0,NA,NA,NA
"629","ENST00000307126.10","ENSG00000172432.19","OTTHUMG00000014744.13","OTTHUMT00000040679.2","GTPBP2-202","GTPBP2",3031,"protein_coding",2883,56,0.962990642,"GGACT",0.714285714,NA,NA,NA,NA,NA,NA,NA,NA,NA,0,0,0,NA,NA,NA
"630","ENST00000307363.10","ENSG00000170266.16","OTTHUMG00000155781.8","OTTHUMT00000341569.5","GLB1-201","GLB1",2523,"protein_coding",2040,69,0.943599522,"AGACT",0.797101449,NA,NA,NA,NA,NA,NA,NA,NA,NA,0,0,0,NA,NA,NA
"631","ENST00000307365.4","ENSG00000168209.6","OTTHUMG00000183961.3","OTTHUMT00000048577.2","DDIT4-201","DDIT4",1744,"protein_coding",945,20,0.947288573,"GAACT",0.7,NA,NA,NA,NA,NA,NA,NA,NA,NA,0,0,0,NA,NA,NA
"632","ENST00000307365.4","ENSG00000168209.6","OTTHUMG00000183961.3","OTTHUMT00000048577.2","DDIT4-201","DDIT4",1744,"protein_coding",981,21,0.966630995,"GGACT",0.666666667,NA,NA,NA,NA,NA,NA,NA,NA,NA,0,0,0,NA,NA,NA
"633","ENST00000307366.8","ENSG00000168569.8","OTTHUMG00000167693.2","OTTHUMT00000395674.2","TMEM223-201","TMEM223",1273,"protein_coding",563,70,0.971218944,"GGACA",0.771428571,NA,NA,NA,NA,NA,NA,NA,NA,NA,0,0,0,NA,NA,NA
"634","ENST00000307377.12","ENSG00000170266.16","OTTHUMG00000155781.8","OTTHUMT00000341571.1","GLB1-202","GLB1",2018,"protein_coding",1647,57,0.944382906,"AGACT",0.824561404,NA,NA,NA,NA,NA,NA,NA,NA,NA,0,0,0,NA,NA,NA
"635","ENST00000307533.10","ENSG00000170846.17","OTTHUMG00000125505.7","OTTHUMT00000246832.3","MRFAP1L2-201","MRFAP1L2",2311,"nonsense_mediated_decay",1627,21,0.992476225,"GGACT",0.80952381,NA,NA,NA,NA,NA,NA,NA,NA,NA,0,0,0,NA,NA,NA
"636","ENST00000307533.10","ENSG00000170846.17","OTTHUMG00000125505.7","OTTHUMT00000246832.3","MRFAP1L2-201","MRFAP1L2",2311,"nonsense_mediated_decay",1638,21,0.966264367,"AGACT",0.857142857,NA,NA,NA,NA,NA,NA,NA,NA,NA,0,0,0,NA,NA,NA
"637","ENST00000307533.10","ENSG00000170846.17","OTTHUMG00000125505.7","OTTHUMT00000246832.3","MRFAP1L2-201","MRFAP1L2",2311,"nonsense_mediated_decay",1798,26,0.93744117,"GGACC",0.461538462,NA,NA,NA,NA,NA,NA,NA,NA,NA,0,0,0,NA,NA,NA
"638","ENST00000307533.10","ENSG00000170846.17","OTTHUMG00000125505.7","OTTHUMT00000246832.3","MRFAP1L2-201","MRFAP1L2",2311,"nonsense_mediated_decay",1984,54,0.957664907,"TGACT",0.722222222,NA,NA,NA,NA,NA,NA,NA,NA,NA,0,0,0,NA,NA,NA
"639","ENST00000307533.10","ENSG00000170846.17","OTTHUMG00000125505.7","OTTHUMT00000246832.3","MRFAP1L2-201","MRFAP1L2",2311,"nonsense_mediated_decay",2161,57,0.932272077,"AGACT",0.754385965,NA,NA,NA,NA,NA,NA,NA,NA,NA,0,0,0,NA,NA,NA
"640","ENST00000307633.7","ENSG00000170445.16","OTTHUMG00000129502.12","OTTHUMT00000372857.1","HARS1-201","HARS1",1780,"protein_coding",1461,22,0.956006169,"GGACT",0.727272727,NA,NA,NA,NA,NA,NA,NA,NA,NA,0,0,0,NA,NA,NA
"641","ENST00000307826.5","ENSG00000131446.17","OTTHUMG00000130937.6","OTTHUMT00000368193.2","MGAT1-201","MGAT1",8445,"protein_coding",1375,23,0.958847761,"GGACC",0.695652174,NA,NA,NA,NA,NA,NA,NA,NA,NA,0,0,0,NA,NA,NA
"642","ENST00000307845.8","ENSG00000115756.13","OTTHUMG00000090451.6","OTTHUMT00000206897.3","HPCAL1-201","HPCAL1",1749,"protein_coding",1336,106,0.947440147,"TGACT",0.754716981,NA,NA,NA,NA,NA,NA,NA,NA,NA,0,0,0,NA,NA,NA
"643","ENST00000307864.3","ENSG00000042286.15","OTTHUMG00000018398.3","OTTHUMT00000048487.3","AIFM2-201","AIFM2",3134,"protein_coding",1272,191,0.953723609,"GGACT",0.701570681,NA,NA,NA,NA,NA,NA,NA,NA,NA,0,0,0,NA,NA,NA
"644","ENST00000307877.7","ENSG00000167881.15","OTTHUMG00000180054.3","OTTHUMT00000449487.2","SRP68-201","SRP68",2831,"protein_coding",1943,68,0.955966115,"TGACT",0.75,NA,NA,NA,NA,NA,NA,NA,NA,NA,0,0,0,NA,NA,NA
"645","ENST00000307877.7","ENSG00000167881.15","OTTHUMG00000180054.3","OTTHUMT00000449487.2","SRP68-201","SRP68",2831,"protein_coding",2292,87,0.922596216,"GAACT",0.574712644,NA,NA,NA,NA,NA,NA,NA,NA,NA,0,0,0,NA,NA,NA
"646","ENST00000307979.7","ENSG00000174446.13","OTTHUMG00000133195.5","OTTHUMT00000420730.1","SNAPC5-201","SNAPC5",794,"protein_coding",629,25,0.958136976,"AGACT",0.76,NA,NA,NA,NA,NA,NA,NA,NA,NA,0,0,0,NA,NA,NA
"647","ENST00000308278.13","ENSG00000167695.15","OTTHUMG00000177491.6","OTTHUMT00000437155.5","TLCD3A-202","TLCD3A",2224,"protein_coding",1994,21,0.984238744,"AGACT",0.80952381,NA,NA,NA,NA,NA,NA,NA,NA,NA,0,0,0,NA,NA,NA
"648","ENST00000308354.11","ENSG00000120913.24","OTTHUMG00000164270.6","OTTHUMT00000254648.3","PDLIM2-202","PDLIM2",2236,"protein_coding",2012,86,0.904980719,"GGACT",0.593023256,NA,NA,NA,NA,NA,NA,NA,NA,NA,0,0,0,NA,NA,NA
"649","ENST00000308360.8","ENSG00000087111.22","OTTHUMG00000132604.7","OTTHUMT00000255833.4","PIGS-202","PIGS",2529,"protein_coding",1985,20,0.969280839,"GGACT",0.75,NA,NA,NA,NA,NA,NA,NA,NA,NA,0,0,0,NA,NA,NA
"650","ENST00000308588.10","ENSG00000169371.14","OTTHUMG00000142833.6","OTTHUMT00000286468.2","SNUPN-201","SNUPN",1420,"protein_coding",1249,74,0.900580764,"GAACT",0.513513514,NA,NA,NA,NA,NA,NA,NA,NA,NA,0,0,0,NA,NA,NA
"651","ENST00000308604.5","ENSG00000172965.17","OTTHUMG00000150313.58","OTTHUMT00000332130.1","MIR4435-2HG-201","MIR4435-2HG",552,"lncRNA",418,22,0.942781746,"GGACT",0.545454545,NA,NA,NA,NA,NA,NA,NA,NA,NA,0,0,0,NA,NA,NA
"652","ENST00000308683.3","ENSG00000173545.5","OTTHUMG00000090567.2","OTTHUMT00000207105.2","ZNF622-201","ZNF622",1707,"protein_coding",892,23,0.930516362,"GGACT",0.608695652,NA,NA,NA,NA,NA,NA,NA,NA,NA,0,0,0,NA,NA,NA
"653","ENST00000308946.3","ENSG00000172927.9","OTTHUMG00000167836.5","OTTHUMT00000396548.1","MYEOV-201","MYEOV",2287,"protein_coding",1076,24,0.918264985,"GGACT",0.75,NA,NA,NA,NA,NA,NA,NA,NA,NA,0,0,0,NA,NA,NA
"654","ENST00000308946.3","ENSG00000172927.9","OTTHUMG00000167836.5","OTTHUMT00000396548.1","MYEOV-201","MYEOV",2287,"protein_coding",1233,27,0.904902756,"TGACT",0.518518519,NA,NA,NA,NA,NA,NA,NA,NA,NA,0,0,0,NA,NA,NA
"655","ENST00000309244.9","ENSG00000105379.10","OTTHUMG00000182903.4","OTTHUMT00000464273.2","ETFB-201","ETFB",872,"protein_coding",858,84,0.906859517,"TGACT",0.678571429,NA,NA,NA,NA,NA,NA,NA,NA,NA,0,0,0,NA,NA,NA
"656","ENST00000309268.11","ENSG00000156508.19","OTTHUMG00000015031.7","OTTHUMT00000128718.2","EEF1A1-201","EEF1A1",3512,"protein_coding",1511,2920,0.920891762,"GAACT",0.616780822,NA,NA,NA,NA,NA,NA,NA,NA,NA,0,0,0,NA,NA,NA
"657","ENST00000309268.11","ENSG00000156508.19","OTTHUMG00000015031.7","OTTHUMT00000128718.2","EEF1A1-201","EEF1A1",3512,"protein_coding",1552,2741,0.945044041,"AGACT",0.584823057,NA,NA,NA,NA,NA,NA,NA,NA,NA,0,0,0,NA,NA,NA
"658","ENST00000309311.7","ENSG00000167658.16","OTTHUMG00000181790.3","OTTHUMT00000457615.3","EEF2-201","EEF2",3158,"protein_coding",2885,2023,0.929952085,"GGACT",0.630252101,83,498,2577,1,83,84,2659,2660,3157,0,0,1,NA,NA,0.451807228915663
"659","ENST00000309324.9","ENSG00000174917.9","OTTHUMG00000180503.2","OTTHUMT00000451656.1","MICOS13-201","MICOS13",516,"protein_coding",504,284,0.930510521,"GGACT",0.661971831,NA,NA,NA,NA,NA,NA,NA,NA,NA,0,0,0,NA,NA,NA
"660","ENST00000309340.11","ENSG00000099875.16","OTTHUMG00000180020.6","OTTHUMT00000449313.2","MKNK2-202","MKNK2",1744,"protein_coding",1642,51,0.909052193,"GAACT",0.725490196,NA,NA,NA,NA,NA,NA,NA,NA,NA,0,0,0,NA,NA,NA
"661","ENST00000309428.10","ENSG00000141699.11","OTTHUMG00000180275.3","OTTHUMT00000450536.2","RETREG3-201","RETREG3",3749,"protein_coding",3700,20,0.928155661,"GAACT",0.6,NA,NA,NA,NA,NA,NA,NA,NA,NA,0,0,0,NA,NA,NA
"662","ENST00000309594.5","ENSG00000173141.5","OTTHUMG00000016532.3","OTTHUMT00000044105.3","MRPL57-201","MRPL57",2233,"protein_coding",437,236,0.90088582,"GAACT",0.584745763,NA,NA,NA,NA,NA,NA,NA,NA,NA,0,0,0,NA,NA,NA
"663","ENST00000309594.5","ENSG00000173141.5","OTTHUMG00000016532.3","OTTHUMT00000044105.3","MRPL57-201","MRPL57",2233,"protein_coding",445,223,0.908128619,"AAACT",0.470852018,NA,NA,NA,NA,NA,NA,NA,NA,NA,0,0,0,NA,NA,NA
"664","ENST00000309657.8","ENSG00000173653.8","OTTHUMG00000167098.2","OTTHUMT00000393105.2","RCE1-201","RCE1",1462,"protein_coding",1275,76,0.959373116,"GGACT",0.736842105,15,457,990,1,15,16,1004,1005,1461,0,0,1,NA,NA,0.590809628008753
"665","ENST00000309922.7","ENSG00000174173.7","OTTHUMG00000159114.5","OTTHUMT00000353400.3","TRMT10C-201","TRMT10C",1813,"protein_coding",753,24,0.999175191,"GGACA",0.958333333,NA,NA,NA,NA,NA,NA,NA,NA,NA,0,0,0,NA,NA,NA
"666","ENST00000309922.7","ENSG00000174173.7","OTTHUMG00000159114.5","OTTHUMT00000353400.3","TRMT10C-201","TRMT10C",1813,"protein_coding",947,53,0.935870945,"GGACA",0.490566038,NA,NA,NA,NA,NA,NA,NA,NA,NA,0,0,0,NA,NA,NA
"667","ENST00000309922.7","ENSG00000174173.7","OTTHUMG00000159114.5","OTTHUMT00000353400.3","TRMT10C-201","TRMT10C",1813,"protein_coding",1001,60,0.984261394,"GGACA",0.683333333,NA,NA,NA,NA,NA,NA,NA,NA,NA,0,0,0,NA,NA,NA
"668","ENST00000309922.7","ENSG00000174173.7","OTTHUMG00000159114.5","OTTHUMT00000353400.3","TRMT10C-201","TRMT10C",1813,"protein_coding",1518,132,0.917219102,"TGACT",0.568181818,NA,NA,NA,NA,NA,NA,NA,NA,NA,0,0,0,NA,NA,NA
"669","ENST00000310032.12","ENSG00000048140.18","OTTHUMG00000163230.3","OTTHUMT00000372208.1","TSPAN17-202","TSPAN17",2550,"protein_coding",1470,46,0.950774312,"GGACC",0.52173913,NA,NA,NA,NA,NA,NA,NA,NA,NA,0,0,0,NA,NA,NA
"670","ENST00000310032.12","ENSG00000048140.18","OTTHUMG00000163230.3","OTTHUMT00000372208.1","TSPAN17-202","TSPAN17",2550,"protein_coding",1540,53,0.989079237,"GGACT",0.924528302,NA,NA,NA,NA,NA,NA,NA,NA,NA,0,0,0,NA,NA,NA
"671","ENST00000310032.12","ENSG00000048140.18","OTTHUMG00000163230.3","OTTHUMT00000372208.1","TSPAN17-202","TSPAN17",2550,"protein_coding",1632,55,0.988210201,"GGACT",0.981818182,NA,NA,NA,NA,NA,NA,NA,NA,NA,0,0,0,NA,NA,NA
"672","ENST00000310137.5","ENSG00000239306.5","OTTHUMG00000140380.5","OTTHUMT00000277128.1","RBM14-201","RBM14",5367,"protein_coding",2603,69,0.934929192,"GGACA",0.608695652,NA,NA,NA,NA,NA,NA,NA,NA,NA,0,0,0,NA,NA,NA
"673","ENST00000311086.9","ENSG00000145919.11","OTTHUMG00000130540.5","OTTHUMT00000252963.2","BOD1-202","BOD1",1921,"protein_coding",1096,142,0.959831655,"GGACT",0.85915493,214,1149,558,1,214,215,771,772,1920,0,0,1,NA,NA,0.281984334203655
"674","ENST00000311506.10","ENSG00000087995.16","OTTHUMG00000164527.3","OTTHUMT00000445130.1","METTL2A-201","METTL2A",5799,"protein_coding",346,29,0.987563968,"GGACT",0.827586207,NA,NA,NA,NA,NA,NA,NA,NA,NA,0,0,0,NA,NA,NA
"675","ENST00000311506.10","ENSG00000087995.16","OTTHUMG00000164527.3","OTTHUMT00000445130.1","METTL2A-201","METTL2A",5799,"protein_coding",401,27,0.916944802,"GGACC",0.518518519,NA,NA,NA,NA,NA,NA,NA,NA,NA,0,0,0,NA,NA,NA
"676","ENST00000311521.8","ENSG00000155368.18","OTTHUMG00000131403.4","OTTHUMT00000330591.1","DBI-201","DBI",714,"protein_coding",654,679,0.904525101,"TGACT",0.575846834,NA,NA,NA,NA,NA,NA,NA,NA,NA,0,0,0,NA,NA,NA
"677","ENST00000311528.10","ENSG00000167526.14","OTTHUMG00000133770.8","OTTHUMT00000258293.3","RPL13-201","RPL13",2187,"protein_coding",826,244,0.942269504,"AGACA",0.692622951,NA,NA,NA,NA,NA,NA,NA,NA,NA,0,0,0,NA,NA,NA
"678","ENST00000311534.6","ENSG00000135070.15","OTTHUMG00000020135.3","OTTHUMT00000052915.1","ISCA1-201","ISCA1",813,"protein_coding",458,25,0.938815653,"GGACT",0.6,NA,NA,NA,NA,NA,NA,NA,NA,NA,0,0,0,NA,NA,NA
"679","ENST00000311669.12","ENSG00000159322.18","OTTHUMG00000172777.3","OTTHUMT00000420434.1","ADPGK-201","ADPGK",2557,"protein_coding",2091,22,0.975235164,"GGACA",0.409090909,NA,NA,NA,NA,NA,NA,NA,NA,NA,0,0,0,NA,NA,NA
"680","ENST00000311669.12","ENSG00000159322.18","OTTHUMG00000172777.3","OTTHUMT00000420434.1","ADPGK-201","ADPGK",2557,"protein_coding",2164,29,0.961319804,"GGACT",0.827586207,NA,NA,NA,NA,NA,NA,NA,NA,NA,0,0,0,NA,NA,NA
"681","ENST00000311669.12","ENSG00000159322.18","OTTHUMG00000172777.3","OTTHUMT00000420434.1","ADPGK-201","ADPGK",2557,"protein_coding",2327,27,0.956542492,"AGACT",0.703703704,NA,NA,NA,NA,NA,NA,NA,NA,NA,0,0,0,NA,NA,NA
"682","ENST00000312055.9","ENSG00000175216.15","OTTHUMG00000166599.5","-","CKAP5-201","CKAP5",6532,"protein_coding",6014,45,0.966840923,"AGACT",0.711111111,NA,NA,NA,NA,NA,NA,NA,NA,NA,0,0,0,NA,NA,NA
"683","ENST00000312090.10","ENSG00000175221.16","OTTHUMG00000181841.12","OTTHUMT00000457893.4","MED16-201","MED16",3229,"protein_coding",2792,25,0.976788878,"GGACT",0.92,NA,NA,NA,NA,NA,NA,NA,NA,NA,0,0,0,NA,NA,NA
"684","ENST00000312090.10","ENSG00000175221.16","OTTHUMG00000181841.12","OTTHUMT00000457893.4","MED16-201","MED16",3229,"protein_coding",3090,23,0.994991779,"GGACA",0.782608696,NA,NA,NA,NA,NA,NA,NA,NA,NA,0,0,0,NA,NA,NA
"685","ENST00000312419.8","ENSG00000175482.9","OTTHUMG00000167135.5","OTTHUMT00000393336.2","POLD4-201","POLD4",1694,"protein_coding",794,79,0.961748779,"GGACA",0.708860759,NA,NA,NA,NA,NA,NA,NA,NA,NA,0,0,0,NA,NA,NA
"686","ENST00000312419.8","ENSG00000175482.9","OTTHUMG00000167135.5","OTTHUMT00000393336.2","POLD4-201","POLD4",1694,"protein_coding",853,75,0.974617422,"GGACT",0.72,NA,NA,NA,NA,NA,NA,NA,NA,NA,0,0,0,NA,NA,NA
"687","ENST00000312579.4","ENSG00000175602.4","OTTHUMG00000166722.2","OTTHUMT00000391196.2","CCDC85B-201","CCDC85B",963,"protein_coding",364,284,0.953229964,"GGACT",0.676056338,NA,NA,NA,NA,NA,NA,NA,NA,NA,0,0,0,NA,NA,NA
"688","ENST00000312579.4","ENSG00000175602.4","OTTHUMG00000166722.2","OTTHUMT00000391196.2","CCDC85B-201","CCDC85B",963,"protein_coding",836,554,0.928736329,"GGACT",0.736462094,NA,NA,NA,NA,NA,NA,NA,NA,NA,0,0,0,NA,NA,NA
"689","ENST00000312579.4","ENSG00000175602.4","OTTHUMG00000166722.2","OTTHUMT00000391196.2","CCDC85B-201","CCDC85B",963,"protein_coding",895,540,0.917266488,"GGACT",0.605555556,NA,NA,NA,NA,NA,NA,NA,NA,NA,0,0,0,NA,NA,NA
"690","ENST00000312579.4","ENSG00000175602.4","OTTHUMG00000166722.2","OTTHUMT00000391196.2","CCDC85B-201","CCDC85B",963,"protein_coding",916,515,0.962413251,"GGACT",0.700970874,NA,NA,NA,NA,NA,NA,NA,NA,NA,0,0,0,NA,NA,NA
"691","ENST00000312629.10","ENSG00000175634.15","OTTHUMG00000167673.9","OTTHUMT00000395508.3","RPS6KB2-201","RPS6KB2",1733,"protein_coding",803,95,0.900191545,"GGACT",0.673684211,NA,NA,NA,NA,NA,NA,NA,NA,NA,0,0,0,NA,NA,NA
"692","ENST00000312783.10","ENSG00000087586.18","OTTHUMG00000032796.7","OTTHUMT00000079807.2","AURKA-201","AURKA",2223,"protein_coding",1024,74,0.918095827,"GAACT",0.567567568,NA,NA,NA,NA,NA,NA,NA,NA,NA,0,0,0,NA,NA,NA
"693","ENST00000312783.10","ENSG00000087586.18","OTTHUMG00000032796.7","OTTHUMT00000079807.2","AURKA-201","AURKA",2223,"protein_coding",1539,104,0.943323612,"TGACT",0.711538462,NA,NA,NA,NA,NA,NA,NA,NA,NA,0,0,0,NA,NA,NA
"694","ENST00000313182.7","ENSG00000138614.16","OTTHUMG00000133159.12","OTTHUMT00000420604.3","INTS14-201","INTS14",2304,"protein_coding",2123,56,0.961439908,"GAACT",0.535714286,NA,NA,NA,NA,NA,NA,NA,NA,NA,0,0,0,NA,NA,NA
"695","ENST00000313352.11","ENSG00000179950.15","OTTHUMG00000165155.3","OTTHUMT00000382224.1","PUF60-201","PUF60",1804,"protein_coding",1553,195,0.984682739,"AGACT",0.805128205,NA,NA,NA,NA,NA,NA,NA,NA,NA,0,0,0,NA,NA,NA
"696","ENST00000313352.11","ENSG00000179950.15","OTTHUMG00000165155.3","OTTHUMT00000382224.1","PUF60-201","PUF60",1804,"protein_coding",1680,141,0.957912982,"GGACT",0.773049645,NA,NA,NA,NA,NA,NA,NA,NA,NA,0,0,0,NA,NA,NA
"697","ENST00000313368.8","ENSG00000178913.9","OTTHUMG00000129628.7","OTTHUMT00000251823.5","TAF7-201","TAF7",2295,"protein_coding",469,25,0.980204523,"GGACT",0.76,NA,NA,NA,NA,NA,NA,NA,NA,NA,0,0,0,NA,NA,NA
"698","ENST00000313368.8","ENSG00000178913.9","OTTHUMG00000129628.7","OTTHUMT00000251823.5","TAF7-201","TAF7",2295,"protein_coding",495,24,0.936488628,"GAACT",0.541666667,NA,NA,NA,NA,NA,NA,NA,NA,NA,0,0,0,NA,NA,NA
"699","ENST00000313368.8","ENSG00000178913.9","OTTHUMG00000129628.7","OTTHUMT00000251823.5","TAF7-201","TAF7",2295,"protein_coding",861,39,0.960992932,"GGACA",0.41025641,NA,NA,NA,NA,NA,NA,NA,NA,NA,0,0,0,NA,NA,NA
"700","ENST00000314340.10","ENSG00000177674.16","OTTHUMG00000002230.6","OTTHUMT00000006335.2","AGTRAP-201","AGTRAP",1130,"protein_coding",641,58,0.932303071,"GGACC",0.465517241,NA,NA,NA,NA,NA,NA,NA,NA,NA,0,0,0,NA,NA,NA
"701","ENST00000314340.10","ENSG00000177674.16","OTTHUMG00000002230.6","OTTHUMT00000006335.2","AGTRAP-201","AGTRAP",1130,"protein_coding",883,118,0.951308131,"GGACT",0.576271186,NA,NA,NA,NA,NA,NA,NA,NA,NA,0,0,0,NA,NA,NA
"702","ENST00000314392.13","ENSG00000136908.18","OTTHUMG00000020725.2","OTTHUMT00000054324.1","DPM2-201","DPM2",912,"protein_coding",638,86,0.910676897,"GGACT",0.697674419,NA,NA,NA,NA,NA,NA,NA,NA,NA,0,0,0,NA,NA,NA
"703","ENST00000314852.2","ENSG00000177971.9","OTTHUMG00000142840.3","OTTHUMT00000286476.1","IMP3-201","IMP3",2028,"protein_coding",1428,69,0.954821229,"GGACT",0.565217391,NA,NA,NA,NA,NA,NA,NA,NA,NA,0,0,0,NA,NA,NA
"704","ENST00000314852.2","ENSG00000177971.9","OTTHUMG00000142840.3","OTTHUMT00000286476.1","IMP3-201","IMP3",2028,"protein_coding",1695,123,0.958732784,"GGACT",0.845528455,NA,NA,NA,NA,NA,NA,NA,NA,NA,0,0,0,NA,NA,NA
"705","ENST00000314852.2","ENSG00000177971.9","OTTHUMG00000142840.3","OTTHUMT00000286476.1","IMP3-201","IMP3",2028,"protein_coding",1713,140,0.935282469,"TGACT",0.757142857,NA,NA,NA,NA,NA,NA,NA,NA,NA,0,0,0,NA,NA,NA
"706","ENST00000314852.2","ENSG00000177971.9","OTTHUMG00000142840.3","OTTHUMT00000286476.1","IMP3-201","IMP3",2028,"protein_coding",1852,141,0.96091783,"GGACT",0.758865248,NA,NA,NA,NA,NA,NA,NA,NA,NA,0,0,0,NA,NA,NA
"707","ENST00000314940.7","ENSG00000177733.7","OTTHUMG00000129156.3","OTTHUMT00000251221.3","HNRNPA0-201","HNRNPA0",8713,"protein_coding",400,21,0.989636004,"GGACT",0.904761905,NA,NA,NA,NA,NA,NA,NA,NA,NA,0,0,0,NA,NA,NA
"708","ENST00000314940.7","ENSG00000177733.7","OTTHUMG00000129156.3","OTTHUMT00000251221.3","HNRNPA0-201","HNRNPA0",8713,"protein_coding",1160,66,0.993441045,"GGACC",0.893939394,NA,NA,NA,NA,NA,NA,NA,NA,NA,0,0,0,NA,NA,NA
"709","ENST00000314940.7","ENSG00000177733.7","OTTHUMG00000129156.3","OTTHUMT00000251221.3","HNRNPA0-201","HNRNPA0",8713,"protein_coding",1416,86,0.969019175,"GGACT",0.76744186,NA,NA,NA,NA,NA,NA,NA,NA,NA,0,0,0,NA,NA,NA
"710","ENST00000314940.7","ENSG00000177733.7","OTTHUMG00000129156.3","OTTHUMT00000251221.3","HNRNPA0-201","HNRNPA0",8713,"protein_coding",1459,94,0.969624877,"GGACT",0.893617021,NA,NA,NA,NA,NA,NA,NA,NA,NA,0,0,0,NA,NA,NA
"711","ENST00000314940.7","ENSG00000177733.7","OTTHUMG00000129156.3","OTTHUMT00000251221.3","HNRNPA0-201","HNRNPA0",8713,"protein_coding",1484,89,0.971506119,"GGACC",0.764044944,NA,NA,NA,NA,NA,NA,NA,NA,NA,0,0,0,NA,NA,NA
"712","ENST00000315322.10","ENSG00000128581.17","OTTHUMG00000157136.4","OTTHUMT00000347565.3","IFT22-201","IFT22",4881,"protein_coding",677,69,0.917846382,"GGACT",0.652173913,NA,NA,NA,NA,NA,NA,NA,NA,NA,0,0,0,NA,NA,NA
"713","ENST00000315322.10","ENSG00000128581.17","OTTHUMG00000157136.4","OTTHUMT00000347565.3","IFT22-201","IFT22",4881,"protein_coding",892,70,0.925925553,"GAACT",0.6,NA,NA,NA,NA,NA,NA,NA,NA,NA,0,0,0,NA,NA,NA
"714","ENST00000315323.5","ENSG00000180340.7","OTTHUMG00000181819.2","OTTHUMT00000457806.2","FZD2-201","FZD2",3779,"protein_coding",1433,63,0.932388246,"GGACC",0.507936508,NA,NA,NA,NA,NA,NA,NA,NA,NA,0,0,0,NA,NA,NA
"715","ENST00000315323.5","ENSG00000180340.7","OTTHUMG00000181819.2","OTTHUMT00000457806.2","FZD2-201","FZD2",3779,"protein_coding",1964,81,0.933923542,"AGACT",0.827160494,NA,NA,NA,NA,NA,NA,NA,NA,NA,0,0,0,NA,NA,NA
"716","ENST00000315563.10","ENSG00000052749.14","OTTHUMG00000018855.8","OTTHUMT00000049700.1","RRP12-201","RRP12",4038,"protein_coding",3750,33,0.903274417,"GGACT",0.727272727,NA,NA,NA,NA,NA,NA,NA,NA,NA,0,0,0,NA,NA,NA
"717","ENST00000315579.10","ENSG00000010292.13","OTTHUMG00000168513.3","OTTHUMT00000399964.2","NCAPD2-201","NCAPD2",4825,"protein_coding",4741,288,0.923860729,"GAACT",0.604166667,NA,NA,NA,NA,NA,NA,NA,NA,NA,0,0,0,NA,NA,NA
"718","ENST00000315732.3","ENSG00000181817.6","OTTHUMG00000008140.2","OTTHUMT00000022294.2","LSM10-201","LSM10",860,"protein_coding",347,70,0.965745151,"GGACC",0.685714286,NA,NA,NA,NA,NA,NA,NA,NA,NA,0,0,0,NA,NA,NA
"719","ENST00000316292.13","ENSG00000156508.19","OTTHUMG00000015031.7","OTTHUMT00000041210.2","EEF1A1-202","EEF1A1",4441,"protein_coding",2440,2912,0.922573328,"GAACT",0.613667582,NA,NA,NA,NA,NA,NA,NA,NA,NA,0,0,0,NA,NA,NA
"720","ENST00000316292.13","ENSG00000156508.19","OTTHUMG00000015031.7","OTTHUMT00000041210.2","EEF1A1-202","EEF1A1",4441,"protein_coding",2481,2735,0.939069688,"AGACT",0.578062157,NA,NA,NA,NA,NA,NA,NA,NA,NA,0,0,0,NA,NA,NA
"721","ENST00000316448.10","ENSG00000179218.15","OTTHUMG00000180574.3","OTTHUMT00000451952.2","CALR-201","CALR",1901,"protein_coding",1347,590,0.94516772,"GGACT",0.683050847,NA,NA,NA,NA,NA,NA,NA,NA,NA,0,0,0,NA,NA,NA
"722","ENST00000316562.9","ENSG00000125779.24","OTTHUMG00000031768.7","OTTHUMT00000077793.2","PANK2-201","PANK2",8484,"protein_coding",1976,22,0.942944169,"TGACT",0.5,NA,NA,NA,NA,NA,NA,NA,NA,NA,0,0,0,NA,NA,NA
"723","ENST00000316562.9","ENSG00000125779.24","OTTHUMG00000031768.7","OTTHUMT00000077793.2","PANK2-201","PANK2",8484,"protein_coding",2006,21,0.905446947,"GGACA",0.238095238,NA,NA,NA,NA,NA,NA,NA,NA,NA,0,0,0,NA,NA,NA
"724","ENST00000316586.9","ENSG00000115694.15","OTTHUMG00000133408.17","OTTHUMT00000257265.5","STK25-201","STK25",4515,"protein_coding",1585,47,0.944556952,"GAACT",0.680851064,NA,NA,NA,NA,NA,NA,NA,NA,NA,0,0,0,NA,NA,NA
"725","ENST00000316634.6","ENSG00000174446.13","OTTHUMG00000133195.5","OTTHUMT00000256905.3","SNAPC5-202","SNAPC5",1296,"protein_coding",719,51,0.960879624,"AGACT",0.764705882,NA,NA,NA,NA,NA,NA,NA,NA,NA,0,0,0,NA,NA,NA
"726","ENST00000316731.13","ENSG00000146574.16","OTTHUMG00000152441.3","OTTHUMT00000246858.1","CCZ1B-201","CCZ1B",1814,"protein_coding",1608,347,0.93469274,"GGACT",0.625360231,NA,NA,NA,NA,NA,NA,NA,NA,NA,0,0,0,NA,NA,NA
"727","ENST00000317147.10","ENSG00000125107.19","OTTHUMG00000133487.12","OTTHUMT00000257385.4","CNOT1-201","CNOT1",8411,"protein_coding",7468,124,0.935347557,"TGACT",0.677419355,NA,NA,NA,NA,NA,NA,NA,NA,NA,0,0,0,NA,NA,NA
"728","ENST00000317204.11","ENSG00000078902.16","OTTHUMG00000133333.6","OTTHUMT00000257162.3","TOLLIP-202","TOLLIP",3627,"protein_coding",1079,22,0.94456172,"GGACT",0.954545455,NA,NA,NA,NA,NA,NA,NA,NA,NA,0,0,0,NA,NA,NA
"729","ENST00000317502.11","ENSG00000148824.19","OTTHUMG00000166564.4","OTTHUMT00000051166.2","MTG1-201","MTG1",3424,"protein_coding",447,20,0.912021101,"GAACT",0.7,NA,NA,NA,NA,NA,NA,NA,NA,NA,0,0,0,NA,NA,NA
"730","ENST00000317502.11","ENSG00000148824.19","OTTHUMG00000166564.4","OTTHUMT00000051166.2","MTG1-201","MTG1",3424,"protein_coding",1258,62,0.910449505,"GGACA",0.532258065,NA,NA,NA,NA,NA,NA,NA,NA,NA,0,0,0,NA,NA,NA
"731","ENST00000317635.6","ENSG00000178307.10","OTTHUMG00000178971.3","OTTHUMT00000444150.2","TMEM11-201","TMEM11",958,"protein_coding",434,53,0.964433253,"AAACT",0.773584906,NA,NA,NA,NA,NA,NA,NA,NA,NA,0,0,0,NA,NA,NA
"732","ENST00000317635.6","ENSG00000178307.10","OTTHUMG00000178971.3","OTTHUMT00000444150.2","TMEM11-201","TMEM11",958,"protein_coding",515,64,0.927019596,"AGACT",0.5625,NA,NA,NA,NA,NA,NA,NA,NA,NA,0,0,0,NA,NA,NA
"733","ENST00000317702.10","ENSG00000176014.13","OTTHUMG00000131692.4","OTTHUMT00000254600.3","TUBB6-201","TUBB6",1879,"protein_coding",581,54,0.900168598,"GGACA",0.462962963,NA,NA,NA,NA,NA,NA,NA,NA,NA,0,0,0,NA,NA,NA
"734","ENST00000317702.10","ENSG00000176014.13","OTTHUMG00000131692.4","OTTHUMT00000254600.3","TUBB6-201","TUBB6",1879,"protein_coding",1556,370,0.915436149,"AGACT",0.737837838,NA,NA,NA,NA,NA,NA,NA,NA,NA,0,0,0,NA,NA,NA
"735","ENST00000317702.10","ENSG00000176014.13","OTTHUMG00000131692.4","OTTHUMT00000254600.3","TUBB6-201","TUBB6",1879,"protein_coding",1627,384,0.919706047,"GGACT",0.604166667,NA,NA,NA,NA,NA,NA,NA,NA,NA,0,0,0,NA,NA,NA
"736","ENST00000317702.10","ENSG00000176014.13","OTTHUMG00000131692.4","OTTHUMT00000254600.3","TUBB6-201","TUBB6",1879,"protein_coding",1639,420,0.934733391,"GAACT",0.554761905,NA,NA,NA,NA,NA,NA,NA,NA,NA,0,0,0,NA,NA,NA
"737","ENST00000317702.10","ENSG00000176014.13","OTTHUMG00000131692.4","OTTHUMT00000254600.3","TUBB6-201","TUBB6",1879,"protein_coding",1786,306,0.921059549,"GGACT",0.64379085,NA,NA,NA,NA,NA,NA,NA,NA,NA,0,0,0,NA,NA,NA
"738","ENST00000317734.12","ENSG00000080189.15","OTTHUMG00000033050.5","-","SLC35C2-202","SLC35C2",2175,"protein_coding",1448,53,0.962120354,"GGACT",0.811320755,NA,NA,NA,NA,NA,NA,NA,NA,NA,0,0,0,NA,NA,NA
"739","ENST00000317734.12","ENSG00000080189.15","OTTHUMG00000033050.5","-","SLC35C2-202","SLC35C2",2175,"protein_coding",1644,59,0.931554079,"GGACT",0.661016949,NA,NA,NA,NA,NA,NA,NA,NA,NA,0,0,0,NA,NA,NA
"740","ENST00000317734.12","ENSG00000080189.15","OTTHUMG00000033050.5","-","SLC35C2-202","SLC35C2",2175,"protein_coding",1655,66,0.922711611,"GGACT",0.651515152,NA,NA,NA,NA,NA,NA,NA,NA,NA,0,0,0,NA,NA,NA
"741","ENST00000317897.5","ENSG00000177383.5","OTTHUMG00000156712.2","OTTHUMT00000345417.2","MAGEF1-201","MAGEF1",1701,"protein_coding",1208,84,0.909647942,"GAACT",0.511904762,NA,NA,NA,NA,NA,NA,NA,NA,NA,0,0,0,NA,NA,NA
"742","ENST00000318364.13","ENSG00000055950.17","OTTHUMG00000018920.3","OTTHUMT00000049904.1","MRPL43-203","MRPL43",999,"protein_coding",569,72,0.978598595,"GGACT",0.902777778,NA,NA,NA,NA,NA,NA,NA,NA,NA,0,0,0,NA,NA,NA
"743","ENST00000318407.5","ENSG00000176720.6","OTTHUMG00000133411.5","OTTHUMT00000257268.5","BOK-201","BOK",2626,"protein_coding",1977,20,0.991802633,"GGACT",0.95,NA,NA,NA,NA,NA,NA,NA,NA,NA,0,0,0,NA,NA,NA
"744","ENST00000318424.9","ENSG00000103855.18","OTTHUMG00000137585.9","-","CD276-201","CD276",2738,"protein_coding",2662,22,0.934826672,"GGACT",0.454545455,NA,NA,NA,NA,NA,NA,NA,NA,NA,0,0,0,NA,NA,NA
"745","ENST00000318424.9","ENSG00000103855.18","OTTHUMG00000137585.9","-","CD276-201","CD276",2738,"protein_coding",2682,21,0.920995355,"GGACT",0.523809524,NA,NA,NA,NA,NA,NA,NA,NA,NA,0,0,0,NA,NA,NA
"746","ENST00000318443.10","ENSG00000103855.18","OTTHUMG00000137585.9","OTTHUMT00000268979.2","CD276-202","CD276",3295,"protein_coding",3214,22,0.934165835,"GGACT",0.454545455,NA,NA,NA,NA,NA,NA,NA,NA,NA,0,0,0,NA,NA,NA
"747","ENST00000318443.10","ENSG00000103855.18","OTTHUMG00000137585.9","OTTHUMT00000268979.2","CD276-202","CD276",3295,"protein_coding",3234,21,0.91721493,"GGACT",0.523809524,NA,NA,NA,NA,NA,NA,NA,NA,NA,0,0,0,NA,NA,NA
"748","ENST00000318988.10","ENSG00000175826.12","OTTHUMG00000102180.7","OTTHUMT00000440216.2","CTDNEP1-201","CTDNEP1",1549,"protein_coding",742,59,0.948238254,"TGACT",0.728813559,NA,NA,NA,NA,NA,NA,NA,NA,NA,0,0,0,NA,NA,NA
"749","ENST00000318988.10","ENSG00000175826.12","OTTHUMG00000102180.7","OTTHUMT00000440216.2","CTDNEP1-201","CTDNEP1",1549,"protein_coding",1367,114,0.959920645,"GGACA",0.666666667,NA,NA,NA,NA,NA,NA,NA,NA,NA,0,0,0,NA,NA,NA
"750","ENST00000318988.10","ENSG00000175826.12","OTTHUMG00000102180.7","OTTHUMT00000440216.2","CTDNEP1-201","CTDNEP1",1549,"protein_coding",1492,118,0.906592727,"GGACT",0.542372881,NA,NA,NA,NA,NA,NA,NA,NA,NA,0,0,0,NA,NA,NA
"751","ENST00000319004.6","ENSG00000179409.11","OTTHUMG00000177495.5","OTTHUMT00000437181.2","GEMIN4-201","GEMIN4",3744,"protein_coding",3161,23,0.941978276,"AGACT",0.739130435,NA,NA,NA,NA,NA,NA,NA,NA,NA,0,0,0,NA,NA,NA
"752","ENST00000319004.6","ENSG00000179409.11","OTTHUMG00000177495.5","OTTHUMT00000437181.2","GEMIN4-201","GEMIN4",3744,"protein_coding",3427,43,0.935009778,"GGACT",0.813953488,NA,NA,NA,NA,NA,NA,NA,NA,NA,0,0,0,NA,NA,NA
"753","ENST00000319074.6","ENSG00000179933.6","OTTHUMG00000028717.5","OTTHUMT00000071713.5","C14orf119-201","C14orf119",2914,"protein_coding",534,113,0.982834399,"GGACT",0.831858407,NA,NA,NA,NA,NA,NA,NA,NA,NA,0,0,0,NA,NA,NA
"754","ENST00000319074.6","ENSG00000179933.6","OTTHUMG00000028717.5","OTTHUMT00000071713.5","C14orf119-201","C14orf119",2914,"protein_coding",712,146,0.98359251,"GGACT",0.883561644,NA,NA,NA,NA,NA,NA,NA,NA,NA,0,0,0,NA,NA,NA
"755","ENST00000319074.6","ENSG00000179933.6","OTTHUMG00000028717.5","OTTHUMT00000071713.5","C14orf119-201","C14orf119",2914,"protein_coding",918,153,0.932067871,"GGACA",0.535947712,NA,NA,NA,NA,NA,NA,NA,NA,NA,0,0,0,NA,NA,NA
"756","ENST00000319285.5","ENSG00000179958.10","OTTHUMG00000132416.5","OTTHUMT00000255553.3","DCTPP1-201","DCTPP1",1181,"protein_coding",525,235,0.970027983,"GGACA",0.655319149,NA,NA,NA,NA,NA,NA,NA,NA,NA,0,0,0,NA,NA,NA
"757","ENST00000319296.10","ENSG00000179965.12","OTTHUMG00000176985.4","OTTHUMT00000434612.3","ZNF771-201","ZNF771",2069,"protein_coding",951,29,0.908889771,"GGACT",0.655172414,NA,NA,NA,NA,NA,NA,NA,NA,NA,0,0,0,NA,NA,NA
"758","ENST00000319349.10","ENSG00000175832.13","OTTHUMG00000180884.2","OTTHUMT00000453489.2","ETV4-201","ETV4",2335,"protein_coding",2085,70,0.986101091,"GGACT",0.728571429,NA,NA,NA,NA,NA,NA,NA,NA,NA,0,0,0,NA,NA,NA
"759","ENST00000319357.6","ENSG00000164543.7","OTTHUMG00000022825.6","OTTHUMT00000250902.2","STK17A-201","STK17A",3918,"protein_coding",1272,22,0.975661039,"GGACA",0.772727273,NA,NA,NA,NA,NA,NA,NA,NA,NA,0,0,0,NA,NA,NA
"760","ENST00000319357.6","ENSG00000164543.7","OTTHUMG00000022825.6","OTTHUMT00000250902.2","STK17A-201","STK17A",3918,"protein_coding",1399,54,0.909887552,"GAACT",0.425925926,NA,NA,NA,NA,NA,NA,NA,NA,NA,0,0,0,NA,NA,NA
"761","ENST00000319357.6","ENSG00000164543.7","OTTHUMG00000022825.6","OTTHUMT00000250902.2","STK17A-201","STK17A",3918,"protein_coding",1441,50,0.961415291,"GGACC",0.72,NA,NA,NA,NA,NA,NA,NA,NA,NA,0,0,0,NA,NA,NA
"762","ENST00000319670.14","ENSG00000104880.19","OTTHUMG00000177342.5","OTTHUMT00000436339.2","ARHGEF18-201","ARHGEF18",5396,"protein_coding",4928,21,0.970313966,"TGACT",0.666666667,NA,NA,NA,NA,NA,NA,NA,NA,NA,0,0,0,NA,NA,NA
"763","ENST00000319670.14","ENSG00000104880.19","OTTHUMG00000177342.5","OTTHUMT00000436339.2","ARHGEF18-201","ARHGEF18",5396,"protein_coding",5349,23,0.935705006,"GAACT",0.47826087,NA,NA,NA,NA,NA,NA,NA,NA,NA,0,0,0,NA,NA,NA
"764","ENST00000320031.13","ENSG00000005884.18","OTTHUMG00000161890.7","OTTHUMT00000366298.2","ITGA3-202","ITGA3",4889,"protein_coding",3867,48,0.975696266,"GGACC",0.729166667,NA,NA,NA,NA,NA,NA,NA,NA,NA,0,0,0,NA,NA,NA
"765","ENST00000320031.13","ENSG00000005884.18","OTTHUMG00000161890.7","OTTHUMT00000366298.2","ITGA3-202","ITGA3",4889,"protein_coding",3932,56,0.990306735,"GGACT",0.964285714,NA,NA,NA,NA,NA,NA,NA,NA,NA,0,0,0,NA,NA,NA
"766","ENST00000320031.13","ENSG00000005884.18","OTTHUMG00000161890.7","OTTHUMT00000366298.2","ITGA3-202","ITGA3",4889,"protein_coding",4444,148,0.960099101,"GGACA",0.743243243,NA,NA,NA,NA,NA,NA,NA,NA,NA,0,0,0,NA,NA,NA
"767","ENST00000320095.12","ENSG00000176845.13","OTTHUMG00000177771.3","OTTHUMT00000438902.3","METRNL-201","METRNL",1690,"protein_coding",1138,46,0.991833508,"GGACT",0.891304348,NA,NA,NA,NA,NA,NA,NA,NA,NA,0,0,0,NA,NA,NA
"768","ENST00000320270.4","ENSG00000179041.4","OTTHUMG00000164765.3","OTTHUMT00000380126.3","RRS1-201","RRS1",1720,"protein_coding",750,25,0.969195724,"GGACA",0.52,NA,NA,NA,NA,NA,NA,NA,NA,NA,0,0,0,NA,NA,NA
"769","ENST00000320270.4","ENSG00000179041.4","OTTHUMG00000164765.3","OTTHUMT00000380126.3","RRS1-201","RRS1",1720,"protein_coding",1233,49,0.95393002,"GGACC",0.489795918,NA,NA,NA,NA,NA,NA,NA,NA,NA,0,0,0,NA,NA,NA
"770","ENST00000320270.4","ENSG00000179041.4","OTTHUMG00000164765.3","OTTHUMT00000380126.3","RRS1-201","RRS1",1720,"protein_coding",1252,99,0.967976451,"GGACT",0.707070707,NA,NA,NA,NA,NA,NA,NA,NA,NA,0,0,0,NA,NA,NA
"771","ENST00000320270.4","ENSG00000179041.4","OTTHUMG00000164765.3","OTTHUMT00000380126.3","RRS1-201","RRS1",1720,"protein_coding",1294,110,0.959142685,"GGACT",0.690909091,NA,NA,NA,NA,NA,NA,NA,NA,NA,0,0,0,NA,NA,NA
"772","ENST00000320270.4","ENSG00000179041.4","OTTHUMG00000164765.3","OTTHUMT00000380126.3","RRS1-201","RRS1",1720,"protein_coding",1376,114,0.989347935,"GGACT",0.903508772,NA,NA,NA,NA,NA,NA,NA,NA,NA,0,0,0,NA,NA,NA
"773","ENST00000320270.4","ENSG00000179041.4","OTTHUMG00000164765.3","OTTHUMT00000380126.3","RRS1-201","RRS1",1720,"protein_coding",1409,143,0.934352398,"AGACT",0.713286713,NA,NA,NA,NA,NA,NA,NA,NA,NA,0,0,0,NA,NA,NA
"774","ENST00000320270.4","ENSG00000179041.4","OTTHUMG00000164765.3","OTTHUMT00000380126.3","RRS1-201","RRS1",1720,"protein_coding",1425,150,0.907054543,"GAACT",0.48,NA,NA,NA,NA,NA,NA,NA,NA,NA,0,0,0,NA,NA,NA
"775","ENST00000320316.8","ENSG00000040633.13","OTTHUMG00000177972.6","OTTHUMT00000440047.2","PHF23-201","PHF23",1978,"protein_coding",1411,25,0.986829579,"GAACT",0.56,NA,NA,NA,NA,NA,NA,NA,NA,NA,0,0,0,NA,NA,NA
"776","ENST00000320316.8","ENSG00000040633.13","OTTHUMG00000177972.6","OTTHUMT00000440047.2","PHF23-201","PHF23",1978,"protein_coding",1574,52,0.940038025,"GGACT",0.692307692,NA,NA,NA,NA,NA,NA,NA,NA,NA,0,0,0,NA,NA,NA
"777","ENST00000320362.7","ENSG00000125454.12","OTTHUMG00000179607.4","OTTHUMT00000447284.1","SLC25A19-201","SLC25A19",1651,"protein_coding",1175,26,0.929501772,"GGACA",0.461538462,NA,NA,NA,NA,NA,NA,NA,NA,NA,0,0,0,NA,NA,NA
"778","ENST00000320362.7","ENSG00000125454.12","OTTHUMG00000179607.4","OTTHUMT00000447284.1","SLC25A19-201","SLC25A19",1651,"protein_coding",1632,23,0.985265076,"AGACA",0.739130435,NA,NA,NA,NA,NA,NA,NA,NA,NA,0,0,0,NA,NA,NA
"779","ENST00000320631.8","ENSG00000110047.18","OTTHUMG00000066832.18","OTTHUMT00000143229.4","EHD1-201","EHD1",4453,"protein_coding",1855,26,0.988820314,"AGACT",0.884615385,NA,NA,NA,NA,NA,NA,NA,NA,NA,0,0,0,NA,NA,NA
"780","ENST00000320631.8","ENSG00000110047.18","OTTHUMG00000066832.18","OTTHUMT00000143229.4","EHD1-201","EHD1",4453,"protein_coding",1970,28,0.925657868,"GAACT",0.642857143,NA,NA,NA,NA,NA,NA,NA,NA,NA,0,0,0,NA,NA,NA
"781","ENST00000320631.8","ENSG00000110047.18","OTTHUMG00000066832.18","OTTHUMT00000143229.4","EHD1-201","EHD1",4453,"protein_coding",3353,65,0.923468113,"GAACT",0.615384615,NA,NA,NA,NA,NA,NA,NA,NA,NA,0,0,0,NA,NA,NA
"782","ENST00000320676.11","ENSG00000147274.14","OTTHUMG00000022517.2","OTTHUMT00000058507.1","RBMX-201","RBMX",2012,"protein_coding",1409,118,0.934569418,"GGACT",0.601694915,NA,NA,NA,NA,NA,NA,NA,NA,NA,0,0,0,NA,NA,NA
"783","ENST00000320756.7","ENSG00000111196.10","OTTHUMG00000168407.3","OTTHUMT00000399616.3","MAGOHB-201","MAGOHB",2606,"protein_coding",704,89,0.942429066,"GGACA",0.696629213,NA,NA,NA,NA,NA,NA,NA,NA,NA,0,0,0,NA,NA,NA
"784","ENST00000320848.7","ENSG00000178988.11","OTTHUMG00000125507.4","OTTHUMT00000246834.2","MRFAP1L1-201","MRFAP1L1",1578,"protein_coding",673,29,0.918284416,"GAACT",0.413793103,NA,NA,NA,NA,NA,NA,NA,NA,NA,0,0,0,NA,NA,NA
"785","ENST00000320848.7","ENSG00000178988.11","OTTHUMG00000125507.4","OTTHUMT00000246834.2","MRFAP1L1-201","MRFAP1L1",1578,"protein_coding",1076,61,0.997648716,"AGACT",0.918032787,NA,NA,NA,NA,NA,NA,NA,NA,NA,0,0,0,NA,NA,NA
"786","ENST00000320849.9","ENSG00000131043.13","OTTHUMG00000032380.3","OTTHUMT00000276152.2","AAR2-201","AAR2",2417,"protein_coding",1579,21,0.931206048,"GAACT",0.476190476,74,1188,1155,1,74,75,1228,1229,2416,0,0,1,NA,NA,0.294612794612795
"787","ENST00000320849.9","ENSG00000131043.13","OTTHUMG00000032380.3","OTTHUMT00000276152.2","AAR2-201","AAR2",2417,"protein_coding",2249,65,0.926459134,"AAACT",0.569230769,74,1188,1155,1,74,75,1228,1229,2416,0,0,1,NA,NA,0.858585858585859
"788","ENST00000320849.9","ENSG00000131043.13","OTTHUMG00000032380.3","OTTHUMT00000276152.2","AAR2-201","AAR2",2417,"protein_coding",2413,26,0.979623318,"AGACA",0.384615385,74,1188,1155,1,74,75,1228,1229,2416,0,0,1,NA,NA,0.996632996632997
"789","ENST00000320895.10","ENSG00000049656.14","OTTHUMG00000131015.5","OTTHUMT00000253649.3","CLPTM1L-201","CLPTM1L",2492,"protein_coding",1990,228,0.963789284,"GGACA",0.728070175,NA,NA,NA,NA,NA,NA,NA,NA,NA,0,0,0,NA,NA,NA
"790","ENST00000320895.10","ENSG00000049656.14","OTTHUMG00000131015.5","OTTHUMT00000253649.3","CLPTM1L-201","CLPTM1L",2492,"protein_coding",2277,288,0.97226572,"GGACT",0.840277778,NA,NA,NA,NA,NA,NA,NA,NA,NA,0,0,0,NA,NA,NA
"791","ENST00000320912.8","ENSG00000179010.16","OTTHUMG00000125504.3","OTTHUMT00000246831.1","MRFAP1-201","MRFAP1",2049,"protein_coding",834,49,0.918006122,"GGACA",0.632653061,NA,NA,NA,NA,NA,NA,NA,NA,NA,0,0,0,NA,NA,NA
"792","ENST00000321030.9","ENSG00000105618.14","OTTHUMG00000066040.14","OTTHUMT00000141417.3","PRPF31-201","PRPF31",1833,"protein_coding",1555,56,0.936557651,"TGACT",0.5,NA,NA,NA,NA,NA,NA,NA,NA,NA,0,0,0,NA,NA,NA
"793","ENST00000321256.10","ENSG00000114503.11","OTTHUMG00000155520.5","OTTHUMT00000340470.3","NCBP2-201","NCBP2",2101,"protein_coding",643,67,0.925832212,"GGACA",0.47761194,NA,NA,NA,NA,NA,NA,NA,NA,NA,0,0,0,NA,NA,NA
"794","ENST00000321562.9","ENSG00000141756.20","OTTHUMG00000133497.6","OTTHUMT00000257410.4","FKBP10-201","FKBP10",2585,"protein_coding",1845,71,0.988389254,"GGACT",0.887323944,NA,NA,NA,NA,NA,NA,NA,NA,NA,0,0,0,NA,NA,NA
"795","ENST00000321898.10","ENSG00000123352.18","OTTHUMG00000169419.11","OTTHUMT00000403928.2","SPATS2-201","SPATS2",3158,"protein_coding",1986,27,0.917772055,"GAACT",0.518518519,NA,NA,NA,NA,NA,NA,NA,NA,NA,0,0,0,NA,NA,NA
"796","ENST00000321898.10","ENSG00000123352.18","OTTHUMG00000169419.11","OTTHUMT00000403928.2","SPATS2-201","SPATS2",3158,"protein_coding",2049,27,0.93492043,"GGACT",0.740740741,NA,NA,NA,NA,NA,NA,NA,NA,NA,0,0,0,NA,NA,NA
"797","ENST00000322008.9","ENSG00000177697.19","OTTHUMG00000133311.10","OTTHUMT00000257108.2","CD151-201","CD151",1545,"protein_coding",627,298,0.921660185,"GGACT",0.593959732,NA,NA,NA,NA,NA,NA,NA,NA,NA,0,0,0,NA,NA,NA
"798","ENST00000322028.5","ENSG00000177700.6","OTTHUMG00000133316.2","OTTHUMT00000257114.1","POLR2L-201","POLR2L",876,"protein_coding",688,40,0.921069324,"GGACT",0.55,NA,NA,NA,NA,NA,NA,NA,NA,NA,0,0,0,NA,NA,NA
"799","ENST00000322177.6","ENSG00000178718.7","OTTHUMG00000142822.2","OTTHUMT00000286413.1","RPP25-201","RPP25",2355,"protein_coding",926,31,0.968839586,"GGACC",0.838709677,NA,NA,NA,NA,NA,NA,NA,NA,NA,0,0,0,NA,NA,NA
"800","ENST00000322177.6","ENSG00000178718.7","OTTHUMG00000142822.2","OTTHUMT00000286413.1","RPP25-201","RPP25",2355,"protein_coding",1057,33,0.990807414,"GGACC",0.757575758,NA,NA,NA,NA,NA,NA,NA,NA,NA,0,0,0,NA,NA,NA
"801","ENST00000322177.6","ENSG00000178718.7","OTTHUMG00000142822.2","OTTHUMT00000286413.1","RPP25-201","RPP25",2355,"protein_coding",1081,36,0.996379137,"GGACA",0.916666667,NA,NA,NA,NA,NA,NA,NA,NA,NA,0,0,0,NA,NA,NA
"802","ENST00000322177.6","ENSG00000178718.7","OTTHUMG00000142822.2","OTTHUMT00000286413.1","RPP25-201","RPP25",2355,"protein_coding",1284,54,0.969424725,"GGACA",0.740740741,NA,NA,NA,NA,NA,NA,NA,NA,NA,0,0,0,NA,NA,NA
"803","ENST00000322536.8","ENSG00000178105.12","OTTHUMG00000166540.4","OTTHUMT00000390343.2","DDX10-201","DDX10",3217,"protein_coding",2630,56,0.947084069,"GGACA",0.607142857,NA,NA,NA,NA,NA,NA,NA,NA,NA,0,0,0,NA,NA,NA
"804","ENST00000322611.4","ENSG00000176788.9","OTTHUMG00000131061.8","OTTHUMT00000253716.3","BASP1-201","BASP1",1807,"protein_coding",639,27,0.993064225,"AGACT",0.777777778,NA,NA,NA,NA,NA,NA,NA,NA,NA,0,0,0,NA,NA,NA
"805","ENST00000322611.4","ENSG00000176788.9","OTTHUMG00000131061.8","OTTHUMT00000253716.3","BASP1-201","BASP1",1807,"protein_coding",700,29,0.978745997,"AGACT",0.724137931,NA,NA,NA,NA,NA,NA,NA,NA,NA,0,0,0,NA,NA,NA
"806","ENST00000322611.4","ENSG00000176788.9","OTTHUMG00000131061.8","OTTHUMT00000253716.3","BASP1-201","BASP1",1807,"protein_coding",878,22,0.997484326,"GGACA",0.772727273,NA,NA,NA,NA,NA,NA,NA,NA,NA,0,0,0,NA,NA,NA
"807","ENST00000322723.9","ENSG00000115053.17","OTTHUMG00000153866.4","OTTHUMT00000332731.2","NCL-201","NCL",3924,"protein_coding",2305,75,0.937193215,"GGACT",0.613333333,NA,NA,NA,NA,NA,NA,NA,NA,NA,0,0,0,NA,NA,NA
"808","ENST00000323013.7","ENSG00000189306.11","OTTHUMG00000150891.2","OTTHUMT00000320451.2","RRP7A-201","RRP7A",5419,"protein_coding",1079,198,0.940034151,"GGACT",0.611111111,NA,NA,NA,NA,NA,NA,NA,NA,NA,0,0,0,NA,NA,NA
"809","ENST00000323249.8","ENSG00000131188.12","OTTHUMG00000130861.5","OTTHUMT00000253435.3","PRR7-201","PRR7",1461,"protein_coding",1281,23,0.947474897,"GGACT",0.608695652,NA,NA,NA,NA,NA,NA,NA,NA,NA,0,0,0,NA,NA,NA
"810","ENST00000323249.8","ENSG00000131188.12","OTTHUMG00000130861.5","OTTHUMT00000253435.3","PRR7-201","PRR7",1461,"protein_coding",1329,41,0.944240093,"GGACT",0.609756098,NA,NA,NA,NA,NA,NA,NA,NA,NA,0,0,0,NA,NA,NA
"811","ENST00000323249.8","ENSG00000131188.12","OTTHUMG00000130861.5","OTTHUMT00000253435.3","PRR7-201","PRR7",1461,"protein_coding",1341,22,0.923783183,"TGACT",0.636363636,NA,NA,NA,NA,NA,NA,NA,NA,NA,0,0,0,NA,NA,NA
"812","ENST00000323275.10","ENSG00000127054.22","OTTHUMG00000003330.13","OTTHUMT00000009363.1","INTS11-201","INTS11",2450,"retained_intron",2261,21,0.951354384,"GGACT",0.619047619,NA,NA,NA,NA,NA,NA,NA,NA,NA,0,0,0,NA,NA,NA
"813","ENST00000323646.9","ENSG00000176485.14","OTTHUMG00000167852.3","OTTHUMT00000396632.1","PLAAT3-201","PLAAT3",2594,"protein_coding",853,303,0.936130643,"AGACT",0.594059406,NA,NA,NA,NA,NA,NA,NA,NA,NA,0,0,0,NA,NA,NA
"814","ENST00000323666.10","ENSG00000111142.14","OTTHUMG00000170280.3","OTTHUMT00000408296.2","METAP2-202","METAP2",3400,"protein_coding",1564,141,0.933517814,"GGACC",0.496453901,NA,NA,NA,NA,NA,NA,NA,NA,NA,0,0,0,NA,NA,NA
"815","ENST00000323670.14","ENSG00000131943.20","OTTHUMG00000149838.6","OTTHUMT00000313507.3","C19orf12-201","C19orf12",4348,"protein_coding",1159,24,0.912540019,"GGACT",0.666666667,NA,NA,NA,NA,NA,NA,NA,NA,NA,0,0,0,NA,NA,NA
"816","ENST00000323699.9","ENSG00000143753.14","OTTHUMG00000037496.5","OTTHUMT00000091285.3","DEGS1-201","DEGS1",2032,"protein_coding",284,31,0.961761773,"AGACT",0.838709677,NA,NA,NA,NA,NA,NA,NA,NA,NA,0,0,0,NA,NA,NA
"817","ENST00000323699.9","ENSG00000143753.14","OTTHUMG00000037496.5","OTTHUMT00000091285.3","DEGS1-201","DEGS1",2032,"protein_coding",290,22,0.985435605,"GGACT",0.909090909,NA,NA,NA,NA,NA,NA,NA,NA,NA,0,0,0,NA,NA,NA
"818","ENST00000323699.9","ENSG00000143753.14","OTTHUMG00000037496.5","OTTHUMT00000091285.3","DEGS1-201","DEGS1",2032,"protein_coding",349,31,0.900418103,"TGACT",0.677419355,NA,NA,NA,NA,NA,NA,NA,NA,NA,0,0,0,NA,NA,NA
"819","ENST00000323981.6","ENSG00000166012.17","OTTHUMG00000167451.6","OTTHUMT00000394649.2","TAF1D-201","TAF1D",2540,"nonsense_mediated_decay",399,24,0.949935555,"TGACT",0.625,NA,NA,NA,NA,NA,NA,NA,NA,NA,0,0,0,NA,NA,NA
"820","ENST00000324262.9","ENSG00000133313.15","OTTHUMG00000132853.6","OTTHUMT00000256327.3","CNDP2-201","CNDP2",4975,"protein_coding",2241,65,0.952154636,"GGACA",0.738461538,NA,NA,NA,NA,NA,NA,NA,NA,NA,0,0,0,NA,NA,NA
"821","ENST00000324301.12","ENSG00000133313.15","OTTHUMG00000132853.6","OTTHUMT00000444337.2","CNDP2-202","CNDP2",2349,"protein_coding",1941,64,0.956409872,"GGACA",0.75,NA,NA,NA,NA,NA,NA,NA,NA,NA,0,0,0,NA,NA,NA
"822","ENST00000324340.13","ENSG00000123136.15","OTTHUMG00000182181.5","OTTHUMT00000459900.1","DDX39A-202","DDX39A",1355,"nonsense_mediated_decay",245,128,0.962091029,"GGACT",0.671875,NA,NA,NA,NA,NA,NA,NA,NA,NA,0,0,0,NA,NA,NA
"823","ENST00000324460.7","ENSG00000044574.9","OTTHUMG00000020672.2","OTTHUMT00000054062.2","HSPA5-201","HSPA5",3921,"protein_coding",2220,406,0.98687011,"GGACT",0.886699507,NA,NA,NA,NA,NA,NA,NA,NA,NA,0,0,0,NA,NA,NA
"824","ENST00000324460.7","ENSG00000044574.9","OTTHUMG00000020672.2","OTTHUMT00000054062.2","HSPA5-201","HSPA5",3921,"protein_coding",2228,493,0.945046008,"GAACT",0.507099391,NA,NA,NA,NA,NA,NA,NA,NA,NA,0,0,0,NA,NA,NA
"825","ENST00000324460.7","ENSG00000044574.9","OTTHUMG00000020672.2","OTTHUMT00000054062.2","HSPA5-201","HSPA5",3921,"protein_coding",2254,489,0.96578294,"GAACT",0.586912065,NA,NA,NA,NA,NA,NA,NA,NA,NA,0,0,0,NA,NA,NA
"826","ENST00000324589.9","ENSG00000158089.15","OTTHUMG00000074077.4","OTTHUMT00000157266.1","GALNT14-201","GALNT14",2169,"protein_coding",1840,54,0.916418433,"GGACT",0.685185185,NA,NA,NA,NA,NA,NA,NA,NA,NA,0,0,0,NA,NA,NA
"827","ENST00000324593.10","ENSG00000119725.21","OTTHUMG00000171257.5","OTTHUMT00000412585.1","ZNF410-201","ZNF410",2293,"protein_coding",1768,23,0.949621797,"TGACT",0.652173913,NA,NA,NA,NA,NA,NA,NA,NA,NA,0,0,0,NA,NA,NA
"828","ENST00000324593.10","ENSG00000119725.21","OTTHUMG00000171257.5","OTTHUMT00000412585.1","ZNF410-201","ZNF410",2293,"protein_coding",1870,45,0.978401661,"TGACT",0.777777778,NA,NA,NA,NA,NA,NA,NA,NA,NA,0,0,0,NA,NA,NA
"829","ENST00000324684.8","ENSG00000161542.17","OTTHUMG00000155969.5","OTTHUMT00000342481.1","PRPSAP1-201","PRPSAP1",1678,"protein_coding",1159,21,0.927290797,"GGACT",0.761904762,NA,NA,NA,NA,NA,NA,NA,NA,NA,0,0,0,NA,NA,NA
"830","ENST00000324868.13","ENSG00000139131.13","OTTHUMG00000169454.3","OTTHUMT00000404153.2","YARS2-201","YARS2",2117,"protein_coding",1396,122,0.901277959,"GGACT",0.647540984,NA,NA,NA,NA,NA,NA,NA,NA,NA,0,0,0,NA,NA,NA
"831","ENST00000324871.12","ENSG00000037897.17","OTTHUMG00000150143.6","OTTHUMT00000316528.4","METTL1-202","METTL1",1378,"protein_coding",300,20,0.954586208,"GAACT",0.7,NA,NA,NA,NA,NA,NA,NA,NA,NA,0,0,0,NA,NA,NA
"832","ENST00000324871.12","ENSG00000037897.17","OTTHUMG00000150143.6","OTTHUMT00000316528.4","METTL1-202","METTL1",1378,"protein_coding",852,56,0.957060456,"TGACT",0.607142857,NA,NA,NA,NA,NA,NA,NA,NA,NA,0,0,0,NA,NA,NA
"833","ENST00000324871.12","ENSG00000037897.17","OTTHUMG00000150143.6","OTTHUMT00000316528.4","METTL1-202","METTL1",1378,"protein_coding",932,59,0.951212168,"AGACT",0.559322034,NA,NA,NA,NA,NA,NA,NA,NA,NA,0,0,0,NA,NA,NA
"834","ENST00000325110.11","ENSG00000112972.15","OTTHUMG00000162231.3","OTTHUMT00000368022.2","HMGCS1-201","HMGCS1",5350,"protein_coding",336,24,0.999453306,"TGACT",1,NA,NA,NA,NA,NA,NA,NA,NA,NA,0,0,0,NA,NA,NA
"835","ENST00000325167.9","ENSG00000176108.9","OTTHUMG00000177645.3","OTTHUMT00000438215.1","CHMP6-201","CHMP6",1664,"protein_coding",1355,72,0.9427104,"GGACC",0.597222222,NA,NA,NA,NA,NA,NA,NA,NA,NA,0,0,0,NA,NA,NA
"836","ENST00000325167.9","ENSG00000176108.9","OTTHUMG00000177645.3","OTTHUMT00000438215.1","CHMP6-201","CHMP6",1664,"protein_coding",1496,67,0.966314375,"GGACT",0.776119403,NA,NA,NA,NA,NA,NA,NA,NA,NA,0,0,0,NA,NA,NA
"837","ENST00000325167.9","ENSG00000176108.9","OTTHUMG00000177645.3","OTTHUMT00000438215.1","CHMP6-201","CHMP6",1664,"protein_coding",1597,85,0.967801571,"GGACA",0.6,NA,NA,NA,NA,NA,NA,NA,NA,NA,0,0,0,NA,NA,NA
"838","ENST00000325207.9","ENSG00000177963.15","OTTHUMG00000119069.7","OTTHUMT00000239282.1","RIC8A-201","RIC8A",2702,"protein_coding",1969,30,0.977069557,"GGACT",0.733333333,NA,NA,NA,NA,NA,NA,NA,NA,NA,0,0,0,NA,NA,NA
"839","ENST00000325207.9","ENSG00000177963.15","OTTHUMG00000119069.7","OTTHUMT00000239282.1","RIC8A-201","RIC8A",2702,"protein_coding",1988,46,0.946456552,"AGACT",0.673913043,NA,NA,NA,NA,NA,NA,NA,NA,NA,0,0,0,NA,NA,NA
"840","ENST00000325207.9","ENSG00000177963.15","OTTHUMG00000119069.7","OTTHUMT00000239282.1","RIC8A-201","RIC8A",2702,"protein_coding",2125,55,0.951130033,"GGACT",0.709090909,NA,NA,NA,NA,NA,NA,NA,NA,NA,0,0,0,NA,NA,NA
"841","ENST00000325207.9","ENSG00000177963.15","OTTHUMG00000119069.7","OTTHUMT00000239282.1","RIC8A-201","RIC8A",2702,"protein_coding",2150,63,0.969535887,"GAACT",0.634920635,NA,NA,NA,NA,NA,NA,NA,NA,NA,0,0,0,NA,NA,NA
"842","ENST00000325222.9","ENSG00000055130.18","OTTHUMG00000152776.7","OTTHUMT00000467785.2","CUL1-201","CUL1",3147,"protein_coding",2637,52,0.924031556,"TGACT",0.5,NA,NA,NA,NA,NA,NA,NA,NA,NA,0,0,0,NA,NA,NA
"843","ENST00000325222.9","ENSG00000055130.18","OTTHUMG00000152776.7","OTTHUMT00000467785.2","CUL1-201","CUL1",3147,"protein_coding",2818,50,0.959234774,"GGACA",0.62,NA,NA,NA,NA,NA,NA,NA,NA,NA,0,0,0,NA,NA,NA
"844","ENST00000325327.4","ENSG00000176619.13","OTTHUMG00000150626.7","OTTHUMT00000319205.4","LMNB2-201","LMNB2",4634,"protein_coding",4500,95,0.961356938,"GGACT",0.778947368,26,2745,1863,1,26,27,1888,1889,4633,0,0,1,NA,NA,0.951183970856102
"845","ENST00000325495.9","ENSG00000099783.13","OTTHUMG00000182383.7","OTTHUMT00000460894.2","HNRNPM-201","HNRNPM",2477,"protein_coding",1348,88,0.934984624,"GGACC",0.659090909,NA,NA,NA,NA,NA,NA,NA,NA,NA,0,0,0,NA,NA,NA
"846","ENST00000325974.9","ENSG00000122674.12","OTTHUMG00000155502.2","OTTHUMT00000340391.2","CCZ1-201","CCZ1",2379,"protein_coding",1597,336,0.933868527,"GGACT",0.62797619,NA,NA,NA,NA,NA,NA,NA,NA,NA,0,0,0,NA,NA,NA
"847","ENST00000326153.10","ENSG00000178605.14","OTTHUMG00000022694.3","OTTHUMT00000058882.2","GTPBP6-201","GTPBP6",1875,"protein_coding",1855,76,0.932826221,"GGACA",0.526315789,NA,NA,NA,NA,NA,NA,NA,NA,NA,0,0,0,NA,NA,NA
"848","ENST00000326195.13","ENSG00000204574.14","OTTHUMG00000031094.8","OTTHUMT00000076137.4","ABCF1-201","ABCF1",3405,"protein_coding",2769,30,0.940669894,"AGACT",0.833333333,NA,NA,NA,NA,NA,NA,NA,NA,NA,0,0,0,NA,NA,NA
"849","ENST00000326195.13","ENSG00000204574.14","OTTHUMG00000031094.8","OTTHUMT00000076137.4","ABCF1-201","ABCF1",3405,"protein_coding",2899,58,0.962088108,"GGACT",0.689655172,NA,NA,NA,NA,NA,NA,NA,NA,NA,0,0,0,NA,NA,NA
"850","ENST00000326195.13","ENSG00000204574.14","OTTHUMG00000031094.8","OTTHUMT00000076137.4","ABCF1-201","ABCF1",3405,"protein_coding",3004,85,0.961460769,"TGACT",0.8,NA,NA,NA,NA,NA,NA,NA,NA,NA,0,0,0,NA,NA,NA
"851","ENST00000326427.11","ENSG00000135916.16","OTTHUMG00000133219.5","OTTHUMT00000256954.3","ITM2C-202","ITM2C",2037,"protein_coding",584,23,0.920106709,"GAACT",0.434782609,NA,NA,NA,NA,NA,NA,NA,NA,NA,0,0,0,NA,NA,NA
"852","ENST00000326631.7","ENSG00000104886.12","OTTHUMG00000180425.5","OTTHUMT00000451255.3","PLEKHJ1-201","PLEKHJ1",1218,"protein_coding",709,63,0.985152245,"GGACT",0.841269841,NA,NA,NA,NA,NA,NA,NA,NA,NA,0,0,0,NA,NA,NA
"853","ENST00000326754.7","ENSG00000179046.9","OTTHUMG00000160225.2","OTTHUMT00000359735.2","TRIML2-201","TRIML2",1305,"protein_coding",1005,25,0.988023758,"GGACT",0.96,NA,NA,NA,NA,NA,NA,NA,NA,NA,0,0,0,NA,NA,NA
"854","ENST00000327134.7","ENSG00000180370.10","OTTHUMG00000155534.2","OTTHUMT00000340548.1","PAK2-201","PAK2",6139,"protein_coding",4031,21,0.929301977,"TGACT",0.666666667,NA,NA,NA,NA,NA,NA,NA,NA,NA,0,0,0,NA,NA,NA
"855","ENST00000327158.5","ENSG00000177370.5","OTTHUMG00000180175.3","OTTHUMT00000450107.3","TIMM22-201","TIMM22",3182,"protein_coding",658,31,0.99509573,"GGACA",0.806451613,NA,NA,NA,NA,NA,NA,NA,NA,NA,0,0,0,NA,NA,NA
"856","ENST00000327158.5","ENSG00000177370.5","OTTHUMG00000180175.3","OTTHUMT00000450107.3","TIMM22-201","TIMM22",3182,"protein_coding",795,51,0.970518053,"GGACT",0.725490196,NA,NA,NA,NA,NA,NA,NA,NA,NA,0,0,0,NA,NA,NA
"857","ENST00000327158.5","ENSG00000177370.5","OTTHUMG00000180175.3","OTTHUMT00000450107.3","TIMM22-201","TIMM22",3182,"protein_coding",1038,55,0.943335891,"GGACT",0.6,NA,NA,NA,NA,NA,NA,NA,NA,NA,0,0,0,NA,NA,NA
"858","ENST00000328273.11","ENSG00000156873.16","OTTHUMG00000132400.7","OTTHUMT00000433327.1","PHKG2-201","PHKG2",1536,"protein_coding",1334,20,0.931516171,"GAACT",0.7,NA,NA,NA,NA,NA,NA,NA,NA,NA,0,0,0,NA,NA,NA
"859","ENST00000328434.8","ENSG00000183978.8","OTTHUMG00000180651.2","OTTHUMT00000452397.2","COA3-201","COA3",780,"protein_coding",492,187,0.939837217,"GGACT",0.689839572,NA,NA,NA,NA,NA,NA,NA,NA,NA,0,0,0,NA,NA,NA
"860","ENST00000328434.8","ENSG00000183978.8","OTTHUMG00000180651.2","OTTHUMT00000452397.2","COA3-201","COA3",780,"protein_coding",558,194,0.940034807,"TGACT",0.520618557,NA,NA,NA,NA,NA,NA,NA,NA,NA,0,0,0,NA,NA,NA
"861","ENST00000328599.4","ENSG00000183665.5","OTTHUMG00000165022.1","OTTHUMT00000381465.1","TRMT12-201","TRMT12",2207,"protein_coding",1472,54,0.982115924,"GGACA",0.814814815,NA,NA,NA,NA,NA,NA,NA,NA,NA,0,0,0,NA,NA,NA
"862","ENST00000328599.4","ENSG00000183665.5","OTTHUMG00000165022.1","OTTHUMT00000381465.1","TRMT12-201","TRMT12",2207,"protein_coding",1789,89,0.974630952,"GAACT",0.662921348,NA,NA,NA,NA,NA,NA,NA,NA,NA,0,0,0,NA,NA,NA
"863","ENST00000328599.4","ENSG00000183665.5","OTTHUMG00000165022.1","OTTHUMT00000381465.1","TRMT12-201","TRMT12",2207,"protein_coding",1895,94,0.904760659,"TGACT",0.553191489,NA,NA,NA,NA,NA,NA,NA,NA,NA,0,0,0,NA,NA,NA
"864","ENST00000328599.4","ENSG00000183665.5","OTTHUMG00000165022.1","OTTHUMT00000381465.1","TRMT12-201","TRMT12",2207,"protein_coding",1978,97,0.972439289,"GGACT",0.783505155,NA,NA,NA,NA,NA,NA,NA,NA,NA,0,0,0,NA,NA,NA
"865","ENST00000328631.10","ENSG00000068745.15","OTTHUMG00000133543.7","OTTHUMT00000257521.3","IP6K2-201","IP6K2",1746,"protein_coding",1231,49,0.980116189,"GGACT",0.775510204,NA,NA,NA,NA,NA,NA,NA,NA,NA,0,0,0,NA,NA,NA
"866","ENST00000328848.6","ENSG00000182117.7","OTTHUMG00000129440.3","OTTHUMT00000251602.3","NOP10-201","NOP10",507,"protein_coding",327,698,0.916546404,"GGACT",0.571633238,NA,NA,NA,NA,NA,NA,NA,NA,NA,0,0,0,NA,NA,NA
"867","ENST00000329143.4","ENSG00000165490.13","OTTHUMG00000166929.3","-","DDIAS-201","DDIAS",3367,"protein_coding",2761,21,0.940073133,"AAACT",0.476190476,NA,NA,NA,NA,NA,NA,NA,NA,NA,0,0,0,NA,NA,NA
"868","ENST00000329143.4","ENSG00000165490.13","OTTHUMG00000166929.3","-","DDIAS-201","DDIAS",3367,"protein_coding",3165,25,0.992299616,"GGACT",0.96,NA,NA,NA,NA,NA,NA,NA,NA,NA,0,0,0,NA,NA,NA
"869","ENST00000329271.8","ENSG00000164284.15","OTTHUMG00000130048.3","OTTHUMT00000252327.2","GRPEL2-201","GRPEL2",4020,"protein_coding",577,24,0.934393167,"GAACT",0.666666667,NA,NA,NA,NA,NA,NA,NA,NA,NA,0,0,0,NA,NA,NA
"870","ENST00000329305.6","ENSG00000198467.16","OTTHUMG00000019878.10","OTTHUMT00000052380.2","TPM2-201","TPM2",1018,"protein_coding",730,316,0.93887198,"GGACA",0.420886076,NA,NA,NA,NA,NA,NA,NA,NA,NA,0,0,0,NA,NA,NA
"871","ENST00000329342.10","ENSG00000197172.11","OTTHUMG00000022642.5","OTTHUMT00000058747.3","MAGEA6-201","MAGEA6",1682,"protein_coding",675,30,0.916489184,"GGACC",0.433333333,NA,NA,NA,NA,NA,NA,NA,NA,NA,0,0,0,NA,NA,NA
"872","ENST00000329548.5","ENSG00000182544.9","OTTHUMG00000170028.4","OTTHUMT00000406896.1","MFSD5-201","MFSD5",1763,"protein_coding",1619,50,0.950344503,"TGACT",0.7,NA,NA,NA,NA,NA,NA,NA,NA,NA,0,0,0,NA,NA,NA
"873","ENST00000329548.5","ENSG00000182544.9","OTTHUMG00000170028.4","OTTHUMT00000406896.1","MFSD5-201","MFSD5",1763,"protein_coding",1631,47,0.956831336,"TGACT",0.808510638,NA,NA,NA,NA,NA,NA,NA,NA,NA,0,0,0,NA,NA,NA
"874","ENST00000329623.11","ENSG00000157617.17","OTTHUMG00000086779.5","OTTHUMT00000195229.2","C2CD2-201","C2CD2",5844,"protein_coding",5687,20,0.920582891,"GAACT",0.6,NA,NA,NA,NA,NA,NA,NA,NA,NA,0,0,0,NA,NA,NA
"875","ENST00000329841.10","ENSG00000184254.17","OTTHUMG00000186439.4","OTTHUMT00000313620.3","ALDH1A3-201","ALDH1A3",3469,"protein_coding",1711,41,0.9162938,"GGACA",0.390243902,NA,NA,NA,NA,NA,NA,NA,NA,NA,0,0,0,NA,NA,NA
"876","ENST00000329886.11","ENSG00000185347.19","OTTHUMG00000170426.4","OTTHUMT00000074608.4","TEDC1-201","TEDC1",1947,"protein_coding",1569,20,0.958550513,"GGACT",0.5,NA,NA,NA,NA,NA,NA,NA,NA,NA,0,0,0,NA,NA,NA
"877","ENST00000330055.7","ENSG00000184160.8","OTTHUMG00000159830.2","OTTHUMT00000357607.2","ADRA2C-201","ADRA2C",2142,"protein_coding",1610,52,0.945645809,"TGACT",0.711538462,NA,NA,NA,NA,NA,NA,NA,NA,NA,0,0,0,NA,NA,NA
"878","ENST00000330263.5","ENSG00000053372.5","OTTHUMG00000002496.4","OTTHUMT00000007075.3","MRTO4-201","MRTO4",2049,"protein_coding",808,89,0.925902128,"GGACT",0.584269663,NA,NA,NA,NA,NA,NA,NA,NA,NA,0,0,0,NA,NA,NA
"879","ENST00000330537.10","ENSG00000185164.15","OTTHUMG00000131366.2","OTTHUMT00000254155.1","NOMO2-201","NOMO2",4352,"protein_coding",4046,125,0.969064116,"GGACC",0.696,NA,NA,NA,NA,NA,NA,NA,NA,NA,0,0,0,NA,NA,NA
"880","ENST00000330636.9","ENSG00000214113.11","OTTHUMG00000014173.6","OTTHUMT00000353461.3","LYRM4-201","LYRM4",1497,"protein_coding",664,124,0.921964943,"GGACT",0.629032258,NA,NA,NA,NA,NA,NA,NA,NA,NA,0,0,0,NA,NA,NA
"881","ENST00000330720.7","ENSG00000105438.9","OTTHUMG00000183215.3","OTTHUMT00000465708.2","KDELR1-201","KDELR1",1550,"protein_coding",754,69,0.972445726,"AGACA",0.826086957,NA,NA,NA,NA,NA,NA,NA,NA,NA,0,0,0,NA,NA,NA
"882","ENST00000330938.8","ENSG00000183255.12","OTTHUMG00000090254.2","OTTHUMT00000206553.2","PTTG1IP-201","PTTG1IP",2600,"protein_coding",772,25,0.992586851,"GGACA",0.56,NA,NA,NA,NA,NA,NA,NA,NA,NA,0,0,0,NA,NA,NA
"883","ENST00000330938.8","ENSG00000183255.12","OTTHUMG00000090254.2","OTTHUMT00000206553.2","PTTG1IP-201","PTTG1IP",2600,"protein_coding",1041,40,0.926989198,"GAACT",0.65,NA,NA,NA,NA,NA,NA,NA,NA,NA,0,0,0,NA,NA,NA
"884","ENST00000330938.8","ENSG00000183255.12","OTTHUMG00000090254.2","OTTHUMT00000206553.2","PTTG1IP-201","PTTG1IP",2600,"protein_coding",1308,83,0.940739572,"GGACA",0.578313253,NA,NA,NA,NA,NA,NA,NA,NA,NA,0,0,0,NA,NA,NA
"885","ENST00000331285.7","ENSG00000185813.11","OTTHUMG00000177956.4","OTTHUMT00000439940.1","PCYT2-201","PCYT2",2147,"protein_coding",1759,20,0.970852673,"GGACT",0.7,NA,NA,NA,NA,NA,NA,NA,NA,NA,0,0,0,NA,NA,NA
"886","ENST00000331285.7","ENSG00000185813.11","OTTHUMG00000177956.4","OTTHUMT00000439940.1","PCYT2-201","PCYT2",2147,"protein_coding",1968,21,0.914418519,"TGACT",0.619047619,NA,NA,NA,NA,NA,NA,NA,NA,NA,0,0,0,NA,NA,NA
"887","ENST00000331334.5","ENSG00000182512.5","OTTHUMG00000171636.2","OTTHUMT00000414550.2","GLRX5-201","GLRX5",1103,"protein_coding",562,115,0.960134387,"AGACT",0.808695652,NA,NA,NA,NA,NA,NA,NA,NA,NA,0,0,0,NA,NA,NA
"888","ENST00000331497.3","ENSG00000182768.9","OTTHUMG00000149807.3","OTTHUMT00000313417.2","NGRN-201","NGRN",2784,"protein_coding_CDS_not_defined",1065,80,0.900006592,"GGACA",0.425,NA,NA,NA,NA,NA,NA,NA,NA,NA,0,0,0,NA,NA,NA
"889","ENST00000331497.3","ENSG00000182768.9","OTTHUMG00000149807.3","OTTHUMT00000313417.2","NGRN-201","NGRN",2784,"protein_coding_CDS_not_defined",1466,178,0.974144399,"GGACT",0.837078652,NA,NA,NA,NA,NA,NA,NA,NA,NA,0,0,0,NA,NA,NA
"890","ENST00000331523.7","ENSG00000156508.19","OTTHUMG00000015031.7","OTTHUMT00000128713.2","EEF1A1-203","EEF1A1",2048,"protein_coding",1812,2905,0.91864574,"GAACT",0.618244406,NA,NA,NA,NA,NA,NA,NA,NA,NA,0,0,0,NA,NA,NA
"891","ENST00000331523.7","ENSG00000156508.19","OTTHUMG00000015031.7","OTTHUMT00000128713.2","EEF1A1-203","EEF1A1",2048,"protein_coding",1853,2730,0.939446032,"AGACT",0.578388278,NA,NA,NA,NA,NA,NA,NA,NA,NA,0,0,0,NA,NA,NA
"892","ENST00000331552.12","ENSG00000184162.15","OTTHUMG00000169225.6","OTTHUMT00000402936.4","NR2C2AP-201","NR2C2AP",1290,"protein_coding",1148,27,0.934972763,"GGACC",0.518518519,NA,NA,NA,NA,NA,NA,NA,NA,NA,0,0,0,NA,NA,NA
"893","ENST00000331808.5","ENSG00000182108.11","OTTHUMG00000129785.5","OTTHUMT00000252009.2","DEXI-201","DEXI",1569,"protein_coding",975,30,0.982601523,"GGACT",0.933333333,NA,NA,NA,NA,NA,NA,NA,NA,NA,0,0,0,NA,NA,NA
"894","ENST00000331808.5","ENSG00000182108.11","OTTHUMG00000129785.5","OTTHUMT00000252009.2","DEXI-201","DEXI",1569,"protein_coding",1193,31,0.927464485,"GGACA",0.483870968,NA,NA,NA,NA,NA,NA,NA,NA,NA,0,0,0,NA,NA,NA
"895","ENST00000331808.5","ENSG00000182108.11","OTTHUMG00000129785.5","OTTHUMT00000252009.2","DEXI-201","DEXI",1569,"protein_coding",1209,20,0.982213259,"GGACA",0.65,NA,NA,NA,NA,NA,NA,NA,NA,NA,0,0,0,NA,NA,NA
"896","ENST00000331890.6","ENSG00000182325.11","OTTHUMG00000165169.2","OTTHUMT00000382413.2","FBXL6-201","FBXL6",1745,"protein_coding",1662,20,0.911826789,"GGACA",0.5,NA,NA,NA,NA,NA,NA,NA,NA,NA,0,0,0,NA,NA,NA
"897","ENST00000332395.7","ENSG00000182810.7","OTTHUMG00000137549.1","OTTHUMT00000268883.1","DDX28-201","DDX28",2317,"protein_coding",1777,49,0.923234224,"GAACT",0.591836735,NA,NA,NA,NA,NA,NA,NA,NA,NA,0,0,0,NA,NA,NA
"898","ENST00000332598.7","ENSG00000184840.12","OTTHUMG00000130859.3","OTTHUMT00000253433.2","TMED9-201","TMED9",2546,"protein_coding",798,269,0.922339916,"GGACT",0.583643123,NA,NA,NA,NA,NA,NA,NA,NA,NA,0,0,0,NA,NA,NA
"899","ENST00000332707.10","ENSG00000184575.12","OTTHUMG00000168794.4","OTTHUMT00000401122.2","XPOT-201","XPOT",6370,"protein_coding",2531,23,0.940985501,"GGACT",0.695652174,NA,NA,NA,NA,NA,NA,NA,NA,NA,0,0,0,NA,NA,NA
"900","ENST00000333055.8","ENSG00000131446.17","OTTHUMG00000130937.6","OTTHUMT00000253534.3","MGAT1-202","MGAT1",8863,"protein_coding",1795,23,0.958833873,"GGACC",0.695652174,NA,NA,NA,NA,NA,NA,NA,NA,NA,0,0,0,NA,NA,NA
"901","ENST00000333213.11","ENSG00000182173.14","OTTHUMG00000179684.3","OTTHUMT00000447618.2","TSEN54-201","TSEN54",1937,"protein_coding",1824,55,0.962408841,"GGACT",0.636363636,NA,NA,NA,NA,NA,NA,NA,NA,NA,0,0,0,NA,NA,NA
"902","ENST00000333256.11","ENSG00000184281.15","OTTHUMG00000009895.8","OTTHUMT00000027369.4","TSSC4-201","TSSC4",1472,"protein_coding",815,25,0.985106587,"TGACT",0.76,NA,NA,NA,NA,NA,NA,NA,NA,NA,0,0,0,NA,NA,NA
"903","ENST00000333483.14","ENSG00000087995.16","OTTHUMG00000164527.3","OTTHUMT00000445131.1","METTL2A-202","METTL2A",1556,"retained_intron",574,27,0.990997314,"GGACT",0.888888889,NA,NA,NA,NA,NA,NA,NA,NA,NA,0,0,0,NA,NA,NA
"904","ENST00000333483.14","ENSG00000087995.16","OTTHUMG00000164527.3","OTTHUMT00000445131.1","METTL2A-202","METTL2A",1556,"retained_intron",629,26,0.923864245,"GGACC",0.538461538,NA,NA,NA,NA,NA,NA,NA,NA,NA,0,0,0,NA,NA,NA
"905","ENST00000333511.9","ENSG00000172270.22","OTTHUMG00000177718.19","OTTHUMT00000438630.6","BSG-201","BSG",1946,"protein_coding",1691,437,0.915814459,"GGACT",0.494279176,NA,NA,NA,NA,NA,NA,NA,NA,NA,0,0,0,NA,NA,NA
"906","ENST00000333628.4","ENSG00000137267.7","OTTHUMG00000014135.2","OTTHUMT00000039662.2","TUBB2A-201","TUBB2A",1616,"protein_coding",1452,94,0.909693003,"GAACT",0.468085106,NA,NA,NA,NA,NA,NA,NA,NA,NA,0,0,0,NA,NA,NA
"907","ENST00000333651.11","ENSG00000064961.19","OTTHUMG00000150437.7","OTTHUMT00000318088.2","HMG20B-202","HMG20B",1585,"protein_coding",1322,53,0.959158361,"GGACA",0.566037736,NA,NA,NA,NA,NA,NA,NA,NA,NA,0,0,0,NA,NA,NA
"908","ENST00000334205.9","ENSG00000162302.13","OTTHUMG00000046094.4","OTTHUMT00000106246.3","RPS6KA4-201","RPS6KA4",3128,"protein_coding",2492,23,0.912765503,"GGACT",0.608695652,NA,NA,NA,NA,NA,NA,NA,NA,NA,0,0,0,NA,NA,NA
"909","ENST00000334205.9","ENSG00000162302.13","OTTHUMG00000046094.4","OTTHUMT00000106246.3","RPS6KA4-201","RPS6KA4",3128,"protein_coding",2815,99,0.937017977,"GGACT",0.696969697,NA,NA,NA,NA,NA,NA,NA,NA,NA,0,0,0,NA,NA,NA
"910","ENST00000334598.12","ENSG00000153391.16","OTTHUMG00000132564.6","OTTHUMT00000255768.1","INO80C-202","INO80C",943,"protein_coding",715,56,0.956880093,"GGACT",0.910714286,NA,NA,NA,NA,NA,NA,NA,NA,NA,0,0,0,NA,NA,NA
"911","ENST00000334805.11","ENSG00000214530.10","OTTHUMG00000192625.1","OTTHUMT00000397254.1","STARD10-201","STARD10",2330,"protein_coding",2298,73,0.909123302,"GGACA",0.410958904,NA,NA,NA,NA,NA,NA,NA,NA,NA,0,0,0,NA,NA,NA
"912","ENST00000335005.10","ENSG00000135916.16","OTTHUMG00000133219.5","OTTHUMT00000332587.1","ITM2C-203","ITM2C",1889,"protein_coding",437,27,0.921357155,"GAACT",0.444444444,NA,NA,NA,NA,NA,NA,NA,NA,NA,0,0,0,NA,NA,NA
"913","ENST00000335255.10","ENSG00000141568.21","OTTHUMG00000140374.7","OTTHUMT00000277099.3","FOXK2-201","FOXK2",5243,"protein_coding",2917,44,0.975360692,"GGACT",0.795454545,NA,NA,NA,NA,NA,NA,NA,NA,NA,0,0,0,NA,NA,NA
"914","ENST00000335494.5","ENSG00000156521.14","OTTHUMG00000018397.2","OTTHUMT00000048484.1","TYSND1-202","TYSND1",3397,"protein_coding",1904,33,0.925928235,"GGACT",0.696969697,NA,NA,NA,NA,NA,NA,NA,NA,NA,0,0,0,NA,NA,NA
"915","ENST00000335765.9","ENSG00000109103.12","OTTHUMG00000132606.7","OTTHUMT00000255842.3","UNC119-202","UNC119",1379,"protein_coding",906,72,0.930193841,"GGACC",0.430555556,NA,NA,NA,NA,NA,NA,NA,NA,NA,0,0,0,NA,NA,NA
"916","ENST00000336066.8","ENSG00000125779.24","OTTHUMG00000031768.7","OTTHUMT00000077788.3","PANK2-202","PANK2",1843,"nonsense_mediated_decay",1367,21,0.922539771,"TGACT",0.476190476,NA,NA,NA,NA,NA,NA,NA,NA,NA,0,0,0,NA,NA,NA
"917","ENST00000336111.9","ENSG00000087263.17","OTTHUMG00000133237.5","OTTHUMT00000434741.2","OGFOD1-201","OGFOD1",2415,"nonsense_mediated_decay",1465,23,0.951563716,"GGACT",0.782608696,NA,NA,NA,NA,NA,NA,NA,NA,NA,0,0,0,NA,NA,NA
"918","ENST00000336111.9","ENSG00000087263.17","OTTHUMG00000133237.5","OTTHUMT00000434741.2","OGFOD1-201","OGFOD1",2415,"nonsense_mediated_decay",1628,25,0.947403193,"GGACT",0.48,NA,NA,NA,NA,NA,NA,NA,NA,NA,0,0,0,NA,NA,NA
"919","ENST00000336156.10","ENSG00000100364.19","OTTHUMG00000151263.4","OTTHUMT00000321975.2","KIAA0930-202","KIAA0930",6338,"protein_coding",2100,24,0.940235376,"GGACA",0.625,NA,NA,NA,NA,NA,NA,NA,NA,NA,0,0,0,NA,NA,NA
"920","ENST00000336283.9","ENSG00000213523.12","OTTHUMG00000163569.4","OTTHUMT00000374260.4","SRA1-201","SRA1",1328,"protein_coding",781,227,0.962261677,"AGACT",0.762114537,NA,NA,NA,NA,NA,NA,NA,NA,NA,0,0,0,NA,NA,NA
"921","ENST00000336308.10","ENSG00000131748.16","OTTHUMG00000133213.13","OTTHUMT00000256933.2","STARD3-201","STARD3",2770,"protein_coding",1625,23,0.90953213,"TGACT",0.52173913,139,1293,1338,1,139,140,1476,1477,2769,0,0,1,NA,NA,0.11446249033256
"922","ENST00000336308.10","ENSG00000131748.16","OTTHUMG00000133213.13","OTTHUMT00000256933.2","STARD3-201","STARD3",2770,"protein_coding",1654,23,0.985278547,"GGACT",0.913043478,139,1293,1338,1,139,140,1476,1477,2769,0,0,1,NA,NA,0.136890951276102
"923","ENST00000336564.5","ENSG00000124444.16","OTTHUMG00000165479.2","OTTHUMT00000384397.1","ZNF576-201","ZNF576",2576,"protein_coding",615,41,0.957663715,"GGACT",0.829268293,164,1899,513,1,164,165,676,677,2575,0,1,0,NA,0.879142300194932,NA
"924","ENST00000336564.5","ENSG00000124444.16","OTTHUMG00000165479.2","OTTHUMT00000384397.1","ZNF576-201","ZNF576",2576,"protein_coding",726,20,0.957870901,"GGACT",0.65,164,1899,513,1,164,165,676,677,2575,0,0,1,NA,NA,0.0258030542390732
"925","ENST00000336687.6","ENSG00000109084.14","OTTHUMG00000132497.6","OTTHUMT00000445680.2","TMEM97-202","TMEM97",2115,"protein_coding",557,20,0.931562841,"AGACT",0.85,NA,NA,NA,NA,NA,NA,NA,NA,NA,0,0,0,NA,NA,NA
"926","ENST00000336708.11","ENSG00000221926.13","OTTHUMG00000059067.8","-","TRIM16-201","TRIM16",2900,"protein_coding",2105,65,0.938173354,"TGACT",0.769230769,NA,NA,NA,NA,NA,NA,NA,NA,NA,0,0,0,NA,NA,NA
"927","ENST00000336708.11","ENSG00000221926.13","OTTHUMG00000059067.8","-","TRIM16-201","TRIM16",2900,"protein_coding",2240,32,0.915400624,"GGACT",0.59375,NA,NA,NA,NA,NA,NA,NA,NA,NA,0,0,0,NA,NA,NA
"928","ENST00000336761.10","ENSG00000071626.17","OTTHUMG00000180058.9","OTTHUMT00000449528.4","DAZAP1-202","DAZAP1",2290,"protein_coding",1675,94,0.922449112,"GGACT",0.787234043,NA,NA,NA,NA,NA,NA,NA,NA,NA,0,0,0,NA,NA,NA
"929","ENST00000336767.6","ENSG00000113460.13","OTTHUMG00000162021.3","OTTHUMT00000366826.3","BRIX1-201","BRIX1",1591,"protein_coding",1070,194,0.938045561,"GGACA",0.680412371,NA,NA,NA,NA,NA,NA,NA,NA,NA,0,0,0,NA,NA,NA
"930","ENST00000337004.8","ENSG00000156471.13","OTTHUMG00000164687.3","OTTHUMT00000379744.1","PTDSS1-201","PTDSS1",2366,"nonsense_mediated_decay",1419,121,0.910700679,"GAACT",0.52892562,NA,NA,NA,NA,NA,NA,NA,NA,NA,0,0,0,NA,NA,NA
"931","ENST00000337004.8","ENSG00000156471.13","OTTHUMG00000164687.3","OTTHUMT00000379744.1","PTDSS1-201","PTDSS1",2366,"nonsense_mediated_decay",1765,144,0.943912208,"GGACT",0.673611111,NA,NA,NA,NA,NA,NA,NA,NA,NA,0,0,0,NA,NA,NA
"932","ENST00000337566.9","ENSG00000100413.17","OTTHUMG00000150971.2","OTTHUMT00000320707.1","POLR3H-201","POLR3H",1330,"protein_coding",1123,36,0.922902763,"TGACT",0.666666667,NA,NA,NA,NA,NA,NA,NA,NA,NA,0,0,0,NA,NA,NA
"933","ENST00000337566.9","ENSG00000100413.17","OTTHUMG00000150971.2","OTTHUMT00000320707.1","POLR3H-201","POLR3H",1330,"protein_coding",1150,23,0.974297225,"GGACT",0.913043478,NA,NA,NA,NA,NA,NA,NA,NA,NA,0,0,0,NA,NA,NA
"934","ENST00000337738.6","ENSG00000119383.21","OTTHUMG00000020774.22","OTTHUMT00000106332.2","PTPA-201","PTPA",2746,"protein_coding",2295,100,0.929149508,"GAACT",0.54,NA,NA,NA,NA,NA,NA,NA,NA,NA,0,0,0,NA,NA,NA
"935","ENST00000337970.7","ENSG00000169813.17","OTTHUMG00000018029.3","OTTHUMT00000047705.2","HNRNPF-201","HNRNPF",2186,"protein_coding",420,21,0.905440211,"TGACT",0.571428571,NA,NA,NA,NA,NA,NA,NA,NA,NA,0,0,0,NA,NA,NA
"936","ENST00000337970.7","ENSG00000169813.17","OTTHUMG00000018029.3","OTTHUMT00000047705.2","HNRNPF-201","HNRNPF",2186,"protein_coding",502,24,0.959381461,"GAACT",0.625,NA,NA,NA,NA,NA,NA,NA,NA,NA,0,0,0,NA,NA,NA
"937","ENST00000337970.7","ENSG00000169813.17","OTTHUMG00000018029.3","OTTHUMT00000047705.2","HNRNPF-201","HNRNPF",2186,"protein_coding",559,21,0.984889925,"GGACA",0.476190476,NA,NA,NA,NA,NA,NA,NA,NA,NA,0,0,0,NA,NA,NA
"938","ENST00000337970.7","ENSG00000169813.17","OTTHUMG00000018029.3","OTTHUMT00000047705.2","HNRNPF-201","HNRNPF",2186,"protein_coding",673,25,0.989076197,"GGACT",0.76,NA,NA,NA,NA,NA,NA,NA,NA,NA,0,0,0,NA,NA,NA
"939","ENST00000337970.7","ENSG00000169813.17","OTTHUMG00000018029.3","OTTHUMT00000047705.2","HNRNPF-201","HNRNPF",2186,"protein_coding",965,28,0.975104868,"GGACT",0.785714286,NA,NA,NA,NA,NA,NA,NA,NA,NA,0,0,0,NA,NA,NA
"940","ENST00000337970.7","ENSG00000169813.17","OTTHUMG00000018029.3","OTTHUMT00000047705.2","HNRNPF-201","HNRNPF",2186,"protein_coding",1396,75,0.936311305,"GAACT",0.626666667,NA,NA,NA,NA,NA,NA,NA,NA,NA,0,0,0,NA,NA,NA
"941","ENST00000338034.9","ENSG00000006744.19","OTTHUMG00000058764.16","OTTHUMT00000129934.6","ELAC2-201","ELAC2",3767,"protein_coding",2748,106,0.981795907,"GGACT",0.783018868,NA,NA,NA,NA,NA,NA,NA,NA,NA,0,0,0,NA,NA,NA
"942","ENST00000338663.12","ENSG00000168003.19","OTTHUMG00000074091.8","OTTHUMT00000396044.1","SLC3A2-201","SLC3A2",1885,"protein_coding",1734,177,0.903557897,"GGACC",0.412429379,NA,NA,NA,NA,NA,NA,NA,NA,NA,0,0,0,NA,NA,NA
"943","ENST00000339083.12","ENSG00000155366.17","OTTHUMG00000011905.6","OTTHUMT00000032903.3","RHOC-202","RHOC",1117,"protein_coding",833,320,0.921854973,"GGACT",0.590625,NA,NA,NA,NA,NA,NA,NA,NA,NA,0,0,0,NA,NA,NA
"944","ENST00000339157.10","ENSG00000100997.20","OTTHUMG00000032121.7","OTTHUMT00000078423.4","ABHD12-201","ABHD12",1960,"protein_coding",1668,62,0.974312723,"GGACT",0.709677419,NA,NA,NA,NA,NA,NA,NA,NA,NA,0,0,0,NA,NA,NA
"945","ENST00000339997.8","ENSG00000133318.14","OTTHUMG00000168056.4","OTTHUMT00000397845.2","RTN3-202","RTN3",4886,"protein_coding",3048,40,0.91061461,"GAACT",0.625,NA,NA,NA,NA,NA,NA,NA,NA,NA,0,0,0,NA,NA,NA
"946","ENST00000339997.8","ENSG00000133318.14","OTTHUMG00000168056.4","OTTHUMT00000397845.2","RTN3-202","RTN3",4886,"protein_coding",3381,85,0.923126698,"GGACT",0.658823529,NA,NA,NA,NA,NA,NA,NA,NA,NA,0,0,0,NA,NA,NA
"947","ENST00000340124.9","ENSG00000166123.14","OTTHUMG00000132541.5","OTTHUMT00000255741.3","GPT2-201","GPT2",3992,"protein_coding",1779,54,0.977419674,"TGACT",0.759259259,NA,NA,NA,NA,NA,NA,NA,NA,NA,0,0,0,NA,NA,NA
"948","ENST00000340513.4","ENSG00000088325.16","OTTHUMG00000032190.3","OTTHUMT00000078570.1","TPX2-202","TPX2",3605,"protein_coding",3033,128,0.989374518,"GGACT",0.859375,NA,NA,NA,NA,NA,NA,NA,NA,NA,0,0,0,NA,NA,NA
"949","ENST00000340573.8","ENSG00000156587.16","OTTHUMG00000167047.3","OTTHUMT00000392655.1","UBE2L6-202","UBE2L6",1573,"protein_coding",931,24,0.976361394,"GGACT",0.75,NA,NA,NA,NA,NA,NA,NA,NA,NA,0,0,0,NA,NA,NA
"950","ENST00000340611.9","ENSG00000106009.16","OTTHUMG00000119091.5","OTTHUMT00000239305.3","BRAT1-201","BRAT1",2779,"protein_coding",1993,51,0.969672143,"GGACT",0.823529412,NA,NA,NA,NA,NA,NA,NA,NA,NA,0,0,0,NA,NA,NA
"951","ENST00000340611.9","ENSG00000106009.16","OTTHUMG00000119091.5","OTTHUMT00000239305.3","BRAT1-201","BRAT1",2779,"protein_coding",2551,154,0.901962817,"GGACC",0.538961039,NA,NA,NA,NA,NA,NA,NA,NA,NA,0,0,0,NA,NA,NA
"952","ENST00000340648.6","ENSG00000160208.13","OTTHUMG00000086872.4","OTTHUMT00000195651.3","RRP1B-201","RRP1B",5078,"protein_coding",4496,20,0.941314816,"GAACT",0.65,NA,NA,NA,NA,NA,NA,NA,NA,NA,0,0,0,NA,NA,NA
"953","ENST00000340857.4","ENSG00000189060.6","OTTHUMG00000150659.1","OTTHUMT00000319453.1","H1-0-201","H1-0",2204,"protein_coding",799,41,0.983572125,"AGACT",0.780487805,NA,NA,NA,NA,NA,NA,NA,NA,NA,0,0,0,NA,NA,NA
"954","ENST00000340857.4","ENSG00000189060.6","OTTHUMG00000150659.1","OTTHUMT00000319453.1","H1-0-201","H1-0",2204,"protein_coding",922,31,0.995210469,"GGACA",0.806451613,NA,NA,NA,NA,NA,NA,NA,NA,NA,0,0,0,NA,NA,NA
"955","ENST00000340857.4","ENSG00000189060.6","OTTHUMG00000150659.1","OTTHUMT00000319453.1","H1-0-201","H1-0",2204,"protein_coding",1088,87,0.961076558,"GGACA",0.551724138,NA,NA,NA,NA,NA,NA,NA,NA,NA,0,0,0,NA,NA,NA
"956","ENST00000341116.7","ENSG00000128309.17","OTTHUMG00000150543.2","OTTHUMT00000318829.1","MPST-201","MPST",1504,"protein_coding",1210,97,0.951774895,"GGACA",0.597938144,NA,NA,NA,NA,NA,NA,NA,NA,NA,0,0,0,NA,NA,NA
"957","ENST00000341249.11","ENSG00000181038.14","OTTHUMG00000180371.3","OTTHUMT00000451002.1","METTL23-201","METTL23",1128,"protein_coding",923,43,0.997170985,"GGACA",0.813953488,NA,NA,NA,NA,NA,NA,NA,NA,NA,0,0,0,NA,NA,NA
"958","ENST00000341249.11","ENSG00000181038.14","OTTHUMG00000180371.3","OTTHUMT00000451002.1","METTL23-201","METTL23",1128,"protein_coding",958,47,0.972316265,"GGACA",0.680851064,NA,NA,NA,NA,NA,NA,NA,NA,NA,0,0,0,NA,NA,NA
"959","ENST00000341307.6","ENSG00000133318.14","OTTHUMG00000168056.4","OTTHUMT00000397844.1","RTN3-203","RTN3",2524,"protein_coding",1028,84,0.905080974,"GGACT",0.642857143,NA,NA,NA,NA,NA,NA,NA,NA,NA,0,0,0,NA,NA,NA
"960","ENST00000341333.10","ENSG00000164081.13","OTTHUMG00000156901.2","OTTHUMT00000346527.1","TEX264-201","TEX264",1320,"protein_coding",1205,192,0.935841203,"GGACT",0.598958333,NA,NA,NA,NA,NA,NA,NA,NA,NA,0,0,0,NA,NA,NA
"961","ENST00000341567.8","ENSG00000106609.16","OTTHUMG00000129553.6","OTTHUMT00000251745.2","TMEM248-201","TMEM248",4229,"protein_coding",1324,153,0.984618127,"AGACA",0.843137255,NA,NA,NA,NA,NA,NA,NA,NA,NA,0,0,0,NA,NA,NA
"962","ENST00000341754.8","ENSG00000113456.20","OTTHUMG00000090783.4","OTTHUMT00000207569.2","RAD1-202","RAD1",2341,"protein_coding",1503,20,0.911046028,"TGACT",0.5,NA,NA,NA,NA,NA,NA,NA,NA,NA,0,0,0,NA,NA,NA
"963","ENST00000342018.12","ENSG00000148308.18","OTTHUMG00000020856.7","OTTHUMT00000054828.2","GTF3C5-201","GTF3C5",1905,"protein_coding",1371,63,0.91114074,"GGACT",0.523809524,NA,NA,NA,NA,NA,NA,NA,NA,NA,0,0,0,NA,NA,NA
"964","ENST00000342018.12","ENSG00000148308.18","OTTHUMG00000020856.7","OTTHUMT00000054828.2","GTF3C5-201","GTF3C5",1905,"protein_coding",1756,82,0.927403092,"TGACT",0.512195122,NA,NA,NA,NA,NA,NA,NA,NA,NA,0,0,0,NA,NA,NA
"965","ENST00000342192.9","ENSG00000185651.16","OTTHUMG00000150823.2","OTTHUMT00000320219.2","UBE2L3-201","UBE2L3",2861,"protein_coding",570,371,0.966207385,"GGACT",0.628032345,NA,NA,NA,NA,NA,NA,NA,NA,NA,0,0,0,NA,NA,NA
"966","ENST00000342192.9","ENSG00000185651.16","OTTHUMG00000150823.2","OTTHUMT00000320219.2","UBE2L3-201","UBE2L3",2861,"protein_coding",1532,32,0.98020649,"GGACT",0.8125,NA,NA,NA,NA,NA,NA,NA,NA,NA,0,0,0,NA,NA,NA
"967","ENST00000342192.9","ENSG00000185651.16","OTTHUMG00000150823.2","OTTHUMT00000320219.2","UBE2L3-201","UBE2L3",2861,"protein_coding",1623,24,0.937764764,"GGACT",0.666666667,NA,NA,NA,NA,NA,NA,NA,NA,NA,0,0,0,NA,NA,NA
"968","ENST00000342192.9","ENSG00000185651.16","OTTHUMG00000150823.2","OTTHUMT00000320219.2","UBE2L3-201","UBE2L3",2861,"protein_coding",1640,27,0.920602679,"GGACT",0.481481481,NA,NA,NA,NA,NA,NA,NA,NA,NA,0,0,0,NA,NA,NA
"969","ENST00000342245.9","ENSG00000166311.10","OTTHUMG00000165453.7","OTTHUMT00000384205.2","SMPD1-201","SMPD1",2410,"protein_coding",2158,25,0.925217509,"GGACC",0.6,NA,NA,NA,NA,NA,NA,NA,NA,NA,0,0,0,NA,NA,NA
"970","ENST00000342480.7","ENSG00000114631.11","OTTHUMG00000159642.2","OTTHUMT00000356638.2","PODXL2-201","PODXL2",2175,"protein_coding",1818,54,0.91420716,"GGACT",0.611111111,NA,NA,NA,NA,NA,NA,NA,NA,NA,0,0,0,NA,NA,NA
"971","ENST00000342480.7","ENSG00000114631.11","OTTHUMG00000159642.2","OTTHUMT00000356638.2","PODXL2-201","PODXL2",2175,"protein_coding",1888,58,0.921325803,"GGACC",0.517241379,NA,NA,NA,NA,NA,NA,NA,NA,NA,0,0,0,NA,NA,NA
"972","ENST00000342480.7","ENSG00000114631.11","OTTHUMG00000159642.2","OTTHUMT00000356638.2","PODXL2-201","PODXL2",2175,"protein_coding",2135,24,0.914445043,"GGACT",0.708333333,NA,NA,NA,NA,NA,NA,NA,NA,NA,0,0,0,NA,NA,NA
"973","ENST00000342556.6","ENSG00000166886.13","OTTHUMG00000171192.2","OTTHUMT00000412224.1","NAB2-202","NAB2",2318,"protein_coding",1896,45,0.993656039,"GGACT",0.866666667,NA,NA,NA,NA,NA,NA,NA,NA,NA,0,0,0,NA,NA,NA
"974","ENST00000342620.9","ENSG00000138835.24","OTTHUMG00000021048.9","-","RGS3-202","RGS3",1714,"protein_coding",1545,20,0.928302288,"GGACT",0.7,NA,NA,NA,NA,NA,NA,NA,NA,NA,0,0,0,NA,NA,NA
"975","ENST00000342784.7","ENSG00000105137.13","OTTHUMG00000183207.4","OTTHUMT00000465666.2","SYDE1-201","SYDE1",3252,"protein_coding",2761,49,0.968898177,"GGACA",0.673469388,NA,NA,NA,NA,NA,NA,NA,NA,NA,0,0,0,NA,NA,NA
"976","ENST00000342784.7","ENSG00000105137.13","OTTHUMG00000183207.4","OTTHUMT00000465666.2","SYDE1-201","SYDE1",3252,"protein_coding",3038,74,0.913325489,"GGACT",0.459459459,NA,NA,NA,NA,NA,NA,NA,NA,NA,0,0,0,NA,NA,NA
"977","ENST00000342981.8","ENSG00000114867.22","OTTHUMG00000156784.21","OTTHUMT00000345727.1","EIF4G1-201","EIF4G1",5667,"protein_coding",5280,129,0.952623844,"GGACT",0.720930233,NA,NA,NA,NA,NA,NA,NA,NA,NA,0,0,0,NA,NA,NA
"978","ENST00000343028.9","ENSG00000064115.11","OTTHUMG00000169243.9","OTTHUMT00000403033.2","TM7SF3-201","TM7SF3",4315,"protein_coding",1813,72,0.961770594,"GGACC",0.638888889,NA,NA,NA,NA,NA,NA,NA,NA,NA,0,0,0,NA,NA,NA
"979","ENST00000343043.7","ENSG00000132676.16","OTTHUMG00000035439.6","OTTHUMT00000086043.1","DAP3-201","DAP3",1649,"protein_coding",1489,231,0.930259645,"GGACT",0.696969697,NA,NA,NA,NA,NA,NA,NA,NA,NA,0,0,0,NA,NA,NA
"980","ENST00000343053.6","ENSG00000188986.9","OTTHUMG00000131778.3","OTTHUMT00000254710.3","NELFB-201","NELFB",2540,"protein_coding",2097,56,0.995669842,"GGACC",0.75,NA,NA,NA,NA,NA,NA,NA,NA,NA,0,0,0,NA,NA,NA
"981","ENST00000343245.7","ENSG00000057663.16","OTTHUMG00000016193.6","OTTHUMT00000043477.1","ATG5-201","ATG5",3092,"protein_coding",1403,20,0.908308446,"GAACT",0.55,NA,NA,NA,NA,NA,NA,NA,NA,NA,0,0,0,NA,NA,NA
"982","ENST00000343380.6","ENSG00000101412.13","OTTHUMG00000032265.3","OTTHUMT00000078731.3","E2F1-201","E2F1",2690,"protein_coding",2134,47,0.933953404,"GAACT",0.680851064,NA,NA,NA,NA,NA,NA,NA,NA,NA,0,0,0,NA,NA,NA
"983","ENST00000343411.8","ENSG00000140943.18","OTTHUMG00000137639.8","OTTHUMT00000269080.3","MBTPS1-201","MBTPS1",4377,"protein_coding",4102,22,0.90139842,"AGACT",0.636363636,NA,NA,NA,NA,NA,NA,NA,NA,NA,0,0,0,NA,NA,NA
"984","ENST00000343597.4","ENSG00000189057.11","OTTHUMG00000167279.5","OTTHUMT00000393974.2","FAM111B-201","FAM111B",3506,"protein_coding",3290,49,0.951766133,"GGACA",0.653061224,NA,NA,NA,NA,NA,NA,NA,NA,NA,0,0,0,NA,NA,NA
"985","ENST00000343597.4","ENSG00000189057.11","OTTHUMG00000167279.5","OTTHUMT00000393974.2","FAM111B-201","FAM111B",3506,"protein_coding",3463,26,0.957991838,"GGACT",0.769230769,NA,NA,NA,NA,NA,NA,NA,NA,NA,0,0,0,NA,NA,NA
"986","ENST00000343638.9","ENSG00000108312.16","OTTHUMG00000167585.6","OTTHUMT00000395204.2","UBTF-202","UBTF",4684,"protein_coding",2925,21,0.939391613,"GAACT",0.714285714,NA,NA,NA,NA,NA,NA,NA,NA,NA,0,0,0,NA,NA,NA
"987","ENST00000343666.6","ENSG00000187713.7","OTTHUMG00000020985.3","OTTHUMT00000055325.3","TMEM203-201","TMEM203",1567,"protein_coding",981,67,0.997326374,"GGACT",0.985074627,NA,NA,NA,NA,NA,NA,NA,NA,NA,0,0,0,NA,NA,NA
"988","ENST00000343666.6","ENSG00000187713.7","OTTHUMG00000020985.3","OTTHUMT00000055325.3","TMEM203-201","TMEM203",1567,"protein_coding",1041,76,0.992677569,"GGACT",0.921052632,NA,NA,NA,NA,NA,NA,NA,NA,NA,0,0,0,NA,NA,NA
"989","ENST00000343666.6","ENSG00000187713.7","OTTHUMG00000020985.3","OTTHUMT00000055325.3","TMEM203-201","TMEM203",1567,"protein_coding",1210,95,0.911015987,"AGACA",0.526315789,NA,NA,NA,NA,NA,NA,NA,NA,NA,0,0,0,NA,NA,NA
"990","ENST00000343666.6","ENSG00000187713.7","OTTHUMG00000020985.3","OTTHUMT00000055325.3","TMEM203-201","TMEM203",1567,"protein_coding",1318,101,0.974454463,"AGACT",0.831683168,NA,NA,NA,NA,NA,NA,NA,NA,NA,0,0,0,NA,NA,NA
"991","ENST00000343666.6","ENSG00000187713.7","OTTHUMG00000020985.3","OTTHUMT00000055325.3","TMEM203-201","TMEM203",1567,"protein_coding",1333,102,0.929151714,"GGACT",0.764705882,NA,NA,NA,NA,NA,NA,NA,NA,NA,0,0,0,NA,NA,NA
"992","ENST00000344256.10","ENSG00000101224.18","OTTHUMG00000031764.3","-","CDC25B-203","CDC25B",3071,"protein_coding",2951,45,0.921876967,"GGACT",0.622222222,NA,NA,NA,NA,NA,NA,NA,NA,NA,0,0,0,NA,NA,NA
"993","ENST00000344347.6","ENSG00000100219.17","OTTHUMG00000151094.3","OTTHUMT00000447486.2","XBP1-202","XBP1",1791,"protein_coding",1057,56,0.982533574,"TGACT",0.928571429,NA,NA,NA,NA,NA,NA,NA,NA,NA,0,0,0,NA,NA,NA
"994","ENST00000344347.6","ENSG00000100219.17","OTTHUMG00000151094.3","OTTHUMT00000447486.2","XBP1-202","XBP1",1791,"protein_coding",1132,59,0.906537354,"GGACA",0.406779661,NA,NA,NA,NA,NA,NA,NA,NA,NA,0,0,0,NA,NA,NA
"995","ENST00000344376.9","ENSG00000168397.17","OTTHUMG00000151514.17","OTTHUMT00000322970.1","ATG4B-201","ATG4B",1566,"nonsense_mediated_decay",1377,64,0.991194844,"GGACT",0.90625,NA,NA,NA,NA,NA,NA,NA,NA,NA,0,0,0,NA,NA,NA
"996","ENST00000344376.9","ENSG00000168397.17","OTTHUMG00000151514.17","OTTHUMT00000322970.1","ATG4B-201","ATG4B",1566,"nonsense_mediated_decay",1420,55,0.91078639,"AGACT",0.618181818,NA,NA,NA,NA,NA,NA,NA,NA,NA,0,0,0,NA,NA,NA
"997","ENST00000344417.10","ENSG00000146576.13","OTTHUMG00000125517.3","OTTHUMT00000246844.3","INTS15-201","INTS15",2178,"protein_coding",2109,54,0.901196063,"GAACT",0.462962963,NA,NA,NA,NA,NA,NA,NA,NA,NA,0,0,0,NA,NA,NA
"998","ENST00000344756.8","ENSG00000186480.13","OTTHUMG00000151330.6","-","INSIG1-203","INSIG1",2623,"protein_coding",712,22,0.953697383,"TGACT",0.590909091,NA,NA,NA,NA,NA,NA,NA,NA,NA,0,0,0,NA,NA,NA
"999","ENST00000344843.12","ENSG00000242485.6","OTTHUMG00000002916.4","OTTHUMT00000008139.2","MRPL20-201","MRPL20",700,"protein_coding",528,419,0.959654629,"GGACT",0.704057279,NA,NA,NA,NA,NA,NA,NA,NA,NA,0,0,0,NA,NA,NA
"1000","ENST00000344951.8","ENSG00000036257.14","OTTHUMG00000133167.6","-","CUL3-202","CUL3",6592,"protein_coding",2527,28,0.966987073,"GGACT",0.892857143,NA,NA,NA,NA,NA,NA,NA,NA,NA,0,0,0,NA,NA,NA
"1001","ENST00000344951.8","ENSG00000036257.14","OTTHUMG00000133167.6","-","CUL3-202","CUL3",6592,"protein_coding",2545,46,0.958638787,"GGACT",0.739130435,NA,NA,NA,NA,NA,NA,NA,NA,NA,0,0,0,NA,NA,NA
"1002","ENST00000345094.7","ENSG00000134077.16","OTTHUMG00000097031.8","OTTHUMT00000214127.1","THUMPD3-201","THUMPD3",3961,"protein_coding",1911,26,0.920997381,"GAACT",0.538461538,NA,NA,NA,NA,NA,NA,NA,NA,NA,0,0,0,NA,NA,NA
"1003","ENST00000345348.9","ENSG00000149809.17","OTTHUMG00000165603.4","OTTHUMT00000385242.1","TM7SF2-202","TM7SF2",1490,"protein_coding",1390,94,0.980021954,"GGACT",0.744680851,NA,NA,NA,NA,NA,NA,NA,NA,NA,0,0,0,NA,NA,NA
"1004","ENST00000345496.7","ENSG00000184787.19","OTTHUMG00000089179.7","OTTHUMT00000202647.4","UBE2G2-202","UBE2G2",3367,"protein_coding",1789,22,0.915421546,"GGACT",0.636363636,NA,NA,NA,NA,NA,NA,NA,NA,NA,0,0,0,NA,NA,NA
"1005","ENST00000345496.7","ENSG00000184787.19","OTTHUMG00000089179.7","OTTHUMT00000202647.4","UBE2G2-202","UBE2G2",3367,"protein_coding",2314,56,0.975000143,"AGACT",0.625,NA,NA,NA,NA,NA,NA,NA,NA,NA,0,0,0,NA,NA,NA
"1006","ENST00000345745.9","ENSG00000171307.19","OTTHUMG00000018847.6","OTTHUMT00000049661.1","ZDHHC16-201","ZDHHC16",1519,"protein_coding",1235,86,0.977996588,"GGACT",0.720930233,NA,NA,NA,NA,NA,NA,NA,NA,NA,0,0,0,NA,NA,NA
"1007","ENST00000345896.8","ENSG00000143418.20","OTTHUMG00000035064.8","OTTHUMT00000084898.2","CERS2-202","CERS2",2170,"protein_coding_CDS_not_defined",1190,112,0.949885607,"TGACT",0.508928571,NA,NA,NA,NA,NA,NA,NA,NA,NA,0,0,0,NA,NA,NA
"1008","ENST00000346162.10","ENSG00000096063.16","OTTHUMG00000014583.7","OTTHUMT00000040321.2","SRPK1-201","SRPK1",4762,"retained_intron",3940,25,0.961088955,"GGACT",0.64,NA,NA,NA,NA,NA,NA,NA,NA,NA,0,0,0,NA,NA,NA
"1009","ENST00000346169.7","ENSG00000114867.22","OTTHUMG00000156784.21","OTTHUMT00000345733.1","EIF4G1-202","EIF4G1",5405,"protein_coding",5023,129,0.949549317,"GGACT",0.705426357,NA,NA,NA,NA,NA,NA,NA,NA,NA,0,0,0,NA,NA,NA
"1010","ENST00000346528.9","ENSG00000100461.18","OTTHUMG00000171467.10","OTTHUMT00000413547.1","RBM23-202","RBM23",2361,"protein_coding",1596,25,0.914673209,"GGACT",0.72,NA,NA,NA,NA,NA,NA,NA,NA,NA,0,0,0,NA,NA,NA
"1011","ENST00000346623.6","ENSG00000184254.17","OTTHUMG00000186439.4","OTTHUMT00000416658.1","ALDH1A3-202","ALDH1A3",3104,"protein_coding",1346,41,0.925113916,"GGACA",0.390243902,33,1853,1218,1,33,34,1250,1251,3103,0,0,1,NA,NA,0.0512682137075013
"1012","ENST00000346916.9","ENSG00000172270.22","OTTHUMG00000177718.19","OTTHUMT00000438629.4","BSG-202","BSG",1605,"protein_coding",1350,422,0.906837285,"GGACT",0.5,NA,NA,NA,NA,NA,NA,NA,NA,NA,0,0,0,NA,NA,NA
"1013","ENST00000347048.8","ENSG00000119383.21","OTTHUMG00000020774.22","OTTHUMT00000313605.1","PTPA-202","PTPA",1989,"protein_coding",1537,92,0.917407215,"GAACT",0.52173913,NA,NA,NA,NA,NA,NA,NA,NA,NA,0,0,0,NA,NA,NA
"1014","ENST00000347343.6","ENSG00000087586.18","OTTHUMG00000032796.7","OTTHUMT00000079804.3","AURKA-202","AURKA",2248,"protein_coding",1049,67,0.924865603,"GAACT",0.597014925,NA,NA,NA,NA,NA,NA,NA,NA,NA,0,0,0,NA,NA,NA
"1015","ENST00000347343.6","ENSG00000087586.18","OTTHUMG00000032796.7","OTTHUMT00000079804.3","AURKA-202","AURKA",2248,"protein_coding",1564,103,0.949264765,"TGACT",0.747572816,NA,NA,NA,NA,NA,NA,NA,NA,NA,0,0,0,NA,NA,NA
"1016","ENST00000347370.6","ENSG00000160087.21","OTTHUMG00000001911.9","-","UBE2J2-201","UBE2J2",2387,"protein_coding",998,20,0.995684743,"GGACT",0.9,NA,NA,NA,NA,NA,NA,NA,NA,NA,0,0,0,NA,NA,NA
"1017","ENST00000347642.7","ENSG00000013561.18","OTTHUMG00000129660.8","-","RNF14-201","RNF14",4213,"protein_coding",895,20,0.923875451,"GGACT",0.9,NA,NA,NA,NA,NA,NA,NA,NA,NA,0,0,0,NA,NA,NA
"1018","ENST00000347642.7","ENSG00000013561.18","OTTHUMG00000129660.8","-","RNF14-201","RNF14",4213,"protein_coding",1033,22,0.989967704,"GGACT",0.727272727,NA,NA,NA,NA,NA,NA,NA,NA,NA,0,0,0,NA,NA,NA
"1019","ENST00000348141.9","ENSG00000119383.21","OTTHUMG00000020774.22","OTTHUMT00000315874.1","PTPA-203","PTPA",2737,"protein_coding",2285,97,0.90488261,"GAACT",0.536082474,NA,NA,NA,NA,NA,NA,NA,NA,NA,0,0,0,NA,NA,NA
"1020","ENST00000348499.9","ENSG00000160221.18","OTTHUMG00000086916.9","OTTHUMT00000269012.1","GATD3-202","GATD3",1506,"protein_coding",1143,58,0.940141678,"GGACC",0.603448276,NA,NA,NA,NA,NA,NA,NA,NA,NA,0,0,0,NA,NA,NA
"1021","ENST00000348943.7","ENSG00000099783.13","OTTHUMG00000182383.7","OTTHUMT00000460893.2","HNRNPM-202","HNRNPM",2568,"protein_coding",1439,95,0.937321901,"GGACC",0.663157895,NA,NA,NA,NA,NA,NA,NA,NA,NA,0,0,0,NA,NA,NA
"1022","ENST00000349038.8","ENSG00000011304.22","OTTHUMG00000181789.13","OTTHUMT00000457605.2","PTBP1-201","PTBP1",3155,"protein_coding",1872,21,0.963236451,"TGACT",0.714285714,NA,NA,NA,NA,NA,NA,NA,NA,NA,0,0,0,NA,NA,NA
"1023","ENST00000349139.6","ENSG00000065183.16","OTTHUMG00000012197.3","OTTHUMT00000033720.3","WDR3-201","WDR3",10004,"protein_coding",2909,63,0.985464454,"GAACT",0.73015873,NA,NA,NA,NA,NA,NA,NA,NA,NA,0,0,0,NA,NA,NA
"1024","ENST00000349139.6","ENSG00000065183.16","OTTHUMG00000012197.3","OTTHUMT00000033720.3","WDR3-201","WDR3",10004,"protein_coding",2955,57,0.965970099,"GGACT",0.736842105,NA,NA,NA,NA,NA,NA,NA,NA,NA,0,0,0,NA,NA,NA
"1025","ENST00000349139.6","ENSG00000065183.16","OTTHUMG00000012197.3","OTTHUMT00000033720.3","WDR3-201","WDR3",10004,"protein_coding",3101,31,0.940485954,"GGACT",0.677419355,NA,NA,NA,NA,NA,NA,NA,NA,NA,0,0,0,NA,NA,NA
"1026","ENST00000349157.10","ENSG00000179950.15","OTTHUMG00000165155.3","OTTHUMT00000382226.1","PUF60-202","PUF60",1821,"protein_coding",1570,204,0.986999214,"AGACT",0.818627451,NA,NA,NA,NA,NA,NA,NA,NA,NA,0,0,0,NA,NA,NA
"1027","ENST00000349157.10","ENSG00000179950.15","OTTHUMG00000165155.3","OTTHUMT00000382226.1","PUF60-202","PUF60",1821,"protein_coding",1697,149,0.964244246,"GGACT",0.77852349,NA,NA,NA,NA,NA,NA,NA,NA,NA,0,0,0,NA,NA,NA
"1028","ENST00000349431.11","ENSG00000160087.21","OTTHUMG00000001911.9","OTTHUMT00000005430.1","UBE2J2-202","UBE2J2",2260,"protein_coding",869,52,0.982877314,"GGACT",0.788461538,NA,NA,NA,NA,NA,NA,NA,NA,NA,0,0,0,NA,NA,NA
"1029","ENST00000349752.10","ENSG00000158089.15","OTTHUMG00000074077.4","OTTHUMT00000157264.2","GALNT14-202","GALNT14",2447,"protein_coding",2118,55,0.918221176,"GGACT",0.690909091,NA,NA,NA,NA,NA,NA,NA,NA,NA,0,0,0,NA,NA,NA
"1030","ENST00000350481.9","ENSG00000114867.22","OTTHUMG00000156784.21","OTTHUMT00000345735.1","EIF4G1-203","EIF4G1",4990,"protein_coding",4579,111,0.903264284,"GGACA",0.54954955,NA,NA,NA,NA,NA,NA,NA,NA,NA,0,0,0,NA,NA,NA
"1031","ENST00000350481.9","ENSG00000114867.22","OTTHUMG00000156784.21","OTTHUMT00000345735.1","EIF4G1-203","EIF4G1",4990,"protein_coding",4608,126,0.956543088,"GGACT",0.746031746,NA,NA,NA,NA,NA,NA,NA,NA,NA,0,0,0,NA,NA,NA
"1032","ENST00000350592.7","ENSG00000143612.21","OTTHUMG00000035981.5","OTTHUMT00000087663.1","C1orf43-201","C1orf43",1610,"protein_coding",889,217,0.975419939,"GGACT",0.760368664,217,733,660,1,217,218,876,877,1609,0,0,1,NA,NA,0.0163710777626194
"1033","ENST00000350669.5","ENSG00000111716.14","OTTHUMG00000133760.5","OTTHUMT00000258219.1","LDHB-201","LDHB",1303,"protein_coding",356,1043,0.965326846,"TGACT",0.760306807,NA,NA,NA,NA,NA,NA,NA,NA,NA,0,0,0,NA,NA,NA
"1034","ENST00000350696.9","ENSG00000138835.24","OTTHUMG00000021048.9","-","RGS3-204","RGS3",4387,"protein_coding",4218,20,0.925507128,"GGACT",0.8,NA,NA,NA,NA,NA,NA,NA,NA,NA,0,0,0,NA,NA,NA
"1035","ENST00000351018.5","ENSG00000177105.10","OTTHUMG00000012287.4","OTTHUMT00000034125.3","RHOG-201","RHOG",1295,"protein_coding",1221,35,0.928651512,"TGACT",0.685714286,NA,NA,NA,NA,NA,NA,NA,NA,NA,0,0,0,NA,NA,NA
"1036","ENST00000351111.7","ENSG00000159111.13","OTTHUMG00000156302.2","OTTHUMT00000343764.2","MRPL10-202","MRPL10",1749,"protein_coding",808,68,0.970062494,"GGACT",0.632352941,NA,NA,NA,NA,NA,NA,NA,NA,NA,0,0,0,NA,NA,NA
"1037","ENST00000351328.8","ENSG00000062485.19","OTTHUMG00000170344.9","OTTHUMT00000408588.3","CS-201","CS",2915,"protein_coding",1513,77,0.905874848,"GGACT",0.571428571,NA,NA,NA,NA,NA,NA,NA,NA,NA,0,0,0,NA,NA,NA
"1038","ENST00000351486.10","ENSG00000113734.18","OTTHUMG00000130521.4","OTTHUMT00000252939.1","BNIP1-202","BNIP1",1168,"protein_coding",923,31,0.961548448,"GGACA",0.612903226,NA,NA,NA,NA,NA,NA,NA,NA,NA,0,0,0,NA,NA,NA
"1039","ENST00000351698.5","ENSG00000136827.12","OTTHUMG00000020794.5","OTTHUMT00000054611.2","TOR1A-201","TOR1A",2080,"protein_coding",1427,20,0.923637569,"AGACT",0.55,NA,NA,NA,NA,NA,NA,NA,NA,NA,0,0,0,NA,NA,NA
"1040","ENST00000351829.9","ENSG00000117448.14","OTTHUMG00000007740.4","OTTHUMT00000020852.1","AKR1A1-201","AKR1A1",1407,"protein_coding",222,22,0.906063735,"GAACT",0.5,NA,NA,NA,NA,NA,NA,NA,NA,NA,0,0,0,NA,NA,NA
"1041","ENST00000352131.7","ENSG00000049541.11","OTTHUMG00000023239.8","OTTHUMT00000252458.2","RFC2-202","RFC2",1576,"protein_coding",1071,24,0.989490986,"TGACT",0.708333333,NA,NA,NA,NA,NA,NA,NA,NA,NA,0,0,0,NA,NA,NA
"1042","ENST00000352203.8","ENSG00000042753.12","OTTHUMG00000183437.2","OTTHUMT00000466639.1","AP2S1-202","AP2S1",793,"protein_coding",352,502,0.942582846,"GAACT",0.623505976,NA,NA,NA,NA,NA,NA,NA,NA,NA,0,0,0,NA,NA,NA
"1043","ENST00000352397.10","ENSG00000100243.22","OTTHUMG00000150745.7","OTTHUMT00000320439.2","CYB5R3-201","CYB5R3",2916,"protein_coding",1724,24,0.962035537,"GAACT",0.625,NA,NA,NA,NA,NA,NA,NA,NA,NA,0,0,0,NA,NA,NA
"1044","ENST00000352523.10","ENSG00000113734.18","OTTHUMG00000130521.4","OTTHUMT00000372665.1","BNIP1-203","BNIP1",1143,"protein_coding",944,22,0.955679834,"GGACA",0.545454545,NA,NA,NA,NA,NA,NA,NA,NA,NA,0,0,0,NA,NA,NA
"1045","ENST00000352634.8","ENSG00000171307.19","OTTHUMG00000018847.6","OTTHUMT00000049659.1","ZDHHC16-202","ZDHHC16",1718,"protein_coding",1438,94,0.978782475,"GGACT",0.79787234,NA,NA,NA,NA,NA,NA,NA,NA,NA,0,0,0,NA,NA,NA
"1046","ENST00000352767.7","ENSG00000114867.22","OTTHUMG00000156784.21","-","EIF4G1-204","EIF4G1",5484,"protein_coding",5098,134,0.940108418,"GGACT",0.686567164,NA,NA,NA,NA,NA,NA,NA,NA,NA,0,0,0,NA,NA,NA
"1047","ENST00000352940.8","ENSG00000213782.7","OTTHUMG00000168709.2","OTTHUMT00000400671.1","DDX47-201","DDX47",1698,"protein_coding",1353,186,0.980555475,"AGACT",0.76344086,NA,NA,NA,NA,NA,NA,NA,NA,NA,0,0,0,NA,NA,NA
"1048","ENST00000352940.8","ENSG00000213782.7","OTTHUMG00000168709.2","OTTHUMT00000400671.1","DDX47-201","DDX47",1698,"protein_coding",1462,184,0.947239161,"AGACT",0.635869565,NA,NA,NA,NA,NA,NA,NA,NA,NA,0,0,0,NA,NA,NA
"1049","ENST00000353047.11","ENSG00000164733.23","OTTHUMG00000090799.10","OTTHUMT00000207586.4","CTSB-202","CTSB",3733,"protein_coding",1237,23,0.982289791,"GGACT",0.739130435,112,2601,1020,1,112,113,1131,1132,3732,0,0,1,NA,NA,0.0403690888119954
"1050","ENST00000353047.11","ENSG00000164733.23","OTTHUMG00000090799.10","OTTHUMT00000207586.4","CTSB-202","CTSB",3733,"protein_coding",1402,24,0.901029766,"TGACT",0.625,112,2601,1020,1,112,113,1131,1132,3732,0,0,1,NA,NA,0.103806228373702
"1051","ENST00000353214.6","ENSG00000136950.13","OTTHUMG00000020660.2","OTTHUMT00000054041.2","ARPC5L-202","ARPC5L",2507,"protein_coding",1705,89,0.957963943,"AGACT",0.584269663,NA,NA,NA,NA,NA,NA,NA,NA,NA,0,0,0,NA,NA,NA
"1052","ENST00000353245.7","ENSG00000164924.18","OTTHUMG00000134291.9","OTTHUMT00000259018.1","YWHAZ-201","YWHAZ",2829,"protein_coding",631,23,0.911301613,"GAACT",0.434782609,NA,NA,NA,NA,NA,NA,NA,NA,NA,0,0,0,NA,NA,NA
"1053","ENST00000353258.8","ENSG00000006007.12","OTTHUMG00000131454.7","OTTHUMT00000254274.4","GDE1-201","GDE1",2907,"protein_coding",2519,21,0.907964826,"GAACT",0.476190476,NA,NA,NA,NA,NA,NA,NA,NA,NA,0,0,0,NA,NA,NA
"1054","ENST00000353555.9","ENSG00000172270.22","OTTHUMG00000177718.19","OTTHUMT00000438633.1","BSG-203","BSG",1598,"protein_coding",1343,495,0.927869737,"GGACT",0.525252525,NA,NA,NA,NA,NA,NA,NA,NA,NA,0,0,0,NA,NA,NA
"1055","ENST00000353979.7","ENSG00000171307.19","OTTHUMG00000018847.6","OTTHUMT00000049660.1","ZDHHC16-203","ZDHHC16",1647,"protein_coding",1177,24,0.916157722,"GGACT",0.625,NA,NA,NA,NA,NA,NA,NA,NA,NA,0,0,0,NA,NA,NA
"1056","ENST00000353979.7","ENSG00000171307.19","OTTHUMG00000018847.6","OTTHUMT00000049660.1","ZDHHC16-203","ZDHHC16",1647,"protein_coding",1367,85,0.977521956,"GGACT",0.776470588,NA,NA,NA,NA,NA,NA,NA,NA,NA,0,0,0,NA,NA,NA
"1057","ENST00000354232.8","ENSG00000105379.10","OTTHUMG00000182903.4","OTTHUMT00000464272.1","ETFB-202","ETFB",3551,"protein_coding",3537,83,0.909107924,"TGACT",0.686746988,NA,NA,NA,NA,NA,NA,NA,NA,NA,0,0,0,NA,NA,NA
"1058","ENST00000354250.7","ENSG00000160194.18","OTTHUMG00000086823.4","OTTHUMT00000195447.2","NDUFV3-202","NDUFV3",5725,"protein_coding",891,21,0.977313697,"GGACC",0.666666667,NA,NA,NA,NA,NA,NA,NA,NA,NA,0,0,0,NA,NA,NA
"1059","ENST00000354287.5","ENSG00000116661.11","OTTHUMG00000002072.6","OTTHUMT00000005764.3","FBXO2-201","FBXO2",1287,"protein_coding",1204,20,0.964374363,"GGACT",0.8,NA,NA,NA,NA,NA,NA,NA,NA,NA,0,0,0,NA,NA,NA
"1060","ENST00000354293.10","ENSG00000196961.13","OTTHUMG00000183253.1","OTTHUMT00000465806.1","AP2A1-201","AP2A1",3357,"protein_coding",3051,48,0.912542939,"GGACT",0.645833333,NA,NA,NA,NA,NA,NA,NA,NA,NA,0,0,0,NA,NA,NA
"1061","ENST00000354321.11","ENSG00000169718.18","OTTHUMG00000178525.4","OTTHUMT00000442347.1","DUS1L-202","DUS1L",2151,"protein_coding",1932,111,0.926191032,"GGACT",0.504504505,NA,NA,NA,NA,NA,NA,NA,NA,NA,0,0,0,NA,NA,NA
"1062","ENST00000354429.7","ENSG00000170291.16","OTTHUMG00000177974.8","OTTHUMT00000440160.2","ELP5-201","ELP5",1522,"protein_coding",1518,22,0.940288842,"GAACA",0.681818182,NA,NA,NA,NA,NA,NA,NA,NA,NA,0,0,0,NA,NA,NA
"1063","ENST00000354449.7","ENSG00000197548.13","OTTHUMG00000129740.21","OTTHUMT00000251951.3","ATG7-201","ATG7",4959,"protein_coding",2205,30,0.903549075,"GGACT",0.6,NA,NA,NA,NA,NA,NA,NA,NA,NA,0,0,0,NA,NA,NA
"1064","ENST00000354464.11","ENSG00000196497.17","OTTHUMG00000028801.7","OTTHUMT00000071931.5","IPO4-201","IPO4",3498,"protein_coding",3372,112,0.904518664,"AGACT",0.508928571,NA,NA,NA,NA,NA,NA,NA,NA,NA,0,0,0,NA,NA,NA
"1065","ENST00000354473.4","ENSG00000163159.15","OTTHUMG00000012345.10","OTTHUMT00000034394.3","VPS72-201","VPS72",1347,"protein_coding",1062,49,0.903980792,"GGACT",0.551020408,NA,NA,NA,NA,NA,NA,NA,NA,NA,0,0,0,NA,NA,NA
"1066","ENST00000354497.4","ENSG00000133318.14","OTTHUMG00000168056.4","OTTHUMT00000397850.1","RTN3-204","RTN3",1407,"protein_coding",704,23,0.945509255,"GGACT",0.565217391,NA,NA,NA,NA,NA,NA,NA,NA,NA,0,0,0,NA,NA,NA
"1067","ENST00000354558.7","ENSG00000175216.15","OTTHUMG00000166599.5","OTTHUMT00000390680.1","CKAP5-202","CKAP5",6428,"protein_coding",5914,45,0.967355847,"AGACT",0.711111111,NA,NA,NA,NA,NA,NA,NA,NA,NA,0,0,0,NA,NA,NA
"1068","ENST00000354926.9","ENSG00000146963.18","OTTHUMG00000185163.3","OTTHUMT00000323618.3","LUC7L2-202","LUC7L2",2661,"protein_coding",1690,22,0.905634046,"GAACT",0.590909091,NA,NA,NA,NA,NA,NA,NA,NA,NA,0,0,0,NA,NA,NA
"1069","ENST00000354956.9","ENSG00000197548.13","OTTHUMG00000129740.21","OTTHUMT00000339095.2","ATG7-202","ATG7",2296,"protein_coding",2124,29,0.912133574,"GGACT",0.620689655,NA,NA,NA,NA,NA,NA,NA,NA,NA,0,0,0,NA,NA,NA
"1070","ENST00000355143.8","ENSG00000242114.6","OTTHUMG00000151057.6","OTTHUMT00000321167.1","MTFP1-202","MTFP1",891,"protein_coding",612,52,0.93201685,"GGACC",0.596153846,NA,NA,NA,NA,NA,NA,NA,NA,NA,0,0,0,NA,NA,NA
"1071","ENST00000355143.8","ENSG00000242114.6","OTTHUMG00000151057.6","OTTHUMT00000321167.1","MTFP1-202","MTFP1",891,"protein_coding",675,61,0.984138131,"AGACT",0.803278689,NA,NA,NA,NA,NA,NA,NA,NA,NA,0,0,0,NA,NA,NA
"1072","ENST00000355203.6","ENSG00000197021.9","OTTHUMG00000034327.6","OTTHUMT00000082897.2","EOLA2-201","EOLA2",1067,"protein_coding",607,48,0.94270587,"TGACT",0.6875,NA,NA,NA,NA,NA,NA,NA,NA,NA,0,0,0,NA,NA,NA
"1073","ENST00000355209.9","ENSG00000100413.17","OTTHUMG00000150971.2","OTTHUMT00000320701.2","POLR3H-202","POLR3H",4468,"protein_coding",1218,33,0.919570684,"TGACT",0.666666667,NA,NA,NA,NA,NA,NA,NA,NA,NA,0,0,0,NA,NA,NA
"1074","ENST00000355209.9","ENSG00000100413.17","OTTHUMG00000150971.2","OTTHUMT00000320701.2","POLR3H-202","POLR3H",4468,"protein_coding",1245,21,0.9722206,"GGACT",0.857142857,NA,NA,NA,NA,NA,NA,NA,NA,NA,0,0,0,NA,NA,NA
"1075","ENST00000355354.13","ENSG00000196776.17","OTTHUMG00000044216.4","OTTHUMT00000102791.3","CD47-201","CD47",5228,"protein_coding",355,38,0.922435403,"TGACT",0.552631579,NA,NA,NA,NA,NA,NA,NA,NA,NA,0,0,0,NA,NA,NA
"1076","ENST00000355423.7","ENSG00000161526.15","OTTHUMG00000179798.3","OTTHUMT00000448230.1","SAP30BP-202","SAP30BP",2439,"protein_coding",925,83,0.905772924,"GGACT",0.518072289,NA,NA,NA,NA,NA,NA,NA,NA,NA,0,0,0,NA,NA,NA
"1077","ENST00000355423.7","ENSG00000161526.15","OTTHUMG00000179798.3","OTTHUMT00000448230.1","SAP30BP-202","SAP30BP",2439,"protein_coding",991,74,0.986412406,"GGACT",0.851351351,NA,NA,NA,NA,NA,NA,NA,NA,NA,0,0,0,NA,NA,NA
"1078","ENST00000355468.7","ENSG00000141696.13","OTTHUMG00000133501.8","OTTHUMT00000257439.2","P3H4-201","P3H4",2791,"protein_coding",2631,27,0.925242364,"GGACA",0.703703704,NA,NA,NA,NA,NA,NA,NA,NA,NA,0,0,0,NA,NA,NA
"1079","ENST00000355527.8","ENSG00000172893.18","OTTHUMG00000167346.3","OTTHUMT00000394243.1","DHCR7-201","DHCR7",2627,"protein_coding",1607,191,0.937552273,"GGACT",0.790575916,NA,NA,NA,NA,NA,NA,NA,NA,NA,0,0,0,NA,NA,NA
"1080","ENST00000355527.8","ENSG00000172893.18","OTTHUMG00000167346.3","OTTHUMT00000394243.1","DHCR7-201","DHCR7",2627,"protein_coding",2199,344,0.948514044,"GGACA",0.654069767,NA,NA,NA,NA,NA,NA,NA,NA,NA,0,0,0,NA,NA,NA
"1081","ENST00000355527.8","ENSG00000172893.18","OTTHUMG00000167346.3","OTTHUMT00000394243.1","DHCR7-201","DHCR7",2627,"protein_coding",2399,335,0.926033556,"TGACT",0.540298507,NA,NA,NA,NA,NA,NA,NA,NA,NA,0,0,0,NA,NA,NA
"1082","ENST00000355857.8","ENSG00000155368.18","OTTHUMG00000131403.4","OTTHUMT00000330590.2","DBI-202","DBI",564,"protein_coding",507,711,0.907553077,"TGACT",0.583684951,NA,NA,NA,NA,NA,NA,NA,NA,NA,0,0,0,NA,NA,NA
"1083","ENST00000356000.7","ENSG00000133318.14","OTTHUMG00000168056.4","-","RTN3-205","RTN3",2645,"protein_coding",1140,86,0.919444561,"GGACT",0.662790698,NA,NA,NA,NA,NA,NA,NA,NA,NA,0,0,0,NA,NA,NA
"1084","ENST00000356033.8","ENSG00000189159.16","OTTHUMG00000154521.4","OTTHUMT00000335695.1","JPT1-202","JPT1",1519,"protein_coding",775,234,0.912205338,"GAACT",0.564102564,NA,NA,NA,NA,NA,NA,NA,NA,NA,0,0,0,NA,NA,NA
"1085","ENST00000356053.7","ENSG00000169813.17","OTTHUMG00000018029.3","OTTHUMT00000047706.2","HNRNPF-202","HNRNPF",2670,"protein_coding",499,21,0.908053458,"TGACT",0.571428571,NA,NA,NA,NA,NA,NA,NA,NA,NA,0,0,0,NA,NA,NA
"1086","ENST00000356053.7","ENSG00000169813.17","OTTHUMG00000018029.3","OTTHUMT00000047706.2","HNRNPF-202","HNRNPF",2670,"protein_coding",581,24,0.958217204,"GAACT",0.625,NA,NA,NA,NA,NA,NA,NA,NA,NA,0,0,0,NA,NA,NA
"1087","ENST00000356053.7","ENSG00000169813.17","OTTHUMG00000018029.3","OTTHUMT00000047706.2","HNRNPF-202","HNRNPF",2670,"protein_coding",638,21,0.985061169,"GGACA",0.476190476,NA,NA,NA,NA,NA,NA,NA,NA,NA,0,0,0,NA,NA,NA
"1088","ENST00000356053.7","ENSG00000169813.17","OTTHUMG00000018029.3","OTTHUMT00000047706.2","HNRNPF-202","HNRNPF",2670,"protein_coding",752,25,0.988921702,"GGACT",0.76,NA,NA,NA,NA,NA,NA,NA,NA,NA,0,0,0,NA,NA,NA
"1089","ENST00000356053.7","ENSG00000169813.17","OTTHUMG00000018029.3","OTTHUMT00000047706.2","HNRNPF-202","HNRNPF",2670,"protein_coding",1044,28,0.976185739,"GGACT",0.785714286,NA,NA,NA,NA,NA,NA,NA,NA,NA,0,0,0,NA,NA,NA
"1090","ENST00000356053.7","ENSG00000169813.17","OTTHUMG00000018029.3","OTTHUMT00000047706.2","HNRNPF-202","HNRNPF",2670,"protein_coding",1475,76,0.939426064,"GAACT",0.631578947,NA,NA,NA,NA,NA,NA,NA,NA,NA,0,0,0,NA,NA,NA
"1091","ENST00000356143.5","ENSG00000013561.18","OTTHUMG00000129660.8","-","RNF14-202","RNF14",3999,"protein_coding",681,20,0.922797978,"GGACT",0.9,NA,NA,NA,NA,NA,NA,NA,NA,NA,0,0,0,NA,NA,NA
"1092","ENST00000356143.5","ENSG00000013561.18","OTTHUMG00000129660.8","-","RNF14-202","RNF14",3999,"protein_coding",819,22,0.990415871,"GGACT",0.727272727,NA,NA,NA,NA,NA,NA,NA,NA,NA,0,0,0,NA,NA,NA
"1093","ENST00000356221.8","ENSG00000130177.16","OTTHUMG00000017402.7","OTTHUMT00000276737.2","CDC16-203","CDC16",2331,"protein_coding",2050,56,0.915496588,"TGACT",0.589285714,NA,NA,NA,NA,NA,NA,NA,NA,NA,0,0,0,NA,NA,NA
"1094","ENST00000356244.8","ENSG00000100401.21","OTTHUMG00000150940.12","OTTHUMT00000320603.1","RANGAP1-201","RANGAP1",3828,"protein_coding",2098,62,0.994984865,"GGACT",0.790322581,NA,NA,NA,NA,NA,NA,NA,NA,NA,0,0,0,NA,NA,NA
"1095","ENST00000356244.8","ENSG00000100401.21","OTTHUMG00000150940.12","OTTHUMT00000320603.1","RANGAP1-201","RANGAP1",3828,"protein_coding",2570,148,0.909976065,"GGACT",0.594594595,NA,NA,NA,NA,NA,NA,NA,NA,NA,0,0,0,NA,NA,NA
"1096","ENST00000356303.7","ENSG00000156508.19","OTTHUMG00000015031.7","OTTHUMT00000132694.2","EEF1A1-204","EEF1A1",1883,"protein_coding",1647,2907,0.922229409,"GAACT",0.618163055,199,295,1389,1,199,200,1587,1588,1882,0,0,1,NA,NA,0.2
"1097","ENST00000356303.7","ENSG00000156508.19","OTTHUMG00000015031.7","OTTHUMT00000132694.2","EEF1A1-204","EEF1A1",1883,"protein_coding",1688,2726,0.936794102,"AGACT",0.568231842,199,295,1389,1,199,200,1587,1588,1882,0,0,1,NA,NA,0.338983050847458
"1098","ENST00000356341.8","ENSG00000149269.10","OTTHUMG00000165138.4","OTTHUMT00000382083.2","PAK1-202","PAK1",3459,"protein_coding",2372,24,0.940411329,"GAACT",0.583333333,NA,NA,NA,NA,NA,NA,NA,NA,NA,0,0,0,NA,NA,NA
"1099","ENST00000356404.8","ENSG00000110697.13","OTTHUMG00000167675.5","OTTHUMT00000504193.2","PITPNM1-201","PITPNM1",4217,"protein_coding",3969,22,0.909907877,"GGACC",0.409090909,NA,NA,NA,NA,NA,NA,NA,NA,NA,0,0,0,NA,NA,NA
"1100","ENST00000356438.7","ENSG00000198331.11","OTTHUMG00000165858.1","OTTHUMT00000386732.1","HYLS1-201","HYLS1",1810,"protein_coding",922,22,0.988550961,"GGACT",0.863636364,NA,NA,NA,NA,NA,NA,NA,NA,NA,0,0,0,NA,NA,NA
"1101","ENST00000356438.7","ENSG00000198331.11","OTTHUMG00000165858.1","OTTHUMT00000386732.1","HYLS1-201","HYLS1",1810,"protein_coding",1198,23,0.975043595,"GGACT",0.826086957,NA,NA,NA,NA,NA,NA,NA,NA,NA,0,0,0,NA,NA,NA
"1102","ENST00000356438.7","ENSG00000198331.11","OTTHUMG00000165858.1","OTTHUMT00000386732.1","HYLS1-201","HYLS1",1810,"protein_coding",1204,26,0.982709229,"GGACT",0.884615385,NA,NA,NA,NA,NA,NA,NA,NA,NA,0,0,0,NA,NA,NA
"1103","ENST00000356438.7","ENSG00000198331.11","OTTHUMG00000165858.1","OTTHUMT00000386732.1","HYLS1-201","HYLS1",1810,"protein_coding",1547,40,0.906638622,"GGACT",0.525,NA,NA,NA,NA,NA,NA,NA,NA,NA,0,0,0,NA,NA,NA
"1104","ENST00000356648.5","ENSG00000143543.15","OTTHUMG00000036590.4","OTTHUMT00000090418.1","JTB-202","JTB",1040,"protein_coding",936,245,0.914407253,"GGACT",0.714285714,NA,NA,NA,NA,NA,NA,NA,NA,NA,0,0,0,NA,NA,NA
"1105","ENST00000356797.7","ENSG00000122644.13","OTTHUMG00000023374.7","OTTHUMT00000246874.1","ARL4A-201","ARL4A",1147,"protein_coding",310,22,0.987274885,"GGACT",0.954545455,NA,NA,NA,NA,NA,NA,NA,NA,NA,0,0,0,NA,NA,NA
"1106","ENST00000356797.7","ENSG00000122644.13","OTTHUMG00000023374.7","OTTHUMT00000246874.1","ARL4A-201","ARL4A",1147,"protein_coding",526,27,0.977179646,"GGACT",0.740740741,NA,NA,NA,NA,NA,NA,NA,NA,NA,0,0,0,NA,NA,NA
"1107","ENST00000356797.7","ENSG00000122644.13","OTTHUMG00000023374.7","OTTHUMT00000246874.1","ARL4A-201","ARL4A",1147,"protein_coding",566,29,0.906854987,"GAACT",0.482758621,NA,NA,NA,NA,NA,NA,NA,NA,NA,0,0,0,NA,NA,NA
"1108","ENST00000356825.8","ENSG00000175387.16","OTTHUMG00000132652.5","-","SMAD2-202","SMAD2",10445,"protein_coding",1791,56,0.956783593,"GGACT",0.785714286,NA,NA,NA,NA,NA,NA,NA,NA,NA,0,0,0,NA,NA,NA
"1109","ENST00000356887.12","ENSG00000136732.16","OTTHUMG00000131464.4","OTTHUMT00000330926.2","GYPC-202","GYPC",1805,"protein_coding",1452,96,0.906886935,"GGACT",0.489583333,NA,NA,NA,NA,NA,NA,NA,NA,NA,0,0,0,NA,NA,NA
"1110","ENST00000356948.11","ENSG00000011304.22","OTTHUMG00000181789.13","OTTHUMT00000457603.5","PTBP1-203","PTBP1",3206,"protein_coding",1923,26,0.943325341,"TGACT",0.692307692,NA,NA,NA,NA,NA,NA,NA,NA,NA,0,0,0,NA,NA,NA
"1111","ENST00000357028.6","ENSG00000160563.14","OTTHUMG00000020833.7","OTTHUMT00000054771.2","MED27-202","MED27",1281,"protein_coding",1032,113,0.921259761,"GGACT",0.628318584,NA,NA,NA,NA,NA,NA,NA,NA,NA,0,0,0,NA,NA,NA
"1112","ENST00000357028.6","ENSG00000160563.14","OTTHUMG00000020833.7","OTTHUMT00000054771.2","MED27-202","MED27",1281,"protein_coding",1057,114,0.928279936,"GGACT",0.596491228,NA,NA,NA,NA,NA,NA,NA,NA,NA,0,0,0,NA,NA,NA
"1113","ENST00000357065.8","ENSG00000169813.17","OTTHUMG00000018029.3","OTTHUMT00000047702.1","HNRNPF-203","HNRNPF",2617,"protein_coding",446,21,0.907257795,"TGACT",0.571428571,NA,NA,NA,NA,NA,NA,NA,NA,NA,0,0,0,NA,NA,NA
"1114","ENST00000357065.8","ENSG00000169813.17","OTTHUMG00000018029.3","OTTHUMT00000047702.1","HNRNPF-203","HNRNPF",2617,"protein_coding",528,24,0.959196031,"GAACT",0.625,NA,NA,NA,NA,NA,NA,NA,NA,NA,0,0,0,NA,NA,NA
"1115","ENST00000357065.8","ENSG00000169813.17","OTTHUMG00000018029.3","OTTHUMT00000047702.1","HNRNPF-203","HNRNPF",2617,"protein_coding",585,21,0.985606492,"GGACA",0.476190476,NA,NA,NA,NA,NA,NA,NA,NA,NA,0,0,0,NA,NA,NA
"1116","ENST00000357065.8","ENSG00000169813.17","OTTHUMG00000018029.3","OTTHUMT00000047702.1","HNRNPF-203","HNRNPF",2617,"protein_coding",699,25,0.988632798,"GGACT",0.76,NA,NA,NA,NA,NA,NA,NA,NA,NA,0,0,0,NA,NA,NA
"1117","ENST00000357065.8","ENSG00000169813.17","OTTHUMG00000018029.3","OTTHUMT00000047702.1","HNRNPF-203","HNRNPF",2617,"protein_coding",991,28,0.975474119,"GGACT",0.785714286,NA,NA,NA,NA,NA,NA,NA,NA,NA,0,0,0,NA,NA,NA
"1118","ENST00000357065.8","ENSG00000169813.17","OTTHUMG00000018029.3","OTTHUMT00000047702.1","HNRNPF-203","HNRNPF",2617,"protein_coding",1422,76,0.939163864,"GAACT",0.631578947,NA,NA,NA,NA,NA,NA,NA,NA,NA,0,0,0,NA,NA,NA
"1119","ENST00000357103.5","ENSG00000006831.10","OTTHUMG00000130139.3","OTTHUMT00000252447.3","ADIPOR2-201","ADIPOR2",3971,"protein_coding",3230,20,0.927120745,"GAACT",0.65,NA,NA,NA,NA,NA,NA,NA,NA,NA,0,0,0,NA,NA,NA
"1120","ENST00000357197.8","ENSG00000119383.21","OTTHUMG00000020774.22","-","PTPA-205","PTPA",2653,"protein_coding",2202,101,0.909827888,"GAACT",0.524752475,NA,NA,NA,NA,NA,NA,NA,NA,NA,0,0,0,NA,NA,NA
"1121","ENST00000357466.6","ENSG00000196642.19","OTTHUMG00000020947.13","OTTHUMT00000055137.3","RABL6-202","RABL6",1820,"protein_coding",1445,46,0.914094746,"TGACT",0.586956522,NA,NA,NA,NA,NA,NA,NA,NA,NA,0,0,0,NA,NA,NA
"1122","ENST00000357750.9","ENSG00000068001.14","OTTHUMG00000156876.2","OTTHUMT00000346389.2","HYAL2-201","HYAL2",1882,"protein_coding",794,21,0.959242046,"GAACT",0.571428571,NA,NA,NA,NA,NA,NA,NA,NA,NA,0,0,0,NA,NA,NA
"1123","ENST00000357943.9","ENSG00000105173.14","OTTHUMG00000177626.4","-","CCNE1-202","CCNE1",1641,"protein_coding",1134,44,0.916518152,"AGACA",0.5,NA,NA,NA,NA,NA,NA,NA,NA,NA,0,0,0,NA,NA,NA
"1124","ENST00000357943.9","ENSG00000105173.14","OTTHUMG00000177626.4","-","CCNE1-202","CCNE1",1641,"protein_coding",1389,61,0.968121588,"GGACT",0.721311475,NA,NA,NA,NA,NA,NA,NA,NA,NA,0,0,0,NA,NA,NA
"1125","ENST00000357949.5","ENSG00000197019.5","OTTHUMG00000182594.3","OTTHUMT00000462571.3","SERTAD1-201","SERTAD1",2084,"protein_coding",592,36,0.941597521,"GGACC",0.583333333,NA,NA,NA,NA,NA,NA,NA,NA,NA,0,0,0,NA,NA,NA
"1126","ENST00000357949.5","ENSG00000197019.5","OTTHUMG00000182594.3","OTTHUMT00000462571.3","SERTAD1-201","SERTAD1",2084,"protein_coding",772,70,0.962063134,"GGACT",0.785714286,NA,NA,NA,NA,NA,NA,NA,NA,NA,0,0,0,NA,NA,NA
"1127","ENST00000357949.5","ENSG00000197019.5","OTTHUMG00000182594.3","OTTHUMT00000462571.3","SERTAD1-201","SERTAD1",2084,"protein_coding",870,76,0.9555794,"GAACT",0.710526316,NA,NA,NA,NA,NA,NA,NA,NA,NA,0,0,0,NA,NA,NA
"1128","ENST00000357949.5","ENSG00000197019.5","OTTHUMG00000182594.3","OTTHUMT00000462571.3","SERTAD1-201","SERTAD1",2084,"protein_coding",1064,77,0.963088334,"GGACT",0.818181818,NA,NA,NA,NA,NA,NA,NA,NA,NA,0,0,0,NA,NA,NA
"1129","ENST00000357955.6","ENSG00000114738.11","OTTHUMG00000156850.13","OTTHUMT00000346236.1","MAPKAPK3-201","MAPKAPK3",2500,"protein_coding",1984,21,0.963992894,"GAACT",0.714285714,NA,NA,NA,NA,NA,NA,NA,NA,NA,0,0,0,NA,NA,NA
"1130","ENST00000358007.7","ENSG00000213782.7","OTTHUMG00000168709.2","OTTHUMT00000400674.1","DDX47-202","DDX47",1817,"protein_coding",1470,192,0.981409669,"AGACT",0.760416667,22,427,1368,1,22,23,1389,1390,1816,0,0,1,NA,NA,0.187353629976581
"1131","ENST00000358007.7","ENSG00000213782.7","OTTHUMG00000168709.2","OTTHUMT00000400674.1","DDX47-202","DDX47",1817,"protein_coding",1579,189,0.949292481,"AGACT",0.64021164,22,427,1368,1,22,23,1389,1390,1816,0,0,1,NA,NA,0.442622950819672
"1132","ENST00000358022.6","ENSG00000198680.6","OTTHUMG00000159591.1","-","TUSC1-201","TUSC1",1476,"protein_coding",733,25,0.973241448,"GGACT",0.88,NA,NA,NA,NA,NA,NA,NA,NA,NA,0,0,0,NA,NA,NA
"1133","ENST00000358022.6","ENSG00000198680.6","OTTHUMG00000159591.1","-","TUSC1-201","TUSC1",1476,"protein_coding",876,31,0.984862149,"GGACT",0.870967742,NA,NA,NA,NA,NA,NA,NA,NA,NA,0,0,0,NA,NA,NA
"1134","ENST00000358022.6","ENSG00000198680.6","OTTHUMG00000159591.1","-","TUSC1-201","TUSC1",1476,"protein_coding",1068,66,0.911997318,"GAACT",0.575757576,NA,NA,NA,NA,NA,NA,NA,NA,NA,0,0,0,NA,NA,NA
"1135","ENST00000358022.6","ENSG00000198680.6","OTTHUMG00000159591.1","-","TUSC1-201","TUSC1",1476,"protein_coding",1101,68,0.958218992,"GAACT",0.617647059,NA,NA,NA,NA,NA,NA,NA,NA,NA,0,0,0,NA,NA,NA
"1136","ENST00000358154.8","ENSG00000197006.15","OTTHUMG00000131584.4","OTTHUMT00000254465.2","METTL9-201","METTL9",3153,"protein_coding",1202,84,0.930848479,"GGACC",0.547619048,NA,NA,NA,NA,NA,NA,NA,NA,NA,0,0,0,NA,NA,NA
"1137","ENST00000358171.8","ENSG00000149257.16","OTTHUMG00000165362.7","OTTHUMT00000383606.1","SERPINH1-201","SERPINH1",2058,"protein_coding",1407,32,0.973349929,"AGACA",0.59375,NA,NA,NA,NA,NA,NA,NA,NA,NA,0,0,0,NA,NA,NA
"1138","ENST00000358227.5","ENSG00000137038.8","OTTHUMG00000019539.2","OTTHUMT00000051705.2","DMAC1-201","DMAC1",2456,"protein_coding",468,335,0.903528452,"GGACA",0.450746269,NA,NA,NA,NA,NA,NA,NA,NA,NA,0,0,0,NA,NA,NA
"1139","ENST00000358227.5","ENSG00000137038.8","OTTHUMG00000019539.2","OTTHUMT00000051705.2","DMAC1-201","DMAC1",2456,"protein_coding",486,316,0.93494761,"GGACA",0.569620253,NA,NA,NA,NA,NA,NA,NA,NA,NA,0,0,0,NA,NA,NA
"1140","ENST00000358387.9","ENSG00000113621.15","OTTHUMG00000129115.4","OTTHUMT00000251160.1","TXNDC15-201","TXNDC15",3090,"protein_coding",1024,26,0.984158337,"GGACT",0.846153846,NA,NA,NA,NA,NA,NA,NA,NA,NA,0,0,0,NA,NA,NA
"1141","ENST00000358387.9","ENSG00000113621.15","OTTHUMG00000129115.4","OTTHUMT00000251160.1","TXNDC15-201","TXNDC15",3090,"protein_coding",1086,33,0.918606579,"GAACT",0.636363636,NA,NA,NA,NA,NA,NA,NA,NA,NA,0,0,0,NA,NA,NA
"1142","ENST00000358406.10","ENSG00000197448.14","OTTHUMG00000152637.8","OTTHUMT00000327091.2","GSTK1-201","GSTK1",1032,"protein_coding",835,60,0.939807355,"GGACT",0.7,NA,NA,NA,NA,NA,NA,NA,NA,NA,0,0,0,NA,NA,NA
"1143","ENST00000358432.8","ENSG00000142627.13","OTTHUMG00000009527.3","OTTHUMT00000026322.2","EPHA2-201","EPHA2",3946,"protein_coding",3578,49,0.95535934,"TGACT",0.632653061,NA,NA,NA,NA,NA,NA,NA,NA,NA,0,0,0,NA,NA,NA
"1144","ENST00000358625.4","ENSG00000196363.10","OTTHUMG00000131707.3","OTTHUMT00000254621.1","WDR5-201","WDR5",3157,"protein_coding",1207,55,0.921702743,"AGACT",0.6,NA,NA,NA,NA,NA,NA,NA,NA,NA,0,0,0,NA,NA,NA
"1145","ENST00000358901.11","ENSG00000165280.18","OTTHUMG00000019855.5","OTTHUMT00000052290.2","VCP-201","VCP",3746,"protein_coding",3432,21,0.913608134,"GGACT",0.571428571,NA,NA,NA,NA,NA,NA,NA,NA,NA,0,0,0,NA,NA,NA
"1146","ENST00000358901.11","ENSG00000165280.18","OTTHUMG00000019855.5","OTTHUMT00000052290.2","VCP-201","VCP",3746,"protein_coding",3550,21,0.965464473,"AGACT",0.761904762,NA,NA,NA,NA,NA,NA,NA,NA,NA,0,0,0,NA,NA,NA
"1147","ENST00000358994.9","ENSG00000119383.21","OTTHUMG00000020774.22","OTTHUMT00000054566.6","PTPA-206","PTPA",2664,"protein_coding",2214,96,0.923433125,"GAACT",0.541666667,NA,NA,NA,NA,NA,NA,NA,NA,NA,0,0,0,NA,NA,NA
"1148","ENST00000359032.10","ENSG00000196961.13","OTTHUMG00000183253.1","OTTHUMT00000465809.1","AP2A1-202","AP2A1",3423,"protein_coding",3117,48,0.910628915,"GGACT",0.645833333,133,356,2934,1,133,134,3066,3067,3422,0,0,1,NA,NA,0.140449438202247
"1149","ENST00000359073.9","ENSG00000146576.13","OTTHUMG00000125517.3","OTTHUMT00000324152.1","INTS15-202","INTS15",1762,"protein_coding",1695,51,0.903683662,"GAACT",0.450980392,NA,NA,NA,NA,NA,NA,NA,NA,NA,0,0,0,NA,NA,NA
"1150","ENST00000359203.3","ENSG00000025039.15","OTTHUMG00000015200.3","OTTHUMT00000041485.2","RRAGD-201","RRAGD",4042,"protein_coding",1076,25,0.978858531,"GGACA",0.52,NA,NA,NA,NA,NA,NA,NA,NA,NA,0,0,0,NA,NA,NA
"1151","ENST00000359208.6","ENSG00000067334.14","OTTHUMG00000010268.7","OTTHUMT00000389785.1","DNTTIP2-201","DNTTIP2",2199,"nonsense_mediated_decay",1027,25,0.922384024,"AGACA",0.84,NA,NA,NA,NA,NA,NA,NA,NA,NA,0,0,0,NA,NA,NA
"1152","ENST00000359208.6","ENSG00000067334.14","OTTHUMG00000010268.7","OTTHUMT00000389785.1","DNTTIP2-201","DNTTIP2",2199,"nonsense_mediated_decay",1077,30,0.906833291,"GAACT",0.766666667,NA,NA,NA,NA,NA,NA,NA,NA,NA,0,0,0,NA,NA,NA
"1153","ENST00000359315.6","ENSG00000141933.9","OTTHUMG00000180557.5","OTTHUMT00000451887.5","TPGS1-201","TPGS1",1114,"protein_coding",629,63,0.973521411,"GGACT",0.666666667,NA,NA,NA,NA,NA,NA,NA,NA,NA,0,0,0,NA,NA,NA
"1154","ENST00000359315.6","ENSG00000141933.9","OTTHUMG00000180557.5","OTTHUMT00000451887.5","TPGS1-201","TPGS1",1114,"protein_coding",677,66,0.962788343,"GGACA",0.803030303,NA,NA,NA,NA,NA,NA,NA,NA,NA,0,0,0,NA,NA,NA
"1155","ENST00000359393.6","ENSG00000110047.18","OTTHUMG00000066832.18","OTTHUMT00000143230.3","EHD1-202","EHD1",3618,"protein_coding",2109,25,0.98681742,"AGACT",0.88,NA,NA,NA,NA,NA,NA,NA,NA,NA,0,0,0,NA,NA,NA
"1156","ENST00000359393.6","ENSG00000110047.18","OTTHUMG00000066832.18","OTTHUMT00000143230.3","EHD1-202","EHD1",3618,"protein_coding",2224,27,0.924963713,"GAACT",0.62962963,NA,NA,NA,NA,NA,NA,NA,NA,NA,0,0,0,NA,NA,NA
"1157","ENST00000359393.6","ENSG00000110047.18","OTTHUMG00000066832.18","OTTHUMT00000143230.3","EHD1-202","EHD1",3618,"protein_coding",3607,66,0.925675094,"GAACT",0.621212121,NA,NA,NA,NA,NA,NA,NA,NA,NA,0,0,0,NA,NA,NA
"1158","ENST00000359435.8","ENSG00000105393.16","OTTHUMG00000182755.3","OTTHUMT00000463471.1","BABAM1-201","BABAM1",1472,"protein_coding",1263,164,0.975389898,"GGACC",0.548780488,NA,NA,NA,NA,NA,NA,NA,NA,NA,0,0,0,NA,NA,NA
"1159","ENST00000359511.5","ENSG00000160785.14","OTTHUMG00000014816.2","OTTHUMT00000040856.1","SLC25A44-201","SLC25A44",3467,"protein_coding",3380,53,0.935878217,"GGACT",0.603773585,NA,NA,NA,NA,NA,NA,NA,NA,NA,0,0,0,NA,NA,NA
"1160","ENST00000359523.7","ENSG00000197965.12","OTTHUMG00000034571.5","OTTHUMT00000083655.3","MPZL1-201","MPZL1",4978,"protein_coding",1026,98,0.973577499,"GGACT",0.806122449,NA,NA,NA,NA,NA,NA,NA,NA,NA,0,0,0,NA,NA,NA
"1161","ENST00000359541.6","ENSG00000115207.15","OTTHUMG00000097785.9","OTTHUMT00000215028.2","GTF3C2-202","GTF3C2",3992,"protein_coding",3301,23,0.977983832,"GGACT",0.608695652,NA,NA,NA,NA,NA,NA,NA,NA,NA,0,0,0,NA,NA,NA
"1162","ENST00000359541.6","ENSG00000115207.15","OTTHUMG00000097785.9","OTTHUMT00000215028.2","GTF3C2-202","GTF3C2",3992,"protein_coding",3401,24,0.928765833,"AGACT",0.583333333,NA,NA,NA,NA,NA,NA,NA,NA,NA,0,0,0,NA,NA,NA
"1163","ENST00000359626.10","ENSG00000198874.14","OTTHUMG00000129723.5","OTTHUMT00000251932.3","TYW1-201","TYW1",3330,"protein_coding",3083,57,0.950753808,"GGACT",0.736842105,NA,NA,NA,NA,NA,NA,NA,NA,NA,0,0,0,NA,NA,NA
"1164","ENST00000359655.9","ENSG00000156502.14","OTTHUMG00000018375.4","OTTHUMT00000048396.3","SUPV3L1-201","SUPV3L1",2477,"protein_coding",2368,84,0.945982158,"GGACT",0.547619048,NA,NA,NA,NA,NA,NA,NA,NA,NA,0,0,0,NA,NA,NA
"1165","ENST00000359683.8","ENSG00000196290.17","OTTHUMG00000154588.5","OTTHUMT00000336198.1","NIF3L1-201","NIF3L1",1626,"protein_coding",1344,64,0.969954729,"AGACT",0.734375,NA,NA,NA,NA,NA,NA,NA,NA,NA,0,0,0,NA,NA,NA
"1166","ENST00000359683.8","ENSG00000196290.17","OTTHUMG00000154588.5","OTTHUMT00000336198.1","NIF3L1-201","NIF3L1",1626,"protein_coding",1449,60,0.947273672,"GGACT",0.75,NA,NA,NA,NA,NA,NA,NA,NA,NA,0,0,0,NA,NA,NA
"1167","ENST00000359890.8","ENSG00000100461.18","OTTHUMG00000171467.10","OTTHUMT00000413545.5","RBM23-203","RBM23",10007,"protein_coding",1669,25,0.913920105,"GGACT",0.72,NA,NA,NA,NA,NA,NA,NA,NA,NA,0,0,0,NA,NA,NA
"1168","ENST00000359920.11","ENSG00000104880.19","OTTHUMG00000177342.5","OTTHUMT00000436340.2","ARHGEF18-202","ARHGEF18",5733,"protein_coding",5273,21,0.970461011,"TGACT",0.666666667,NA,NA,NA,NA,NA,NA,NA,NA,NA,0,0,0,NA,NA,NA
"1169","ENST00000359920.11","ENSG00000104880.19","OTTHUMG00000177342.5","OTTHUMT00000436340.2","ARHGEF18-202","ARHGEF18",5733,"protein_coding",5694,23,0.933521032,"GAACT",0.47826087,NA,NA,NA,NA,NA,NA,NA,NA,NA,0,0,0,NA,NA,NA
"1170","ENST00000360000.8","ENSG00000180964.17","OTTHUMG00000022094.3","OTTHUMT00000057699.1","TCEAL8-201","TCEAL8",1131,"protein_coding",336,25,0.957572222,"GGACA",0.52,NA,NA,NA,NA,NA,NA,NA,NA,NA,0,0,0,NA,NA,NA
"1171","ENST00000360000.8","ENSG00000180964.17","OTTHUMG00000022094.3","OTTHUMT00000057699.1","TCEAL8-201","TCEAL8",1131,"protein_coding",357,32,0.929280043,"GGACC",0.53125,NA,NA,NA,NA,NA,NA,NA,NA,NA,0,0,0,NA,NA,NA
"1172","ENST00000360000.8","ENSG00000180964.17","OTTHUMG00000022094.3","OTTHUMT00000057699.1","TCEAL8-201","TCEAL8",1131,"protein_coding",457,52,0.956754625,"AGACA",0.692307692,NA,NA,NA,NA,NA,NA,NA,NA,NA,0,0,0,NA,NA,NA
"1173","ENST00000360031.6","ENSG00000197586.13","OTTHUMG00000032116.4","OTTHUMT00000078399.2","ENTPD6-202","ENTPD6",2766,"protein_coding",2608,92,0.915801525,"GGACA",0.597826087,NA,NA,NA,NA,NA,NA,NA,NA,NA,0,0,0,NA,NA,NA
"1174","ENST00000360244.8","ENSG00000117362.13","OTTHUMG00000012545.4","OTTHUMT00000035047.1","APH1A-202","APH1A",2353,"protein_coding",1232,40,0.922927976,"GGACT",0.5,NA,NA,NA,NA,NA,NA,NA,NA,NA,0,0,0,NA,NA,NA
"1175","ENST00000360244.8","ENSG00000117362.13","OTTHUMG00000012545.4","OTTHUMT00000035047.1","APH1A-202","APH1A",2353,"protein_coding",1288,42,0.932677507,"TGACT",0.547619048,NA,NA,NA,NA,NA,NA,NA,NA,NA,0,0,0,NA,NA,NA
"1176","ENST00000360458.5","ENSG00000123562.18","OTTHUMG00000022104.3","OTTHUMT00000057733.1","MORF4L2-201","MORF4L2",1824,"protein_coding",698,86,0.967911363,"GGACT",0.744186047,NA,NA,NA,NA,NA,NA,NA,NA,NA,0,0,0,NA,NA,NA
"1177","ENST00000360458.5","ENSG00000123562.18","OTTHUMG00000022104.3","OTTHUMT00000057733.1","MORF4L2-201","MORF4L2",1824,"protein_coding",704,90,0.97939378,"GGACT",0.877777778,NA,NA,NA,NA,NA,NA,NA,NA,NA,0,0,0,NA,NA,NA
"1178","ENST00000360541.10","ENSG00000120705.13","OTTHUMG00000129199.6","OTTHUMT00000251276.3","ETF1-201","ETF1",3682,"protein_coding",1585,167,0.98971349,"GAACT",0.646706587,NA,NA,NA,NA,NA,NA,NA,NA,NA,0,0,0,NA,NA,NA
"1179","ENST00000360541.10","ENSG00000120705.13","OTTHUMG00000129199.6","OTTHUMT00000251276.3","ETF1-201","ETF1",3682,"protein_coding",1709,186,0.952985823,"GGACT",0.784946237,NA,NA,NA,NA,NA,NA,NA,NA,NA,0,0,0,NA,NA,NA
"1180","ENST00000360541.10","ENSG00000120705.13","OTTHUMG00000129199.6","OTTHUMT00000251276.3","ETF1-201","ETF1",3682,"protein_coding",2458,57,0.907173336,"GAACT",0.50877193,NA,NA,NA,NA,NA,NA,NA,NA,NA,0,0,0,NA,NA,NA
"1181","ENST00000360541.10","ENSG00000120705.13","OTTHUMG00000129199.6","OTTHUMT00000251276.3","ETF1-201","ETF1",3682,"protein_coding",2927,95,0.900385857,"TGACT",0.494736842,NA,NA,NA,NA,NA,NA,NA,NA,NA,0,0,0,NA,NA,NA
"1182","ENST00000360768.5","ENSG00000196715.7","OTTHUMG00000129449.5","OTTHUMT00000251612.5","VKORC1L1-201","VKORC1L1",6087,"protein_coding",743,24,0.929011583,"GAACT",0.458333333,NA,NA,NA,NA,NA,NA,NA,NA,NA,0,0,0,NA,NA,NA
"1183","ENST00000360768.5","ENSG00000196715.7","OTTHUMG00000129449.5","OTTHUMT00000251612.5","VKORC1L1-201","VKORC1L1",6087,"protein_coding",5850,21,0.972905815,"GGACT",0.857142857,NA,NA,NA,NA,NA,NA,NA,NA,NA,0,0,0,NA,NA,NA
"1184","ENST00000360864.9","ENSG00000101152.12","OTTHUMG00000033007.4","OTTHUMT00000080244.2","DNAJC5-201","DNAJC5",5249,"protein_coding",4243,45,0.967743158,"TGACT",0.622222222,NA,NA,NA,NA,NA,NA,NA,NA,NA,0,0,0,NA,NA,NA
"1185","ENST00000360876.9","ENSG00000106263.19","OTTHUMG00000022839.6","OTTHUMT00000207006.2","EIF3B-201","EIF3B",3096,"protein_coding",2713,658,0.961519063,"GGACT",0.775075988,NA,NA,NA,NA,NA,NA,NA,NA,NA,0,0,0,NA,NA,NA
"1186","ENST00000360943.10","ENSG00000159202.18","OTTHUMG00000150521.7","OTTHUMT00000318724.3","UBE2Z-201","UBE2Z",3084,"protein_coding",1103,21,0.973169446,"GGACT",0.80952381,NA,NA,NA,NA,NA,NA,NA,NA,NA,0,0,0,NA,NA,NA
"1187","ENST00000361007.7","ENSG00000197879.17","OTTHUMG00000090323.17","OTTHUMT00000438815.3","MYO1C-201","MYO1C",4714,"protein_coding",3273,20,0.957907736,"AGACT",0.75,NA,NA,NA,NA,NA,NA,NA,NA,NA,0,0,0,NA,NA,NA
"1188","ENST00000361007.7","ENSG00000197879.17","OTTHUMG00000090323.17","OTTHUMT00000438815.3","MYO1C-201","MYO1C",4714,"protein_coding",3559,24,0.910339594,"GGACA",0.458333333,NA,NA,NA,NA,NA,NA,NA,NA,NA,0,0,0,NA,NA,NA
"1189","ENST00000361219.11","ENSG00000142864.15","OTTHUMG00000009372.3","OTTHUMT00000095784.1","SERBP1-201","SERBP1",6681,"protein_coding",1385,400,0.970306396,"AGACT",0.71,NA,NA,NA,NA,NA,NA,NA,NA,NA,0,0,0,NA,NA,NA
"1190","ENST00000361219.11","ENSG00000142864.15","OTTHUMG00000009372.3","OTTHUMT00000095784.1","SERBP1-201","SERBP1",6681,"protein_coding",1414,392,0.920500636,"AGACT",0.56377551,NA,NA,NA,NA,NA,NA,NA,NA,NA,0,0,0,NA,NA,NA
"1191","ENST00000361309.6","ENSG00000196776.17","OTTHUMG00000044216.4","OTTHUMT00000102793.1","CD47-202","CD47",5292,"protein_coding",361,39,0.923952758,"TGACT",0.564102564,NA,NA,NA,NA,NA,NA,NA,NA,NA,0,0,0,NA,NA,NA
"1192","ENST00000361505.10","ENSG00000198805.13","OTTHUMG00000029546.4","OTTHUMT00000073646.2","PNP-201","PNP",1477,"protein_coding",1315,228,0.907839239,"GAACT",0.526315789,NA,NA,NA,NA,NA,NA,NA,NA,NA,0,0,0,NA,NA,NA
"1193","ENST00000361611.11","ENSG00000100804.19","OTTHUMG00000028713.6","OTTHUMT00000071695.6","PSMB5-202","PSMB5",1044,"protein_coding",867,1149,0.930281997,"GGACA",0.539599652,NA,NA,NA,NA,NA,NA,NA,NA,NA,0,0,0,NA,NA,NA
"1194","ENST00000361660.8","ENSG00000198874.14","OTTHUMG00000129723.5","OTTHUMT00000346619.2","TYW1-202","TYW1",3255,"nonsense_mediated_decay",3010,57,0.951842725,"GGACT",0.736842105,NA,NA,NA,NA,NA,NA,NA,NA,NA,0,0,0,NA,NA,NA
"1195","ENST00000361690.7","ENSG00000096063.16","OTTHUMG00000014583.7","OTTHUMT00000370434.1","SRPK1-202","SRPK1",4286,"protein_coding",3464,25,0.960867941,"GGACT",0.64,0,2270,2016,1,0,1,2015,2016,4285,0,0,1,NA,NA,0.637885462555066
"1196","ENST00000361735.4","ENSG00000010165.20","OTTHUMG00000034912.7","OTTHUMT00000084528.6","METTL13-201","METTL13",3368,"protein_coding",2178,57,0.948660493,"AGACT",0.614035088,NA,NA,NA,NA,NA,NA,NA,NA,NA,0,0,0,NA,NA,NA
"1197","ENST00000361735.4","ENSG00000010165.20","OTTHUMG00000034912.7","OTTHUMT00000084528.6","METTL13-201","METTL13",3368,"protein_coding",2330,73,0.957053125,"GGACC",0.493150685,NA,NA,NA,NA,NA,NA,NA,NA,NA,0,0,0,NA,NA,NA
"1198","ENST00000361735.4","ENSG00000010165.20","OTTHUMG00000034912.7","OTTHUMT00000084528.6","METTL13-201","METTL13",3368,"protein_coding",2449,78,0.972309828,"GGACT",0.730769231,NA,NA,NA,NA,NA,NA,NA,NA,NA,0,0,0,NA,NA,NA
"1199","ENST00000361756.8","ENSG00000137522.18","OTTHUMG00000157023.4","OTTHUMT00000347132.2","RNF121-201","RNF121",2282,"protein_coding",1092,24,0.913883448,"AGACT",0.708333333,NA,NA,NA,NA,NA,NA,NA,NA,NA,0,0,0,NA,NA,NA
"1200","ENST00000361756.8","ENSG00000137522.18","OTTHUMG00000157023.4","OTTHUMT00000347132.2","RNF121-201","RNF121",2282,"protein_coding",1139,23,0.986670434,"GGACT",0.913043478,NA,NA,NA,NA,NA,NA,NA,NA,NA,0,0,0,NA,NA,NA
"1201","ENST00000361847.7","ENSG00000080823.23","OTTHUMG00000164896.9","OTTHUMT00000380848.4","MOK-201","MOK",1909,"protein_coding",1876,20,0.927083373,"TGACT",0.75,NA,NA,NA,NA,NA,NA,NA,NA,NA,0,0,0,NA,NA,NA
"1202","ENST00000361871.8","ENSG00000198736.13","OTTHUMG00000129143.2","OTTHUMT00000251203.1","MSRB1-201","MSRB1",1277,"protein_coding",746,21,0.991201282,"GGACT",0.857142857,NA,NA,NA,NA,NA,NA,NA,NA,NA,0,0,0,NA,NA,NA
"1203","ENST00000361871.8","ENSG00000198736.13","OTTHUMG00000129143.2","OTTHUMT00000251203.1","MSRB1-201","MSRB1",1277,"protein_coding",778,24,0.903606951,"AGACT",0.791666667,NA,NA,NA,NA,NA,NA,NA,NA,NA,0,0,0,NA,NA,NA
"1204","ENST00000361909.8","ENSG00000140931.20","OTTHUMG00000137503.9","OTTHUMT00000421019.1","CMTM3-201","CMTM3",2159,"protein_coding",1563,48,0.945868969,"AGACT",0.625,NA,NA,NA,NA,NA,NA,NA,NA,NA,0,0,0,NA,NA,NA
"1205","ENST00000362019.7","ENSG00000010165.20","OTTHUMG00000034912.7","OTTHUMT00000084845.1","METTL13-202","METTL13",3022,"protein_coding",1831,57,0.94722122,"AGACT",0.614035088,NA,NA,NA,NA,NA,NA,NA,NA,NA,0,0,0,NA,NA,NA
"1206","ENST00000362019.7","ENSG00000010165.20","OTTHUMG00000034912.7","OTTHUMT00000084845.1","METTL13-202","METTL13",3022,"protein_coding",1983,73,0.957467556,"GGACC",0.493150685,NA,NA,NA,NA,NA,NA,NA,NA,NA,0,0,0,NA,NA,NA
"1207","ENST00000362019.7","ENSG00000010165.20","OTTHUMG00000034912.7","OTTHUMT00000084845.1","METTL13-202","METTL13",3022,"protein_coding",2102,77,0.970936418,"GGACT",0.727272727,NA,NA,NA,NA,NA,NA,NA,NA,NA,0,0,0,NA,NA,NA
"1208","ENST00000362076.8","ENSG00000143612.21","OTTHUMG00000035981.5","OTTHUMT00000087666.2","C1orf43-202","C1orf43",1551,"protein_coding",830,218,0.973356485,"GGACT",0.752293578,NA,NA,NA,NA,NA,NA,NA,NA,NA,0,0,0,NA,NA,NA
"1209","ENST00000362091.9","ENSG00000134452.20","OTTHUMG00000017609.5","OTTHUMT00000046596.1","FBH1-201","FBH1",3548,"protein_coding",3324,27,0.912734628,"AGACT",0.481481481,NA,NA,NA,NA,NA,NA,NA,NA,NA,0,0,0,NA,NA,NA
"1210","ENST00000366159.9","ENSG00000067182.9","OTTHUMG00000168267.4","OTTHUMT00000399046.1","TNFRSF1A-202","TNFRSF1A",2990,"retained_intron",2920,20,0.924629331,"GAACT",0.55,NA,NA,NA,NA,NA,NA,NA,NA,NA,0,0,0,NA,NA,NA
"1211","ENST00000366472.6","ENSG00000175137.11","OTTHUMG00000040389.3","OTTHUMT00000097140.2","SH3BP5L-201","SH3BP5L",3148,"protein_coding",2960,20,0.965206265,"GGACT",0.75,NA,NA,NA,NA,NA,NA,NA,NA,NA,0,0,0,NA,NA,NA
"1212","ENST00000366525.8","ENSG00000153187.21","OTTHUMG00000040396.17","OTTHUMT00000492376.2","HNRNPU-202","HNRNPU",2851,"retained_intron",2108,104,0.958114922,"GAACT",0.701923077,NA,NA,NA,NA,NA,NA,NA,NA,NA,0,0,0,NA,NA,NA
"1213","ENST00000366607.5","ENSG00000173726.11","OTTHUMG00000039619.2","OTTHUMT00000095551.2","TOMM20-201","TOMM20",3283,"protein_coding",2025,32,0.980873644,"GAACT",0.65625,NA,NA,NA,NA,NA,NA,NA,NA,NA,0,0,0,NA,NA,NA
"1214","ENST00000366641.4","ENSG00000135766.9","OTTHUMG00000038027.3","OTTHUMT00000092879.2","EGLN1-201","EGLN1",4335,"protein_coding",1637,20,0.909211338,"GAACT",0.55,NA,NA,NA,NA,NA,NA,NA,NA,NA,0,0,0,NA,NA,NA
"1215","ENST00000366695.3","ENSG00000181218.6","OTTHUMG00000040046.1","-","H2AC25-201","H2AC25",895,"protein_coding",635,295,0.920661986,"GGACT",0.66440678,NA,NA,NA,NA,NA,NA,NA,NA,NA,0,0,0,NA,NA,NA
"1216","ENST00000367029.5","ENSG00000123689.6","OTTHUMG00000036479.2","OTTHUMT00000088732.2","G0S2-201","G0S2",876,"protein_coding",625,22,0.962696671,"GGACT",0.772727273,NA,NA,NA,NA,NA,NA,NA,NA,NA,0,0,0,NA,NA,NA
"1217","ENST00000367029.5","ENSG00000123689.6","OTTHUMG00000036479.2","OTTHUMT00000088732.2","G0S2-201","G0S2",876,"protein_coding",657,69,0.934575438,"GAACT",0.594202899,NA,NA,NA,NA,NA,NA,NA,NA,NA,0,0,0,NA,NA,NA
"1218","ENST00000367287.5","ENSG00000134375.11","OTTHUMG00000035806.2","OTTHUMT00000087092.2","TIMM17A-201","TIMM17A",1650,"protein_coding",664,124,0.94651711,"AGACA",0.677419355,NA,NA,NA,NA,NA,NA,NA,NA,NA,0,0,0,NA,NA,NA
"1219","ENST00000367419.10","ENSG00000055211.14","OTTHUMG00000015789.3","OTTHUMT00000042644.3","GINM1-201","GINM1",1943,"protein_coding",1053,26,0.978993654,"GGACT",0.846153846,NA,NA,NA,NA,NA,NA,NA,NA,NA,0,0,0,NA,NA,NA
"1220","ENST00000367569.4","ENSG00000169976.7","OTTHUMG00000015737.2","OTTHUMT00000042537.2","SF3B5-201","SF3B5",690,"protein_coding",338,559,0.916271329,"AGACT",0.572450805,NA,NA,NA,NA,NA,NA,NA,NA,NA,0,0,0,NA,NA,NA
"1221","ENST00000367577.7","ENSG00000162783.11","OTTHUMG00000035178.3","OTTHUMT00000085142.3","IER5-201","IER5",4201,"protein_coding",1517,20,0.904840231,"GGACT",0.55,NA,NA,NA,NA,NA,NA,NA,NA,NA,0,0,0,NA,NA,NA
"1222","ENST00000367577.7","ENSG00000162783.11","OTTHUMG00000035178.3","OTTHUMT00000085142.3","IER5-201","IER5",4201,"protein_coding",1837,29,0.962513745,"GAACT",0.724137931,NA,NA,NA,NA,NA,NA,NA,NA,NA,0,0,0,NA,NA,NA
"1223","ENST00000367627.8","ENSG00000186283.14","OTTHUMG00000035077.6","OTTHUMT00000084927.2","TOR3A-203","TOR3A",2031,"protein_coding",1331,24,0.982727885,"GGACT",0.916666667,NA,NA,NA,NA,NA,NA,NA,NA,NA,0,0,0,NA,NA,NA
"1224","ENST00000367737.9","ENSG00000010165.20","OTTHUMG00000034912.7","OTTHUMT00000084846.1","METTL13-203","METTL13",2865,"protein_coding",1826,62,0.946771383,"GGACC",0.451612903,NA,NA,NA,NA,NA,NA,NA,NA,NA,0,0,0,NA,NA,NA
"1225","ENST00000367737.9","ENSG00000010165.20","OTTHUMG00000034912.7","OTTHUMT00000084846.1","METTL13-203","METTL13",2865,"protein_coding",1945,69,0.963043094,"GGACT",0.695652174,NA,NA,NA,NA,NA,NA,NA,NA,NA,0,0,0,NA,NA,NA
"1226","ENST00000367853.3","ENSG00000197965.12","OTTHUMG00000034571.5","OTTHUMT00000083657.2","MPZL1-202","MPZL1",881,"protein_coding",675,79,0.964339614,"GGACT",0.784810127,NA,NA,NA,NA,NA,NA,NA,NA,NA,0,0,0,NA,NA,NA
"1227","ENST00000367925.6","ENSG00000117143.14","OTTHUMG00000034419.4","OTTHUMT00000083203.1","UAP1-201","UAP1",3559,"protein_coding",249,123,0.907937884,"GAACT",0.536585366,NA,NA,NA,NA,NA,NA,NA,NA,NA,0,0,0,NA,NA,NA
"1228","ENST00000367926.9","ENSG00000117143.14","OTTHUMG00000034419.4","OTTHUMT00000083202.1","UAP1-202","UAP1",3508,"protein_coding",249,123,0.909695566,"GAACT",0.536585366,NA,NA,NA,NA,NA,NA,NA,NA,NA,0,0,0,NA,NA,NA
"1229","ENST00000367942.4","ENSG00000118217.7","OTTHUMG00000023961.3","OTTHUMT00000060304.3","ATF6-201","ATF6",7470,"protein_coding",2151,20,0.937520623,"GAACT",0.6,NA,NA,NA,NA,NA,NA,NA,NA,NA,0,0,0,NA,NA,NA
"1230","ENST00000367987.1","ENSG00000158882.15","OTTHUMG00000034345.2","OTTHUMT00000083030.1","TOMM40L-201","TOMM40L",2636,"protein_coding",2216,21,0.936193824,"GAACT",0.571428571,NA,NA,NA,NA,NA,NA,NA,NA,NA,0,0,0,NA,NA,NA
"1231","ENST00000367987.1","ENSG00000158882.15","OTTHUMG00000034345.2","OTTHUMT00000083030.1","TOMM40L-201","TOMM40L",2636,"protein_coding",2376,45,0.900529265,"AGACT",0.777777778,NA,NA,NA,NA,NA,NA,NA,NA,NA,0,0,0,NA,NA,NA
"1232","ENST00000367987.1","ENSG00000158882.15","OTTHUMG00000034345.2","OTTHUMT00000083030.1","TOMM40L-201","TOMM40L",2636,"protein_coding",2522,46,0.95988071,"GGACT",0.673913043,NA,NA,NA,NA,NA,NA,NA,NA,NA,0,0,0,NA,NA,NA
"1233","ENST00000367988.8","ENSG00000158882.15","OTTHUMG00000034345.2","OTTHUMT00000083029.2","TOMM40L-202","TOMM40L",2790,"protein_coding",2242,21,0.93392396,"GAACT",0.571428571,NA,NA,NA,NA,NA,NA,NA,NA,NA,0,0,0,NA,NA,NA
"1234","ENST00000367988.8","ENSG00000158882.15","OTTHUMG00000034345.2","OTTHUMT00000083029.2","TOMM40L-202","TOMM40L",2790,"protein_coding",2548,46,0.957766235,"GGACT",0.673913043,NA,NA,NA,NA,NA,NA,NA,NA,NA,0,0,0,NA,NA,NA
"1235","ENST00000368006.8","ENSG00000158796.17","OTTHUMG00000033104.7","OTTHUMT00000080582.2","DEDD-202","DEDD",2344,"protein_coding",1196,20,0.987529993,"GGACT",0.85,NA,NA,NA,NA,NA,NA,NA,NA,NA,0,0,0,NA,NA,NA
"1236","ENST00000368020.5","ENSG00000158773.14","OTTHUMG00000031472.3","OTTHUMT00000077052.1","USF1-202","USF1",1717,"protein_coding",1417,20,0.982989967,"GGACT",0.95,NA,NA,NA,NA,NA,NA,NA,NA,NA,0,0,0,NA,NA,NA
"1237","ENST00000368021.7","ENSG00000158773.14","OTTHUMG00000031472.3","OTTHUMT00000077050.1","USF1-203","USF1",1807,"protein_coding",1507,20,0.982994854,"GGACT",0.95,NA,NA,NA,NA,NA,NA,NA,NA,NA,0,0,0,NA,NA,NA
"1238","ENST00000368072.10","ENSG00000162735.19","OTTHUMG00000033112.4","OTTHUMT00000080642.2","PEX19-201","PEX19",3653,"protein_coding",1611,58,0.929811895,"TGACC",0.5,NA,NA,NA,NA,NA,NA,NA,NA,NA,0,0,0,NA,NA,NA
"1239","ENST00000368107.2","ENSG00000158716.9","OTTHUMG00000022795.3","OTTHUMT00000085552.2","DUSP23-201","DUSP23",797,"protein_coding",670,217,0.90005219,"GGACT",0.626728111,NA,NA,NA,NA,NA,NA,NA,NA,NA,0,0,0,NA,NA,NA
"1240","ENST00000368108.7","ENSG00000158716.9","OTTHUMG00000022795.3","OTTHUMT00000059111.2","DUSP23-202","DUSP23",694,"protein_coding",567,217,0.902110636,"GGACT",0.626728111,NA,NA,NA,NA,NA,NA,NA,NA,NA,0,0,0,NA,NA,NA
"1241","ENST00000368109.5","ENSG00000158716.9","OTTHUMG00000022795.3","OTTHUMT00000059110.2","DUSP23-203","DUSP23",729,"protein_coding",602,218,0.900258064,"GGACT",0.623853211,NA,NA,NA,NA,NA,NA,NA,NA,NA,0,0,0,NA,NA,NA
"1242","ENST00000368277.3","ENSG00000160783.19","OTTHUMG00000177123.3","OTTHUMT00000040860.1","PMF1-202","PMF1",1068,"protein_coding",764,164,0.935880125,"GGACT",0.542682927,NA,NA,NA,NA,NA,NA,NA,NA,NA,0,0,0,NA,NA,NA
"1243","ENST00000368279.7","ENSG00000160783.19","OTTHUMG00000177123.3","OTTHUMT00000040861.1","PMF1-203","PMF1",1019,"protein_coding",717,160,0.933566153,"GGACT",0.55,NA,NA,NA,NA,NA,NA,NA,NA,NA,0,0,0,NA,NA,NA
"1244","ENST00000368326.5","ENSG00000203760.9","OTTHUMG00000015518.1","OTTHUMT00000042105.1","CENPW-202","CENPW",443,"protein_coding",218,45,0.948647976,"TGACT",0.688888889,NA,NA,NA,NA,NA,NA,NA,NA,NA,0,0,0,NA,NA,NA
"1245","ENST00000368336.10","ENSG00000132676.16","OTTHUMG00000035439.6","OTTHUMT00000086042.2","DAP3-202","DAP3",2056,"protein_coding",1412,232,0.9305107,"GGACT",0.711206897,NA,NA,NA,NA,NA,NA,NA,NA,NA,0,0,0,NA,NA,NA
"1246","ENST00000368445.9","ENSG00000160691.19","OTTHUMG00000037295.6","OTTHUMT00000090781.2","SHC1-202","SHC1",3472,"protein_coding",1896,68,0.907535374,"GGACA",0.455882353,NA,NA,NA,NA,NA,NA,NA,NA,NA,0,0,0,NA,NA,NA
"1247","ENST00000368445.9","ENSG00000160691.19","OTTHUMG00000037295.6","OTTHUMT00000090781.2","SHC1-202","SHC1",3472,"protein_coding",2034,68,0.935178995,"GGACC",0.397058824,NA,NA,NA,NA,NA,NA,NA,NA,NA,0,0,0,NA,NA,NA
"1248","ENST00000368445.9","ENSG00000160691.19","OTTHUMG00000037295.6","OTTHUMT00000090781.2","SHC1-202","SHC1",3472,"protein_coding",2092,91,0.993459642,"GGACT",0.89010989,NA,NA,NA,NA,NA,NA,NA,NA,NA,0,0,0,NA,NA,NA
"1249","ENST00000368449.8","ENSG00000160691.19","OTTHUMG00000037295.6","OTTHUMT00000090780.3","SHC1-203","SHC1",2879,"protein_coding",1303,59,0.905803263,"GGACA",0.423728814,NA,NA,NA,NA,NA,NA,NA,NA,NA,0,0,0,NA,NA,NA
"1250","ENST00000368449.8","ENSG00000160691.19","OTTHUMG00000037295.6","OTTHUMT00000090780.3","SHC1-203","SHC1",2879,"protein_coding",1441,60,0.928043783,"GGACC",0.4,NA,NA,NA,NA,NA,NA,NA,NA,NA,0,0,0,NA,NA,NA
"1251","ENST00000368449.8","ENSG00000160691.19","OTTHUMG00000037295.6","OTTHUMT00000090780.3","SHC1-203","SHC1",2879,"protein_coding",1499,79,0.992733777,"GGACT",0.873417722,NA,NA,NA,NA,NA,NA,NA,NA,NA,0,0,0,NA,NA,NA
"1252","ENST00000368450.5","ENSG00000160691.19","OTTHUMG00000037295.6","OTTHUMT00000090928.1","SHC1-204","SHC1",3059,"protein_coding",1483,66,0.906319201,"GGACA",0.439393939,NA,NA,NA,NA,NA,NA,NA,NA,NA,0,0,0,NA,NA,NA
"1253","ENST00000368450.5","ENSG00000160691.19","OTTHUMG00000037295.6","OTTHUMT00000090928.1","SHC1-204","SHC1",3059,"protein_coding",1621,66,0.927002132,"GGACC",0.393939394,NA,NA,NA,NA,NA,NA,NA,NA,NA,0,0,0,NA,NA,NA
"1254","ENST00000368450.5","ENSG00000160691.19","OTTHUMG00000037295.6","OTTHUMT00000090928.1","SHC1-204","SHC1",3059,"protein_coding",1679,89,0.993290901,"GGACT",0.887640449,NA,NA,NA,NA,NA,NA,NA,NA,NA,0,0,0,NA,NA,NA
"1255","ENST00000368453.8","ENSG00000160691.19","OTTHUMG00000037295.6","OTTHUMT00000090927.1","SHC1-205","SHC1",3062,"protein_coding",1486,66,0.90923667,"GGACA",0.439393939,NA,NA,NA,NA,NA,NA,NA,NA,NA,0,0,0,NA,NA,NA
"1256","ENST00000368453.8","ENSG00000160691.19","OTTHUMG00000037295.6","OTTHUMT00000090927.1","SHC1-205","SHC1",3062,"protein_coding",1624,65,0.930569708,"GGACC",0.4,NA,NA,NA,NA,NA,NA,NA,NA,NA,0,0,0,NA,NA,NA
"1257","ENST00000368453.8","ENSG00000160691.19","OTTHUMG00000037295.6","OTTHUMT00000090927.1","SHC1-205","SHC1",3062,"protein_coding",1682,88,0.993254006,"GGACT",0.886363636,NA,NA,NA,NA,NA,NA,NA,NA,NA,0,0,0,NA,NA,NA
"1258","ENST00000368518.5","ENSG00000143612.21","OTTHUMG00000035981.5","OTTHUMT00000087665.1","C1orf43-204","C1orf43",1278,"protein_coding",741,20,0.978630722,"GGACT",0.8,NA,NA,NA,NA,NA,NA,NA,NA,NA,0,0,0,NA,NA,NA
"1259","ENST00000368521.10","ENSG00000143612.21","OTTHUMG00000035981.5","OTTHUMT00000087664.2","C1orf43-206","C1orf43",1678,"protein_coding",957,187,0.976822257,"GGACT",0.759358289,NA,NA,NA,NA,NA,NA,NA,NA,NA,0,0,0,NA,NA,NA
"1260","ENST00000368589.5","ENSG00000143543.15","OTTHUMG00000036590.4","OTTHUMT00000090419.1","JTB-203","JTB",1216,"protein_coding",1112,249,0.915838599,"GGACT",0.714859438,NA,NA,NA,NA,NA,NA,NA,NA,NA,0,0,0,NA,NA,NA
"1261","ENST00000368653.7","ENSG00000148773.14","OTTHUMG00000019255.2","OTTHUMT00000051000.1","MKI67-201","MKI67",11417,"protein_coding",9797,20,0.906812191,"AGACT",0.45,NA,NA,NA,NA,NA,NA,NA,NA,NA,0,0,0,NA,NA,NA
"1262","ENST00000368654.8","ENSG00000148773.14","OTTHUMG00000019255.2","OTTHUMT00000050999.2","MKI67-202","MKI67",12716,"protein_coding",11096,20,0.909717083,"AGACT",0.45,NA,NA,NA,NA,NA,NA,NA,NA,NA,0,0,0,NA,NA,NA
"1263","ENST00000368685.6","ENSG00000143553.11","OTTHUMG00000037086.2","OTTHUMT00000090036.2","SNAPIN-201","SNAPIN",1003,"protein_coding",467,68,0.937396109,"GGACT",0.617647059,NA,NA,NA,NA,NA,NA,NA,NA,NA,0,0,0,NA,NA,NA
"1264","ENST00000368685.6","ENSG00000143553.11","OTTHUMG00000037086.2","OTTHUMT00000090036.2","SNAPIN-201","SNAPIN",1003,"protein_coding",532,64,0.927968383,"AGACA",0.734375,NA,NA,NA,NA,NA,NA,NA,NA,NA,0,0,0,NA,NA,NA
"1265","ENST00000368687.1","ENSG00000160679.14","OTTHUMG00000037052.2","OTTHUMT00000089970.1","CHTOP-202","CHTOP",1094,"protein_coding",1012,57,0.935468674,"GGACT",0.666666667,NA,NA,NA,NA,NA,NA,NA,NA,NA,0,0,0,NA,NA,NA
"1266","ENST00000368690.7","ENSG00000160679.14","OTTHUMG00000037052.2","-","CHTOP-203","CHTOP",2165,"protein_coding",1248,101,0.941921771,"GGACT",0.702970297,NA,NA,NA,NA,NA,NA,NA,NA,NA,0,0,0,NA,NA,NA
"1267","ENST00000368694.8","ENSG00000160679.14","OTTHUMG00000037052.2","OTTHUMT00000089967.2","CHTOP-204","CHTOP",2079,"protein_coding",1161,100,0.940717638,"GGACT",0.7,NA,NA,NA,NA,NA,NA,NA,NA,NA,0,0,0,NA,NA,NA
"1268","ENST00000368873.6","ENSG00000143393.17","OTTHUMG00000012348.14","OTTHUMT00000034400.3","PI4KB-202","PI4KB",3673,"protein_coding",2883,64,0.951529145,"GGACT",0.65625,NA,NA,NA,NA,NA,NA,NA,NA,NA,0,0,0,NA,NA,NA
"1269","ENST00000368874.8","ENSG00000143393.17","OTTHUMG00000012348.14","OTTHUMT00000034401.5","PI4KB-203","PI4KB",3934,"protein_coding",3137,64,0.947987854,"GGACT",0.65625,NA,NA,NA,NA,NA,NA,NA,NA,NA,0,0,0,NA,NA,NA
"1270","ENST00000368875.6","ENSG00000143393.17","OTTHUMG00000012348.14","OTTHUMT00000034402.5","PI4KB-204","PI4KB",3983,"protein_coding",3326,63,0.948023438,"GGACT",0.650793651,NA,NA,NA,NA,NA,NA,NA,NA,NA,0,0,0,NA,NA,NA
"1271","ENST00000368892.9","ENSG00000163159.15","OTTHUMG00000012345.10","OTTHUMT00000034393.3","VPS72-202","VPS72",1511,"protein_coding",1068,49,0.903260708,"GGACT",0.551020408,NA,NA,NA,NA,NA,NA,NA,NA,NA,0,0,0,NA,NA,NA
"1272","ENST00000368921.5","ENSG00000213190.4","OTTHUMG00000035160.3","OTTHUMT00000085103.3","MLLT11-201","MLLT11",2483,"protein_coding",420,27,0.936761677,"GAACT",0.62962963,NA,NA,NA,NA,NA,NA,NA,NA,NA,0,0,0,NA,NA,NA
"1273","ENST00000368954.10","ENSG00000143418.20","OTTHUMG00000035064.8","OTTHUMT00000084897.3","CERS2-205","CERS2",2323,"protein_coding",1356,112,0.954620838,"TGACT",0.508928571,NA,NA,NA,NA,NA,NA,NA,NA,NA,0,0,0,NA,NA,NA
"1274","ENST00000369026.3","ENSG00000143384.14","OTTHUMG00000034866.2","OTTHUMT00000084402.2","MCL1-202","MCL1",3950,"protein_coding",1203,21,0.959611773,"GGACT",0.714285714,NA,NA,NA,NA,NA,NA,NA,NA,NA,0,0,0,NA,NA,NA
"1275","ENST00000369093.6","ENSG00000151923.18","OTTHUMG00000019156.8","OTTHUMT00000050668.2","TIAL1-203","TIAL1",5072,"protein_coding",1215,90,0.964600444,"GGACT",0.766666667,NA,NA,NA,NA,NA,NA,NA,NA,NA,0,0,0,NA,NA,NA
"1276","ENST00000369093.6","ENSG00000151923.18","OTTHUMG00000019156.8","OTTHUMT00000050668.2","TIAL1-203","TIAL1",5072,"protein_coding",1458,45,0.907901525,"AGACA",0.355555556,NA,NA,NA,NA,NA,NA,NA,NA,NA,0,0,0,NA,NA,NA
"1277","ENST00000369101.7","ENSG00000148908.15","OTTHUMG00000019150.2","OTTHUMT00000050655.1","RGS10-201","RGS10",738,"protein_coding",643,166,0.916805804,"GGACT",0.578313253,NA,NA,NA,NA,NA,NA,NA,NA,NA,0,0,0,NA,NA,NA
"1278","ENST00000369103.3","ENSG00000148908.15","OTTHUMG00000019150.2","OTTHUMT00000050654.2","RGS10-202","RGS10",923,"protein_coding",720,177,0.920977712,"GGACT",0.587570621,NA,NA,NA,NA,NA,NA,NA,NA,NA,0,0,0,NA,NA,NA
"1279","ENST00000369415.9","ENSG00000025039.15","OTTHUMG00000015200.3","OTTHUMT00000041484.2","RRAGD-202","RRAGD",4923,"protein_coding",1575,55,0.908548534,"GGACA",0.418181818,NA,NA,NA,NA,NA,NA,NA,NA,NA,0,0,0,NA,NA,NA
"1280","ENST00000369633.6","ENSG00000155366.17","OTTHUMG00000011905.6","-","RHOC-204","RHOC",1295,"protein_coding",1007,321,0.918225706,"GGACT",0.588785047,NA,NA,NA,NA,NA,NA,NA,NA,NA,0,0,0,NA,NA,NA
"1281","ENST00000369637.5","ENSG00000155366.17","OTTHUMG00000011905.6","OTTHUMT00000033236.1","RHOC-206","RHOC",888,"protein_coding",786,20,0.954680204,"GGACT",0.65,NA,NA,NA,NA,NA,NA,NA,NA,NA,0,0,0,NA,NA,NA
"1282","ENST00000369638.6","ENSG00000155366.17","OTTHUMG00000011905.6","OTTHUMT00000033244.2","RHOC-207","RHOC",1028,"protein_coding",888,114,0.925353646,"GGACT",0.596491228,NA,NA,NA,NA,NA,NA,NA,NA,NA,0,0,0,NA,NA,NA
"1283","ENST00000369642.7","ENSG00000155366.17","OTTHUMG00000011905.6","OTTHUMT00000032905.2","RHOC-208","RHOC",1355,"protein_coding",1071,318,0.91944778,"GGACT",0.588050314,NA,NA,NA,NA,NA,NA,NA,NA,NA,0,0,0,NA,NA,NA
"1284","ENST00000369644.5","ENSG00000155363.19","OTTHUMG00000011906.1","OTTHUMT00000032908.1","MOV10-202","MOV10",4100,"protein_coding",3649,42,0.912222028,"TGACT",0.666666667,NA,NA,NA,NA,NA,NA,NA,NA,NA,0,0,0,NA,NA,NA
"1285","ENST00000369645.6","ENSG00000155363.19","OTTHUMG00000011906.1","OTTHUMT00000032911.1","MOV10-203","MOV10",3380,"protein_coding",2924,42,0.913241625,"TGACT",0.666666667,NA,NA,NA,NA,NA,NA,NA,NA,NA,0,0,0,NA,NA,NA
"1286","ENST00000369660.9","ENSG00000102178.13","OTTHUMG00000013370.6","OTTHUMT00000037238.4","UBL4A-202","UBL4A",2327,"protein_coding",1101,57,0.994193971,"GGACT",0.912280702,NA,NA,NA,NA,NA,NA,NA,NA,NA,0,0,0,NA,NA,NA
"1287","ENST00000369660.9","ENSG00000102178.13","OTTHUMG00000013370.6","OTTHUMT00000037238.4","UBL4A-202","UBL4A",2327,"protein_coding",1185,56,0.907247186,"AAACT",0.571428571,NA,NA,NA,NA,NA,NA,NA,NA,NA,0,0,0,NA,NA,NA
"1288","ENST00000369660.9","ENSG00000102178.13","OTTHUMG00000013370.6","OTTHUMT00000037238.4","UBL4A-202","UBL4A",2327,"protein_coding",1316,83,0.916059375,"TGACT",0.397590361,NA,NA,NA,NA,NA,NA,NA,NA,NA,0,0,0,NA,NA,NA
"1289","ENST00000369660.9","ENSG00000102178.13","OTTHUMG00000013370.6","OTTHUMT00000037238.4","UBL4A-202","UBL4A",2327,"protein_coding",1494,95,0.973459125,"GGACT",0.863157895,NA,NA,NA,NA,NA,NA,NA,NA,NA,0,0,0,NA,NA,NA
"1290","ENST00000369762.7","ENSG00000071553.18","OTTHUMG00000033291.11","OTTHUMT00000081639.6","ATP6AP1-201","ATP6AP1",2054,"protein_coding",907,64,0.950535893,"TGACT",0.6875,NA,NA,NA,NA,NA,NA,NA,NA,NA,0,0,0,NA,NA,NA
"1291","ENST00000369798.7","ENSG00000112742.10","OTTHUMG00000015088.5","OTTHUMT00000041316.3","TTK-202","TTK",2966,"protein_coding",2687,65,0.920453131,"GGACT",0.707692308,NA,NA,NA,NA,NA,NA,NA,NA,NA,0,0,0,NA,NA,NA
"1292","ENST00000369851.7","ENSG00000065135.12","OTTHUMG00000189112.3","OTTHUMT00000032222.4","GNAI3-201","GNAI3",9044,"protein_coding",1470,83,0.940311313,"GAACT",0.518072289,NA,NA,NA,NA,NA,NA,NA,NA,NA,0,0,0,NA,NA,NA
"1293","ENST00000369903.6","ENSG00000134222.16","OTTHUMG00000012000.6","OTTHUMT00000335570.2","PSRC1-201","PSRC1",1710,"protein_coding",1198,28,0.918593168,"GGACT",0.571428571,NA,NA,NA,NA,NA,NA,NA,NA,NA,0,0,0,NA,NA,NA
"1294","ENST00000369903.6","ENSG00000134222.16","OTTHUMG00000012000.6","OTTHUMT00000335570.2","PSRC1-201","PSRC1",1710,"protein_coding",1503,29,0.931285024,"GGACA",0.586206897,NA,NA,NA,NA,NA,NA,NA,NA,NA,0,0,0,NA,NA,NA
"1295","ENST00000369903.6","ENSG00000134222.16","OTTHUMG00000012000.6","OTTHUMT00000335570.2","PSRC1-201","PSRC1",1710,"protein_coding",1583,32,0.977529645,"GGACT",0.875,NA,NA,NA,NA,NA,NA,NA,NA,NA,0,0,0,NA,NA,NA
"1296","ENST00000369904.7","ENSG00000134222.16","OTTHUMG00000012000.6","OTTHUMT00000033185.1","PSRC1-202","PSRC1",1584,"protein_coding",1428,49,0.979191303,"GGACT",0.836734694,NA,NA,NA,NA,NA,NA,NA,NA,NA,0,0,0,NA,NA,NA
"1297","ENST00000369907.7","ENSG00000134222.16","OTTHUMG00000012000.6","OTTHUMT00000033184.1","PSRC1-203","PSRC1",1717,"protein_coding",1561,78,0.977179468,"GGACT",0.820512821,118,597,1002,1,118,119,1119,1120,1716,0,0,1,NA,NA,0.738693467336683
"1298","ENST00000369909.7","ENSG00000134222.16","OTTHUMG00000012000.6","-","PSRC1-204","PSRC1",1720,"protein_coding",1564,82,0.979413211,"GGACT",0.829268293,NA,NA,NA,NA,NA,NA,NA,NA,NA,0,0,0,NA,NA,NA
"1299","ENST00000369956.8","ENSG00000107872.14","OTTHUMG00000018957.7","OTTHUMT00000050059.3","FBXL15-201","FBXL15",1340,"protein_coding",953,21,0.954998553,"GAACT",0.476190476,NA,NA,NA,NA,NA,NA,NA,NA,NA,0,0,0,NA,NA,NA
"1300","ENST00000369956.8","ENSG00000107872.14","OTTHUMG00000018957.7","OTTHUMT00000050059.3","FBXL15-201","FBXL15",1340,"protein_coding",1224,21,0.98743552,"GGACT",0.904761905,NA,NA,NA,NA,NA,NA,NA,NA,NA,0,0,0,NA,NA,NA
"1301","ENST00000370105.7","ENSG00000117543.22","OTTHUMG00000010829.3","OTTHUMT00000029884.1","DPH5-202","DPH5",2159,"protein_coding_CDS_not_defined",1367,67,0.900388777,"GGACT",0.776119403,NA,NA,NA,NA,NA,NA,NA,NA,NA,0,0,0,NA,NA,NA
"1302","ENST00000370109.8","ENSG00000117543.22","OTTHUMG00000010829.3","OTTHUMT00000029881.2","DPH5-203","DPH5",1768,"protein_coding",976,68,0.900367618,"GGACT",0.779411765,NA,NA,NA,NA,NA,NA,NA,NA,NA,0,0,0,NA,NA,NA
"1303","ENST00000370272.9","ENSG00000117505.13","OTTHUMG00000010862.3","OTTHUMT00000029976.3","DR1-202","DR1",10124,"protein_coding",687,20,0.982002556,"GGACC",0.65,NA,NA,NA,NA,NA,NA,NA,NA,NA,0,0,0,NA,NA,NA
"1304","ENST00000370275.8","ENSG00000101199.13","OTTHUMG00000032965.8","OTTHUMT00000316915.2","ARFGAP1-202","ARFGAP1",3467,"protein_coding",3058,34,0.987389684,"GGACC",0.794117647,NA,NA,NA,NA,NA,NA,NA,NA,NA,0,0,0,NA,NA,NA
"1305","ENST00000370275.8","ENSG00000101199.13","OTTHUMG00000032965.8","OTTHUMT00000316915.2","ARFGAP1-202","ARFGAP1",3467,"protein_coding",3092,33,0.969653845,"GGACT",0.757575758,NA,NA,NA,NA,NA,NA,NA,NA,NA,0,0,0,NA,NA,NA
"1306","ENST00000370283.9","ENSG00000101199.13","OTTHUMG00000032965.8","OTTHUMT00000080134.5","ARFGAP1-203","ARFGAP1",3250,"protein_coding",2839,34,0.986489356,"GGACC",0.794117647,NA,NA,NA,NA,NA,NA,NA,NA,NA,0,0,0,NA,NA,NA
"1307","ENST00000370283.9","ENSG00000101199.13","OTTHUMG00000032965.8","OTTHUMT00000080134.5","ARFGAP1-203","ARFGAP1",3250,"protein_coding",2873,33,0.969923079,"GGACT",0.757575758,NA,NA,NA,NA,NA,NA,NA,NA,NA,0,0,0,NA,NA,NA
"1308","ENST00000370372.7","ENSG00000196072.12","OTTHUMG00000018908.3","OTTHUMT00000049861.3","BLOC1S2-202","BLOC1S2",2619,"protein_coding",177,23,0.944391131,"TGACT",0.652173913,NA,NA,NA,NA,NA,NA,NA,NA,NA,0,0,0,NA,NA,NA
"1309","ENST00000370372.7","ENSG00000196072.12","OTTHUMG00000018908.3","OTTHUMT00000049861.3","BLOC1S2-202","BLOC1S2",2619,"protein_coding",604,69,0.913078249,"GGACT",0.623188406,NA,NA,NA,NA,NA,NA,NA,NA,NA,0,0,0,NA,NA,NA
"1310","ENST00000370372.7","ENSG00000196072.12","OTTHUMG00000018908.3","OTTHUMT00000049861.3","BLOC1S2-202","BLOC1S2",2619,"protein_coding",707,78,0.967282832,"AGACT",0.833333333,NA,NA,NA,NA,NA,NA,NA,NA,NA,0,0,0,NA,NA,NA
"1311","ENST00000370404.5","ENSG00000197021.9","OTTHUMG00000034327.6","OTTHUMT00000083079.1","EOLA2-202","EOLA2",1316,"protein_coding",859,60,0.948825181,"TGACT",0.666666667,NA,NA,NA,NA,NA,NA,NA,NA,NA,0,0,0,NA,NA,NA
"1312","ENST00000370406.8","ENSG00000197021.9","OTTHUMG00000034327.6","OTTHUMT00000082896.3","EOLA2-203","EOLA2",1333,"protein_coding",872,62,0.946623385,"TGACT",0.677419355,NA,NA,NA,NA,NA,NA,NA,NA,NA,0,0,0,NA,NA,NA
"1313","ENST00000370476.10","ENSG00000119929.13","OTTHUMG00000018889.5","OTTHUMT00000049811.2","CUTC-202","CUTC",1332,"protein_coding",1034,43,0.999215066,"GGACA",0.76744186,NA,NA,NA,NA,NA,NA,NA,NA,NA,0,0,0,NA,NA,NA
"1314","ENST00000370487.5","ENSG00000101189.7","OTTHUMG00000032940.3","OTTHUMT00000080080.3","MRGBP-201","MRGBP",2752,"protein_coding",850,61,0.968697131,"GGACC",0.819672131,NA,NA,NA,NA,NA,NA,NA,NA,NA,0,0,0,NA,NA,NA
"1315","ENST00000370487.5","ENSG00000101189.7","OTTHUMG00000032940.3","OTTHUMT00000080080.3","MRGBP-201","MRGBP",2752,"protein_coding",860,76,0.95197016,"GGACC",0.631578947,NA,NA,NA,NA,NA,NA,NA,NA,NA,0,0,0,NA,NA,NA
"1316","ENST00000370487.5","ENSG00000101189.7","OTTHUMG00000032940.3","OTTHUMT00000080080.3","MRGBP-201","MRGBP",2752,"protein_coding",870,65,0.986254513,"GGACC",0.846153846,NA,NA,NA,NA,NA,NA,NA,NA,NA,0,0,0,NA,NA,NA
"1317","ENST00000370487.5","ENSG00000101189.7","OTTHUMG00000032940.3","OTTHUMT00000080080.3","MRGBP-201","MRGBP",2752,"protein_coding",1113,64,0.982953548,"TGACT",0.78125,NA,NA,NA,NA,NA,NA,NA,NA,NA,0,0,0,NA,NA,NA
"1318","ENST00000370500.10","ENSG00000137947.12","OTTHUMG00000010611.4","OTTHUMT00000029279.2","GTF2B-201","GTF2B",1599,"protein_coding",925,45,0.975488901,"AGACA",0.866666667,NA,NA,NA,NA,NA,NA,NA,NA,NA,0,0,0,NA,NA,NA
"1319","ENST00000370693.5","ENSG00000112208.11","OTTHUMG00000014919.3","OTTHUMT00000041044.2","BAG2-201","BAG2",6651,"protein_coding",897,20,0.975155056,"AGACT",0.85,372,5643,636,1,372,373,1007,1008,6650,0,1,0,NA,0.825471698113208,NA
"1320","ENST00000370842.6","ENSG00000171307.19","OTTHUMG00000018847.6","OTTHUMT00000049662.2","ZDHHC16-204","ZDHHC16",1877,"protein_coding",1597,93,0.971705079,"GGACT",0.720430108,NA,NA,NA,NA,NA,NA,NA,NA,NA,0,0,0,NA,NA,NA
"1321","ENST00000370854.7","ENSG00000171307.19","OTTHUMG00000018847.6","OTTHUMT00000049658.2","ZDHHC16-206","ZDHHC16",1798,"protein_coding",1518,72,0.976973891,"GGACT",0.805555556,NA,NA,NA,NA,NA,NA,NA,NA,NA,0,0,0,NA,NA,NA
"1322","ENST00000370990.5","ENSG00000142864.15","OTTHUMG00000009372.3","OTTHUMT00000095785.1","SERBP1-202","SERBP1",1621,"protein_coding",1382,370,0.9718346,"AGACT",0.713513514,NA,NA,NA,NA,NA,NA,NA,NA,NA,0,0,0,NA,NA,NA
"1323","ENST00000370990.5","ENSG00000142864.15","OTTHUMG00000009372.3","OTTHUMT00000095785.1","SERBP1-202","SERBP1",1621,"protein_coding",1411,355,0.921613395,"AGACT",0.554929577,NA,NA,NA,NA,NA,NA,NA,NA,NA,0,0,0,NA,NA,NA
"1324","ENST00000370992.9","ENSG00000052749.14","OTTHUMG00000018855.8","OTTHUMT00000530195.1","RRP12-202","RRP12",4396,"protein_coding",4107,33,0.903292716,"GGACT",0.727272727,NA,NA,NA,NA,NA,NA,NA,NA,NA,0,0,0,NA,NA,NA
"1325","ENST00000370994.8","ENSG00000142864.15","OTTHUMG00000009372.3","OTTHUMT00000025983.2","SERBP1-203","SERBP1",6676,"protein_coding",1380,400,0.972124517,"AGACT",0.71,NA,NA,NA,NA,NA,NA,NA,NA,NA,0,0,0,NA,NA,NA
"1326","ENST00000370994.8","ENSG00000142864.15","OTTHUMG00000009372.3","OTTHUMT00000025983.2","SERBP1-203","SERBP1",6676,"protein_coding",1409,392,0.92363131,"AGACT",0.56377551,NA,NA,NA,NA,NA,NA,NA,NA,NA,0,0,0,NA,NA,NA
"1327","ENST00000370995.6","ENSG00000142864.15","OTTHUMG00000009372.3","OTTHUMT00000025984.2","SERBP1-204","SERBP1",3482,"protein_coding",1414,398,0.969384789,"AGACT",0.708542714,NA,NA,NA,NA,NA,NA,NA,NA,NA,0,0,0,NA,NA,NA
"1328","ENST00000370995.6","ENSG00000142864.15","OTTHUMG00000009372.3","OTTHUMT00000025984.2","SERBP1-204","SERBP1",3482,"protein_coding",1443,390,0.925540268,"AGACT",0.561538462,NA,NA,NA,NA,NA,NA,NA,NA,NA,0,0,0,NA,NA,NA
"1329","ENST00000371084.8","ENSG00000079739.17","OTTHUMG00000008968.5","OTTHUMT00000024868.2","PGM1-202","PGM1",2337,"protein_coding",1959,24,0.939255476,"GGACC",0.5,NA,NA,NA,NA,NA,NA,NA,NA,NA,0,0,0,NA,NA,NA
"1330","ENST00000371217.10","ENSG00000119977.22","OTTHUMG00000018814.7","OTTHUMT00000471858.2","TCTN3-203","TCTN3",2518,"protein_coding",1715,25,0.947226584,"GGACT",0.72,NA,NA,NA,NA,NA,NA,NA,NA,NA,0,0,0,NA,NA,NA
"1331","ENST00000371217.10","ENSG00000119977.22","OTTHUMG00000018814.7","OTTHUMT00000471858.2","TCTN3-203","TCTN3",2518,"protein_coding",1843,31,0.92322737,"AGACT",0.774193548,NA,NA,NA,NA,NA,NA,NA,NA,NA,0,0,0,NA,NA,NA
"1332","ENST00000371217.10","ENSG00000119977.22","OTTHUMG00000018814.7","OTTHUMT00000471858.2","TCTN3-203","TCTN3",2518,"protein_coding",2265,24,0.99059093,"GGACT",0.916666667,NA,NA,NA,NA,NA,NA,NA,NA,NA,0,0,0,NA,NA,NA
"1333","ENST00000371222.4","ENSG00000177606.9","OTTHUMG00000008376.2","OTTHUMT00000023042.2","JUN-201","JUN",3257,"protein_coding",2250,24,0.968369007,"GGACT",0.875,NA,NA,NA,NA,NA,NA,NA,NA,NA,0,0,0,NA,NA,NA
"1334","ENST00000371222.4","ENSG00000177606.9","OTTHUMG00000008376.2","OTTHUMT00000023042.2","JUN-201","JUN",3257,"protein_coding",2274,23,0.946223199,"GAACT",0.608695652,NA,NA,NA,NA,NA,NA,NA,NA,NA,0,0,0,NA,NA,NA
"1335","ENST00000371222.4","ENSG00000177606.9","OTTHUMG00000008376.2","OTTHUMT00000023042.2","JUN-201","JUN",3257,"protein_coding",2349,28,0.900220454,"AGACT",0.535714286,NA,NA,NA,NA,NA,NA,NA,NA,NA,0,0,0,NA,NA,NA
"1336","ENST00000371269.9","ENSG00000116133.13","OTTHUMG00000009989.17","OTTHUMT00000501208.2","DHCR24-201","DHCR24",4233,"protein_coding",3162,20,0.984891117,"GGACA",0.85,NA,NA,NA,NA,NA,NA,NA,NA,NA,0,0,0,NA,NA,NA
"1337","ENST00000371281.4","ENSG00000243725.7","OTTHUMG00000009914.4","OTTHUMT00000027432.2","TTC4-201","TTC4",2356,"protein_coding",1450,22,0.905800402,"GGACT",0.681818182,NA,NA,NA,NA,NA,NA,NA,NA,NA,0,0,0,NA,NA,NA
"1338","ENST00000371281.4","ENSG00000243725.7","OTTHUMG00000009914.4","OTTHUMT00000027432.2","TTC4-201","TTC4",2356,"protein_coding",1527,22,0.978543401,"GGACT",0.727272727,NA,NA,NA,NA,NA,NA,NA,NA,NA,0,0,0,NA,NA,NA
"1339","ENST00000371281.4","ENSG00000243725.7","OTTHUMG00000009914.4","OTTHUMT00000027432.2","TTC4-201","TTC4",2356,"protein_coding",1554,27,0.918701589,"GAACT",0.481481481,NA,NA,NA,NA,NA,NA,NA,NA,NA,0,0,0,NA,NA,NA
"1340","ENST00000371281.4","ENSG00000243725.7","OTTHUMG00000009914.4","OTTHUMT00000027432.2","TTC4-201","TTC4",2356,"protein_coding",1837,58,0.937439382,"GGACT",0.620689655,NA,NA,NA,NA,NA,NA,NA,NA,NA,0,0,0,NA,NA,NA
"1341","ENST00000371284.9","ENSG00000243725.7","OTTHUMG00000009914.4","OTTHUMT00000027433.2","TTC4-202","TTC4",2124,"protein_coding_CDS_not_defined",1955,51,0.930043459,"GGACT",0.607843137,NA,NA,NA,NA,NA,NA,NA,NA,NA,0,0,0,NA,NA,NA
"1342","ENST00000371313.2","ENSG00000171155.8","OTTHUMG00000022305.2","OTTHUMT00000058118.1","C1GALT1C1-202","C1GALT1C1",1492,"protein_coding",843,21,0.9383623,"AGACT",0.714285714,NA,NA,NA,NA,NA,NA,NA,NA,NA,0,0,0,NA,NA,NA
"1343","ENST00000371313.2","ENSG00000171155.8","OTTHUMG00000022305.2","OTTHUMT00000058118.1","C1GALT1C1-202","C1GALT1C1",1492,"protein_coding",1095,68,0.960587084,"GGACT",0.794117647,NA,NA,NA,NA,NA,NA,NA,NA,NA,0,0,0,NA,NA,NA
"1344","ENST00000371356.6","ENSG00000087586.18","OTTHUMG00000032796.7","OTTHUMT00000079808.1","AURKA-203","AURKA",2112,"protein_coding",913,60,0.916162431,"GAACT",0.633333333,NA,NA,NA,NA,NA,NA,NA,NA,NA,0,0,0,NA,NA,NA
"1345","ENST00000371356.6","ENSG00000087586.18","OTTHUMG00000032796.7","OTTHUMT00000079808.1","AURKA-203","AURKA",2112,"protein_coding",1428,87,0.941613555,"TGACT",0.75862069,NA,NA,NA,NA,NA,NA,NA,NA,NA,0,0,0,NA,NA,NA
"1346","ENST00000371399.5","ENSG00000058799.15","OTTHUMG00000008074.9","OTTHUMT00000022104.4","YIPF1-202","YIPF1",1503,"protein_coding",1470,20,0.9039132,"GAACT",0.55,NA,NA,NA,NA,NA,NA,NA,NA,NA,0,0,0,NA,NA,NA
"1347","ENST00000371442.4","ENSG00000125352.6","OTTHUMG00000022283.2","OTTHUMT00000058071.2","RNF113A-201","RNF113A",1259,"protein_coding",730,58,0.91906482,"GGACT",0.568965517,NA,NA,NA,NA,NA,NA,NA,NA,NA,0,0,0,NA,NA,NA
"1348","ENST00000371473.7","ENSG00000165802.23","OTTHUMG00000020989.5","-","NSMF-204","NSMF",3556,"protein_coding",2674,23,0.960865378,"GGACT",0.608695652,NA,NA,NA,NA,NA,NA,NA,NA,NA,0,0,0,NA,NA,NA
"1349","ENST00000371474.7","ENSG00000165802.23","OTTHUMG00000020989.5","-","NSMF-205","NSMF",3571,"protein_coding",2689,23,0.959648013,"GGACT",0.608695652,NA,NA,NA,NA,NA,NA,NA,NA,NA,0,0,0,NA,NA,NA
"1350","ENST00000371475.9","ENSG00000165802.23","OTTHUMG00000020989.5","OTTHUMT00000493217.2","NSMF-206","NSMF",3649,"protein_coding",2764,23,0.959467113,"GGACT",0.608695652,232,1824,1593,1,232,233,1824,1825,3648,0,0,1,NA,NA,0.514802631578947
"1351","ENST00000371482.5","ENSG00000165802.23","OTTHUMG00000020989.5","OTTHUMT00000055332.2","NSMF-207","NSMF",2888,"retained_intron",2658,21,0.942036808,"GGACT",0.619047619,NA,NA,NA,NA,NA,NA,NA,NA,NA,0,0,0,NA,NA,NA
"1352","ENST00000371579.7","ENSG00000176978.15","OTTHUMG00000020977.4","OTTHUMT00000055279.2","DPP7-201","DPP7",1601,"protein_coding",1506,58,0.930591762,"GGACT",0.568965517,NA,NA,NA,NA,NA,NA,NA,NA,NA,0,0,0,NA,NA,NA
"1353","ENST00000371674.8","ENSG00000244687.13","OTTHUMG00000152626.6","OTTHUMT00000080530.1","UBE2V1-203","UBE2V1",2110,"protein_coding",447,23,0.980126858,"GGACA",0.695652174,NA,NA,NA,NA,NA,NA,NA,NA,NA,0,0,0,NA,NA,NA
"1354","ENST00000371691.5","ENSG00000165716.11","OTTHUMG00000020940.2","OTTHUMT00000055103.1","DIPK1B-201","DIPK1B",2410,"protein_coding",2321,51,0.928361356,"GGACA",0.607843137,NA,NA,NA,NA,NA,NA,NA,NA,NA,0,0,0,NA,NA,NA
"1355","ENST00000371692.9","ENSG00000165716.11","OTTHUMG00000020940.2","OTTHUMT00000055102.2","DIPK1B-202","DIPK1B",2358,"protein_coding",1577,58,0.919591069,"GGACA",0.586206897,NA,NA,NA,NA,NA,NA,NA,NA,NA,0,0,0,NA,NA,NA
"1356","ENST00000371708.1","ENSG00000112759.19","OTTHUMG00000014759.5","OTTHUMT00000040719.1","SLC29A1-201","SLC29A1",2159,"protein_coding",1719,121,0.976010919,"GGACA",0.727272727,NA,NA,NA,NA,NA,NA,NA,NA,NA,0,0,0,NA,NA,NA
"1357","ENST00000371713.6","ENSG00000112759.19","OTTHUMG00000014759.5","OTTHUMT00000494221.1","SLC29A1-202","SLC29A1",2283,"protein_coding",1842,119,0.976136863,"GGACA",0.722689076,NA,NA,NA,NA,NA,NA,NA,NA,NA,0,0,0,NA,NA,NA
"1358","ENST00000371717.8","ENSG00000165688.14","OTTHUMG00000020926.5","OTTHUMT00000055054.3","PMPCA-201","PMPCA",2086,"protein_coding",1657,48,0.980895519,"GGACA",0.833333333,NA,NA,NA,NA,NA,NA,NA,NA,NA,0,0,0,NA,NA,NA
"1359","ENST00000371717.8","ENSG00000165688.14","OTTHUMG00000020926.5","OTTHUMT00000055054.3","PMPCA-201","PMPCA",2086,"protein_coding",1745,57,0.947588027,"GAACT",0.666666667,NA,NA,NA,NA,NA,NA,NA,NA,NA,0,0,0,NA,NA,NA
"1360","ENST00000371717.8","ENSG00000165688.14","OTTHUMG00000020926.5","OTTHUMT00000055054.3","PMPCA-201","PMPCA",2086,"protein_coding",1977,88,0.986410737,"GGACT",0.715909091,NA,NA,NA,NA,NA,NA,NA,NA,NA,0,0,0,NA,NA,NA
"1361","ENST00000371724.6","ENSG00000112759.19","OTTHUMG00000014759.5","OTTHUMT00000494223.1","SLC29A1-203","SLC29A1",2301,"protein_coding",1861,118,0.97255981,"GGACA",0.711864407,NA,NA,NA,NA,NA,NA,NA,NA,NA,0,0,0,NA,NA,NA
"1362","ENST00000371755.9","ENSG00000112759.19","OTTHUMG00000014759.5","OTTHUMT00000040717.3","SLC29A1-206","SLC29A1",2083,"protein_coding",1642,121,0.975519061,"GGACA",0.710743802,NA,NA,NA,NA,NA,NA,NA,NA,NA,0,0,0,NA,NA,NA
"1363","ENST00000371756.4","ENSG00000130560.9","OTTHUMG00000020920.2","OTTHUMT00000055034.2","UBAC1-201","UBAC1",1860,"protein_coding",1537,70,0.967732668,"GGACT",0.842857143,NA,NA,NA,NA,NA,NA,NA,NA,NA,0,0,0,NA,NA,NA
"1364","ENST00000371785.5","ENSG00000122140.13","OTTHUMG00000020910.4","OTTHUMT00000054998.1","MRPS2-202","MRPS2",1640,"protein_coding",690,62,0.964079142,"TGACT",0.758064516,NA,NA,NA,NA,NA,NA,NA,NA,NA,0,0,0,NA,NA,NA
"1365","ENST00000371785.5","ENSG00000122140.13","OTTHUMG00000020910.4","OTTHUMT00000054998.1","MRPS2-202","MRPS2",1640,"protein_coding",1261,148,0.908397615,"GGACC",0.52027027,NA,NA,NA,NA,NA,NA,NA,NA,NA,0,0,0,NA,NA,NA
"1366","ENST00000371785.5","ENSG00000122140.13","OTTHUMG00000020910.4","OTTHUMT00000054998.1","MRPS2-202","MRPS2",1640,"protein_coding",1350,186,0.915333688,"GGACC",0.586021505,NA,NA,NA,NA,NA,NA,NA,NA,NA,0,0,0,NA,NA,NA
"1367","ENST00000371897.8","ENSG00000160326.14","OTTHUMG00000020874.4","OTTHUMT00000054910.1","SLC2A6-201","SLC2A6",2301,"protein_coding",1855,21,0.953649521,"GGACT",0.857142857,NA,NA,NA,NA,NA,NA,NA,NA,NA,0,0,0,NA,NA,NA
"1368","ENST00000371899.9","ENSG00000160326.14","OTTHUMG00000020874.4","OTTHUMT00000054909.2","SLC2A6-202","SLC2A6",2491,"protein_coding",2044,21,0.95296216,"GGACT",0.857142857,NA,NA,NA,NA,NA,NA,NA,NA,NA,0,0,0,NA,NA,NA
"1369","ENST00000371989.8","ENSG00000148248.14","OTTHUMG00000020868.3","OTTHUMT00000054886.2","SURF4-202","SURF4",2930,"protein_coding",948,68,0.975615978,"GGACT",0.735294118,NA,NA,NA,NA,NA,NA,NA,NA,NA,0,0,0,NA,NA,NA
"1370","ENST00000371989.8","ENSG00000148248.14","OTTHUMG00000020868.3","OTTHUMT00000054886.2","SURF4-202","SURF4",2930,"protein_coding",1037,74,0.945599616,"GAACT",0.567567568,NA,NA,NA,NA,NA,NA,NA,NA,NA,0,0,0,NA,NA,NA
"1371","ENST00000371989.8","ENSG00000148248.14","OTTHUMG00000020868.3","OTTHUMT00000054886.2","SURF4-202","SURF4",2930,"protein_coding",1805,94,0.900498748,"GGACT",0.457446809,NA,NA,NA,NA,NA,NA,NA,NA,NA,0,0,0,NA,NA,NA
"1372","ENST00000371989.8","ENSG00000148248.14","OTTHUMG00000020868.3","OTTHUMT00000054886.2","SURF4-202","SURF4",2930,"protein_coding",1912,69,0.955665648,"GGACA",0.710144928,NA,NA,NA,NA,NA,NA,NA,NA,NA,0,0,0,NA,NA,NA
"1373","ENST00000372014.5","ENSG00000180992.7","OTTHUMG00000014756.3","OTTHUMT00000040707.3","MRPL14-201","MRPL14",957,"protein_coding",554,1019,0.936504066,"GAACT",0.547595682,NA,NA,NA,NA,NA,NA,NA,NA,NA,0,0,0,NA,NA,NA
"1374","ENST00000372014.5","ENSG00000180992.7","OTTHUMG00000014756.3","OTTHUMT00000040707.3","MRPL14-201","MRPL14",957,"protein_coding",591,971,0.939500749,"GGACT",0.603501545,NA,NA,NA,NA,NA,NA,NA,NA,NA,0,0,0,NA,NA,NA
"1375","ENST00000372070.7","ENSG00000117448.14","OTTHUMG00000007740.4","OTTHUMT00000020851.1","AKR1A1-202","AKR1A1",1818,"protein_coding",505,21,0.926342309,"GAACT",0.523809524,NA,NA,NA,NA,NA,NA,NA,NA,NA,0,0,0,NA,NA,NA
"1376","ENST00000372070.7","ENSG00000117448.14","OTTHUMG00000007740.4","OTTHUMT00000020851.1","AKR1A1-202","AKR1A1",1818,"protein_coding",564,27,0.925532103,"GAACT",0.518518519,NA,NA,NA,NA,NA,NA,NA,NA,NA,0,0,0,NA,NA,NA
"1377","ENST00000372097.10","ENSG00000148308.18","OTTHUMG00000020856.7","OTTHUMT00000054826.2","GTF3C5-202","GTF3C5",2098,"protein_coding",1564,72,0.921570182,"GGACT",0.541666667,NA,NA,NA,NA,NA,NA,NA,NA,NA,0,0,0,NA,NA,NA
"1378","ENST00000372097.10","ENSG00000148308.18","OTTHUMG00000020856.7","OTTHUMT00000054826.2","GTF3C5-202","GTF3C5",2098,"protein_coding",1949,92,0.940859973,"TGACT",0.52173913,NA,NA,NA,NA,NA,NA,NA,NA,NA,0,0,0,NA,NA,NA
"1379","ENST00000372099.10","ENSG00000148308.18","OTTHUMG00000020856.7","-","GTF3C5-203","GTF3C5",1999,"protein_coding",1467,60,0.92045331,"GGACT",0.5,NA,NA,NA,NA,NA,NA,NA,NA,NA,0,0,0,NA,NA,NA
"1380","ENST00000372099.10","ENSG00000148308.18","OTTHUMG00000020856.7","-","GTF3C5-203","GTF3C5",1999,"protein_coding",1852,81,0.942471802,"TGACT",0.555555556,NA,NA,NA,NA,NA,NA,NA,NA,NA,0,0,0,NA,NA,NA
"1381","ENST00000372108.9","ENSG00000148308.18","OTTHUMG00000020856.7","OTTHUMT00000054827.2","GTF3C5-204","GTF3C5",2110,"protein_coding",1578,72,0.926800549,"GGACT",0.541666667,NA,NA,NA,NA,NA,NA,NA,NA,NA,0,0,0,NA,NA,NA
"1382","ENST00000372108.9","ENSG00000148308.18","OTTHUMG00000020856.7","OTTHUMT00000054827.2","GTF3C5-204","GTF3C5",2110,"protein_coding",1963,92,0.940505087,"TGACT",0.52173913,NA,NA,NA,NA,NA,NA,NA,NA,NA,0,0,0,NA,NA,NA
"1383","ENST00000372171.5","ENSG00000124688.14","OTTHUMG00000014747.2","OTTHUMT00000040692.2","MAD2L1BP-201","MAD2L1BP",1269,"protein_coding",468,31,0.904732883,"GGACA",0.677419355,NA,NA,NA,NA,NA,NA,NA,NA,NA,0,0,0,NA,NA,NA
"1384","ENST00000372171.5","ENSG00000124688.14","OTTHUMG00000014747.2","OTTHUMT00000040692.2","MAD2L1BP-201","MAD2L1BP",1269,"protein_coding",759,92,0.990183115,"TGACT",0.902173913,NA,NA,NA,NA,NA,NA,NA,NA,NA,0,0,0,NA,NA,NA
"1385","ENST00000372171.5","ENSG00000124688.14","OTTHUMG00000014747.2","OTTHUMT00000040692.2","MAD2L1BP-201","MAD2L1BP",1269,"protein_coding",1036,147,0.958503366,"TGACT",0.761904762,NA,NA,NA,NA,NA,NA,NA,NA,NA,0,0,0,NA,NA,NA
"1386","ENST00000372171.5","ENSG00000124688.14","OTTHUMG00000014747.2","OTTHUMT00000040692.2","MAD2L1BP-201","MAD2L1BP",1269,"protein_coding",1042,151,0.955659926,"TGACT",0.841059603,NA,NA,NA,NA,NA,NA,NA,NA,NA,0,0,0,NA,NA,NA
"1387","ENST00000372181.1","ENSG00000122378.14","OTTHUMG00000018614.4","OTTHUMT00000049077.2","PRXL2A-201","PRXL2A",2058,"protein_coding",1342,70,0.916706443,"AGACT",0.614285714,NA,NA,NA,NA,NA,NA,NA,NA,NA,0,0,0,NA,NA,NA
"1388","ENST00000372185.5","ENSG00000122378.14","OTTHUMG00000018614.4","OTTHUMT00000049075.2","PRXL2A-202","PRXL2A",1723,"protein_coding",1007,70,0.915211201,"AGACT",0.614285714,NA,NA,NA,NA,NA,NA,NA,NA,NA,0,0,0,NA,NA,NA
"1389","ENST00000372187.9","ENSG00000122378.14","OTTHUMG00000018614.4","-","PRXL2A-203","PRXL2A",1647,"protein_coding",932,70,0.916082621,"AGACT",0.614285714,NA,NA,NA,NA,NA,NA,NA,NA,NA,0,0,0,NA,NA,NA
"1390","ENST00000372227.5","ENSG00000080189.15","OTTHUMG00000033050.5","OTTHUMT00000080363.2","SLC35C2-203","SLC35C2",2505,"protein_coding",1776,53,0.960610628,"GGACT",0.811320755,NA,NA,NA,NA,NA,NA,NA,NA,NA,0,0,0,NA,NA,NA
"1391","ENST00000372227.5","ENSG00000080189.15","OTTHUMG00000033050.5","OTTHUMT00000080363.2","SLC35C2-203","SLC35C2",2505,"protein_coding",1972,59,0.931720316,"GGACT",0.661016949,NA,NA,NA,NA,NA,NA,NA,NA,NA,0,0,0,NA,NA,NA
"1392","ENST00000372227.5","ENSG00000080189.15","OTTHUMG00000033050.5","OTTHUMT00000080363.2","SLC35C2-203","SLC35C2",2505,"protein_coding",1983,66,0.923036993,"GGACT",0.651515152,NA,NA,NA,NA,NA,NA,NA,NA,NA,0,0,0,NA,NA,NA
"1393","ENST00000372230.10","ENSG00000080189.15","OTTHUMG00000033050.5","OTTHUMT00000080373.2","SLC35C2-204","SLC35C2",5820,"protein_coding",1547,53,0.961651981,"GGACT",0.811320755,NA,NA,NA,NA,NA,NA,NA,NA,NA,0,0,0,NA,NA,NA
"1394","ENST00000372230.10","ENSG00000080189.15","OTTHUMG00000033050.5","OTTHUMT00000080373.2","SLC35C2-204","SLC35C2",5820,"protein_coding",1743,59,0.934467256,"GGACT",0.661016949,NA,NA,NA,NA,NA,NA,NA,NA,NA,0,0,0,NA,NA,NA
"1395","ENST00000372230.10","ENSG00000080189.15","OTTHUMG00000033050.5","OTTHUMT00000080373.2","SLC35C2-204","SLC35C2",5820,"protein_coding",1754,66,0.922078013,"GGACT",0.651515152,NA,NA,NA,NA,NA,NA,NA,NA,NA,0,0,0,NA,NA,NA
"1396","ENST00000372276.7","ENSG00000101017.15","OTTHUMG00000033053.4","OTTHUMT00000080377.1","CD40-201","CD40",1623,"protein_coding",902,24,0.947973251,"TGACT",0.666666667,28,983,612,1,28,29,639,640,1622,0,0,1,NA,NA,0.266531027466938
"1397","ENST00000372285.8","ENSG00000101017.15","OTTHUMG00000033053.4","OTTHUMT00000080376.2","CD40-202","CD40",1682,"protein_coding",966,24,0.949556828,"TGACT",0.666666667,NA,NA,NA,NA,NA,NA,NA,NA,NA,0,0,0,NA,NA,NA
"1398","ENST00000372351.7","ENSG00000130713.17","OTTHUMG00000020811.5","OTTHUMT00000054674.1","EXOSC2-202","EXOSC2",1885,"protein_coding",820,56,0.970908821,"GGACT",0.839285714,NA,NA,NA,NA,NA,NA,NA,NA,NA,0,0,0,NA,NA,NA
"1399","ENST00000372351.7","ENSG00000130713.17","OTTHUMG00000020811.5","OTTHUMT00000054674.1","EXOSC2-202","EXOSC2",1885,"protein_coding",881,59,0.975012541,"AGACT",0.847457627,NA,NA,NA,NA,NA,NA,NA,NA,NA,0,0,0,NA,NA,NA
"1400","ENST00000372351.7","ENSG00000130713.17","OTTHUMG00000020811.5","OTTHUMT00000054674.1","EXOSC2-202","EXOSC2",1885,"protein_coding",1224,47,0.99248898,"TGACT",0.765957447,NA,NA,NA,NA,NA,NA,NA,NA,NA,0,0,0,NA,NA,NA
"1401","ENST00000372351.7","ENSG00000130713.17","OTTHUMG00000020811.5","OTTHUMT00000054674.1","EXOSC2-202","EXOSC2",1885,"protein_coding",1543,47,0.972629666,"AGACT",0.638297872,NA,NA,NA,NA,NA,NA,NA,NA,NA,0,0,0,NA,NA,NA
"1402","ENST00000372352.7","ENSG00000130713.17","OTTHUMG00000020811.5","OTTHUMT00000054678.1","EXOSC2-203","EXOSC2",1957,"protein_coding",892,69,0.952132225,"GGACT",0.782608696,NA,NA,NA,NA,NA,NA,NA,NA,NA,0,0,0,NA,NA,NA
"1403","ENST00000372352.7","ENSG00000130713.17","OTTHUMG00000020811.5","OTTHUMT00000054678.1","EXOSC2-203","EXOSC2",1957,"protein_coding",953,73,0.969553947,"AGACT",0.821917808,NA,NA,NA,NA,NA,NA,NA,NA,NA,0,0,0,NA,NA,NA
"1404","ENST00000372352.7","ENSG00000130713.17","OTTHUMG00000020811.5","OTTHUMT00000054678.1","EXOSC2-203","EXOSC2",1957,"protein_coding",1296,47,0.977791369,"TGACT",0.680851064,NA,NA,NA,NA,NA,NA,NA,NA,NA,0,0,0,NA,NA,NA
"1405","ENST00000372352.7","ENSG00000130713.17","OTTHUMG00000020811.5","OTTHUMT00000054678.1","EXOSC2-203","EXOSC2",1957,"protein_coding",1615,27,0.980892479,"AGACT",0.666666667,NA,NA,NA,NA,NA,NA,NA,NA,NA,0,0,0,NA,NA,NA
"1406","ENST00000372358.10","ENSG00000130713.17","OTTHUMG00000020811.5","OTTHUMT00000054673.2","EXOSC2-204","EXOSC2",2012,"protein_coding",916,64,0.963695943,"GGACT",0.8125,NA,NA,NA,NA,NA,NA,NA,NA,NA,0,0,0,NA,NA,NA
"1407","ENST00000372358.10","ENSG00000130713.17","OTTHUMG00000020811.5","OTTHUMT00000054673.2","EXOSC2-204","EXOSC2",2012,"protein_coding",977,66,0.976384401,"AGACT",0.833333333,NA,NA,NA,NA,NA,NA,NA,NA,NA,0,0,0,NA,NA,NA
"1408","ENST00000372358.10","ENSG00000130713.17","OTTHUMG00000020811.5","OTTHUMT00000054673.2","EXOSC2-204","EXOSC2",2012,"protein_coding",1320,50,0.978087187,"TGACT",0.74,NA,NA,NA,NA,NA,NA,NA,NA,NA,0,0,0,NA,NA,NA
"1409","ENST00000372358.10","ENSG00000130713.17","OTTHUMG00000020811.5","OTTHUMT00000054673.2","EXOSC2-204","EXOSC2",2012,"protein_coding",1639,51,0.948098123,"AGACT",0.568627451,NA,NA,NA,NA,NA,NA,NA,NA,NA,0,0,0,NA,NA,NA
"1410","ENST00000372422.7","ENSG00000137207.12","OTTHUMG00000014738.6","OTTHUMT00000040639.3","YIPF3-202","YIPF3",1507,"protein_coding",1238,130,0.982128799,"GGACA",0.546153846,NA,NA,NA,NA,NA,NA,NA,NA,NA,0,0,0,NA,NA,NA
"1411","ENST00000372422.7","ENSG00000137207.12","OTTHUMG00000014738.6","OTTHUMT00000040639.3","YIPF3-202","YIPF3",1507,"protein_coding",1362,165,0.916241705,"GGACT",0.684848485,NA,NA,NA,NA,NA,NA,NA,NA,NA,0,0,0,NA,NA,NA
"1412","ENST00000372458.8","ENSG00000066322.15","OTTHUMG00000007422.3","OTTHUMT00000019496.2","ELOVL1-201","ELOVL1",1466,"protein_coding",991,86,0.988824606,"GGACT",0.802325581,NA,NA,NA,NA,NA,NA,NA,NA,NA,0,0,0,NA,NA,NA
"1413","ENST00000372458.8","ENSG00000066322.15","OTTHUMG00000007422.3","OTTHUMT00000019496.2","ELOVL1-201","ELOVL1",1466,"protein_coding",1062,118,0.904691935,"GGACT",0.703389831,NA,NA,NA,NA,NA,NA,NA,NA,NA,0,0,0,NA,NA,NA
"1414","ENST00000372491.4","ENSG00000188483.8","OTTHUMG00000020773.3","OTTHUMT00000054556.3","IER5L-201","IER5L",2710,"protein_coding",1326,23,0.977752447,"GGACT",0.739130435,NA,NA,NA,NA,NA,NA,NA,NA,NA,0,0,0,NA,NA,NA
"1415","ENST00000372491.4","ENSG00000188483.8","OTTHUMG00000020773.3","OTTHUMT00000054556.3","IER5L-201","IER5L",2710,"protein_coding",1400,21,0.964842916,"GGACT",0.80952381,NA,NA,NA,NA,NA,NA,NA,NA,NA,0,0,0,NA,NA,NA
"1416","ENST00000372491.4","ENSG00000188483.8","OTTHUMG00000020773.3","OTTHUMT00000054556.3","IER5L-201","IER5L",2710,"protein_coding",1478,44,0.945884526,"AGACT",0.772727273,NA,NA,NA,NA,NA,NA,NA,NA,NA,0,0,0,NA,NA,NA
"1417","ENST00000372554.8","ENSG00000148341.18","OTTHUMG00000020769.8","OTTHUMT00000106248.1","SH3GLB2-201","SH3GLB2",1985,"protein_coding",1269,23,0.944544792,"TGACT",0.608695652,NA,NA,NA,NA,NA,NA,NA,NA,NA,0,0,0,NA,NA,NA
"1418","ENST00000372561.4","ENSG00000127125.9","OTTHUMG00000007332.5","OTTHUMT00000019166.2","PPCS-203","PPCS",2269,"protein_coding",840,27,0.925093293,"AGACT",0.62962963,23,1310,936,1,23,24,958,959,2268,0,1,0,NA,0.872863247863248,NA
"1419","ENST00000372561.4","ENSG00000127125.9","OTTHUMG00000007332.5","OTTHUMT00000019166.2","PPCS-203","PPCS",2269,"protein_coding",1160,80,0.914890409,"GAACT",0.5375,23,1310,936,1,23,24,958,959,2268,0,0,1,NA,NA,0.153435114503817
"1420","ENST00000372564.8","ENSG00000148341.18","OTTHUMG00000020769.8","OTTHUMT00000054535.2","SH3GLB2-203","SH3GLB2",3013,"protein_coding",1294,23,0.946691036,"TGACT",0.608695652,NA,NA,NA,NA,NA,NA,NA,NA,NA,0,0,0,NA,NA,NA
"1421","ENST00000372586.4","ENSG00000175283.8","OTTHUMG00000020765.2","OTTHUMT00000054515.2","DOLK-201","DOLK",2074,"protein_coding",1505,24,0.9228459,"GGACC",0.583333333,NA,NA,NA,NA,NA,NA,NA,NA,NA,0,0,0,NA,NA,NA
"1422","ENST00000372586.4","ENSG00000175283.8","OTTHUMG00000020765.2","OTTHUMT00000054515.2","DOLK-201","DOLK",2074,"protein_coding",1713,29,0.908515453,"AGACT",0.896551724,NA,NA,NA,NA,NA,NA,NA,NA,NA,0,0,0,NA,NA,NA
"1423","ENST00000372586.4","ENSG00000175283.8","OTTHUMG00000020765.2","OTTHUMT00000054515.2","DOLK-201","DOLK",2074,"protein_coding",1725,28,0.918605208,"GGACC",0.571428571,NA,NA,NA,NA,NA,NA,NA,NA,NA,0,0,0,NA,NA,NA
"1424","ENST00000372586.4","ENSG00000175283.8","OTTHUMG00000020765.2","OTTHUMT00000054515.2","DOLK-201","DOLK",2074,"protein_coding",1870,28,0.910227597,"AGACA",0.75,NA,NA,NA,NA,NA,NA,NA,NA,NA,0,0,0,NA,NA,NA
"1425","ENST00000372642.5","ENSG00000167136.7","OTTHUMG00000020763.2","OTTHUMT00000054505.2","ENDOG-201","ENDOG",1145,"protein_coding",1096,62,0.98609525,"AGACT",0.629032258,NA,NA,NA,NA,NA,NA,NA,NA,NA,0,0,0,NA,NA,NA
"1426","ENST00000372685.8","ENSG00000180964.17","OTTHUMG00000022094.3","OTTHUMT00000057698.2","TCEAL8-202","TCEAL8",1174,"protein_coding",379,26,0.966610014,"GGACA",0.538461538,NA,NA,NA,NA,NA,NA,NA,NA,NA,0,0,0,NA,NA,NA
"1427","ENST00000372685.8","ENSG00000180964.17","OTTHUMG00000022094.3","OTTHUMT00000057698.2","TCEAL8-202","TCEAL8",1174,"protein_coding",400,33,0.921261847,"GGACC",0.515151515,NA,NA,NA,NA,NA,NA,NA,NA,NA,0,0,0,NA,NA,NA
"1428","ENST00000372685.8","ENSG00000180964.17","OTTHUMG00000022094.3","OTTHUMT00000057698.2","TCEAL8-202","TCEAL8",1174,"protein_coding",500,53,0.95429188,"AGACA",0.698113208,NA,NA,NA,NA,NA,NA,NA,NA,NA,0,0,0,NA,NA,NA
"1429","ENST00000372836.5","ENSG00000137161.18","OTTHUMG00000014708.2","OTTHUMT00000040564.2","CNPY3-201","CNPY3",1431,"protein_coding",1186,198,0.949709952,"GGACT",0.606060606,NA,NA,NA,NA,NA,NA,NA,NA,NA,0,0,0,NA,NA,NA
"1430","ENST00000372836.5","ENSG00000137161.18","OTTHUMG00000014708.2","OTTHUMT00000040564.2","CNPY3-201","CNPY3",1431,"protein_coding",1234,188,0.972423196,"GGACT",0.70212766,NA,NA,NA,NA,NA,NA,NA,NA,NA,0,0,0,NA,NA,NA
"1431","ENST00000372838.9","ENSG00000167123.20","OTTHUMG00000020747.6","OTTHUMT00000054435.4","CERCAM-201","CERCAM",2308,"protein_coding",2019,55,0.93027693,"GGACT",0.509090909,NA,NA,NA,NA,NA,NA,NA,NA,NA,0,0,0,NA,NA,NA
"1432","ENST00000372842.5","ENSG00000167123.20","OTTHUMG00000020747.6","OTTHUMT00000054438.3","CERCAM-202","CERCAM",5201,"protein_coding",4908,55,0.93043673,"GGACT",0.509090909,NA,NA,NA,NA,NA,NA,NA,NA,NA,0,0,0,NA,NA,NA
"1433","ENST00000372876.2","ENSG00000124659.7","OTTHUMG00000014704.2","OTTHUMT00000040559.2","TBCC-201","TBCC",1606,"protein_coding",529,25,0.976353407,"GGACT",0.68,NA,NA,NA,NA,NA,NA,NA,NA,NA,0,0,0,NA,NA,NA
"1434","ENST00000372876.2","ENSG00000124659.7","OTTHUMG00000014704.2","OTTHUMT00000040559.2","TBCC-201","TBCC",1606,"protein_coding",680,29,0.918762326,"AGACT",0.724137931,NA,NA,NA,NA,NA,NA,NA,NA,NA,0,0,0,NA,NA,NA
"1435","ENST00000372876.2","ENSG00000124659.7","OTTHUMG00000014704.2","OTTHUMT00000040559.2","TBCC-201","TBCC",1606,"protein_coding",1066,33,0.974727452,"GGACT",0.787878788,NA,NA,NA,NA,NA,NA,NA,NA,NA,0,0,0,NA,NA,NA
"1436","ENST00000372876.2","ENSG00000124659.7","OTTHUMG00000014704.2","OTTHUMT00000040559.2","TBCC-201","TBCC",1606,"protein_coding",1119,23,0.948953331,"GGACT",0.826086957,NA,NA,NA,NA,NA,NA,NA,NA,NA,0,0,0,NA,NA,NA
"1437","ENST00000372902.4","ENSG00000126953.8","OTTHUMG00000022028.6","OTTHUMT00000057554.4","TIMM8A-201","TIMM8A",1210,"protein_coding",367,170,0.925450802,"TGACT",0.594117647,NA,NA,NA,NA,NA,NA,NA,NA,NA,0,0,0,NA,NA,NA
"1438","ENST00000372970.6","ENSG00000132823.11","OTTHUMG00000032518.3","OTTHUMT00000079334.2","OSER1-202","OSER1",1616,"protein_coding",731,75,0.93334657,"TGACT",0.733333333,NA,NA,NA,NA,NA,NA,NA,NA,NA,0,0,0,NA,NA,NA
"1439","ENST00000372996.2","ENSG00000112578.10","OTTHUMG00000014687.3","OTTHUMT00000357859.1","BYSL-202","BYSL",1299,"nonsense_mediated_decay",1166,142,0.932189465,"GGACT",0.64084507,NA,NA,NA,NA,NA,NA,NA,NA,NA,0,0,0,NA,NA,NA
"1440","ENST00000373042.5","ENSG00000197982.14","OTTHUMG00000004319.7","OTTHUMT00000012471.3","C1orf122-201","C1orf122",1329,"protein_coding",1002,123,0.939720333,"GGACT",0.658536585,NA,NA,NA,NA,NA,NA,NA,NA,NA,0,0,0,NA,NA,NA
"1441","ENST00000373043.1","ENSG00000197982.14","OTTHUMG00000004319.7","OTTHUMT00000012472.3","C1orf122-202","C1orf122",2229,"protein_coding",1904,125,0.940442979,"GGACT",0.664,NA,NA,NA,NA,NA,NA,NA,NA,NA,0,0,0,NA,NA,NA
"1442","ENST00000373116.6","ENSG00000116898.12","OTTHUMG00000008042.5","OTTHUMT00000022052.3","MRPS15-201","MRPS15",953,"protein_coding",836,286,0.94176954,"AGACA",0.744755245,NA,NA,NA,NA,NA,NA,NA,NA,NA,0,0,0,NA,NA,NA
"1443","ENST00000373166.8","ENSG00000054116.12","OTTHUMG00000007664.4","OTTHUMT00000020384.2","TRAPPC3-204","TRAPPC3",1282,"protein_coding",903,45,0.938440561,"GGACT",0.6,NA,NA,NA,NA,NA,NA,NA,NA,NA,0,0,0,NA,NA,NA
"1444","ENST00000373225.7","ENSG00000136877.15","OTTHUMG00000020716.6","OTTHUMT00000054252.2","FPGS-201","FPGS",2278,"protein_coding",1880,45,0.915161312,"GAACT",0.4,NA,NA,NA,NA,NA,NA,NA,NA,NA,0,0,0,NA,NA,NA
"1445","ENST00000373238.5","ENSG00000079332.16","OTTHUMG00000018400.5","OTTHUMT00000048496.2","SAR1A-202","SAR1A",3227,"protein_coding",994,65,0.90809536,"GGACT",0.630769231,NA,NA,NA,NA,NA,NA,NA,NA,NA,0,0,0,NA,NA,NA
"1446","ENST00000373241.9","ENSG00000079332.16","OTTHUMG00000018400.5","OTTHUMT00000048494.2","SAR1A-204","SAR1A",5902,"protein_coding",754,65,0.907866895,"GGACT",0.630769231,NA,NA,NA,NA,NA,NA,NA,NA,NA,0,0,0,NA,NA,NA
"1447","ENST00000373242.6","ENSG00000079332.16","OTTHUMG00000018400.5","OTTHUMT00000048500.2","SAR1A-205","SAR1A",5981,"protein_coding",833,65,0.908468604,"GGACT",0.630769231,NA,NA,NA,NA,NA,NA,NA,NA,NA,0,0,0,NA,NA,NA
"1448","ENST00000373247.7","ENSG00000136877.15","OTTHUMG00000020716.6","OTTHUMT00000054251.3","FPGS-203","FPGS",2284,"protein_coding",1864,45,0.910747826,"GAACT",0.4,NA,NA,NA,NA,NA,NA,NA,NA,NA,0,0,0,NA,NA,NA
"1449","ENST00000373264.5","ENSG00000136807.14","OTTHUMG00000020715.4","OTTHUMT00000054235.2","CDK9-201","CDK9",2483,"protein_coding",1285,44,0.985998154,"TGACT",0.886363636,NA,NA,NA,NA,NA,NA,NA,NA,NA,0,0,0,NA,NA,NA
"1450","ENST00000373264.5","ENSG00000136807.14","OTTHUMG00000020715.4","OTTHUMT00000054235.2","CDK9-201","CDK9",2483,"protein_coding",1380,51,0.968157709,"GGACT",0.823529412,NA,NA,NA,NA,NA,NA,NA,NA,NA,0,0,0,NA,NA,NA
"1451","ENST00000373312.4","ENSG00000136830.12","OTTHUMG00000020705.3","OTTHUMT00000054196.2","NIBAN2-201","NIBAN2",3942,"protein_coding",3652,81,0.95746839,"GGACT",0.777777778,NA,NA,NA,NA,NA,NA,NA,NA,NA,0,0,0,NA,NA,NA
"1452","ENST00000373314.7","ENSG00000136830.12","OTTHUMG00000020705.3","OTTHUMT00000054195.1","NIBAN2-202","NIBAN2",3760,"protein_coding",3466,81,0.95716697,"GGACT",0.777777778,NA,NA,NA,NA,NA,NA,NA,NA,NA,0,0,0,NA,NA,NA
"1453","ENST00000373357.3","ENSG00000102390.11","OTTHUMG00000021876.3","OTTHUMT00000057295.2","PBDC1-201","PBDC1",977,"protein_coding",877,51,0.968650281,"AGACT",0.745098039,NA,NA,NA,NA,NA,NA,NA,NA,NA,0,0,0,NA,NA,NA
"1454","ENST00000373358.8","ENSG00000102390.11","OTTHUMG00000021876.3","OTTHUMT00000057294.2","PBDC1-202","PBDC1",1185,"protein_coding",967,48,0.972834051,"AGACT",0.75,NA,NA,NA,NA,NA,NA,NA,NA,NA,0,0,0,NA,NA,NA
"1455","ENST00000373365.5","ENSG00000124767.7","OTTHUMG00000014636.3","OTTHUMT00000040438.3","GLO1-201","GLO1",2016,"protein_coding",727,105,0.928206682,"GGACT",0.666666667,NA,NA,NA,NA,NA,NA,NA,NA,NA,0,0,0,NA,NA,NA
"1456","ENST00000373477.9","ENSG00000134684.13","OTTHUMG00000003933.2","OTTHUMT00000011225.1","YARS1-201","YARS1",2443,"protein_coding",1815,77,0.99086535,"GGACT",0.909090909,NA,NA,NA,NA,NA,NA,NA,NA,NA,0,0,0,NA,NA,NA
"1457","ENST00000373537.7","ENSG00000166619.15","OTTHUMG00000032419.8","OTTHUMT00000079113.4","BLCAP-201","BLCAP",2018,"protein_coding",1681,59,0.927557051,"AGACT",0.728813559,NA,NA,NA,NA,NA,NA,NA,NA,NA,0,0,0,NA,NA,NA
"1458","ENST00000373537.7","ENSG00000166619.15","OTTHUMG00000032419.8","OTTHUMT00000079113.4","BLCAP-201","BLCAP",2018,"protein_coding",1718,68,0.952482104,"TGACT",0.794117647,NA,NA,NA,NA,NA,NA,NA,NA,NA,0,0,0,NA,NA,NA
"1459","ENST00000373537.7","ENSG00000166619.15","OTTHUMG00000032419.8","OTTHUMT00000079113.4","BLCAP-201","BLCAP",2018,"protein_coding",1910,71,0.920128763,"GGACT",0.605633803,NA,NA,NA,NA,NA,NA,NA,NA,NA,0,0,0,NA,NA,NA
"1460","ENST00000373622.9","ENSG00000118705.18","OTTHUMG00000032409.6","OTTHUMT00000079078.2","RPN2-202","RPN2",2348,"protein_coding",1485,134,0.908227205,"GAACT",0.574626866,NA,NA,NA,NA,NA,NA,NA,NA,NA,0,0,0,NA,NA,NA
"1461","ENST00000373622.9","ENSG00000118705.18","OTTHUMG00000032409.6","OTTHUMT00000079078.2","RPN2-202","RPN2",2348,"protein_coding",2023,57,0.973310888,"GGACA",0.736842105,NA,NA,NA,NA,NA,NA,NA,NA,NA,0,0,0,NA,NA,NA
"1462","ENST00000373703.5","ENSG00000162517.13","OTTHUMG00000003877.3","OTTHUMT00000011046.2","PEF1-201","PEF1",1614,"protein_coding",938,77,0.936911583,"GGACA",0.545454545,NA,NA,NA,NA,NA,NA,NA,NA,NA,0,0,0,NA,NA,NA
"1463","ENST00000373812.8","ENSG00000198492.16","OTTHUMG00000003648.6","OTTHUMT00000010335.2","YTHDF2-201","YTHDF2",2744,"protein_coding",1613,20,0.970846236,"GGACT",0.65,NA,NA,NA,NA,NA,NA,NA,NA,NA,0,0,0,NA,NA,NA
"1464","ENST00000373812.8","ENSG00000198492.16","OTTHUMG00000003648.6","OTTHUMT00000010335.2","YTHDF2-201","YTHDF2",2744,"protein_coding",1763,24,0.989357412,"GGACA",0.875,NA,NA,NA,NA,NA,NA,NA,NA,NA,0,0,0,NA,NA,NA
"1465","ENST00000373825.7","ENSG00000096063.16","OTTHUMG00000014583.7","OTTHUMT00000040319.4","SRPK1-204","SRPK1",4348,"protein_coding",3458,25,0.961481392,"GGACT",0.64,NA,NA,NA,NA,NA,NA,NA,NA,NA,0,0,0,NA,NA,NA
"1466","ENST00000373832.5","ENSG00000180198.17","OTTHUMG00000003645.13","OTTHUMT00000010321.1","RCC1-202","RCC1",2424,"protein_coding",1431,21,0.991866052,"GGACA",0.571428571,NA,NA,NA,NA,NA,NA,NA,NA,NA,0,0,0,NA,NA,NA
"1467","ENST00000373833.10","ENSG00000180198.17","OTTHUMG00000003645.13","OTTHUMT00000010323.3","RCC1-203","RCC1",2844,"protein_coding",1534,21,0.991690516,"GGACA",0.571428571,NA,NA,NA,NA,NA,NA,NA,NA,NA,0,0,0,NA,NA,NA
"1468","ENST00000373932.3","ENSG00000131043.13","OTTHUMG00000032380.3","OTTHUMT00000079001.2","AAR2-202","AAR2",2689,"protein_coding",2685,25,0.989231467,"AGACA",0.4,NA,NA,NA,NA,NA,NA,NA,NA,NA,0,0,0,NA,NA,NA
"1469","ENST00000373944.8","ENSG00000122952.17","OTTHUMG00000018261.3","OTTHUMT00000048132.2","ZWINT-203","ZWINT",1857,"protein_coding",1112,52,0.951193988,"GGACT",0.730769231,NA,NA,NA,NA,NA,NA,NA,NA,NA,0,0,0,NA,NA,NA
"1470","ENST00000373970.4","ENSG00000107984.10","OTTHUMG00000018247.2","OTTHUMT00000048100.2","DKK1-201","DKK1",1805,"protein_coding",977,23,0.927556932,"GAACT",0.565217391,NA,NA,NA,NA,NA,NA,NA,NA,NA,0,0,0,NA,NA,NA
"1471","ENST00000373991.3","ENSG00000171222.11","OTTHUMG00000032370.2","OTTHUMT00000078958.2","SCAND1-202","SCAND1",1727,"protein_coding",1653,238,0.981934667,"GGACT",0.735294118,NA,NA,NA,NA,NA,NA,NA,NA,NA,0,0,0,NA,NA,NA
"1472","ENST00000374085.5","ENSG00000244005.13","OTTHUMG00000032361.12","OTTHUMT00000078938.3","NFS1-202","NFS1",2645,"protein_coding",1974,37,0.971237898,"AGACA",0.72972973,NA,NA,NA,NA,NA,NA,NA,NA,NA,0,0,0,NA,NA,NA
"1473","ENST00000374085.5","ENSG00000244005.13","OTTHUMG00000032361.12","OTTHUMT00000078938.3","NFS1-202","NFS1",2645,"protein_coding",2079,40,0.907954872,"GGACA",0.575,NA,NA,NA,NA,NA,NA,NA,NA,NA,0,0,0,NA,NA,NA
"1474","ENST00000374092.9","ENSG00000244005.13","OTTHUMG00000032361.12","OTTHUMT00000078936.5","NFS1-203","NFS1",3008,"protein_coding",1690,37,0.969251215,"AGACA",0.72972973,NA,NA,NA,NA,NA,NA,NA,NA,NA,0,0,0,NA,NA,NA
"1475","ENST00000374092.9","ENSG00000244005.13","OTTHUMG00000032361.12","OTTHUMT00000078936.5","NFS1-203","NFS1",3008,"protein_coding",1795,40,0.905492902,"GGACA",0.575,NA,NA,NA,NA,NA,NA,NA,NA,NA,0,0,0,NA,NA,NA
"1476","ENST00000374134.7","ENSG00000138835.24","OTTHUMG00000021048.9","OTTHUMT00000055567.1","RGS3-205","RGS3",2862,"protein_coding",2698,23,0.959671855,"GGACT",0.826086957,NA,NA,NA,NA,NA,NA,NA,NA,NA,0,0,0,NA,NA,NA
"1477","ENST00000374169.7","ENSG00000148229.13","OTTHUMG00000020523.3","OTTHUMT00000053729.2","POLE3-201","POLE3",2109,"protein_coding",662,27,0.927058756,"AAACT",0.666666667,NA,NA,NA,NA,NA,NA,NA,NA,NA,0,0,0,NA,NA,NA
"1478","ENST00000374171.5","ENSG00000148229.13","OTTHUMG00000020523.3","OTTHUMT00000053730.2","POLE3-202","POLE3",2194,"protein_coding",747,27,0.92616123,"AAACT",0.666666667,NA,NA,NA,NA,NA,NA,NA,NA,NA,0,0,0,NA,NA,NA
"1479","ENST00000374274.8","ENSG00000147164.12","OTTHUMG00000021786.3","OTTHUMT00000057094.2","SNX12-202","SNX12",2286,"protein_coding",1604,55,0.927135289,"GAACT",0.545454545,NA,NA,NA,NA,NA,NA,NA,NA,NA,0,0,0,NA,NA,NA
"1480","ENST00000374433.7","ENSG00000169740.14","OTTHUMG00000018043.2","OTTHUMT00000047723.2","ZNF32-201","ZNF32",1159,"protein_coding",619,59,0.970428944,"GGACA",0.661016949,NA,NA,NA,NA,NA,NA,NA,NA,NA,0,0,0,NA,NA,NA
"1481","ENST00000374518.6","ENSG00000165733.8","OTTHUMG00000018020.3","OTTHUMT00000047690.3","BMS1-201","BMS1",7759,"protein_coding",3926,23,0.975790262,"GGACT",0.826086957,NA,NA,NA,NA,NA,NA,NA,NA,NA,0,0,0,NA,NA,NA
"1482","ENST00000374612.5","ENSG00000125944.22","OTTHUMG00000003224.6","OTTHUMT00000008889.1","HNRNPR-202","HNRNPR",2694,"protein_coding",1901,60,0.902760625,"GAACT",0.583333333,NA,NA,NA,NA,NA,NA,NA,NA,NA,0,0,0,NA,NA,NA
"1483","ENST00000374656.5","ENSG00000204227.5","OTTHUMG00000031278.3","OTTHUMT00000076609.3","RING1-201","RING1",1741,"protein_coding",1186,32,0.901046515,"GGACC",0.40625,NA,NA,NA,NA,NA,NA,NA,NA,NA,0,0,0,NA,NA,NA
"1484","ENST00000374656.5","ENSG00000204227.5","OTTHUMG00000031278.3","OTTHUMT00000076609.3","RING1-201","RING1",1741,"protein_coding",1536,70,0.96175617,"GGACA",0.571428571,NA,NA,NA,NA,NA,NA,NA,NA,NA,0,0,0,NA,NA,NA
"1485","ENST00000374656.5","ENSG00000204227.5","OTTHUMG00000031278.3","OTTHUMT00000076609.3","RING1-201","RING1",1741,"protein_coding",1548,81,0.973479033,"GGACA",0.617283951,NA,NA,NA,NA,NA,NA,NA,NA,NA,0,0,0,NA,NA,NA
"1486","ENST00000374720.8","ENSG00000070214.17","OTTHUMG00000020421.6","OTTHUMT00000053500.2","SLC44A1-201","SLC44A1",10482,"protein_coding",4440,23,0.945574582,"GAACT",0.652173913,NA,NA,NA,NA,NA,NA,NA,NA,NA,0,0,0,NA,NA,NA
"1487","ENST00000374723.5","ENSG00000070214.17","OTTHUMG00000020421.6","OTTHUMT00000053498.1","SLC44A1-202","SLC44A1",9640,"protein_coding",3598,23,0.9474563,"GAACT",0.652173913,NA,NA,NA,NA,NA,NA,NA,NA,NA,0,0,0,NA,NA,NA
"1488","ENST00000374746.6","ENSG00000108094.17","OTTHUMG00000017950.5","-","CUL2-201","CUL2",3867,"protein_coding",2182,21,0.987256408,"GGACT",0.80952381,NA,NA,NA,NA,NA,NA,NA,NA,NA,0,0,0,NA,NA,NA
"1489","ENST00000374748.5","ENSG00000108094.17","OTTHUMG00000017950.5","OTTHUMT00000047538.1","CUL2-202","CUL2",4312,"protein_coding",2627,25,0.980000734,"GGACT",0.76,NA,NA,NA,NA,NA,NA,NA,NA,NA,0,0,0,NA,NA,NA
"1490","ENST00000374749.8","ENSG00000108094.17","OTTHUMG00000017950.5","OTTHUMT00000047542.1","CUL2-203","CUL2",4183,"protein_coding",2498,43,0.970233858,"GGACT",0.837209302,NA,NA,NA,NA,NA,NA,NA,NA,NA,0,0,0,NA,NA,NA
"1491","ENST00000374751.7","ENSG00000108094.17","OTTHUMG00000017950.5","OTTHUMT00000047537.1","CUL2-204","CUL2",4233,"protein_coding",2548,49,0.974657357,"GGACT",0.795918367,NA,NA,NA,NA,NA,NA,NA,NA,NA,0,0,0,NA,NA,NA
"1492","ENST00000374897.4","ENSG00000204267.19","OTTHUMG00000031068.4","OTTHUMT00000076088.3","TAP2-201","TAP2",5643,"protein_coding",2331,51,0.972211301,"GGACA",0.62745098,NA,NA,NA,NA,NA,NA,NA,NA,NA,0,0,0,NA,NA,NA
"1493","ENST00000374897.4","ENSG00000204267.19","OTTHUMG00000031068.4","OTTHUMT00000076088.3","TAP2-201","TAP2",5643,"protein_coding",2492,20,0.946265638,"GAACT",0.65,NA,NA,NA,NA,NA,NA,NA,NA,NA,0,0,0,NA,NA,NA
"1494","ENST00000375167.1","ENSG00000188486.4","OTTHUMG00000166196.4","OTTHUMT00000442282.1","H2AX-201","H2AX",1373,"nonsense_mediated_decay",588,21,0.99116236,"AGACT",0.80952381,NA,NA,NA,NA,NA,NA,NA,NA,NA,0,0,0,NA,NA,NA
"1495","ENST00000375167.1","ENSG00000188486.4","OTTHUMG00000166196.4","OTTHUMT00000442282.1","H2AX-201","H2AX",1373,"nonsense_mediated_decay",1047,116,0.920270503,"TGACT",0.689655172,NA,NA,NA,NA,NA,NA,NA,NA,NA,0,0,0,NA,NA,NA
"1496","ENST00000375167.1","ENSG00000188486.4","OTTHUMG00000166196.4","OTTHUMT00000442282.1","H2AX-201","H2AX",1373,"nonsense_mediated_decay",1258,182,0.932022631,"GGACT",0.769230769,NA,NA,NA,NA,NA,NA,NA,NA,NA,0,0,0,NA,NA,NA
"1497","ENST00000375261.8","ENSG00000125454.12","OTTHUMG00000179607.4","-","SLC25A19-202","SLC25A19",1486,"protein_coding",1455,21,0.989299893,"AGACA",0.761904762,NA,NA,NA,NA,NA,NA,NA,NA,NA,0,0,0,NA,NA,NA
"1498","ENST00000375370.10","ENSG00000198176.13","OTTHUMG00000017388.7","OTTHUMT00000045918.4","TFDP1-201","TFDP1",2639,"protein_coding",1865,22,0.956889331,"AGACT",0.636363636,NA,NA,NA,NA,NA,NA,NA,NA,NA,0,0,0,NA,NA,NA
"1499","ENST00000375571.6","ENSG00000101367.9","OTTHUMG00000032228.3","OTTHUMT00000078647.3","MAPRE1-201","MAPRE1",2562,"protein_coding",973,72,0.935836852,"GGACT",0.527777778,NA,NA,NA,NA,NA,NA,NA,NA,NA,0,0,0,NA,NA,NA
"1500","ENST00000375631.5","ENSG00000204386.12","OTTHUMG00000031284.5","OTTHUMT00000076616.3","NEU1-206","NEU1",3353,"protein_coding",1329,166,0.96434325,"GGACT",0.698795181,45,2060,1248,1,45,46,1292,1293,3352,0,0,1,NA,NA,0.0174757281553398
"1501","ENST00000375631.5","ENSG00000204386.12","OTTHUMG00000031284.5","OTTHUMT00000076616.3","NEU1-206","NEU1",3353,"protein_coding",1383,148,0.967312694,"AGACA",0.682432432,45,2060,1248,1,45,46,1292,1293,3352,0,0,1,NA,NA,0.0436893203883495
"1502","ENST00000375631.5","ENSG00000204386.12","OTTHUMG00000031284.5","OTTHUMT00000076616.3","NEU1-206","NEU1",3353,"protein_coding",1458,214,0.968370676,"GGACT",0.738317757,45,2060,1248,1,45,46,1292,1293,3352,0,0,1,NA,NA,0.0800970873786408
"1503","ENST00000375635.6","ENSG00000204387.14","OTTHUMG00000031175.4","OTTHUMT00000076337.2","SNHG32-202","SNHG32",610,"lncRNA",440,121,0.901072145,"GAACT",0.479338843,NA,NA,NA,NA,NA,NA,NA,NA,NA,0,0,0,NA,NA,NA
"1504","ENST00000375640.7","ENSG00000204387.14","OTTHUMG00000031175.4","OTTHUMT00000076332.2","SNHG32-204","SNHG32",1053,"lncRNA",883,201,0.915137827,"GAACT",0.482587065,NA,NA,NA,NA,NA,NA,NA,NA,NA,0,0,0,NA,NA,NA
"1505","ENST00000375641.6","ENSG00000204387.14","OTTHUMG00000031175.4","OTTHUMT00000076334.1","SNHG32-205","SNHG32",602,"lncRNA",432,86,0.913685918,"GAACT",0.488372093,NA,NA,NA,NA,NA,NA,NA,NA,NA,0,0,0,NA,NA,NA
"1506","ENST00000375650.5","ENSG00000204388.7","OTTHUMG00000031202.3","OTTHUMT00000076402.3","HSPA1B-201","HSPA1B",2517,"protein_coding",769,30,0.938403904,"GGACA",0.6,NA,NA,NA,NA,NA,NA,NA,NA,NA,0,0,0,NA,NA,NA
"1507","ENST00000375650.5","ENSG00000204388.7","OTTHUMG00000031202.3","OTTHUMT00000076402.3","HSPA1B-201","HSPA1B",2517,"protein_coding",907,42,0.904863477,"GGACT",0.642857143,NA,NA,NA,NA,NA,NA,NA,NA,NA,0,0,0,NA,NA,NA
"1508","ENST00000375650.5","ENSG00000204388.7","OTTHUMG00000031202.3","OTTHUMT00000076402.3","HSPA1B-201","HSPA1B",2517,"protein_coding",2039,140,0.993443787,"GGACT",0.928571429,NA,NA,NA,NA,NA,NA,NA,NA,NA,0,0,0,NA,NA,NA
"1509","ENST00000375650.5","ENSG00000204388.7","OTTHUMG00000031202.3","OTTHUMT00000076402.3","HSPA1B-201","HSPA1B",2517,"protein_coding",2176,100,0.990405858,"GGACT",0.93,NA,NA,NA,NA,NA,NA,NA,NA,NA,0,0,0,NA,NA,NA
"1510","ENST00000375650.5","ENSG00000204388.7","OTTHUMG00000031202.3","OTTHUMT00000076402.3","HSPA1B-201","HSPA1B",2517,"protein_coding",2185,109,0.941377103,"GGACT",0.614678899,NA,NA,NA,NA,NA,NA,NA,NA,NA,0,0,0,NA,NA,NA
"1511","ENST00000375651.7","ENSG00000204389.10","OTTHUMG00000031201.4","OTTHUMT00000076401.3","HSPA1A-201","HSPA1A",2400,"protein_coding",770,29,0.922149539,"GGACA",0.551724138,NA,NA,NA,NA,NA,NA,NA,NA,NA,0,0,0,NA,NA,NA
"1512","ENST00000375651.7","ENSG00000204389.10","OTTHUMG00000031201.4","OTTHUMT00000076401.3","HSPA1A-201","HSPA1A",2400,"protein_coding",908,43,0.92236793,"GGACT",0.651162791,NA,NA,NA,NA,NA,NA,NA,NA,NA,0,0,0,NA,NA,NA
"1513","ENST00000375651.7","ENSG00000204389.10","OTTHUMG00000031201.4","OTTHUMT00000076401.3","HSPA1A-201","HSPA1A",2400,"protein_coding",2040,243,0.990273952,"GGACT",0.864197531,NA,NA,NA,NA,NA,NA,NA,NA,NA,0,0,0,NA,NA,NA
"1514","ENST00000375991.9","ENSG00000135070.15","OTTHUMG00000020135.3","OTTHUMT00000052914.2","ISCA1-203","ISCA1",1967,"protein_coding",479,74,0.93130666,"GGACT",0.608108108,NA,NA,NA,NA,NA,NA,NA,NA,NA,0,0,0,NA,NA,NA
"1515","ENST00000375991.9","ENSG00000135070.15","OTTHUMG00000020135.3","OTTHUMT00000052914.2","ISCA1-203","ISCA1",1967,"protein_coding",545,59,0.931738198,"TGACT",0.728813559,NA,NA,NA,NA,NA,NA,NA,NA,NA,0,0,0,NA,NA,NA
"1516","ENST00000376156.7","ENSG00000159063.14","OTTHUMG00000166594.7","OTTHUMT00000390638.1","ALG8-202","ALG8",1677,"protein_coding",1281,25,0.951328516,"GAACT",0.64,NA,NA,NA,NA,NA,NA,NA,NA,NA,0,0,0,NA,NA,NA
"1517","ENST00000376377.2","ENSG00000137331.12","OTTHUMG00000031265.3","OTTHUMT00000076579.2","IER3-202","IER3",1350,"protein_coding",618,54,0.918310225,"TGACT",0.648148148,NA,NA,NA,NA,NA,NA,NA,NA,NA,0,0,0,NA,NA,NA
"1518","ENST00000376377.2","ENSG00000137331.12","OTTHUMG00000031265.3","OTTHUMT00000076579.2","IER3-202","IER3",1350,"protein_coding",704,30,0.970804155,"GGACT",0.733333333,NA,NA,NA,NA,NA,NA,NA,NA,NA,0,0,0,NA,NA,NA
"1519","ENST00000376545.7","ENSG00000204574.14","OTTHUMG00000031094.8","OTTHUMT00000076136.3","ABCF1-202","ABCF1",3131,"protein_coding",2704,30,0.940642357,"AGACT",0.833333333,NA,NA,NA,NA,NA,NA,NA,NA,NA,0,0,0,NA,NA,NA
"1520","ENST00000376545.7","ENSG00000204574.14","OTTHUMG00000031094.8","OTTHUMT00000076136.3","ABCF1-202","ABCF1",3131,"protein_coding",2834,56,0.961341083,"GGACT",0.678571429,NA,NA,NA,NA,NA,NA,NA,NA,NA,0,0,0,NA,NA,NA
"1521","ENST00000376545.7","ENSG00000204574.14","OTTHUMG00000031094.8","OTTHUMT00000076136.3","ABCF1-202","ABCF1",3131,"protein_coding",2939,80,0.963819444,"TGACT",0.8,NA,NA,NA,NA,NA,NA,NA,NA,NA,0,0,0,NA,NA,NA
"1522","ENST00000376588.4","ENSG00000135069.14","OTTHUMG00000020066.2","OTTHUMT00000052777.2","PSAT1-202","PSAT1",2206,"protein_coding",1503,92,0.902283669,"GGACT",0.5,NA,NA,NA,NA,NA,NA,NA,NA,NA,0,0,0,NA,NA,NA
"1523","ENST00000376629.8","ENSG00000177674.16","OTTHUMG00000002230.6","OTTHUMT00000006336.2","AGTRAP-203","AGTRAP",1100,"protein_coding",609,58,0.933662355,"GGACC",0.465517241,NA,NA,NA,NA,NA,NA,NA,NA,NA,0,0,0,NA,NA,NA
"1524","ENST00000376629.8","ENSG00000177674.16","OTTHUMG00000002230.6","OTTHUMT00000006336.2","AGTRAP-203","AGTRAP",1100,"protein_coding",851,118,0.947236061,"GGACT",0.576271186,NA,NA,NA,NA,NA,NA,NA,NA,NA,0,0,0,NA,NA,NA
"1525","ENST00000376637.7","ENSG00000177674.16","OTTHUMG00000002230.6","OTTHUMT00000006337.1","AGTRAP-204","AGTRAP",1067,"protein_coding",637,56,0.930771947,"GGACC",0.464285714,NA,NA,NA,NA,NA,NA,NA,NA,NA,0,0,0,NA,NA,NA
"1526","ENST00000376637.7","ENSG00000177674.16","OTTHUMG00000002230.6","OTTHUMT00000006337.1","AGTRAP-204","AGTRAP",1067,"protein_coding",879,110,0.947655141,"GGACT",0.572727273,NA,NA,NA,NA,NA,NA,NA,NA,NA,0,0,0,NA,NA,NA
"1527","ENST00000376652.9","ENSG00000197586.13","OTTHUMG00000032116.4","OTTHUMT00000078414.3","ENTPD6-203","ENTPD6",4104,"protein_coding",2600,97,0.929247379,"GGACA",0.618556701,NA,NA,NA,NA,NA,NA,NA,NA,NA,0,0,0,NA,NA,NA
"1528","ENST00000376666.3","ENSG00000197586.13","OTTHUMG00000032116.4","OTTHUMT00000078412.1","ENTPD6-204","ENTPD6",2100,"protein_coding",1942,91,0.905488849,"GGACA",0.582417582,NA,NA,NA,NA,NA,NA,NA,NA,NA,0,0,0,NA,NA,NA
"1529","ENST00000376759.8","ENSG00000102317.18","OTTHUMG00000024121.3","OTTHUMT00000060755.2","RBM3-203","RBM3",4298,"protein_coding",97,151,0.909517348,"GAACT",0.589403974,NA,NA,NA,NA,NA,NA,NA,NA,NA,0,0,0,NA,NA,NA
"1530","ENST00000376810.6","ENSG00000120942.14","OTTHUMG00000002075.2","OTTHUMT00000005773.1","UBIAD1-202","UBIAD1",3654,"protein_coding",1293,20,0.917284429,"GGACT",0.75,NA,NA,NA,NA,NA,NA,NA,NA,NA,0,0,0,NA,NA,NA
"1531","ENST00000376911.1","ENSG00000135046.14","OTTHUMG00000020016.3","OTTHUMT00000052665.1","ANXA1-202","ANXA1",2209,"protein_coding",2205,234,0.95946902,"AGACA",0.311965812,NA,NA,NA,NA,NA,NA,NA,NA,NA,0,0,0,NA,NA,NA
"1532","ENST00000376980.8","ENSG00000136770.11","OTTHUMG00000017800.6","OTTHUMT00000047149.2","DNAJC1-202","DNAJC1",2100,"protein_coding",1202,21,0.940545797,"GAACT",0.714285714,NA,NA,NA,NA,NA,NA,NA,NA,NA,0,0,0,NA,NA,NA
"1533","ENST00000377819.10","ENSG00000133318.14","OTTHUMG00000168056.4","OTTHUMT00000397846.2","RTN3-206","RTN3",4917,"protein_coding",3088,40,0.911090374,"GAACT",0.625,NA,NA,NA,NA,NA,NA,NA,NA,NA,0,0,0,NA,NA,NA
"1534","ENST00000377819.10","ENSG00000133318.14","OTTHUMG00000168056.4","OTTHUMT00000397846.2","RTN3-206","RTN3",4917,"protein_coding",3421,85,0.92250818,"GGACT",0.658823529,NA,NA,NA,NA,NA,NA,NA,NA,NA,0,0,0,NA,NA,NA
"1535","ENST00000377843.8","ENSG00000113712.19","OTTHUMG00000163463.7","OTTHUMT00000504782.2","CSNK1A1-202","CSNK1A1",5360,"protein_coding",292,58,0.932464778,"TGACT",0.672413793,NA,NA,NA,NA,NA,NA,NA,NA,NA,0,0,0,NA,NA,NA
"1536","ENST00000377889.6","ENSG00000168003.19","OTTHUMG00000074091.8","OTTHUMT00000396041.1","SLC3A2-202","SLC3A2",1993,"protein_coding",1849,120,0.916329563,"GGACC",0.458333333,NA,NA,NA,NA,NA,NA,NA,NA,NA,0,0,0,NA,NA,NA
"1537","ENST00000377891.6","ENSG00000168003.19","OTTHUMG00000074091.8","OTTHUMT00000396040.2","SLC3A2-204","SLC3A2",2222,"protein_coding",2071,146,0.933168948,"GGACC",0.438356164,NA,NA,NA,NA,NA,NA,NA,NA,NA,0,0,0,NA,NA,NA
"1538","ENST00000377953.4","ENSG00000204922.5","OTTHUMG00000167546.4","OTTHUMT00000504355.2","UQCC3-201","UQCC3",1927,"protein_coding",522,268,0.989698112,"GGACT",0.847014925,NA,NA,NA,NA,NA,NA,NA,NA,NA,0,0,0,NA,NA,NA
"1539","ENST00000377953.4","ENSG00000204922.5","OTTHUMG00000167546.4","OTTHUMT00000504355.2","UQCC3-201","UQCC3",1927,"protein_coding",582,257,0.917572498,"GAACT",0.517509728,NA,NA,NA,NA,NA,NA,NA,NA,NA,0,0,0,NA,NA,NA
"1540","ENST00000377970.6","ENSG00000136997.22","OTTHUMG00000128475.10","OTTHUMT00000476371.1","MYC-202","MYC",2351,"protein_coding",1507,24,0.902343512,"GGACT",0.5,NA,NA,NA,NA,NA,NA,NA,NA,NA,0,0,0,NA,NA,NA
"1541","ENST00000377970.6","ENSG00000136997.22","OTTHUMG00000128475.10","OTTHUMT00000476371.1","MYC-202","MYC",2351,"protein_coding",2027,106,0.904680669,"GGACT",0.783018868,NA,NA,NA,NA,NA,NA,NA,NA,NA,0,0,0,NA,NA,NA
"1542","ENST00000378197.5","ENSG00000152464.15","OTTHUMG00000017728.4","OTTHUMT00000046976.2","RPP38-201","RPP38",1484,"protein_coding",1201,54,0.903816342,"AGACT",0.648148148,NA,NA,NA,NA,NA,NA,NA,NA,NA,0,0,0,NA,NA,NA
"1543","ENST00000378197.5","ENSG00000152464.15","OTTHUMG00000017728.4","OTTHUMT00000046976.2","RPP38-201","RPP38",1484,"protein_coding",1238,54,0.975366592,"GGACA",0.740740741,NA,NA,NA,NA,NA,NA,NA,NA,NA,0,0,0,NA,NA,NA
"1544","ENST00000378197.5","ENSG00000152464.15","OTTHUMG00000017728.4","OTTHUMT00000046976.2","RPP38-201","RPP38",1484,"protein_coding",1432,46,0.939215064,"GGACA",0.434782609,NA,NA,NA,NA,NA,NA,NA,NA,NA,0,0,0,NA,NA,NA
"1545","ENST00000378202.5","ENSG00000152464.15","OTTHUMG00000017728.4","OTTHUMT00000046977.1","RPP38-203","RPP38",1030,"protein_coding",651,23,0.956205964,"TGACT",0.695652174,NA,NA,NA,NA,NA,NA,NA,NA,NA,0,0,0,NA,NA,NA
"1546","ENST00000378202.5","ENSG00000152464.15","OTTHUMG00000017728.4","OTTHUMT00000046977.1","RPP38-203","RPP38",1030,"protein_coding",786,47,0.977683485,"GGACA",0.744680851,NA,NA,NA,NA,NA,NA,NA,NA,NA,0,0,0,NA,NA,NA
"1547","ENST00000378202.5","ENSG00000152464.15","OTTHUMG00000017728.4","OTTHUMT00000046977.1","RPP38-203","RPP38",1030,"protein_coding",980,41,0.965258539,"GGACA",0.512195122,NA,NA,NA,NA,NA,NA,NA,NA,NA,0,0,0,NA,NA,NA
"1548","ENST00000378203.5","ENSG00000152464.15","OTTHUMG00000017728.4","OTTHUMT00000046978.1","RPP38-204","RPP38",1296,"protein_coding",1019,25,0.900434971,"AGACT",0.72,NA,NA,NA,NA,NA,NA,NA,NA,NA,0,0,0,NA,NA,NA
"1549","ENST00000378203.5","ENSG00000152464.15","OTTHUMG00000017728.4","OTTHUMT00000046978.1","RPP38-204","RPP38",1296,"protein_coding",1056,45,0.980300307,"GGACA",0.755555556,NA,NA,NA,NA,NA,NA,NA,NA,NA,0,0,0,NA,NA,NA
"1550","ENST00000378203.5","ENSG00000152464.15","OTTHUMG00000017728.4","OTTHUMT00000046978.1","RPP38-204","RPP38",1296,"protein_coding",1250,21,0.95752722,"GGACA",0.428571429,NA,NA,NA,NA,NA,NA,NA,NA,NA,0,0,0,NA,NA,NA
"1551","ENST00000378204.7","ENSG00000182197.13","OTTHUMG00000059718.6","OTTHUMT00000132768.3","EXT1-201","EXT1",8243,"protein_coding",3197,25,0.949033678,"GGACT",0.76,NA,NA,NA,NA,NA,NA,NA,NA,NA,0,0,0,NA,NA,NA
"1552","ENST00000378512.5","ENSG00000157916.20","OTTHUMG00000001403.6","OTTHUMT00000004062.1","RER1-202","RER1",1404,"protein_coding",1226,53,0.952383637,"GAACT",0.547169811,NA,NA,NA,NA,NA,NA,NA,NA,NA,0,0,0,NA,NA,NA
"1553","ENST00000378513.7","ENSG00000157916.20","OTTHUMG00000001403.6","-","RER1-203","RER1",3000,"protein_coding",1131,120,0.90666467,"GAACT",0.475,NA,NA,NA,NA,NA,NA,NA,NA,NA,0,0,0,NA,NA,NA
"1554","ENST00000378634.6","ENSG00000172301.11","OTTHUMG00000132812.4","OTTHUMT00000256258.1","COPRS-202","COPRS",1041,"protein_coding",748,365,0.918571055,"GGACA",0.405479452,NA,NA,NA,NA,NA,NA,NA,NA,NA,0,0,0,NA,NA,NA
"1555","ENST00000378669.5","ENSG00000115944.15","OTTHUMG00000128605.9","OTTHUMT00000250466.3","COX7A2L-202","COX7A2L",3056,"protein_coding",1190,172,0.918841183,"GGACT",0.540697674,NA,NA,NA,NA,NA,NA,NA,NA,NA,0,0,0,NA,NA,NA
"1556","ENST00000378726.1","ENSG00000160075.12","OTTHUMG00000000576.6","OTTHUMT00000001367.2","SSU72-204","SSU72",2238,"retained_intron",2170,213,0.929994345,"GGACT",0.65258216,NA,NA,NA,NA,NA,NA,NA,NA,NA,0,0,0,NA,NA,NA
"1557","ENST00000378799.11","ENSG00000182149.21","OTTHUMG00000137597.9","OTTHUMT00000269005.4","IST1-203","IST1",4561,"protein_coding",1371,20,0.995720208,"AGACT",0.85,NA,NA,NA,NA,NA,NA,NA,NA,NA,0,0,0,NA,NA,NA
"1558","ENST00000378887.4","ENSG00000205138.4","OTTHUMG00000181745.2","OTTHUMT00000457409.2","SDHAF1-201","SDHAF1",1125,"protein_coding",489,21,0.901415169,"TGACT",0.571428571,NA,NA,NA,NA,NA,NA,NA,NA,NA,0,0,0,NA,NA,NA
"1559","ENST00000378887.4","ENSG00000205138.4","OTTHUMG00000181745.2","OTTHUMT00000457409.2","SDHAF1-201","SDHAF1",1125,"protein_coding",567,21,0.944957495,"AGACT",0.666666667,NA,NA,NA,NA,NA,NA,NA,NA,NA,0,0,0,NA,NA,NA
"1560","ENST00000378887.4","ENSG00000205138.4","OTTHUMG00000181745.2","OTTHUMT00000457409.2","SDHAF1-201","SDHAF1",1125,"protein_coding",972,20,0.965218604,"GGACC",0.7,NA,NA,NA,NA,NA,NA,NA,NA,NA,0,0,0,NA,NA,NA
"1561","ENST00000378887.4","ENSG00000205138.4","OTTHUMG00000181745.2","OTTHUMT00000457409.2","SDHAF1-201","SDHAF1",1125,"protein_coding",1095,25,0.979979515,"GGACA",0.6,NA,NA,NA,NA,NA,NA,NA,NA,NA,0,0,0,NA,NA,NA
"1562","ENST00000378959.9","ENSG00000164967.10","OTTHUMG00000000443.2","OTTHUMT00000001129.2","RPP25L-202","RPP25L",872,"protein_coding",635,53,0.953718662,"TGACT",0.867924528,NA,NA,NA,NA,NA,NA,NA,NA,NA,0,0,0,NA,NA,NA
"1563","ENST00000378959.9","ENSG00000164967.10","OTTHUMG00000000443.2","OTTHUMT00000001129.2","RPP25L-202","RPP25L",872,"protein_coding",721,63,0.918335497,"GGACT",0.650793651,NA,NA,NA,NA,NA,NA,NA,NA,NA,0,0,0,NA,NA,NA
"1564","ENST00000378959.9","ENSG00000164967.10","OTTHUMG00000000443.2","OTTHUMT00000001129.2","RPP25L-202","RPP25L",872,"protein_coding",813,27,0.914814472,"GAACT",0.444444444,NA,NA,NA,NA,NA,NA,NA,NA,NA,0,0,0,NA,NA,NA
"1565","ENST00000379056.5","ENSG00000133112.17","OTTHUMG00000016845.7","OTTHUMT00000044759.2","TPT1-203","TPT1",1101,"protein_coding",927,259,0.932702243,"GGACT",0.687258687,NA,NA,NA,NA,NA,NA,NA,NA,NA,0,0,0,NA,NA,NA
"1566","ENST00000379056.5","ENSG00000133112.17","OTTHUMG00000016845.7","OTTHUMT00000044759.2","TPT1-203","TPT1",1101,"protein_coding",1089,192,0.921986818,"AGACT",0.671875,NA,NA,NA,NA,NA,NA,NA,NA,NA,0,0,0,NA,NA,NA
"1567","ENST00000379095.5","ENSG00000182768.9","OTTHUMG00000149807.3","OTTHUMT00000313418.2","NGRN-202","NGRN",1340,"protein_coding",1042,153,0.966528177,"GGACT",0.810457516,41,423,876,1,41,42,916,917,1339,0,0,1,NA,NA,0.295508274231678
"1568","ENST00000379170.9","ENSG00000050393.12","OTTHUMG00000014279.3","OTTHUMT00000039909.3","MCUR1-201","MCUR1",5460,"protein_coding",117,24,0.902981579,"GAACT",0.541666667,NA,NA,NA,NA,NA,NA,NA,NA,NA,0,0,0,NA,NA,NA
"1569","ENST00000379198.5","ENSG00000176022.7","OTTHUMG00000001813.3","OTTHUMT00000005071.3","B3GALT6-201","B3GALT6",2805,"protein_coding",1235,24,0.971870244,"GGACC",0.666666667,NA,NA,NA,NA,NA,NA,NA,NA,NA,0,0,0,NA,NA,NA
"1570","ENST00000379378.8","ENSG00000205250.9","OTTHUMG00000172975.3","OTTHUMT00000421565.2","E2F4-201","E2F4",2110,"protein_coding",1513,30,0.978493392,"GGACT",0.766666667,NA,NA,NA,NA,NA,NA,NA,NA,NA,0,0,0,NA,NA,NA
"1571","ENST00000379440.9","ENSG00000171867.18","OTTHUMG00000031786.5","OTTHUMT00000077820.3","PRNP-201","PRNP",2435,"protein_coding",312,25,0.943499506,"GGACA",0.52,NA,NA,NA,NA,NA,NA,NA,NA,NA,0,0,0,NA,NA,NA
"1572","ENST00000379440.9","ENSG00000171867.18","OTTHUMG00000031786.5","OTTHUMT00000077820.3","PRNP-201","PRNP",2435,"protein_coding",506,34,0.955347002,"GGACC",0.588235294,NA,NA,NA,NA,NA,NA,NA,NA,NA,0,0,0,NA,NA,NA
"1573","ENST00000379598.9","ENSG00000101224.18","OTTHUMG00000031764.3","-","CDC25B-204","CDC25B",2990,"protein_coding",2870,45,0.921784401,"GGACT",0.622222222,NA,NA,NA,NA,NA,NA,NA,NA,NA,0,0,0,NA,NA,NA
"1574","ENST00000379666.7","ENSG00000243147.8","OTTHUMG00000097795.3","OTTHUMT00000324563.1","MRPL33-202","MRPL33",404,"protein_coding",330,113,0.905359328,"GGACA",0.380530973,NA,NA,NA,NA,NA,NA,NA,NA,NA,0,0,0,NA,NA,NA
"1575","ENST00000379792.6","ENSG00000051108.15","OTTHUMG00000133276.10","OTTHUMT00000432313.1","HERPUD1-203","HERPUD1",1782,"protein_coding",1228,25,0.92242676,"GGACT",0.68,NA,NA,NA,NA,NA,NA,NA,NA,NA,0,0,0,NA,NA,NA
"1576","ENST00000379888.9","ENSG00000134453.16","OTTHUMG00000017618.4","OTTHUMT00000046635.2","RBM17-201","RBM17",3275,"protein_coding",1500,20,0.909066141,"GGACT",0.7,NA,NA,NA,NA,NA,NA,NA,NA,NA,0,0,0,NA,NA,NA
"1577","ENST00000379999.6","ENSG00000134452.20","OTTHUMG00000017609.5","OTTHUMT00000046597.1","FBH1-202","FBH1",3702,"protein_coding",3478,27,0.915131211,"AGACT",0.481481481,NA,NA,NA,NA,NA,NA,NA,NA,NA,0,0,0,NA,NA,NA
"1578","ENST00000380044.6","ENSG00000115204.15","OTTHUMG00000097074.8","OTTHUMT00000214193.2","MPV17-203","MPV17",1002,"protein_coding",751,27,0.95175159,"TGACT",0.740740741,NA,NA,NA,NA,NA,NA,NA,NA,NA,0,0,0,NA,NA,NA
"1579","ENST00000380244.7","ENSG00000089280.19","OTTHUMG00000132395.5","OTTHUMT00000433551.1","FUS-202","FUS",1818,"protein_coding",1026,23,0.991638958,"GGACA",0.869565217,NA,NA,NA,NA,NA,NA,NA,NA,NA,0,0,0,NA,NA,NA
"1580","ENST00000380394.9","ENSG00000137154.13","OTTHUMG00000019642.3","OTTHUMT00000051858.2","RPS6-204","RPS6",1369,"protein_coding",822,1134,0.963630795,"AGACT",0.515873016,NA,NA,NA,NA,NA,NA,NA,NA,NA,0,0,0,NA,NA,NA
"1581","ENST00000380486.4","ENSG00000157617.17","OTTHUMG00000086779.5","OTTHUMT00000195228.3","C2CD2-202","C2CD2",6473,"protein_coding",6316,20,0.92370826,"GAACT",0.6,NA,NA,NA,NA,NA,NA,NA,NA,NA,0,0,0,NA,NA,NA
"1582","ENST00000380527.3","ENSG00000155876.6","OTTHUMG00000019621.2","OTTHUMT00000051824.2","RRAGA-201","RRAGA",1599,"protein_coding",417,32,0.936991572,"GGACT",0.65625,NA,NA,NA,NA,NA,NA,NA,NA,NA,0,0,0,NA,NA,NA
"1583","ENST00000380527.3","ENSG00000155876.6","OTTHUMG00000019621.2","OTTHUMT00000051824.2","RRAGA-201","RRAGA",1599,"protein_coding",526,46,0.907344878,"GAACT",0.543478261,NA,NA,NA,NA,NA,NA,NA,NA,NA,0,0,0,NA,NA,NA
"1584","ENST00000380527.3","ENSG00000155876.6","OTTHUMG00000019621.2","OTTHUMT00000051824.2","RRAGA-201","RRAGA",1599,"protein_coding",537,44,0.902171135,"GGACA",0.454545455,NA,NA,NA,NA,NA,NA,NA,NA,NA,0,0,0,NA,NA,NA
"1585","ENST00000380542.9","ENSG00000205531.14","OTTHUMG00000011009.12","OTTHUMT00000030273.4","NAP1L4-201","NAP1L4",2463,"protein_coding",1683,50,0.984169781,"GGACT",0.88,NA,NA,NA,NA,NA,NA,NA,NA,NA,0,0,0,NA,NA,NA
"1586","ENST00000380739.6","ENSG00000021355.13","OTTHUMG00000014124.2","OTTHUMT00000039637.2","SERPINB1-201","SERPINB1",2476,"protein_coding",1209,99,0.958530366,"AGACT",0.646464646,NA,NA,NA,NA,NA,NA,NA,NA,NA,0,0,0,NA,NA,NA
"1587","ENST00000380752.10","ENSG00000139514.13","OTTHUMG00000016658.6","OTTHUMT00000044337.3","SLC7A1-201","SLC7A1",7343,"protein_coding",2647,20,0.99103725,"GGACT",0.85,NA,NA,NA,NA,NA,NA,NA,NA,NA,0,0,0,NA,NA,NA
"1588","ENST00000380752.10","ENSG00000139514.13","OTTHUMG00000016658.6","OTTHUMT00000044337.3","SLC7A1-201","SLC7A1",7343,"protein_coding",6412,244,0.911284626,"TGACT",0.463114754,NA,NA,NA,NA,NA,NA,NA,NA,NA,0,0,0,NA,NA,NA
"1589","ENST00000380996.9","ENSG00000184281.15","OTTHUMG00000009895.8","OTTHUMT00000027370.4","TSSC4-203","TSSC4",1544,"protein_coding",885,26,0.992735028,"TGACT",0.846153846,NA,NA,NA,NA,NA,NA,NA,NA,NA,0,0,0,NA,NA,NA
"1590","ENST00000381112.7","ENSG00000136280.17","OTTHUMG00000129246.5","-","CCM2-202","CCM2",1881,"protein_coding",1458,71,0.945620477,"GGACT",0.61971831,NA,NA,NA,NA,NA,NA,NA,NA,NA,0,0,0,NA,NA,NA
"1591","ENST00000381150.5","ENSG00000115884.11","OTTHUMG00000090751.5","-","SDC1-202","SDC1",3291,"protein_coding",3170,23,0.983877778,"TGACT",0.826086957,NA,NA,NA,NA,NA,NA,NA,NA,NA,0,0,0,NA,NA,NA
"1592","ENST00000381222.8","ENSG00000214717.12","OTTHUMG00000021069.10","OTTHUMT00000055619.3","ZBED1-202","ZBED1",4507,"protein_coding",4213,22,0.996473372,"GGACA",0.818181818,NA,NA,NA,NA,NA,NA,NA,NA,NA,0,0,0,NA,NA,NA
"1593","ENST00000381222.8","ENSG00000214717.12","OTTHUMG00000021069.10","OTTHUMT00000055619.3","ZBED1-202","ZBED1",4507,"protein_coding",4457,20,0.957208991,"GGACT",0.8,NA,NA,NA,NA,NA,NA,NA,NA,NA,0,0,0,NA,NA,NA
"1594","ENST00000381223.9","ENSG00000214717.12","OTTHUMG00000021069.10","-","ZBED1-203","ZBED1",4510,"protein_coding",4216,22,0.996595919,"GGACA",0.818181818,NA,NA,NA,NA,NA,NA,NA,NA,NA,0,0,0,NA,NA,NA
"1595","ENST00000381223.9","ENSG00000214717.12","OTTHUMG00000021069.10","-","ZBED1-203","ZBED1",4510,"protein_coding",4460,20,0.956395507,"GGACT",0.8,NA,NA,NA,NA,NA,NA,NA,NA,NA,0,0,0,NA,NA,NA
"1596","ENST00000381249.4","ENSG00000240857.2","OTTHUMG00000090705.3","OTTHUMT00000207394.2","RDH14-201","RDH14",1560,"protein_coding",1167,20,0.909801424,"GAACT",0.45,NA,NA,NA,NA,NA,NA,NA,NA,NA,0,0,0,NA,NA,NA
"1597","ENST00000381685.10","ENSG00000115761.17","OTTHUMG00000119023.3","OTTHUMT00000239227.2","NOL10-202","NOL10",3498,"protein_coding",1869,46,0.905199468,"AGACA",0.717391304,NA,NA,NA,NA,NA,NA,NA,NA,NA,0,0,0,NA,NA,NA
"1598","ENST00000381765.7","ENSG00000115756.13","OTTHUMG00000090451.6","OTTHUMT00000206898.1","HPCAL1-202","HPCAL1",1904,"protein_coding",1123,73,0.901998699,"GGACA",0.438356164,NA,NA,NA,NA,NA,NA,NA,NA,NA,0,0,0,NA,NA,NA
"1599","ENST00000381765.7","ENSG00000115756.13","OTTHUMG00000090451.6","OTTHUMT00000206898.1","HPCAL1-202","HPCAL1",1904,"protein_coding",1478,101,0.942029297,"TGACT",0.742574257,NA,NA,NA,NA,NA,NA,NA,NA,NA,0,0,0,NA,NA,NA
"1600","ENST00000381962.4","ENSG00000271303.2","OTTHUMG00000031644.5","OTTHUMT00000077479.2","SRXN1-201","SRXN1",2528,"protein_coding",418,25,0.917425632,"AGACT",0.68,NA,NA,NA,NA,NA,NA,NA,NA,NA,0,0,0,NA,NA,NA
"1601","ENST00000381962.4","ENSG00000271303.2","OTTHUMG00000031644.5","OTTHUMT00000077479.2","SRXN1-201","SRXN1",2528,"protein_coding",589,27,0.994183362,"GGACT",1,NA,NA,NA,NA,NA,NA,NA,NA,NA,0,0,0,NA,NA,NA
"1602","ENST00000381962.4","ENSG00000271303.2","OTTHUMG00000031644.5","OTTHUMT00000077479.2","SRXN1-201","SRXN1",2528,"protein_coding",726,23,0.963658273,"GGACA",0.565217391,NA,NA,NA,NA,NA,NA,NA,NA,NA,0,0,0,NA,NA,NA
"1603","ENST00000381962.4","ENSG00000271303.2","OTTHUMG00000031644.5","OTTHUMT00000077479.2","SRXN1-201","SRXN1",2528,"protein_coding",770,31,0.946878314,"GGACT",0.870967742,NA,NA,NA,NA,NA,NA,NA,NA,NA,0,0,0,NA,NA,NA
"1604","ENST00000381962.4","ENSG00000271303.2","OTTHUMG00000031644.5","OTTHUMT00000077479.2","SRXN1-201","SRXN1",2528,"protein_coding",1175,46,0.905265987,"AGACA",0.434782609,NA,NA,NA,NA,NA,NA,NA,NA,NA,0,0,0,NA,NA,NA
"1605","ENST00000381962.4","ENSG00000271303.2","OTTHUMG00000031644.5","OTTHUMT00000077479.2","SRXN1-201","SRXN1",2528,"protein_coding",1232,51,0.989076912,"AGACT",0.882352941,NA,NA,NA,NA,NA,NA,NA,NA,NA,0,0,0,NA,NA,NA
"1606","ENST00000381989.4","ENSG00000102699.6","OTTHUMG00000016582.4","OTTHUMT00000044189.2","PARP4-201","PARP4",5437,"protein_coding",3941,97,0.989675224,"GGACA",0.711340206,NA,NA,NA,NA,NA,NA,NA,NA,NA,0,0,0,NA,NA,NA
"1607","ENST00000381995.5","ENSG00000159128.16","OTTHUMG00000065188.5","OTTHUMT00000139917.1","IFNGR2-202","IFNGR2",1742,"protein_coding",1256,87,0.930381238,"GGACT",0.609195402,NA,NA,NA,NA,NA,NA,NA,NA,NA,0,0,0,NA,NA,NA
"1608","ENST00000382038.7","ENSG00000113456.20","OTTHUMG00000090783.4","OTTHUMT00000207567.2","RAD1-203","RAD1",4512,"protein_coding",762,20,0.913369536,"TGACT",0.5,NA,NA,NA,NA,NA,NA,NA,NA,NA,0,0,0,NA,NA,NA
"1609","ENST00000382292.9","ENSG00000151835.17","OTTHUMG00000016562.6","OTTHUMT00000044148.5","SACS-201","SACS",15635,"protein_coding",14142,32,0.972536504,"GGACT",0.71875,NA,NA,NA,NA,NA,NA,NA,NA,NA,0,0,0,NA,NA,NA
"1610","ENST00000382292.9","ENSG00000151835.17","OTTHUMG00000016562.6","OTTHUMT00000044148.5","SACS-201","SACS",15635,"protein_coding",14587,37,0.958122075,"GAACT",0.513513514,NA,NA,NA,NA,NA,NA,NA,NA,NA,0,0,0,NA,NA,NA
"1611","ENST00000382361.8","ENSG00000075618.18","OTTHUMG00000090599.6","OTTHUMT00000207153.4","FSCN1-201","FSCN1",2784,"protein_coding",1766,34,0.90600878,"GGACT",0.470588235,NA,NA,NA,NA,NA,NA,NA,NA,NA,0,0,0,NA,NA,NA
"1612","ENST00000382450.8","ENSG00000167965.18","OTTHUMG00000128827.6","OTTHUMT00000435064.1","MLST8-202","MLST8",1861,"protein_coding",1497,82,0.936488867,"GGACT",0.646341463,NA,NA,NA,NA,NA,NA,NA,NA,NA,0,0,0,NA,NA,NA
"1613","ENST00000382581.5","ENSG00000179010.16","OTTHUMG00000125504.3","OTTHUMT00000359625.1","MRFAP1-202","MRFAP1",1574,"protein_coding",359,49,0.920320213,"GGACA",0.632653061,NA,NA,NA,NA,NA,NA,NA,NA,NA,0,0,0,NA,NA,NA
"1614","ENST00000382643.7","ENSG00000051180.17","OTTHUMG00000130067.10","OTTHUMT00000387937.2","RAD51-202","RAD51",1588,"protein_coding",1168,62,0.912228763,"AGACT",0.5,150,415,1023,1,150,151,1172,1173,1587,0,1,0,NA,0.995112414467253,NA
"1615","ENST00000382647.7","ENSG00000171421.13","OTTHUMG00000090373.6","OTTHUMT00000365909.2","MRPL36-201","MRPL36",587,"protein_coding",248,265,0.923739135,"AGACT",0.562264151,NA,NA,NA,NA,NA,NA,NA,NA,NA,0,0,0,NA,NA,NA
"1616","ENST00000382952.8","ENSG00000159692.18","OTTHUMG00000089259.9","OTTHUMT00000359459.1","CTBP1-203","CTBP1",2488,"protein_coding",1798,54,0.942114592,"AGACT",0.62962963,NA,NA,NA,NA,NA,NA,NA,NA,NA,0,0,0,NA,NA,NA
"1617","ENST00000388901.10","ENSG00000166200.15","OTTHUMG00000172324.4","OTTHUMT00000417840.3","COPS2-202","COPS2",6576,"protein_coding",1302,55,0.985766351,"GGACC",0.818181818,NA,NA,NA,NA,NA,NA,NA,NA,NA,0,0,0,NA,NA,NA
"1618","ENST00000389003.7","ENSG00000007202.16","OTTHUMG00000166587.7","OTTHUMT00000445826.3","BLTP2-201","BLTP2",6852,"protein_coding",6725,76,0.936964154,"GGACT",0.842105263,NA,NA,NA,NA,NA,NA,NA,NA,NA,0,0,0,NA,NA,NA
"1619","ENST00000389017.6","ENSG00000196544.8","OTTHUMG00000153930.2","OTTHUMT00000333072.2","BORCS6-201","BORCS6",1836,"protein_coding",953,23,0.991325855,"GGACT",1,NA,NA,NA,NA,NA,NA,NA,NA,NA,0,0,0,NA,NA,NA
"1620","ENST00000389017.6","ENSG00000196544.8","OTTHUMG00000153930.2","OTTHUMT00000333072.2","BORCS6-201","BORCS6",1836,"protein_coding",974,24,0.911079466,"GGACA",0.583333333,NA,NA,NA,NA,NA,NA,NA,NA,NA,0,0,0,NA,NA,NA
"1621","ENST00000389017.6","ENSG00000196544.8","OTTHUMG00000153930.2","OTTHUMT00000333072.2","BORCS6-201","BORCS6",1836,"protein_coding",1122,29,0.93642503,"GGACA",0.517241379,NA,NA,NA,NA,NA,NA,NA,NA,NA,0,0,0,NA,NA,NA
"1622","ENST00000389017.6","ENSG00000196544.8","OTTHUMG00000153930.2","OTTHUMT00000333072.2","BORCS6-201","BORCS6",1836,"protein_coding",1171,57,0.983366072,"GGACT",0.701754386,NA,NA,NA,NA,NA,NA,NA,NA,NA,0,0,0,NA,NA,NA
"1623","ENST00000389993.7","ENSG00000068878.15","OTTHUMG00000151852.6","OTTHUMT00000324164.1","PSME4-201","PSME4",6581,"nonsense_mediated_decay",5748,42,0.931040406,"GAACT",0.595238095,NA,NA,NA,NA,NA,NA,NA,NA,NA,0,0,0,NA,NA,NA
"1624","ENST00000390658.4","ENSG00000176396.11","OTTHUMG00000074073.4","OTTHUMT00000157251.3","EID2-201","EID2",1455,"protein_coding",1184,24,0.92724514,"GGACT",0.625,NA,NA,NA,NA,NA,NA,NA,NA,NA,0,0,0,NA,NA,NA
"1625","ENST00000391627.6","ENSG00000100364.19","OTTHUMG00000151263.4","OTTHUMT00000321976.1","KIAA0930-203","KIAA0930",2623,"protein_coding",1969,24,0.941818118,"GGACA",0.625,NA,NA,NA,NA,NA,NA,NA,NA,NA,0,0,0,NA,NA,NA
"1626","ENST00000391755.1","ENSG00000105618.14","OTTHUMG00000066040.14","OTTHUMT00000141419.1","PRPF31-202","PRPF31",1767,"protein_coding",1493,56,0.937617481,"TGACT",0.5,NA,NA,NA,NA,NA,NA,NA,NA,NA,0,0,0,NA,NA,NA
"1627","ENST00000391855.2","ENSG00000152904.11","OTTHUMG00000037963.3","OTTHUMT00000356796.1","GGPS1-203","GGPS1",1407,"protein_coding",512,21,0.900068879,"GGACA",0.380952381,NA,NA,NA,NA,NA,NA,NA,NA,NA,0,0,0,NA,NA,NA
"1628","ENST00000391855.2","ENSG00000152904.11","OTTHUMG00000037963.3","OTTHUMT00000356796.1","GGPS1-203","GGPS1",1407,"protein_coding",599,23,0.98752898,"GGACT",1,NA,NA,NA,NA,NA,NA,NA,NA,NA,0,0,0,NA,NA,NA
"1629","ENST00000391881.7","ENSG00000105443.17","OTTHUMG00000150245.7","OTTHUMT00000317063.1","CYTH2-202","CYTH2",1546,"nonsense_mediated_decay",1149,25,0.962971509,"GAACT",0.76,NA,NA,NA,NA,NA,NA,NA,NA,NA,0,0,0,NA,NA,NA
"1630","ENST00000391965.6","ENSG00000124444.16","OTTHUMG00000165479.2","OTTHUMT00000384392.1","ZNF576-202","ZNF576",1468,"protein_coding",660,21,0.959203064,"GGACT",0.80952381,NA,NA,NA,NA,NA,NA,NA,NA,NA,0,0,0,NA,NA,NA
"1631","ENST00000392038.7","ENSG00000105221.18","OTTHUMG00000137375.23","OTTHUMT00000268029.3","AKT2-206","AKT2",5250,"protein_coding",2589,26,0.982489944,"GGACA",0.692307692,NA,NA,NA,NA,NA,NA,NA,NA,NA,0,0,0,NA,NA,NA
"1632","ENST00000392088.6","ENSG00000127824.15","OTTHUMG00000133126.7","OTTHUMT00000259055.3","TUBA4A-202","TUBA4A",2499,"protein_coding",1544,25,0.978033662,"GGACT",0.88,NA,NA,NA,NA,NA,NA,NA,NA,NA,0,0,0,NA,NA,NA
"1633","ENST00000392121.7","ENSG00000197965.12","OTTHUMG00000034571.5","OTTHUMT00000326411.1","MPZL1-203","MPZL1",3421,"protein_coding",569,60,0.956352115,"GGACT",0.766666667,NA,NA,NA,NA,NA,NA,NA,NA,NA,0,0,0,NA,NA,NA
"1634","ENST00000392206.6","ENSG00000161249.21","OTTHUMG00000048101.18","OTTHUMT00000339821.1","DMKN-202","DMKN",458,"protein_coding",221,24,0.958173633,"GAACT",0.625,NA,NA,NA,NA,NA,NA,NA,NA,NA,0,0,0,NA,NA,NA
"1635","ENST00000392246.7","ENSG00000116030.17","OTTHUMG00000132839.6","OTTHUMT00000256312.3","SUMO1-203","SUMO1",1523,"protein_coding",821,279,0.949093342,"GGACT",0.666666667,NA,NA,NA,NA,NA,NA,NA,NA,NA,0,0,0,NA,NA,NA
"1636","ENST00000392271.6","ENSG00000105176.18","OTTHUMG00000177923.6","OTTHUMT00000439756.3","URI1-202","URI1",3460,"protein_coding",275,31,0.918433726,"GGACT",0.580645161,NA,NA,NA,NA,NA,NA,NA,NA,NA,0,0,0,NA,NA,NA
"1637","ENST00000392276.1","ENSG00000131943.20","OTTHUMG00000149838.6","OTTHUMT00000313508.1","C19orf12-204","C19orf12",1912,"protein_coding",949,24,0.910117924,"GGACT",0.666666667,NA,NA,NA,NA,NA,NA,NA,NA,NA,0,0,0,NA,NA,NA
"1638","ENST00000392290.6","ENSG00000162972.11","OTTHUMG00000132771.4","OTTHUMT00000256146.1","MAIP1-202","MAIP1",1399,"protein_coding",292,24,0.920093775,"GGACT",0.5,NA,NA,NA,NA,NA,NA,NA,NA,NA,0,0,0,NA,NA,NA
"1639","ENST00000392301.3","ENSG00000225200.2","OTTHUMG00000152326.3","OTTHUMT00000325888.3","ENST00000392301","ENSG00000225200",627,"processed_pseudogene",115,21,0.901008904,"TGACC",0.80952381,NA,NA,NA,NA,NA,NA,NA,NA,NA,0,0,0,NA,NA,NA
"1640","ENST00000392359.8","ENSG00000169689.15","OTTHUMG00000132129.3","OTTHUMT00000255174.2","CENPX-202","CENPX",765,"protein_coding",428,157,0.937837422,"GGACT",0.643312102,NA,NA,NA,NA,NA,NA,NA,NA,NA,0,0,0,NA,NA,NA
"1641","ENST00000392359.8","ENSG00000169689.15","OTTHUMG00000132129.3","OTTHUMT00000255174.2","CENPX-202","CENPX",765,"protein_coding",520,134,0.911989093,"GGACA",0.5,NA,NA,NA,NA,NA,NA,NA,NA,NA,0,0,0,NA,NA,NA
"1642","ENST00000392446.10","ENSG00000171302.17","OTTHUMG00000177570.9","OTTHUMT00000437722.2","CANT1-202","CANT1",3287,"protein_coding",2392,41,0.909177721,"TGACT",0.707317073,NA,NA,NA,NA,NA,NA,NA,NA,NA,0,0,0,NA,NA,NA
"1643","ENST00000392456.4","ENSG00000152492.15","OTTHUMG00000156177.3","OTTHUMT00000343315.2","CCDC50-202","CCDC50",1926,"protein_coding",1538,23,0.961162746,"GGACT",0.739130435,NA,NA,NA,NA,NA,NA,NA,NA,NA,0,0,0,NA,NA,NA
"1644","ENST00000392519.7","ENSG00000184986.12","OTTHUMG00000029912.4","OTTHUMT00000074621.3","TMEM121-201","TMEM121",1548,"protein_coding",1185,42,0.935764432,"AGACA",0.761904762,NA,NA,NA,NA,NA,NA,NA,NA,NA,0,0,0,NA,NA,NA
"1645","ENST00000392537.6","ENSG00000114867.22","OTTHUMG00000156784.21","OTTHUMT00000345729.2","EIF4G1-206","EIF4G1",5229,"protein_coding",4820,48,0.913911462,"GGACA",0.5,NA,NA,NA,NA,NA,NA,NA,NA,NA,0,0,0,NA,NA,NA
"1646","ENST00000392537.6","ENSG00000114867.22","OTTHUMG00000156784.21","OTTHUMT00000345729.2","EIF4G1-206","EIF4G1",5229,"protein_coding",4849,56,0.926811159,"GGACT",0.696428571,NA,NA,NA,NA,NA,NA,NA,NA,NA,0,0,0,NA,NA,NA
"1647","ENST00000392554.8","ENSG00000184887.14","OTTHUMG00000029887.6","OTTHUMT00000074556.4","BTBD6-202","BTBD6",2217,"protein_coding",1431,25,0.948467433,"GGACA",0.8,NA,NA,NA,NA,NA,NA,NA,NA,NA,0,0,0,NA,NA,NA
"1648","ENST00000392554.8","ENSG00000184887.14","OTTHUMG00000029887.6","OTTHUMT00000074556.4","BTBD6-202","BTBD6",2217,"protein_coding",1539,26,0.984434247,"GAACT",0.615384615,NA,NA,NA,NA,NA,NA,NA,NA,NA,0,0,0,NA,NA,NA
"1649","ENST00000392554.8","ENSG00000184887.14","OTTHUMG00000029887.6","OTTHUMT00000074556.4","BTBD6-202","BTBD6",2217,"protein_coding",1748,54,0.933171153,"GGACT",0.722222222,NA,NA,NA,NA,NA,NA,NA,NA,NA,0,0,0,NA,NA,NA
"1650","ENST00000392818.7","ENSG00000164897.14","OTTHUMG00000158621.4","OTTHUMT00000351485.1","TMUB1-202","TMUB1",1563,"protein_coding",1241,20,0.940385103,"GGACT",0.6,NA,NA,NA,NA,NA,NA,NA,NA,NA,0,0,0,NA,NA,NA
"1651","ENST00000392865.5","ENSG00000148908.15","OTTHUMG00000019150.2","-","RGS10-203","RGS10",852,"protein_coding",660,175,0.924916744,"GGACT",0.588571429,NA,NA,NA,NA,NA,NA,NA,NA,NA,0,0,0,NA,NA,NA
"1652","ENST00000393000.3","ENSG00000114125.14","OTTHUMG00000141305.4","OTTHUMT00000280603.1","RNF7-202","RNF7",805,"protein_coding",514,223,0.92144084,"GGACT",0.529147982,NA,NA,NA,NA,NA,NA,NA,NA,NA,0,0,0,NA,NA,NA
"1653","ENST00000393038.3","ENSG00000141378.15","OTTHUMG00000154532.4","OTTHUMT00000335784.2","PTRH2-201","PTRH2",731,"protein_coding",470,115,0.909878373,"GGACT",0.634782609,NA,NA,NA,NA,NA,NA,NA,NA,NA,0,0,0,NA,NA,NA
"1654","ENST00000393038.3","ENSG00000141378.15","OTTHUMG00000154532.4","OTTHUMT00000335784.2","PTRH2-201","PTRH2",731,"protein_coding",474,114,0.980441451,"TGACT",0.719298246,NA,NA,NA,NA,NA,NA,NA,NA,NA,0,0,0,NA,NA,NA
"1655","ENST00000393099.3","ENSG00000167526.14","OTTHUMG00000133770.8","OTTHUMT00000258294.2","RPL13-202","RPL13",2385,"protein_coding",1024,235,0.937175333,"AGACA",0.689361702,NA,NA,NA,NA,NA,NA,NA,NA,NA,0,0,0,NA,NA,NA
"1656","ENST00000393114.8","ENSG00000122783.17","OTTHUMG00000155447.5","OTTHUMT00000340145.1","CYREN-201","CYREN",1494,"protein_coding",675,21,0.951928914,"AAACT",0.714285714,NA,NA,NA,NA,NA,NA,NA,NA,NA,0,0,0,NA,NA,NA
"1657","ENST00000393114.8","ENSG00000122783.17","OTTHUMG00000155447.5","OTTHUMT00000340145.1","CYREN-201","CYREN",1494,"protein_coding",1029,48,0.975888133,"AGACA",0.729166667,NA,NA,NA,NA,NA,NA,NA,NA,NA,0,0,0,NA,NA,NA
"1658","ENST00000393340.7","ENSG00000131446.17","OTTHUMG00000130937.6","-","MGAT1-203","MGAT1",3077,"protein_coding",1775,23,0.957598448,"GGACC",0.695652174,NA,NA,NA,NA,NA,NA,NA,NA,NA,0,0,0,NA,NA,NA
"1659","ENST00000393353.7","ENSG00000115641.19","OTTHUMG00000153120.6","OTTHUMT00000329656.2","FHL2-205","FHL2",1531,"protein_coding",865,45,0.907058835,"GAACT",0.577777778,NA,NA,NA,NA,NA,NA,NA,NA,NA,0,0,0,NA,NA,NA
"1660","ENST00000393370.7","ENSG00000119383.21","OTTHUMG00000020774.22","OTTHUMT00000054567.2","PTPA-207","PTPA",2640,"protein_coding",2188,96,0.909878135,"GAACT",0.541666667,NA,NA,NA,NA,NA,NA,NA,NA,NA,0,0,0,NA,NA,NA
"1661","ENST00000393537.5","ENSG00000213337.9","OTTHUMG00000130530.3","OTTHUMT00000252951.3","ANKRD39-201","ANKRD39",892,"protein_coding",759,21,0.936659276,"AGACT",0.571428571,NA,NA,NA,NA,NA,NA,NA,NA,NA,0,0,0,NA,NA,NA
"1662","ENST00000393611.6","ENSG00000169228.14","OTTHUMG00000130849.6","OTTHUMT00000372690.1","RAB24-204","RAB24",1236,"protein_coding",1110,27,0.984065056,"TGACT",0.740740741,NA,NA,NA,NA,NA,NA,NA,NA,NA,0,0,0,NA,NA,NA
"1663","ENST00000393623.6","ENSG00000079999.14","OTTHUMG00000180579.5","OTTHUMT00000452002.1","KEAP1-202","KEAP1",2648,"protein_coding",1427,46,0.988061786,"GGACT",0.956521739,NA,NA,NA,NA,NA,NA,NA,NA,NA,0,0,0,NA,NA,NA
"1664","ENST00000393623.6","ENSG00000079999.14","OTTHUMG00000180579.5","OTTHUMT00000452002.1","KEAP1-202","KEAP1",2648,"protein_coding",2108,123,0.973242581,"GAACT",0.658536585,NA,NA,NA,NA,NA,NA,NA,NA,NA,0,0,0,NA,NA,NA
"1665","ENST00000393623.6","ENSG00000079999.14","OTTHUMG00000180579.5","OTTHUMT00000452002.1","KEAP1-202","KEAP1",2648,"protein_coding",2191,147,0.957729936,"GGACT",0.755102041,NA,NA,NA,NA,NA,NA,NA,NA,NA,0,0,0,NA,NA,NA
"1666","ENST00000393664.6","ENSG00000175832.13","OTTHUMG00000180884.2","OTTHUMT00000453490.1","ETV4-202","ETV4",2182,"protein_coding",1932,70,0.986613631,"GGACT",0.728571429,NA,NA,NA,NA,NA,NA,NA,NA,NA,0,0,0,NA,NA,NA
"1667","ENST00000393706.6","ENSG00000136877.15","OTTHUMG00000020716.6","-","FPGS-204","FPGS",2230,"protein_coding",1810,45,0.911757708,"GAACT",0.4,NA,NA,NA,NA,NA,NA,NA,NA,NA,0,0,0,NA,NA,NA
"1668","ENST00000393708.3","ENSG00000267673.7","OTTHUMG00000141299.4","OTTHUMT00000280567.3","FDX2-202","FDX2",1012,"protein_coding",805,82,0.945695162,"GGACT",0.670731707,NA,NA,NA,NA,NA,NA,NA,NA,NA,0,0,0,NA,NA,NA
"1669","ENST00000393760.6","ENSG00000171307.19","OTTHUMG00000018847.6","OTTHUMT00000504269.2","ZDHHC16-207","ZDHHC16",1977,"protein_coding",1693,92,0.965659678,"GGACT",0.75,NA,NA,NA,NA,NA,NA,NA,NA,NA,0,0,0,NA,NA,NA
"1670","ENST00000393766.6","ENSG00000052802.13","OTTHUMG00000161126.7","OTTHUMT00000363881.2","MSMO1-202","MSMO1",1789,"protein_coding",590,36,0.92784512,"GAACT",0.583333333,217,1083,489,1,217,218,705,706,1788,0,1,0,NA,0.76278118609407,NA
"1671","ENST00000393766.6","ENSG00000052802.13","OTTHUMG00000161126.7","OTTHUMT00000363881.2","MSMO1-202","MSMO1",1789,"protein_coding",647,40,0.950199842,"AGACT",0.75,217,1083,489,1,217,218,705,706,1788,0,1,0,NA,0.879345603271984,NA
"1672","ENST00000393766.6","ENSG00000052802.13","OTTHUMG00000161126.7","OTTHUMT00000363881.2","MSMO1-202","MSMO1",1789,"protein_coding",697,45,0.986507237,"AGACT",0.911111111,217,1083,489,1,217,218,705,706,1788,0,1,0,NA,0.98159509202454,NA
"1673","ENST00000393810.5","ENSG00000157593.20","OTTHUMG00000014760.3","OTTHUMT00000040725.2","SLC35B2-201","SLC35B2",1898,"protein_coding",440,23,0.994977951,"GGACT",0.826086957,144,1469,285,1,144,145,428,429,1897,0,0,1,NA,NA,0.00748808713410483
"1674","ENST00000393812.4","ENSG00000157593.20","OTTHUMG00000014760.3","OTTHUMT00000040724.3","SLC35B2-202","SLC35B2",2022,"protein_coding",569,24,0.994051397,"GGACT",0.791666667,NA,NA,NA,NA,NA,NA,NA,NA,NA,0,0,0,NA,NA,NA
"1675","ENST00000393844.7","ENSG00000112759.19","OTTHUMG00000014759.5","OTTHUMT00000040716.5","SLC29A1-208","SLC29A1",2204,"protein_coding",1763,120,0.975158453,"GGACA",0.716666667,219,614,1371,1,219,220,1589,1590,2203,0,0,1,NA,NA,0.281758957654723
"1676","ENST00000393910.5","ENSG00000141698.17","OTTHUMG00000133499.10","OTTHUMT00000257437.1","NT5C3B-201","NT5C3B",1253,"retained_intron",55,26,0.925740778,"GGACT",0.653846154,NA,NA,NA,NA,NA,NA,NA,NA,NA,0,0,0,NA,NA,NA
"1677","ENST00000393910.5","ENSG00000141698.17","OTTHUMG00000133499.10","OTTHUMT00000257437.1","NT5C3B-201","NT5C3B",1253,"retained_intron",1186,144,0.915073693,"GGACC",0.555555556,NA,NA,NA,NA,NA,NA,NA,NA,NA,0,0,0,NA,NA,NA
"1678","ENST00000393928.6","ENSG00000141696.13","OTTHUMG00000133501.8","OTTHUMT00000504448.2","P3H4-202","P3H4",2352,"protein_coding",2198,27,0.927091777,"GGACA",0.703703704,NA,NA,NA,NA,NA,NA,NA,NA,NA,0,0,0,NA,NA,NA
"1679","ENST00000393979.3","ENSG00000239306.5","OTTHUMG00000140380.5","OTTHUMT00000334204.2","RBM14-202","RBM14",1426,"protein_coding",1253,59,0.904814363,"GGACA",0.576271186,NA,NA,NA,NA,NA,NA,NA,NA,NA,0,0,0,NA,NA,NA
"1680","ENST00000394065.2","ENSG00000174996.12","OTTHUMG00000133757.5","OTTHUMT00000258204.2","KLC2-202","KLC2",3755,"protein_coding",3482,21,0.903473258,"GGACC",0.476190476,NA,NA,NA,NA,NA,NA,NA,NA,NA,0,0,0,NA,NA,NA
"1681","ENST00000394110.7","ENSG00000112640.16","OTTHUMG00000014716.5","OTTHUMT00000357963.1","PPP2R5D-202","PPP2R5D",2894,"protein_coding",1883,20,0.954826176,"GGACA",0.4,NA,NA,NA,NA,NA,NA,NA,NA,NA,0,0,0,NA,NA,NA
"1682","ENST00000394272.8","ENSG00000184508.12","OTTHUMG00000141260.6","OTTHUMT00000280403.3","HDDC3-202","HDDC3",1856,"protein_coding",675,22,0.97207737,"AGACT",0.818181818,NA,NA,NA,NA,NA,NA,NA,NA,NA,0,0,0,NA,NA,NA
"1683","ENST00000394321.9","ENSG00000090674.16","OTTHUMG00000182046.5","OTTHUMT00000458976.1","MCOLN1-202","MCOLN1",2253,"retained_intron",2197,21,0.963176966,"GGACC",0.571428571,NA,NA,NA,NA,NA,NA,NA,NA,NA,0,0,0,NA,NA,NA
"1684","ENST00000394357.6","ENSG00000139546.12","OTTHUMG00000169855.6","OTTHUMT00000406293.1","TARBP2-202","TARBP2",1402,"protein_coding",1255,24,0.903823853,"AGACT",0.708333333,NA,NA,NA,NA,NA,NA,NA,NA,NA,0,0,0,NA,NA,NA
"1685","ENST00000394456.10","ENSG00000125651.14","OTTHUMG00000168087.4","OTTHUMT00000398033.2","GTF2F1-201","GTF2F1",2432,"protein_coding",1828,21,0.90549916,"GAACT",0.523809524,NA,NA,NA,NA,NA,NA,NA,NA,NA,0,0,0,NA,NA,NA
"1686","ENST00000394514.6","ENSG00000013561.18","OTTHUMG00000129660.8","OTTHUMT00000251861.2","RNF14-203","RNF14",2905,"protein_coding",692,22,0.924007893,"GGACT",0.909090909,463,1395,1047,1,463,464,1509,1510,2904,0,1,0,NA,0.218720152817574,NA
"1687","ENST00000394514.6","ENSG00000013561.18","OTTHUMG00000129660.8","OTTHUMT00000251861.2","RNF14-203","RNF14",2905,"protein_coding",830,24,0.988668621,"GGACT",0.708333333,463,1395,1047,1,463,464,1509,1510,2904,0,1,0,NA,0.350525310410697,NA
"1688","ENST00000394519.5","ENSG00000013561.18","OTTHUMG00000129660.8","-","RNF14-204","RNF14",4173,"protein_coding",855,20,0.925967276,"GGACT",0.9,NA,NA,NA,NA,NA,NA,NA,NA,NA,0,0,0,NA,NA,NA
"1689","ENST00000394519.5","ENSG00000013561.18","OTTHUMG00000129660.8","-","RNF14-204","RNF14",4173,"protein_coding",993,22,0.990952551,"GGACT",0.727272727,NA,NA,NA,NA,NA,NA,NA,NA,NA,0,0,0,NA,NA,NA
"1690","ENST00000394520.7","ENSG00000013561.18","OTTHUMG00000129660.8","OTTHUMT00000251860.3","RNF14-205","RNF14",4170,"protein_coding",850,20,0.92377162,"GGACT",0.9,NA,NA,NA,NA,NA,NA,NA,NA,NA,0,0,0,NA,NA,NA
"1691","ENST00000394520.7","ENSG00000013561.18","OTTHUMG00000129660.8","OTTHUMT00000251860.3","RNF14-205","RNF14",4170,"protein_coding",988,22,0.991045296,"GGACT",0.727272727,NA,NA,NA,NA,NA,NA,NA,NA,NA,0,0,0,NA,NA,NA
"1692","ENST00000394601.8","ENSG00000011304.22","OTTHUMG00000181789.13","OTTHUMT00000457608.1","PTBP1-204","PTBP1",3185,"protein_coding",1902,23,0.946588755,"TGACT",0.739130435,NA,NA,NA,NA,NA,NA,NA,NA,NA,0,0,0,NA,NA,NA
"1693","ENST00000394613.3","ENSG00000176485.14","OTTHUMG00000167852.3","OTTHUMT00000396633.1","PLAAT3-202","PLAAT3",678,"protein_coding_CDS_not_defined",592,129,0.931121886,"AGACT",0.596899225,NA,NA,NA,NA,NA,NA,NA,NA,NA,0,0,0,NA,NA,NA
"1694","ENST00000394738.7","ENSG00000163933.10","OTTHUMG00000074035.6","OTTHUMT00000157137.1","RFT1-202","RFT1",1800,"protein_coding",1520,96,0.953469157,"GGACT",0.572916667,NA,NA,NA,NA,NA,NA,NA,NA,NA,0,0,0,NA,NA,NA
"1695","ENST00000394765.7","ENSG00000167671.12","OTTHUMG00000181954.8","OTTHUMT00000458450.1","UBXN6-202","UBXN6",1809,"protein_coding",855,22,0.965324402,"GAACT",0.727272727,NA,NA,NA,NA,NA,NA,NA,NA,NA,0,0,0,NA,NA,NA
"1696","ENST00000394817.7","ENSG00000120725.13","OTTHUMG00000129226.4","OTTHUMT00000251319.2","SIL1-202","SIL1",1889,"protein_coding",1510,135,0.952545524,"GGACT",0.666666667,NA,NA,NA,NA,NA,NA,NA,NA,NA,0,0,0,NA,NA,NA
"1697","ENST00000394817.7","ENSG00000120725.13","OTTHUMG00000129226.4","OTTHUMT00000251319.2","SIL1-202","SIL1",1889,"protein_coding",1515,150,0.97570312,"GGACT",0.813333333,NA,NA,NA,NA,NA,NA,NA,NA,NA,0,0,0,NA,NA,NA
"1698","ENST00000394878.2","ENSG00000213553.4","OTTHUMG00000153430.1","OTTHUMT00000331162.1","RPLP0P6-201","RPLP0P6",954,"processed_pseudogene",618,282,0.902656972,"AAACA",0.645390071,NA,NA,NA,NA,NA,NA,NA,NA,NA,0,0,0,NA,NA,NA
"1699","ENST00000395057.5","ENSG00000164081.13","OTTHUMG00000156901.2","OTTHUMT00000346529.1","TEX264-202","TEX264",1555,"protein_coding",1442,180,0.939237356,"GGACT",0.605555556,NA,NA,NA,NA,NA,NA,NA,NA,NA,0,0,0,NA,NA,NA
"1700","ENST00000395067.7","ENSG00000066697.15","OTTHUMG00000020365.3","OTTHUMT00000053410.1","MSANTD3-203","MSANTD3",1880,"protein_coding",1113,82,0.938346088,"AGACT",0.817073171,NA,NA,NA,NA,NA,NA,NA,NA,NA,0,0,0,NA,NA,NA
"1701","ENST00000395067.7","ENSG00000066697.15","OTTHUMG00000020365.3","OTTHUMT00000053410.1","MSANTD3-203","MSANTD3",1880,"protein_coding",1172,110,0.912033916,"GGACT",0.736363636,NA,NA,NA,NA,NA,NA,NA,NA,NA,0,0,0,NA,NA,NA
"1702","ENST00000395139.7","ENSG00000068001.14","OTTHUMG00000156876.2","OTTHUMT00000346390.1","HYAL2-202","HYAL2",2136,"protein_coding",1049,21,0.956092298,"GAACT",0.571428571,NA,NA,NA,NA,NA,NA,NA,NA,NA,0,0,0,NA,NA,NA
"1703","ENST00000395159.7","ENSG00000100575.14","OTTHUMG00000140322.8","OTTHUMT00000276936.3","TIMM9-202","TIMM9",1252,"protein_coding",776,67,0.940689802,"GGACT",0.626865672,NA,NA,NA,NA,NA,NA,NA,NA,NA,0,0,0,NA,NA,NA
"1704","ENST00000395159.7","ENSG00000100575.14","OTTHUMG00000140322.8","OTTHUMT00000276936.3","TIMM9-202","TIMM9",1252,"protein_coding",833,82,0.962840796,"TGACT",0.548780488,NA,NA,NA,NA,NA,NA,NA,NA,NA,0,0,0,NA,NA,NA
"1705","ENST00000395288.6","ENSG00000123444.14","OTTHUMG00000166894.5","-","KBTBD4-201","KBTBD4",2460,"protein_coding",1749,20,0.948729396,"GAACT",0.55,NA,NA,NA,NA,NA,NA,NA,NA,NA,0,0,0,NA,NA,NA
"1706","ENST00000395288.6","ENSG00000123444.14","OTTHUMG00000166894.5","-","KBTBD4-201","KBTBD4",2460,"protein_coding",1921,23,0.943866372,"GAACT",0.608695652,NA,NA,NA,NA,NA,NA,NA,NA,NA,0,0,0,NA,NA,NA
"1707","ENST00000395629.2","ENSG00000121653.11","OTTHUMG00000134324.2","OTTHUMT00000259407.2","MAPK8IP1-202","MAPK8IP1",3180,"protein_coding",2918,62,0.900747299,"GGACT",0.532258065,NA,NA,NA,NA,NA,NA,NA,NA,NA,0,0,0,NA,NA,NA
"1708","ENST00000395629.2","ENSG00000121653.11","OTTHUMG00000134324.2","OTTHUMT00000259407.2","MAPK8IP1-202","MAPK8IP1",3180,"protein_coding",3107,62,0.902240574,"TGACT",0.661290323,NA,NA,NA,NA,NA,NA,NA,NA,NA,0,0,0,NA,NA,NA
"1709","ENST00000395633.5","ENSG00000099624.8","OTTHUMG00000180143.5","OTTHUMT00000473909.2","ATP5F1D-202","ATP5F1D",704,"protein_coding",662,261,0.942488909,"GAACT",0.528735632,NA,NA,NA,NA,NA,NA,NA,NA,NA,0,0,0,NA,NA,NA
"1710","ENST00000395693.8","ENSG00000284194.3","OTTHUMG00000191637.2","OTTHUMT00000317090.1","SCO2-202","SCO2",984,"protein_coding",349,61,0.966154873,"GGACT",0.836065574,NA,NA,NA,NA,NA,NA,NA,NA,NA,0,0,0,NA,NA,NA
"1711","ENST00000395693.8","ENSG00000284194.3","OTTHUMG00000191637.2","OTTHUMT00000317090.1","SCO2-202","SCO2",984,"protein_coding",700,104,0.982865334,"AGACT",0.692307692,NA,NA,NA,NA,NA,NA,NA,NA,NA,0,0,0,NA,NA,NA
"1712","ENST00000395780.5","ENSG00000188130.14","OTTHUMG00000030145.5","OTTHUMT00000316918.1","MAPK12-203","MAPK12",1459,"protein_coding",1096,24,0.947770357,"GGACC",0.5,NA,NA,NA,NA,NA,NA,NA,NA,NA,0,0,0,NA,NA,NA
"1713","ENST00000395780.5","ENSG00000188130.14","OTTHUMG00000030145.5","OTTHUMT00000316918.1","MAPK12-203","MAPK12",1459,"protein_coding",1313,59,0.948058367,"GGACA",0.508474576,NA,NA,NA,NA,NA,NA,NA,NA,NA,0,0,0,NA,NA,NA
"1714","ENST00000395788.3","ENSG00000204387.14","OTTHUMG00000031175.4","OTTHUMT00000268463.1","SNHG32-207","SNHG32",815,"lncRNA",642,27,0.90331161,"GAACT",0.37037037,NA,NA,NA,NA,NA,NA,NA,NA,NA,0,0,0,NA,NA,NA
"1715","ENST00000395797.1","ENSG00000169740.14","OTTHUMG00000018043.2","-","ZNF32-202","ZNF32",1201,"protein_coding",659,59,0.969357312,"GGACA",0.661016949,NA,NA,NA,NA,NA,NA,NA,NA,NA,0,0,0,NA,NA,NA
"1716","ENST00000395808.7","ENSG00000175221.16","OTTHUMG00000181841.12","OTTHUMT00000457894.5","MED16-203","MED16",3420,"protein_coding",2760,25,0.976393878,"GGACT",0.92,151,743,2526,1,151,152,2676,2677,3419,0,0,1,NA,NA,0.111709286675639
"1717","ENST00000395808.7","ENSG00000175221.16","OTTHUMG00000181841.12","OTTHUMT00000457894.5","MED16-203","MED16",3420,"protein_coding",3058,23,0.995501161,"GGACA",0.782608696,151,743,2526,1,151,152,2676,2677,3419,0,0,1,NA,NA,0.51278600269179
"1718","ENST00000395862.7","ENSG00000155097.12","OTTHUMG00000164761.2","OTTHUMT00000380101.1","ATP6V1C1-201","ATP6V1C1",5612,"protein_coding",329,25,0.9322716,"GAACT",0.72,NA,NA,NA,NA,NA,NA,NA,NA,NA,0,0,0,NA,NA,NA
"1719","ENST00000395911.5","ENSG00000087586.18","OTTHUMG00000032796.7","OTTHUMT00000259429.1","AURKA-205","AURKA",2145,"protein_coding",946,72,0.910208881,"GAACT",0.583333333,NA,NA,NA,NA,NA,NA,NA,NA,NA,0,0,0,NA,NA,NA
"1720","ENST00000395911.5","ENSG00000087586.18","OTTHUMG00000032796.7","OTTHUMT00000259429.1","AURKA-205","AURKA",2145,"protein_coding",1461,105,0.935791612,"TGACT",0.695238095,NA,NA,NA,NA,NA,NA,NA,NA,NA,0,0,0,NA,NA,NA
"1721","ENST00000395913.7","ENSG00000087586.18","OTTHUMG00000032796.7","OTTHUMT00000079809.4","AURKA-206","AURKA",2169,"protein_coding",970,68,0.942139566,"GAACT",0.632352941,NA,NA,NA,NA,NA,NA,NA,NA,NA,0,0,0,NA,NA,NA
"1722","ENST00000395913.7","ENSG00000087586.18","OTTHUMG00000032796.7","OTTHUMT00000079809.4","AURKA-206","AURKA",2169,"protein_coding",1485,103,0.955394983,"TGACT",0.786407767,NA,NA,NA,NA,NA,NA,NA,NA,NA,0,0,0,NA,NA,NA
"1723","ENST00000395914.5","ENSG00000087586.18","OTTHUMG00000032796.7","-","AURKA-207","AURKA",2238,"protein_coding",1038,76,0.919491708,"GAACT",0.592105263,NA,NA,NA,NA,NA,NA,NA,NA,NA,0,0,0,NA,NA,NA
"1724","ENST00000395914.5","ENSG00000087586.18","OTTHUMG00000032796.7","-","AURKA-207","AURKA",2238,"protein_coding",1553,109,0.933936119,"TGACT",0.706422018,NA,NA,NA,NA,NA,NA,NA,NA,NA,0,0,0,NA,NA,NA
"1725","ENST00000395915.8","ENSG00000087586.18","OTTHUMG00000032796.7","OTTHUMT00000079806.4","AURKA-208","AURKA",2033,"protein_coding",1349,96,0.93913877,"TGACT",0.71875,NA,NA,NA,NA,NA,NA,NA,NA,NA,0,0,0,NA,NA,NA
"1726","ENST00000395956.7","ENSG00000164924.18","OTTHUMG00000134291.9","OTTHUMT00000259020.1","YWHAZ-205","YWHAZ",2974,"protein_coding",773,23,0.914261997,"GAACT",0.434782609,NA,NA,NA,NA,NA,NA,NA,NA,NA,0,0,0,NA,NA,NA
"1727","ENST00000395957.6","ENSG00000164924.18","OTTHUMG00000134291.9","OTTHUMT00000259017.2","YWHAZ-206","YWHAZ",5248,"protein_coding",889,23,0.913253784,"GAACT",0.434782609,NA,NA,NA,NA,NA,NA,NA,NA,NA,0,0,0,NA,NA,NA
"1728","ENST00000395958.6","ENSG00000164924.18","OTTHUMG00000134291.9","OTTHUMT00000504474.2","YWHAZ-207","YWHAZ",5011,"protein_coding",650,23,0.908023238,"GAACT",0.434782609,NA,NA,NA,NA,NA,NA,NA,NA,NA,0,0,0,NA,NA,NA
"1729","ENST00000395962.6","ENSG00000006744.19","OTTHUMG00000058764.16","OTTHUMT00000129935.2","ELAC2-202","ELAC2",2924,"protein_coding",2685,105,0.97942555,"GGACT",0.780952381,NA,NA,NA,NA,NA,NA,NA,NA,NA,0,0,0,NA,NA,NA
"1730","ENST00000396014.8","ENSG00000197006.15","OTTHUMG00000131584.4","OTTHUMT00000430011.1","METTL9-202","METTL9",1817,"protein_coding",1218,83,0.92463702,"GGACC",0.542168675,NA,NA,NA,NA,NA,NA,NA,NA,NA,0,0,0,NA,NA,NA
"1731","ENST00000396075.5","ENSG00000111716.14","OTTHUMG00000133760.5","OTTHUMT00000258222.2","LDHB-202","LDHB",744,"protein_coding",304,21,0.98243922,"TGACT",0.80952381,NA,NA,NA,NA,NA,NA,NA,NA,NA,0,0,0,NA,NA,NA
"1732","ENST00000396076.5","ENSG00000111716.14","OTTHUMG00000133760.5","OTTHUMT00000258220.2","LDHB-203","LDHB",1538,"protein_coding",591,1046,0.967027664,"TGACT",0.760038241,NA,NA,NA,NA,NA,NA,NA,NA,NA,0,0,0,NA,NA,NA
"1733","ENST00000396398.8","ENSG00000198951.12","OTTHUMG00000151276.4","OTTHUMT00000322056.2","NAGA-201","NAGA",3696,"protein_coding",1861,25,0.960876822,"TGACT",0.64,NA,NA,NA,NA,NA,NA,NA,NA,NA,0,0,0,NA,NA,NA
"1734","ENST00000396398.8","ENSG00000198951.12","OTTHUMG00000151276.4","OTTHUMT00000322056.2","NAGA-201","NAGA",3696,"protein_coding",2048,26,0.941158712,"GGACT",0.730769231,NA,NA,NA,NA,NA,NA,NA,NA,NA,0,0,0,NA,NA,NA
"1735","ENST00000396504.6","ENSG00000100413.17","OTTHUMG00000150971.2","-","POLR3H-203","POLR3H",4176,"protein_coding",931,30,0.908429444,"TGACT",0.633333333,NA,NA,NA,NA,NA,NA,NA,NA,NA,0,0,0,NA,NA,NA
"1736","ENST00000396504.6","ENSG00000100413.17","OTTHUMG00000150971.2","-","POLR3H-203","POLR3H",4176,"protein_coding",958,21,0.972936392,"GGACT",0.857142857,NA,NA,NA,NA,NA,NA,NA,NA,NA,0,0,0,NA,NA,NA
"1737","ENST00000396525.7","ENSG00000110321.19","OTTHUMG00000165823.8","OTTHUMT00000386606.1","EIF4G2-202","EIF4G2",3346,"protein_coding",624,24,0.902242601,"GAACT",0.458333333,NA,NA,NA,NA,NA,NA,NA,NA,NA,0,0,0,NA,NA,NA
"1738","ENST00000396525.7","ENSG00000110321.19","OTTHUMG00000165823.8","OTTHUMT00000386606.1","EIF4G2-202","EIF4G2",3346,"protein_coding",2051,90,0.906470716,"GAACT",0.477777778,NA,NA,NA,NA,NA,NA,NA,NA,NA,0,0,0,NA,NA,NA
"1739","ENST00000396663.2","ENSG00000122644.13","OTTHUMG00000023374.7","-","ARL4A-203","ARL4A",3212,"protein_coding",617,21,0.987220824,"GGACT",0.952380952,NA,NA,NA,NA,NA,NA,NA,NA,NA,0,0,0,NA,NA,NA
"1740","ENST00000396663.2","ENSG00000122644.13","OTTHUMG00000023374.7","-","ARL4A-203","ARL4A",3212,"protein_coding",833,26,0.979482532,"GGACT",0.769230769,NA,NA,NA,NA,NA,NA,NA,NA,NA,0,0,0,NA,NA,NA
"1741","ENST00000396663.2","ENSG00000122644.13","OTTHUMG00000023374.7","-","ARL4A-203","ARL4A",3212,"protein_coding",873,28,0.911213279,"GAACT",0.464285714,NA,NA,NA,NA,NA,NA,NA,NA,NA,0,0,0,NA,NA,NA
"1742","ENST00000396664.2","ENSG00000122644.13","OTTHUMG00000023374.7","OTTHUMT00000326035.1","ARL4A-204","ARL4A",1144,"protein_coding",307,22,0.98797524,"GGACT",0.954545455,NA,NA,NA,NA,NA,NA,NA,NA,NA,0,0,0,NA,NA,NA
"1743","ENST00000396664.2","ENSG00000122644.13","OTTHUMG00000023374.7","OTTHUMT00000326035.1","ARL4A-204","ARL4A",1144,"protein_coding",523,27,0.977387846,"GGACT",0.740740741,NA,NA,NA,NA,NA,NA,NA,NA,NA,0,0,0,NA,NA,NA
"1744","ENST00000396664.2","ENSG00000122644.13","OTTHUMG00000023374.7","OTTHUMT00000326035.1","ARL4A-204","ARL4A",1144,"protein_coding",563,29,0.907989144,"GAACT",0.482758621,NA,NA,NA,NA,NA,NA,NA,NA,NA,0,0,0,NA,NA,NA
"1745","ENST00000396723.9","ENSG00000170791.18","OTTHUMG00000074081.5","OTTHUMT00000378229.1","CHCHD7-203","CHCHD7",1550,"protein_coding",162,20,0.900416017,"GAACT",0.55,NA,NA,NA,NA,NA,NA,NA,NA,NA,0,0,0,NA,NA,NA
"1746","ENST00000396738.7","ENSG00000115661.14","OTTHUMG00000154520.2","OTTHUMT00000335682.1","STK16-201","STK16",3118,"protein_coding",1600,20,0.909273326,"GGACT",0.6,NA,NA,NA,NA,NA,NA,NA,NA,NA,0,0,0,NA,NA,NA
"1747","ENST00000396777.8","ENSG00000132254.13","OTTHUMG00000133406.6","OTTHUMT00000257263.2","ARFIP2-202","ARFIP2",1763,"protein_coding",1202,23,0.99668324,"AGACA",0.913043478,NA,NA,NA,NA,NA,NA,NA,NA,NA,0,0,0,NA,NA,NA
"1748","ENST00000396777.8","ENSG00000132254.13","OTTHUMG00000133406.6","OTTHUMT00000257263.2","ARFIP2-202","ARFIP2",1763,"protein_coding",1239,24,0.946717024,"GGACA",0.708333333,NA,NA,NA,NA,NA,NA,NA,NA,NA,0,0,0,NA,NA,NA
"1749","ENST00000396777.8","ENSG00000132254.13","OTTHUMG00000133406.6","OTTHUMT00000257263.2","ARFIP2-202","ARFIP2",1763,"protein_coding",1539,65,0.970868528,"GGACT",0.769230769,NA,NA,NA,NA,NA,NA,NA,NA,NA,0,0,0,NA,NA,NA
"1750","ENST00000396777.8","ENSG00000132254.13","OTTHUMG00000133406.6","OTTHUMT00000257263.2","ARFIP2-202","ARFIP2",1763,"protein_coding",1613,59,0.90853107,"GGACT",0.661016949,NA,NA,NA,NA,NA,NA,NA,NA,NA,0,0,0,NA,NA,NA
"1751","ENST00000396914.4","ENSG00000163528.13","OTTHUMG00000129805.4","OTTHUMT00000340423.2","CHCHD4-202","CHCHD4",1433,"protein_coding",664,23,0.900731564,"GGACC",0.47826087,NA,NA,NA,NA,NA,NA,NA,NA,NA,0,0,0,NA,NA,NA
"1752","ENST00000396979.1","ENSG00000177105.10","OTTHUMG00000012287.4","OTTHUMT00000034127.1","RHOG-203","RHOG",1289,"protein_coding",1219,35,0.930722415,"TGACT",0.685714286,NA,NA,NA,NA,NA,NA,NA,NA,NA,0,0,0,NA,NA,NA
"1753","ENST00000396987.7","ENSG00000158669.11","OTTHUMG00000164082.4","OTTHUMT00000377158.1","GPAT4-201","GPAT4",6298,"protein_coding",2427,122,0.932932794,"GGACT",0.532786885,NA,NA,NA,NA,NA,NA,NA,NA,NA,0,0,0,NA,NA,NA
"1754","ENST00000396987.7","ENSG00000158669.11","OTTHUMG00000164082.4","OTTHUMT00000377158.1","GPAT4-201","GPAT4",6298,"protein_coding",2579,124,0.927967429,"GAACT",0.516129032,NA,NA,NA,NA,NA,NA,NA,NA,NA,0,0,0,NA,NA,NA
"1755","ENST00000397011.2","ENSG00000106263.19","OTTHUMG00000022839.6","OTTHUMT00000059160.1","EIF3B-202","EIF3B",2966,"protein_coding",2583,592,0.96034044,"GGACT",0.768581081,NA,NA,NA,NA,NA,NA,NA,NA,NA,0,0,0,NA,NA,NA
"1756","ENST00000397124.5","ENSG00000167965.18","OTTHUMG00000128827.6","OTTHUMT00000250765.2","MLST8-203","MLST8",1691,"protein_coding",1326,77,0.923068941,"GGACT",0.623376623,NA,NA,NA,NA,NA,NA,NA,NA,NA,0,0,0,NA,NA,NA
"1757","ENST00000397133.2","ENSG00000127774.7","OTTHUMG00000180187.2","OTTHUMT00000450159.1","EMC6-202","EMC6",762,"protein_coding",616,435,0.938177466,"GGACT",0.583908046,NA,NA,NA,NA,NA,NA,NA,NA,NA,0,0,0,NA,NA,NA
"1758","ENST00000397137.5","ENSG00000166619.15","OTTHUMG00000032419.8","OTTHUMT00000276651.1","BLCAP-205","BLCAP",2036,"protein_coding",1699,58,0.9258883,"AGACT",0.724137931,NA,NA,NA,NA,NA,NA,NA,NA,NA,0,0,0,NA,NA,NA
"1759","ENST00000397137.5","ENSG00000166619.15","OTTHUMG00000032419.8","OTTHUMT00000276651.1","BLCAP-205","BLCAP",2036,"protein_coding",1736,68,0.952539682,"TGACT",0.794117647,NA,NA,NA,NA,NA,NA,NA,NA,NA,0,0,0,NA,NA,NA
"1760","ENST00000397137.5","ENSG00000166619.15","OTTHUMG00000032419.8","OTTHUMT00000276651.1","BLCAP-205","BLCAP",2036,"protein_coding",1928,71,0.922174811,"GGACT",0.605633803,NA,NA,NA,NA,NA,NA,NA,NA,NA,0,0,0,NA,NA,NA
"1761","ENST00000397225.2","ENSG00000128309.17","OTTHUMG00000150543.2","OTTHUMT00000318832.1","MPST-202","MPST",2116,"protein_coding",1820,97,0.953824878,"GGACA",0.597938144,NA,NA,NA,NA,NA,NA,NA,NA,NA,0,0,0,NA,NA,NA
"1762","ENST00000397269.7","ENSG00000134452.20","OTTHUMG00000017609.5","-","FBH1-203","FBH1",3640,"protein_coding",3415,27,0.910621524,"AGACT",0.481481481,NA,NA,NA,NA,NA,NA,NA,NA,NA,0,0,0,NA,NA,NA
"1763","ENST00000397281.6","ENSG00000214022.12","OTTHUMG00000158330.4","-","REPIN1-201","REPIN1",3292,"protein_coding",2979,51,0.916750193,"GGACT",0.607843137,NA,NA,NA,NA,NA,NA,NA,NA,NA,0,0,0,NA,NA,NA
"1764","ENST00000397281.6","ENSG00000214022.12","OTTHUMG00000158330.4","-","REPIN1-201","REPIN1",3292,"protein_coding",3056,23,0.984932244,"GGACA",0.826086957,NA,NA,NA,NA,NA,NA,NA,NA,NA,0,0,0,NA,NA,NA
"1765","ENST00000397420.9","ENSG00000177697.19","OTTHUMG00000133311.10","OTTHUMT00000494210.3","CD151-202","CD151",1545,"protein_coding",631,300,0.923974812,"GGACT",0.593333333,NA,NA,NA,NA,NA,NA,NA,NA,NA,0,0,0,NA,NA,NA
"1766","ENST00000397421.5","ENSG00000177697.19","OTTHUMG00000133311.10","-","CD151-203","CD151",1486,"protein_coding",569,292,0.927210808,"GGACT",0.595890411,NA,NA,NA,NA,NA,NA,NA,NA,NA,0,0,0,NA,NA,NA
"1767","ENST00000397425.5","ENSG00000244005.13","OTTHUMG00000032361.12","OTTHUMT00000276931.1","NFS1-204","NFS1",1956,"protein_coding",1569,36,0.972465694,"AGACA",0.722222222,NA,NA,NA,NA,NA,NA,NA,NA,NA,0,0,0,NA,NA,NA
"1768","ENST00000397425.5","ENSG00000244005.13","OTTHUMG00000032361.12","OTTHUMT00000276931.1","NFS1-204","NFS1",1956,"protein_coding",1674,39,0.903612316,"GGACA",0.564102564,NA,NA,NA,NA,NA,NA,NA,NA,NA,0,0,0,NA,NA,NA
"1769","ENST00000397426.5","ENSG00000100225.18","OTTHUMG00000030674.12","OTTHUMT00000075562.3","FBXO7-202","FBXO7",1888,"protein_coding",234,20,0.909819722,"GGACT",0.55,NA,NA,NA,NA,NA,NA,NA,NA,NA,0,0,0,NA,NA,NA
"1770","ENST00000397492.1","ENSG00000128245.15","OTTHUMG00000030833.10","OTTHUMT00000128919.2","YWHAH-202","YWHAH",1879,"protein_coding",1245,24,0.98287183,"GGACT",0.916666667,NA,NA,NA,NA,NA,NA,NA,NA,NA,0,0,0,NA,NA,NA
"1771","ENST00000397582.7","ENSG00000099849.15","OTTHUMG00000132004.5","OTTHUMT00000254970.2","RASSF7-201","RASSF7",1731,"protein_coding",1609,20,0.949397147,"GGACA",0.65,NA,NA,NA,NA,NA,NA,NA,NA,NA,0,0,0,NA,NA,NA
"1772","ENST00000397640.6","ENSG00000257949.7","OTTHUMG00000132686.6","OTTHUMT00000255983.2","TEN1-201","TEN1",974,"protein_coding",870,151,0.920653701,"AGACT",0.536423841,NA,NA,NA,NA,NA,NA,NA,NA,NA,0,0,0,NA,NA,NA
"1773","ENST00000397760.8","ENSG00000120913.24","OTTHUMG00000164270.6","OTTHUMT00000475133.1","PDLIM2-204","PDLIM2",1847,"protein_coding",1623,86,0.902963877,"GGACT",0.581395349,NA,NA,NA,NA,NA,NA,NA,NA,NA,0,0,0,NA,NA,NA
"1774","ENST00000397887.7","ENSG00000183255.12","OTTHUMG00000090254.2","OTTHUMT00000206557.1","PTTG1IP-203","PTTG1IP",2413,"protein_coding",841,35,0.93765986,"GAACT",0.714285714,NA,NA,NA,NA,NA,NA,NA,NA,NA,0,0,0,NA,NA,NA
"1775","ENST00000397887.7","ENSG00000183255.12","OTTHUMG00000090254.2","OTTHUMT00000206557.1","PTTG1IP-203","PTTG1IP",2413,"protein_coding",877,32,0.922855258,"GGACA",0.4375,NA,NA,NA,NA,NA,NA,NA,NA,NA,0,0,0,NA,NA,NA
"1776","ENST00000397887.7","ENSG00000183255.12","OTTHUMG00000090254.2","OTTHUMT00000206557.1","PTTG1IP-203","PTTG1IP",2413,"protein_coding",1108,78,0.946449339,"GGACA",0.58974359,NA,NA,NA,NA,NA,NA,NA,NA,NA,0,0,0,NA,NA,NA
"1777","ENST00000398030.8","ENSG00000100823.12","OTTHUMG00000029544.7","OTTHUMT00000411060.1","APEX1-202","APEX1",1387,"protein_coding",972,345,0.948714674,"GGACT",0.771014493,NA,NA,NA,NA,NA,NA,NA,NA,NA,0,0,0,NA,NA,NA
"1778","ENST00000398595.7","ENSG00000103415.12","OTTHUMG00000129473.4","OTTHUMT00000438519.1","HMOX2-202","HMOX2",1644,"protein_coding",1097,24,0.972479224,"GGACC",0.583333333,NA,NA,NA,NA,NA,NA,NA,NA,NA,0,0,0,NA,NA,NA
"1779","ENST00000398846.6","ENSG00000168061.17","OTTHUMG00000165594.6","OTTHUMT00000385158.3","SAC3D1-201","SAC3D1",1563,"protein_coding",1242,86,0.988572598,"GGACT",0.953488372,NA,NA,NA,NA,NA,NA,NA,NA,NA,0,0,0,NA,NA,NA
"1780","ENST00000398846.6","ENSG00000168061.17","OTTHUMG00000165594.6","OTTHUMT00000385158.3","SAC3D1-201","SAC3D1",1563,"protein_coding",1439,106,0.939881206,"GGACA",0.537735849,NA,NA,NA,NA,NA,NA,NA,NA,NA,0,0,0,NA,NA,NA
"1781","ENST00000398958.6","ENSG00000180198.17","OTTHUMG00000003645.13","-","RCC1-204","RCC1",2715,"protein_coding",1509,21,0.992798865,"GGACA",0.571428571,NA,NA,NA,NA,NA,NA,NA,NA,NA,0,0,0,NA,NA,NA
"1782","ENST00000399133.2","ENSG00000184436.12","OTTHUMG00000150879.2","OTTHUMT00000320407.1","THAP7-202","THAP7",1144,"protein_coding",923,51,0.972819865,"AGACT",0.764705882,NA,NA,NA,NA,NA,NA,NA,NA,NA,0,0,0,NA,NA,NA
"1783","ENST00000399133.2","ENSG00000184436.12","OTTHUMG00000150879.2","OTTHUMT00000320407.1","THAP7-202","THAP7",1144,"protein_coding",984,52,0.977769315,"AGACT",0.769230769,NA,NA,NA,NA,NA,NA,NA,NA,NA,0,0,0,NA,NA,NA
"1784","ENST00000399133.2","ENSG00000184436.12","OTTHUMG00000150879.2","OTTHUMT00000320407.1","THAP7-202","THAP7",1144,"protein_coding",1006,54,0.941864848,"GGACT",0.703703704,NA,NA,NA,NA,NA,NA,NA,NA,NA,0,0,0,NA,NA,NA
"1785","ENST00000399133.2","ENSG00000184436.12","OTTHUMG00000150879.2","OTTHUMT00000320407.1","THAP7-202","THAP7",1144,"protein_coding",1052,25,0.995870531,"GGACT",0.84,NA,NA,NA,NA,NA,NA,NA,NA,NA,0,0,0,NA,NA,NA
"1786","ENST00000399219.7","ENSG00000165688.14","OTTHUMG00000020926.5","OTTHUMT00000477907.1","PMPCA-203","PMPCA",1987,"nonsense_mediated_decay",1647,25,0.972826183,"GAACT",0.76,NA,NA,NA,NA,NA,NA,NA,NA,NA,0,0,0,NA,NA,NA
"1787","ENST00000399219.7","ENSG00000165688.14","OTTHUMG00000020926.5","OTTHUMT00000477907.1","PMPCA-203","PMPCA",1987,"nonsense_mediated_decay",1879,54,0.987411976,"GGACT",0.777777778,NA,NA,NA,NA,NA,NA,NA,NA,NA,0,0,0,NA,NA,NA
"1788","ENST00000399336.9","ENSG00000103226.19","OTTHUMG00000177317.23","OTTHUMT00000409528.24","NOMO3-202","NOMO3",4320,"protein_coding",4014,122,0.970014751,"GGACC",0.721311475,NA,NA,NA,NA,NA,NA,NA,NA,NA,0,0,0,NA,NA,NA
"1789","ENST00000399402.7","ENSG00000170266.16","OTTHUMG00000155781.8","OTTHUMT00000341570.2","GLB1-203","GLB1",2512,"protein_coding",2021,69,0.94327879,"AGACT",0.797101449,NA,NA,NA,NA,NA,NA,NA,NA,NA,0,0,0,NA,NA,NA
"1790","ENST00000399696.3","ENSG00000186184.20","OTTHUMG00000016635.10","OTTHUMT00000484473.2","POLR1D-202","POLR1D",668,"protein_coding",490,229,0.968153417,"GAACT",0.72489083,NA,NA,NA,NA,NA,NA,NA,NA,NA,0,0,0,NA,NA,NA
"1791","ENST00000399922.6","ENSG00000100461.18","OTTHUMG00000171467.10","OTTHUMT00000413546.3","RBM23-204","RBM23",2430,"protein_coding",1654,25,0.917453706,"GGACT",0.72,NA,NA,NA,NA,NA,NA,NA,NA,NA,0,0,0,NA,NA,NA
"1792","ENST00000400555.7","ENSG00000154845.16","OTTHUMG00000137466.4","OTTHUMT00000268572.1","PPP4R1-202","PPP4R1",3885,"protein_coding",3003,20,0.984126747,"GGACT",0.85,NA,NA,NA,NA,NA,NA,NA,NA,NA,0,0,0,NA,NA,NA
"1793","ENST00000400555.7","ENSG00000154845.16","OTTHUMG00000137466.4","OTTHUMT00000268572.1","PPP4R1-202","PPP4R1",3885,"protein_coding",3162,30,0.919472396,"TGACT",0.566666667,NA,NA,NA,NA,NA,NA,NA,NA,NA,0,0,0,NA,NA,NA
"1794","ENST00000400555.7","ENSG00000154845.16","OTTHUMG00000137466.4","OTTHUMT00000268572.1","PPP4R1-202","PPP4R1",3885,"protein_coding",3222,24,0.978595674,"AGACC",0.708333333,NA,NA,NA,NA,NA,NA,NA,NA,NA,0,0,0,NA,NA,NA
"1795","ENST00000400556.8","ENSG00000154845.16","OTTHUMG00000137466.4","OTTHUMT00000268571.1","PPP4R1-203","PPP4R1",3923,"protein_coding",3044,20,0.98357302,"GGACT",0.85,NA,NA,NA,NA,NA,NA,NA,NA,NA,0,0,0,NA,NA,NA
"1796","ENST00000400556.8","ENSG00000154845.16","OTTHUMG00000137466.4","OTTHUMT00000268571.1","PPP4R1-203","PPP4R1",3923,"protein_coding",3203,30,0.913851857,"TGACT",0.566666667,NA,NA,NA,NA,NA,NA,NA,NA,NA,0,0,0,NA,NA,NA
"1797","ENST00000400556.8","ENSG00000154845.16","OTTHUMG00000137466.4","OTTHUMT00000268571.1","PPP4R1-203","PPP4R1",3923,"protein_coding",3263,24,0.977118433,"AGACC",0.708333333,NA,NA,NA,NA,NA,NA,NA,NA,NA,0,0,0,NA,NA,NA
"1798","ENST00000400677.5","ENSG00000215612.8","OTTHUMG00000160012.20","OTTHUMT00000359147.18","HMX1-201","HMX1",1917,"protein_coding",1667,24,0.957701266,"TGACT",0.666666667,NA,NA,NA,NA,NA,NA,NA,NA,NA,0,0,0,NA,NA,NA
"1799","ENST00000400677.5","ENSG00000215612.8","OTTHUMG00000160012.20","OTTHUMT00000359147.18","HMX1-201","HMX1",1917,"protein_coding",1680,56,0.979706407,"AGACT",0.839285714,NA,NA,NA,NA,NA,NA,NA,NA,NA,0,0,0,NA,NA,NA
"1800","ENST00000401088.9","ENSG00000055070.17","OTTHUMG00000002217.6","OTTHUMT00000006283.3","SZRD1-201","SZRD1",3480,"protein_coding",563,24,0.920226932,"GGACT",0.875,NA,NA,NA,NA,NA,NA,NA,NA,NA,0,0,0,NA,NA,NA
"1801","ENST00000401089.3","ENSG00000055070.17","OTTHUMG00000002217.6","OTTHUMT00000355658.1","SZRD1-202","SZRD1",3447,"protein_coding",530,24,0.919426024,"GGACT",0.875,NA,NA,NA,NA,NA,NA,NA,NA,NA,0,0,0,NA,NA,NA
"1802","ENST00000401419.7","ENSG00000128309.17","OTTHUMG00000150543.2","OTTHUMT00000318828.1","MPST-203","MPST",1345,"protein_coding",1069,90,0.954150617,"GGACA",0.611111111,NA,NA,NA,NA,NA,NA,NA,NA,NA,0,0,0,NA,NA,NA
"1803","ENST00000401466.5","ENSG00000144120.13","OTTHUMG00000153312.3","OTTHUMT00000330674.1","TMEM177-202","TMEM177",1346,"protein_coding",967,20,0.958196163,"GGACT",0.7,NA,NA,NA,NA,NA,NA,NA,NA,NA,0,0,0,NA,NA,NA
"1804","ENST00000401466.5","ENSG00000144120.13","OTTHUMG00000153312.3","OTTHUMT00000330674.1","TMEM177-202","TMEM177",1346,"protein_coding",1175,43,0.918163061,"GAACT",0.674418605,NA,NA,NA,NA,NA,NA,NA,NA,NA,0,0,0,NA,NA,NA
"1805","ENST00000401466.5","ENSG00000144120.13","OTTHUMG00000153312.3","OTTHUMT00000330674.1","TMEM177-202","TMEM177",1346,"protein_coding",1183,42,0.915415645,"GGACT",0.714285714,NA,NA,NA,NA,NA,NA,NA,NA,NA,0,0,0,NA,NA,NA
"1806","ENST00000401466.5","ENSG00000144120.13","OTTHUMG00000153312.3","OTTHUMT00000330674.1","TMEM177-202","TMEM177",1346,"protein_coding",1232,41,0.92318964,"GAACT",0.585365854,NA,NA,NA,NA,NA,NA,NA,NA,NA,0,0,0,NA,NA,NA
"1807","ENST00000401543.2","ENSG00000219928.2","OTTHUMG00000020147.1","OTTHUMT00000052934.1","ENST00000401543","ENSG00000219928",174,"processed_pseudogene",169,340,0.966323316,"GGACT",0.661764706,NA,NA,NA,NA,NA,NA,NA,NA,NA,0,0,0,NA,NA,NA
"1808","ENST00000401724.1","ENSG00000131668.14","OTTHUMG00000020255.6","OTTHUMT00000053165.3","BARX1-202","BARX1",1323,"protein_coding",920,74,0.992199481,"GGACA",0.837837838,NA,NA,NA,NA,NA,NA,NA,NA,NA,0,0,0,NA,NA,NA
"1809","ENST00000401724.1","ENSG00000131668.14","OTTHUMG00000020255.6","OTTHUMT00000053165.3","BARX1-202","BARX1",1323,"protein_coding",944,83,0.970447242,"GGACA",0.65060241,NA,NA,NA,NA,NA,NA,NA,NA,NA,0,0,0,NA,NA,NA
"1810","ENST00000401869.5","ENSG00000115694.15","OTTHUMG00000133408.17","OTTHUMT00000323101.2","STK25-202","STK25",2251,"protein_coding",1670,45,0.908807158,"GAACT",0.622222222,NA,NA,NA,NA,NA,NA,NA,NA,NA,0,0,0,NA,NA,NA
"1811","ENST00000401959.6","ENSG00000100138.15","OTTHUMG00000151189.9","OTTHUMT00000321681.2","SNU13-202","SNU13",1458,"protein_coding",1298,122,0.904734731,"GGACT",0.68852459,NA,NA,NA,NA,NA,NA,NA,NA,NA,0,0,0,NA,NA,NA
"1812","ENST00000402096.5","ENSG00000168397.17","OTTHUMG00000151514.17","OTTHUMT00000322971.1","ATG4B-204","ATG4B",1685,"protein_coding",1460,72,0.988053322,"GGACT",0.888888889,NA,NA,NA,NA,NA,NA,NA,NA,NA,0,0,0,NA,NA,NA
"1813","ENST00000402096.5","ENSG00000168397.17","OTTHUMG00000151514.17","OTTHUMT00000322971.1","ATG4B-204","ATG4B",1685,"protein_coding",1503,65,0.933131874,"AGACT",0.676923077,NA,NA,NA,NA,NA,NA,NA,NA,NA,0,0,0,NA,NA,NA
"1814","ENST00000402310.5","ENSG00000115204.15","OTTHUMG00000097074.8","OTTHUMT00000325033.2","MPV17-205","MPV17",906,"protein_coding",655,26,0.944952011,"TGACT",0.730769231,NA,NA,NA,NA,NA,NA,NA,NA,NA,0,0,0,NA,NA,NA
"1815","ENST00000402364.1","ENSG00000151835.17","OTTHUMG00000016562.6","OTTHUMT00000044150.3","SACS-202","SACS",15134,"protein_coding",13637,32,0.971397519,"GGACT",0.71875,NA,NA,NA,NA,NA,NA,NA,NA,NA,0,0,0,NA,NA,NA
"1816","ENST00000402364.1","ENSG00000151835.17","OTTHUMG00000016562.6","OTTHUMT00000044150.3","SACS-202","SACS",15134,"protein_coding",14082,37,0.957436383,"GAACT",0.513513514,NA,NA,NA,NA,NA,NA,NA,NA,NA,0,0,0,NA,NA,NA
"1817","ENST00000402418.7","ENSG00000125454.12","OTTHUMG00000179607.4","OTTHUMT00000447282.1","SLC25A19-203","SLC25A19",2331,"protein_coding",1855,25,0.938545823,"GGACA",0.44,NA,NA,NA,NA,NA,NA,NA,NA,NA,0,0,0,NA,NA,NA
"1818","ENST00000402418.7","ENSG00000125454.12","OTTHUMG00000179607.4","OTTHUMT00000447282.1","SLC25A19-203","SLC25A19",2331,"protein_coding",2312,22,0.98124963,"AGACA",0.727272727,NA,NA,NA,NA,NA,NA,NA,NA,NA,0,0,0,NA,NA,NA
"1819","ENST00000402521.7","ENSG00000108883.13","OTTHUMG00000179865.4","OTTHUMT00000448681.1","EFTUD2-201","EFTUD2",3045,"protein_coding",2899,20,0.964658558,"GGACT",0.75,NA,NA,NA,NA,NA,NA,NA,NA,NA,0,0,0,NA,NA,NA
"1820","ENST00000402690.6","ENSG00000175387.16","OTTHUMG00000132652.5","OTTHUMT00000450571.2","SMAD2-203","SMAD2",12075,"protein_coding",1876,56,0.955851793,"GGACT",0.785714286,395,10276,1404,1,395,396,1798,1799,12074,0,0,1,NA,NA,0.00749318801089918
"1821","ENST00000402718.4","ENSG00000170619.10","OTTHUMG00000165251.6","OTTHUMT00000382960.2","COMMD5-202","COMMD5",1305,"protein_coding",256,22,0.994197249,"GGACC",0.636363636,NA,NA,NA,NA,NA,NA,NA,NA,NA,0,0,0,NA,NA,NA
"1822","ENST00000402718.4","ENSG00000170619.10","OTTHUMG00000165251.6","OTTHUMT00000382960.2","COMMD5-202","COMMD5",1305,"protein_coding",505,55,0.955564559,"GGACT",0.8,NA,NA,NA,NA,NA,NA,NA,NA,NA,0,0,0,NA,NA,NA
"1823","ENST00000402718.4","ENSG00000170619.10","OTTHUMG00000165251.6","OTTHUMT00000382960.2","COMMD5-202","COMMD5",1305,"protein_coding",592,57,0.91664809,"TGACT",0.719298246,NA,NA,NA,NA,NA,NA,NA,NA,NA,0,0,0,NA,NA,NA
"1824","ENST00000402718.4","ENSG00000170619.10","OTTHUMG00000165251.6","OTTHUMT00000382960.2","COMMD5-202","COMMD5",1305,"protein_coding",802,64,0.982892573,"GGACT",0.84375,NA,NA,NA,NA,NA,NA,NA,NA,NA,0,0,0,NA,NA,NA
"1825","ENST00000402798.1","ENSG00000218208.1","OTTHUMG00000015402.1","OTTHUMT00000041899.1","RPS27AP11-201","RPS27AP11",447,"processed_pseudogene",359,23,0.963953018,"TGACC",0.695652174,NA,NA,NA,NA,NA,NA,NA,NA,NA,0,0,0,NA,NA,NA
"1826","ENST00000402937.1","ENSG00000198951.12","OTTHUMG00000151276.4","OTTHUMT00000322055.1","NAGA-202","NAGA",1869,"protein_coding",1231,20,0.901036263,"GAACT",0.55,NA,NA,NA,NA,NA,NA,NA,NA,NA,0,0,0,NA,NA,NA
"1827","ENST00000402937.1","ENSG00000198951.12","OTTHUMG00000151276.4","OTTHUMT00000322055.1","NAGA-202","NAGA",1869,"protein_coding",1502,25,0.962128043,"TGACT",0.64,NA,NA,NA,NA,NA,NA,NA,NA,NA,0,0,0,NA,NA,NA
"1828","ENST00000402937.1","ENSG00000198951.12","OTTHUMG00000151276.4","OTTHUMT00000322055.1","NAGA-202","NAGA",1869,"protein_coding",1689,25,0.947779059,"GGACT",0.76,NA,NA,NA,NA,NA,NA,NA,NA,NA,0,0,0,NA,NA,NA
"1829","ENST00000403059.8","ENSG00000073008.16","OTTHUMG00000151527.5","OTTHUMT00000323020.2","PVR-203","PVR",3078,"protein_coding",2869,71,0.922804415,"GGACA",0.492957746,NA,NA,NA,NA,NA,NA,NA,NA,NA,0,0,0,NA,NA,NA
"1830","ENST00000403162.7","ENSG00000108588.15","OTTHUMG00000178933.5","OTTHUMT00000444018.1","CCDC47-202","CCDC47",2195,"protein_coding",1814,60,0.914542854,"AGACA",0.566666667,NA,NA,NA,NA,NA,NA,NA,NA,NA,0,0,0,NA,NA,NA
"1831","ENST00000403251.1","ENSG00000241360.2","OTTHUMG00000044618.4","OTTHUMT00000319454.1","PDXP-202","PDXP",1571,"protein_coding",505,20,0.938257635,"GGACT",0.55,NA,NA,NA,NA,NA,NA,NA,NA,NA,0,0,0,NA,NA,NA
"1832","ENST00000403346.7","ENSG00000115694.15","OTTHUMG00000133408.17","OTTHUMT00000323098.1","STK25-203","STK25",2210,"protein_coding",1627,44,0.912276626,"GAACT",0.613636364,NA,NA,NA,NA,NA,NA,NA,NA,NA,0,0,0,NA,NA,NA
"1833","ENST00000403363.5","ENSG00000198951.12","OTTHUMG00000151276.4","OTTHUMT00000322057.1","NAGA-203","NAGA",1856,"protein_coding",1483,25,0.96136874,"TGACT",0.64,NA,NA,NA,NA,NA,NA,NA,NA,NA,0,0,0,NA,NA,NA
"1834","ENST00000403363.5","ENSG00000198951.12","OTTHUMG00000151276.4","OTTHUMT00000322057.1","NAGA-203","NAGA",1856,"protein_coding",1670,26,0.942114234,"GGACT",0.730769231,NA,NA,NA,NA,NA,NA,NA,NA,NA,0,0,0,NA,NA,NA
"1835","ENST00000403379.3","ENSG00000197965.12","OTTHUMG00000034571.5","OTTHUMT00000326415.1","MPZL1-204","MPZL1",961,"protein_coding_CDS_not_defined",543,52,0.944782019,"GGACT",0.75,NA,NA,NA,NA,NA,NA,NA,NA,NA,0,0,0,NA,NA,NA
"1836","ENST00000403433.5","ENSG00000160679.14","OTTHUMG00000037052.2","OTTHUMT00000089968.1","CHTOP-205","CHTOP",1923,"protein_coding",1009,67,0.949417114,"GGACT",0.731343284,NA,NA,NA,NA,NA,NA,NA,NA,NA,0,0,0,NA,NA,NA
"1837","ENST00000403490.3","ENSG00000177971.9","OTTHUMG00000142840.3","-","IMP3-202","IMP3",1132,"protein_coding",540,69,0.95471257,"GGACT",0.565217391,NA,NA,NA,NA,NA,NA,NA,NA,NA,0,0,0,NA,NA,NA
"1838","ENST00000403490.3","ENSG00000177971.9","OTTHUMG00000142840.3","-","IMP3-202","IMP3",1132,"protein_coding",807,123,0.95945555,"GGACT",0.845528455,NA,NA,NA,NA,NA,NA,NA,NA,NA,0,0,0,NA,NA,NA
"1839","ENST00000403490.3","ENSG00000177971.9","OTTHUMG00000142840.3","-","IMP3-202","IMP3",1132,"protein_coding",825,140,0.936090112,"TGACT",0.757142857,NA,NA,NA,NA,NA,NA,NA,NA,NA,0,0,0,NA,NA,NA
"1840","ENST00000403490.3","ENSG00000177971.9","OTTHUMG00000142840.3","-","IMP3-202","IMP3",1132,"protein_coding",964,141,0.962074935,"GGACT",0.758865248,NA,NA,NA,NA,NA,NA,NA,NA,NA,0,0,0,NA,NA,NA
"1841","ENST00000403532.7","ENSG00000100219.17","OTTHUMG00000151094.3","OTTHUMT00000321279.1","XBP1-203","XBP1",1824,"protein_coding",1087,56,0.983370006,"TGACT",0.928571429,NA,NA,NA,NA,NA,NA,NA,NA,NA,0,0,0,NA,NA,NA
"1842","ENST00000403532.7","ENSG00000100219.17","OTTHUMG00000151094.3","OTTHUMT00000321279.1","XBP1-203","XBP1",1824,"protein_coding",1162,59,0.903786302,"GGACA",0.406779661,NA,NA,NA,NA,NA,NA,NA,NA,NA,0,0,0,NA,NA,NA
"1843","ENST00000403892.7","ENSG00000128311.14","OTTHUMG00000150533.5","OTTHUMT00000318790.1","TST-202","TST",1797,"protein_coding",798,48,0.990627825,"GGACT",0.8125,NA,NA,NA,NA,NA,NA,NA,NA,NA,0,0,0,NA,NA,NA
"1844","ENST00000404125.6","ENSG00000068878.15","OTTHUMG00000151852.6","OTTHUMT00000324163.2","PSME4-202","PSME4",7250,"protein_coding",6052,42,0.931681871,"GAACT",0.595238095,NA,NA,NA,NA,NA,NA,NA,NA,NA,0,0,0,NA,NA,NA
"1845","ENST00000404674.7","ENSG00000157778.9","OTTHUMG00000119043.3","OTTHUMT00000322724.1","PSMG3-203","PSMG3",774,"protein_coding",490,276,0.9572348,"GGACT",0.666666667,NA,NA,NA,NA,NA,NA,NA,NA,NA,0,0,0,NA,NA,NA
"1846","ENST00000404674.7","ENSG00000157778.9","OTTHUMG00000119043.3","OTTHUMT00000322724.1","PSMG3-203","PSMG3",774,"protein_coding",560,319,0.95879817,"AGACT",0.721003135,NA,NA,NA,NA,NA,NA,NA,NA,NA,0,0,0,NA,NA,NA
"1847","ENST00000404802.7","ENSG00000128309.17","OTTHUMG00000150543.2","OTTHUMT00000318830.1","MPST-205","MPST",1453,"protein_coding",1184,85,0.953030169,"GGACA",0.611764706,NA,NA,NA,NA,NA,NA,NA,NA,NA,0,0,0,NA,NA,NA
"1848","ENST00000404914.8","ENSG00000168397.17","OTTHUMG00000151514.17","OTTHUMT00000322967.4","ATG4B-205","ATG4B",2797,"protein_coding",1343,75,0.988490522,"GGACT",0.893333333,NA,NA,NA,NA,NA,NA,NA,NA,NA,0,0,0,NA,NA,NA
"1849","ENST00000404914.8","ENSG00000168397.17","OTTHUMG00000151514.17","OTTHUMT00000322967.4","ATG4B-205","ATG4B",2797,"protein_coding",1386,68,0.93599695,"AGACT",0.676470588,NA,NA,NA,NA,NA,NA,NA,NA,NA,0,0,0,NA,NA,NA
"1850","ENST00000405219.7","ENSG00000100219.17","OTTHUMG00000151094.3","OTTHUMT00000321276.1","XBP1-204","XBP1",1690,"protein_coding",985,45,0.983952165,"TGACT",0.955555556,NA,NA,NA,NA,NA,NA,NA,NA,NA,0,0,0,NA,NA,NA
"1851","ENST00000405436.5","ENSG00000159128.16","OTTHUMG00000065188.5","OTTHUMT00000319375.1","IFNGR2-203","IFNGR2",1684,"protein_coding",1217,87,0.928739548,"GGACT",0.609195402,NA,NA,NA,NA,NA,NA,NA,NA,NA,0,0,0,NA,NA,NA
"1852","ENST00000405486.5","ENSG00000100401.21","OTTHUMG00000150940.12","OTTHUMT00000320605.1","RANGAP1-202","RANGAP1",3469,"protein_coding",2571,62,0.994856477,"GGACT",0.790322581,NA,NA,NA,NA,NA,NA,NA,NA,NA,0,0,0,NA,NA,NA
"1853","ENST00000405486.5","ENSG00000100401.21","OTTHUMG00000150940.12","OTTHUMT00000320605.1","RANGAP1-202","RANGAP1",3469,"protein_coding",3043,148,0.911581039,"GGACT",0.594594595,NA,NA,NA,NA,NA,NA,NA,NA,NA,0,0,0,NA,NA,NA
"1854","ENST00000405546.7","ENSG00000168397.17","OTTHUMG00000151514.17","OTTHUMT00000322966.5","ATG4B-206","ATG4B",3294,"protein_coding",1843,74,0.987895131,"GGACT",0.891891892,NA,NA,NA,NA,NA,NA,NA,NA,NA,0,0,0,NA,NA,NA
"1855","ENST00000405546.7","ENSG00000168397.17","OTTHUMG00000151514.17","OTTHUMT00000322966.5","ATG4B-206","ATG4B",3294,"protein_coding",1886,67,0.939468741,"AGACT",0.686567164,NA,NA,NA,NA,NA,NA,NA,NA,NA,0,0,0,NA,NA,NA
"1856","ENST00000406058.6","ENSG00000269858.6","OTTHUMG00000182703.6","OTTHUMT00000463217.1","EGLN2-202","EGLN2",2150,"protein_coding",2051,74,0.952138543,"GGACT",0.783783784,NA,NA,NA,NA,NA,NA,NA,NA,NA,0,0,0,NA,NA,NA
"1857","ENST00000406217.8","ENSG00000179988.15","OTTHUMG00000019191.3","OTTHUMT00000050812.2","PSTK-203","PSTK",1173,"protein_coding",1165,21,0.939354181,"GAACT",0.380952381,NA,NA,NA,NA,NA,NA,NA,NA,NA,0,0,0,NA,NA,NA
"1858","ENST00000406452.8","ENSG00000176623.12","OTTHUMG00000163692.6","OTTHUMT00000374770.3","RMDN1-201","RMDN1",2970,"protein_coding",662,127,0.932705224,"GAACT",0.496062992,NA,NA,NA,NA,NA,NA,NA,NA,NA,0,0,0,NA,NA,NA
"1859","ENST00000406576.7","ENSG00000144895.12","OTTHUMG00000159775.4","OTTHUMT00000357261.1","EIF2A-202","EIF2A",1795,"protein_coding",772,47,0.935324192,"GAACT",0.617021277,NA,NA,NA,NA,NA,NA,NA,NA,NA,0,0,0,NA,NA,NA
"1860","ENST00000406576.7","ENSG00000144895.12","OTTHUMG00000159775.4","OTTHUMT00000357261.1","EIF2A-202","EIF2A",1795,"protein_coding",810,27,0.96313709,"GGACA",0.666666667,NA,NA,NA,NA,NA,NA,NA,NA,NA,0,0,0,NA,NA,NA
"1861","ENST00000406590.6","ENSG00000103415.12","OTTHUMG00000129473.4","-","HMOX2-203","HMOX2",1727,"protein_coding",735,24,0.955578804,"GGACC",0.75,NA,NA,NA,NA,NA,NA,NA,NA,NA,0,0,0,NA,NA,NA
"1862","ENST00000406653.5","ENSG00000158089.15","OTTHUMG00000074077.4","OTTHUMT00000157267.2","GALNT14-203","GALNT14",2496,"protein_coding",2168,55,0.919532955,"GGACT",0.690909091,NA,NA,NA,NA,NA,NA,NA,NA,NA,0,0,0,NA,NA,NA
"1863","ENST00000406890.6","ENSG00000105889.16","OTTHUMG00000193419.2","OTTHUMT00000326617.2","STEAP1B-202","STEAP1B",1193,"protein_coding",1013,137,0.911422372,"GGACT",0.554744526,NA,NA,NA,NA,NA,NA,NA,NA,NA,0,0,0,NA,NA,NA
"1864","ENST00000407148.5","ENSG00000100109.17","OTTHUMG00000150883.5","OTTHUMT00000320752.1","TFIP11-202","TFIP11",2789,"protein_coding",2703,23,0.917623758,"GAACT",0.52173913,NA,NA,NA,NA,NA,NA,NA,NA,NA,0,0,0,NA,NA,NA
"1865","ENST00000407192.5","ENSG00000239857.7","OTTHUMG00000112459.13","OTTHUMT00000322682.1","GET4-202","GET4",4356,"protein_coding",4040,20,0.939245164,"GGACT",0.7,NA,NA,NA,NA,NA,NA,NA,NA,NA,0,0,0,NA,NA,NA
"1866","ENST00000407431.5","ENSG00000100109.17","OTTHUMG00000150883.5","OTTHUMT00000320751.1","TFIP11-203","TFIP11",2974,"protein_coding",2888,23,0.914570451,"GAACT",0.52173913,NA,NA,NA,NA,NA,NA,NA,NA,NA,0,0,0,NA,NA,NA
"1867","ENST00000407653.1","ENSG00000146535.14","OTTHUMG00000023064.6","OTTHUMT00000325238.1","GNA12-202","GNA12",3785,"protein_coding",2297,20,0.908723116,"GGACA",0.65,NA,NA,NA,NA,NA,NA,NA,NA,NA,0,0,0,NA,NA,NA
"1868","ENST00000407653.1","ENSG00000146535.14","OTTHUMG00000023064.6","OTTHUMT00000325238.1","GNA12-202","GNA12",3785,"protein_coding",2360,33,0.98525852,"TGACT",0.636363636,NA,NA,NA,NA,NA,NA,NA,NA,NA,0,0,0,NA,NA,NA
"1869","ENST00000407653.1","ENSG00000146535.14","OTTHUMG00000023064.6","OTTHUMT00000325238.1","GNA12-202","GNA12",3785,"protein_coding",3489,63,0.9814834,"GGACT",0.873015873,NA,NA,NA,NA,NA,NA,NA,NA,NA,0,0,0,NA,NA,NA
"1870","ENST00000407690.6","ENSG00000100109.17","OTTHUMG00000150883.5","OTTHUMT00000320750.2","TFIP11-204","TFIP11",3539,"protein_coding",2766,23,0.917460203,"GAACT",0.52173913,NA,NA,NA,NA,NA,NA,NA,NA,NA,0,0,0,NA,NA,NA
"1871","ENST00000407721.6","ENSG00000172893.18","OTTHUMG00000167346.3","OTTHUMT00000394242.1","DHCR7-202","DHCR7",2601,"protein_coding",1584,188,0.937783599,"GGACT",0.771276596,NA,NA,NA,NA,NA,NA,NA,NA,NA,0,0,0,NA,NA,NA
"1872","ENST00000407721.6","ENSG00000172893.18","OTTHUMG00000167346.3","OTTHUMT00000394242.1","DHCR7-202","DHCR7",2601,"protein_coding",2176,333,0.958110154,"GGACA",0.681681682,NA,NA,NA,NA,NA,NA,NA,NA,NA,0,0,0,NA,NA,NA
"1873","ENST00000407721.6","ENSG00000172893.18","OTTHUMG00000167346.3","OTTHUMT00000394242.1","DHCR7-202","DHCR7",2601,"protein_coding",2376,335,0.923824728,"TGACT",0.52238806,NA,NA,NA,NA,NA,NA,NA,NA,NA,0,0,0,NA,NA,NA
"1874","ENST00000407904.7","ENSG00000146535.14","OTTHUMG00000023064.6","OTTHUMT00000325235.1","GNA12-203","GNA12",3918,"protein_coding",2425,20,0.90974766,"GGACA",0.65,NA,NA,NA,NA,NA,NA,NA,NA,NA,0,0,0,NA,NA,NA
"1875","ENST00000407904.7","ENSG00000146535.14","OTTHUMG00000023064.6","OTTHUMT00000325235.1","GNA12-203","GNA12",3918,"protein_coding",2488,34,0.983146489,"TGACT",0.617647059,NA,NA,NA,NA,NA,NA,NA,NA,NA,0,0,0,NA,NA,NA
"1876","ENST00000407904.7","ENSG00000146535.14","OTTHUMG00000023064.6","OTTHUMT00000325235.1","GNA12-203","GNA12",3918,"protein_coding",3617,63,0.980984271,"GGACT",0.873015873,NA,NA,NA,NA,NA,NA,NA,NA,NA,0,0,0,NA,NA,NA
"1877","ENST00000408888.8","ENSG00000188739.15","OTTHUMG00000039620.10","OTTHUMT00000100146.2","RBM34-201","RBM34",1847,"protein_coding",1181,141,0.932790339,"GGACT",0.631205674,NA,NA,NA,NA,NA,NA,NA,NA,NA,0,0,0,NA,NA,NA
"1878","ENST00000409020.6","ENSG00000196290.17","OTTHUMG00000154588.5","OTTHUMT00000336201.1","NIF3L1-202","NIF3L1",1689,"protein_coding",1412,63,0.967803359,"AGACT",0.73015873,NA,NA,NA,NA,NA,NA,NA,NA,NA,0,0,0,NA,NA,NA
"1879","ENST00000409020.6","ENSG00000196290.17","OTTHUMG00000154588.5","OTTHUMT00000336201.1","NIF3L1-202","NIF3L1",1689,"protein_coding",1517,60,0.947524667,"GGACT",0.75,NA,NA,NA,NA,NA,NA,NA,NA,NA,0,0,0,NA,NA,NA
"1880","ENST00000409065.5","ENSG00000115275.15","OTTHUMG00000152886.9","OTTHUMT00000328384.1","MOGS-201","MOGS",2668,"protein_coding",2454,49,0.920816422,"AGACT",0.530612245,NA,NA,NA,NA,NA,NA,NA,NA,NA,0,0,0,NA,NA,NA
"1881","ENST00000409096.5","ENSG00000036257.14","OTTHUMG00000133167.6","OTTHUMT00000331086.2","CUL3-203","CUL3",2701,"protein_coding",2408,27,0.970281541,"GGACT",0.888888889,NA,NA,NA,NA,NA,NA,NA,NA,NA,0,0,0,NA,NA,NA
"1882","ENST00000409096.5","ENSG00000036257.14","OTTHUMG00000133167.6","OTTHUMT00000331086.2","CUL3-203","CUL3",2701,"protein_coding",2426,45,0.960358739,"GGACT",0.755555556,NA,NA,NA,NA,NA,NA,NA,NA,NA,0,0,0,NA,NA,NA
"1883","ENST00000409138.6","ENSG00000134222.16","OTTHUMG00000012000.6","OTTHUMT00000335567.3","PSRC1-205","PSRC1",1826,"protein_coding",1294,33,0.909353256,"GGACT",0.515151515,NA,NA,NA,NA,NA,NA,NA,NA,NA,0,0,0,NA,NA,NA
"1884","ENST00000409138.6","ENSG00000134222.16","OTTHUMG00000012000.6","OTTHUMT00000335567.3","PSRC1-205","PSRC1",1826,"protein_coding",1679,78,0.979978859,"GGACT",0.820512821,NA,NA,NA,NA,NA,NA,NA,NA,NA,0,0,0,NA,NA,NA
"1885","ENST00000409267.5","ENSG00000134222.16","OTTHUMG00000012000.6","OTTHUMT00000335569.1","PSRC1-206","PSRC1",1730,"protein_coding",1574,80,0.977569342,"GGACT",0.825,NA,NA,NA,NA,NA,NA,NA,NA,NA,0,0,0,NA,NA,NA
"1886","ENST00000409293.6","ENSG00000228300.14","OTTHUMG00000153928.8","OTTHUMT00000333049.5","FAM174C-201","FAM174C",870,"protein_coding",729,297,0.959248006,"TGACT",0.65993266,NA,NA,NA,NA,NA,NA,NA,NA,NA,0,0,0,NA,NA,NA
"1887","ENST00000409332.5","ENSG00000184182.19","OTTHUMG00000133341.4","OTTHUMT00000328675.1","UBE2F-202","UBE2F",1138,"protein_coding",586,45,0.943238139,"GGACT",0.8,NA,NA,NA,NA,NA,NA,NA,NA,NA,0,0,0,NA,NA,NA
"1888","ENST00000409357.5","ENSG00000196290.17","OTTHUMG00000154588.5","OTTHUMT00000336200.1","NIF3L1-204","NIF3L1",1679,"protein_coding",1431,60,0.965318859,"AGACT",0.733333333,NA,NA,NA,NA,NA,NA,NA,NA,NA,0,0,0,NA,NA,NA
"1889","ENST00000409357.5","ENSG00000196290.17","OTTHUMG00000154588.5","OTTHUMT00000336200.1","NIF3L1-204","NIF3L1",1679,"protein_coding",1536,57,0.945411623,"GGACT",0.736842105,NA,NA,NA,NA,NA,NA,NA,NA,NA,0,0,0,NA,NA,NA
"1890","ENST00000409368.5","ENSG00000116030.17","OTTHUMG00000132839.6","OTTHUMT00000327871.1","SUMO1-206","SUMO1",1187,"protein_coding",953,58,0.941517651,"GGACT",0.620689655,NA,NA,NA,NA,NA,NA,NA,NA,NA,0,0,0,NA,NA,NA
"1891","ENST00000409433.2","ENSG00000141378.15","OTTHUMG00000154532.4","OTTHUMT00000335785.2","PTRH2-202","PTRH2",2246,"protein_coding",1985,137,0.92159009,"GGACT",0.649635036,NA,NA,NA,NA,NA,NA,NA,NA,NA,0,0,0,NA,NA,NA
"1892","ENST00000409433.2","ENSG00000141378.15","OTTHUMG00000154532.4","OTTHUMT00000335785.2","PTRH2-202","PTRH2",2246,"protein_coding",1989,136,0.984710574,"TGACT",0.75,NA,NA,NA,NA,NA,NA,NA,NA,NA,0,0,0,NA,NA,NA
"1893","ENST00000409444.6","ENSG00000155755.20","OTTHUMG00000154526.10","OTTHUMT00000335754.2","TMEM237-202","TMEM237",5592,"protein_coding",1843,20,0.910087287,"TAACT",0.55,NA,NA,NA,NA,NA,NA,NA,NA,NA,0,0,0,NA,NA,NA
"1894","ENST00000409588.1","ENSG00000196290.17","OTTHUMG00000154588.5","OTTHUMT00000336202.1","NIF3L1-205","NIF3L1",1269,"protein_coding",992,33,0.947119057,"AGACT",0.666666667,NA,NA,NA,NA,NA,NA,NA,NA,NA,0,0,0,NA,NA,NA
"1895","ENST00000409588.1","ENSG00000196290.17","OTTHUMG00000154588.5","OTTHUMT00000336202.1","NIF3L1-205","NIF3L1",1269,"protein_coding",1097,31,0.957186043,"GGACT",0.774193548,NA,NA,NA,NA,NA,NA,NA,NA,NA,0,0,0,NA,NA,NA
"1896","ENST00000409638.7","ENSG00000115661.14","OTTHUMG00000154520.2","OTTHUMT00000335679.1","STK16-204","STK16",2868,"protein_coding",1350,20,0.90950352,"GGACT",0.6,NA,NA,NA,NA,NA,NA,NA,NA,NA,0,0,0,NA,NA,NA
"1897","ENST00000409687.5","ENSG00000186193.9","OTTHUMG00000020961.4","OTTHUMT00000055215.4","SAPCD2-201","SAPCD2",3814,"protein_coding",2831,24,0.966242552,"GGACT",0.75,NA,NA,NA,NA,NA,NA,NA,NA,NA,0,0,0,NA,NA,NA
"1898","ENST00000409687.5","ENSG00000186193.9","OTTHUMG00000020961.4","OTTHUMT00000055215.4","SAPCD2-201","SAPCD2",3814,"protein_coding",2970,32,0.992976069,"GGACT",0.9375,NA,NA,NA,NA,NA,NA,NA,NA,NA,0,0,0,NA,NA,NA
"1899","ENST00000409753.8","ENSG00000189159.16","OTTHUMG00000154521.4","OTTHUMT00000335692.2","JPT1-203","JPT1",1434,"protein_coding",631,356,0.918195546,"GAACT",0.56741573,NA,NA,NA,NA,NA,NA,NA,NA,NA,0,0,0,NA,NA,NA
"1900","ENST00000409777.5","ENSG00000036257.14","OTTHUMG00000133167.6","OTTHUMT00000331087.1","CUL3-204","CUL3",3147,"protein_coding",2871,27,0.970857739,"GGACT",0.925925926,NA,NA,NA,NA,NA,NA,NA,NA,NA,0,0,0,NA,NA,NA
"1901","ENST00000409777.5","ENSG00000036257.14","OTTHUMG00000133167.6","OTTHUMT00000331087.1","CUL3-204","CUL3",3147,"protein_coding",2889,44,0.958089113,"GGACT",0.75,NA,NA,NA,NA,NA,NA,NA,NA,NA,0,0,0,NA,NA,NA
"1902","ENST00000409883.7","ENSG00000155755.20","OTTHUMG00000154526.10","OTTHUMT00000335753.2","TMEM237-203","TMEM237",5399,"protein_coding",1652,21,0.900883734,"TAACT",0.619047619,NA,NA,NA,NA,NA,NA,NA,NA,NA,0,0,0,NA,NA,NA
"1903","ENST00000409955.1","ENSG00000144231.11","OTTHUMG00000131531.6","OTTHUMT00000331149.1","POLR2D-203","POLR2D",1758,"protein_coding",1744,22,0.908333719,"GGACT",0.636363636,NA,NA,NA,NA,NA,NA,NA,NA,NA,0,0,0,NA,NA,NA
"1904","ENST00000411426.1","ENSG00000189057.11","OTTHUMG00000167279.5","-","FAM111B-202","FAM111B",3344,"protein_coding",3130,49,0.952423573,"GGACA",0.653061224,NA,NA,NA,NA,NA,NA,NA,NA,NA,0,0,0,NA,NA,NA
"1905","ENST00000411426.1","ENSG00000189057.11","OTTHUMG00000167279.5","-","FAM111B-202","FAM111B",3344,"protein_coding",3303,26,0.956564188,"GGACT",0.769230769,NA,NA,NA,NA,NA,NA,NA,NA,NA,0,0,0,NA,NA,NA
"1906","ENST00000411819.2","ENSG00000116062.19","OTTHUMG00000129129.13","OTTHUMT00000323719.2","MSH6-202","MSH6",3974,"protein_coding",2567,25,0.976992726,"AGACT",0.8,NA,NA,NA,NA,NA,NA,NA,NA,NA,0,0,0,NA,NA,NA
"1907","ENST00000411819.2","ENSG00000116062.19","OTTHUMG00000129129.13","OTTHUMT00000323719.2","MSH6-202","MSH6",3974,"protein_coding",2572,28,0.913208127,"GGACT",0.821428571,NA,NA,NA,NA,NA,NA,NA,NA,NA,0,0,0,NA,NA,NA
"1908","ENST00000411819.2","ENSG00000116062.19","OTTHUMG00000129129.13","OTTHUMT00000323719.2","MSH6-202","MSH6",3974,"protein_coding",2889,31,0.987588286,"GGACT",0.838709677,NA,NA,NA,NA,NA,NA,NA,NA,NA,0,0,0,NA,NA,NA
"1909","ENST00000411819.2","ENSG00000116062.19","OTTHUMG00000129129.13","OTTHUMT00000323719.2","MSH6-202","MSH6",3974,"protein_coding",2934,34,0.960577309,"GGACT",0.676470588,NA,NA,NA,NA,NA,NA,NA,NA,NA,0,0,0,NA,NA,NA
"1910","ENST00000412532.6","ENSG00000105281.12","OTTHUMG00000183434.3","OTTHUMT00000466634.1","SLC1A5-201","SLC1A5",1750,"protein_coding",1208,91,0.987107098,"GGACA",0.868131868,NA,NA,NA,NA,NA,NA,NA,NA,NA,0,0,0,NA,NA,NA
"1911","ENST00000412770.7","ENSG00000105063.19","OTTHUMG00000180704.3","OTTHUMT00000452663.2","PPP6R1-201","PPP6R1",3984,"protein_coding",3553,21,0.930477798,"GAACT",0.523809524,NA,NA,NA,NA,NA,NA,NA,NA,NA,0,0,0,NA,NA,NA
"1912","ENST00000412830.8","ENSG00000136045.12","OTTHUMG00000169913.3","OTTHUMT00000406539.2","PWP1-201","PWP1",2549,"protein_coding",1699,110,0.947910964,"TGACT",0.727272727,NA,NA,NA,NA,NA,NA,NA,NA,NA,0,0,0,NA,NA,NA
"1913","ENST00000413052.6","ENSG00000155363.19","OTTHUMG00000011906.1","OTTHUMT00000032906.1","MOV10-204","MOV10",3641,"protein_coding",3178,21,0.949744523,"TGACT",0.619047619,NA,NA,NA,NA,NA,NA,NA,NA,NA,0,0,0,NA,NA,NA
"1914","ENST00000413844.3","ENSG00000066322.15","OTTHUMG00000007422.3","-","ELOVL1-202","ELOVL1",1451,"protein_coding",973,87,0.988536477,"GGACT",0.804597701,NA,NA,NA,NA,NA,NA,NA,NA,NA,0,0,0,NA,NA,NA
"1915","ENST00000413844.3","ENSG00000066322.15","OTTHUMG00000007422.3","-","ELOVL1-202","ELOVL1",1451,"protein_coding",1044,119,0.907604754,"GGACT",0.705882353,NA,NA,NA,NA,NA,NA,NA,NA,NA,0,0,0,NA,NA,NA
"1916","ENST00000413966.2","ENSG00000155660.11","OTTHUMG00000150248.4","OTTHUMT00000317078.2","PDIA4-202","PDIA4",2551,"protein_coding",2376,143,0.987371624,"TGACT",0.72027972,NA,NA,NA,NA,NA,NA,NA,NA,NA,0,0,0,NA,NA,NA
"1917","ENST00000413995.1","ENSG00000106591.4","OTTHUMG00000155180.2","OTTHUMT00000338671.1","MRPL32-202","MRPL32",730,"nonsense_mediated_decay",347,50,0.967288852,"AGACT",0.76,NA,NA,NA,NA,NA,NA,NA,NA,NA,0,0,0,NA,NA,NA
"1918","ENST00000414011.1","ENSG00000159111.13","OTTHUMG00000156302.2","OTTHUMT00000343765.1","MRPL10-203","MRPL10",1622,"protein_coding",899,67,0.971959829,"GGACT",0.641791045,NA,NA,NA,NA,NA,NA,NA,NA,NA,0,0,0,NA,NA,NA
"1919","ENST00000414031.5","ENSG00000114867.22","OTTHUMG00000156784.21","OTTHUMT00000345736.1","EIF4G1-209","EIF4G1",5569,"protein_coding",5187,132,0.949189067,"GGACT",0.696969697,NA,NA,NA,NA,NA,NA,NA,NA,NA,0,0,0,NA,NA,NA
"1920","ENST00000414138.6","ENSG00000099849.15","OTTHUMG00000132004.5","OTTHUMT00000382127.1","RASSF7-203","RASSF7",1679,"nonsense_mediated_decay",1589,20,0.946715236,"GGACA",0.65,NA,NA,NA,NA,NA,NA,NA,NA,NA,0,0,0,NA,NA,NA
"1921","ENST00000414150.6","ENSG00000271723.5","OTTHUMG00000185328.1","OTTHUMT00000470197.1","MROH7-TTC4-201","MROH7-TTC4",5867,"nonsense_mediated_decay",5491,24,0.91372788,"GAACT",0.5,NA,NA,NA,NA,NA,NA,NA,NA,NA,0,0,0,NA,NA,NA
"1922","ENST00000414443.5","ENSG00000184182.19","OTTHUMG00000133341.4","-","UBE2F-205","UBE2F",2100,"protein_coding",683,57,0.941166639,"GGACT",0.771929825,NA,NA,NA,NA,NA,NA,NA,NA,NA,0,0,0,NA,NA,NA
"1923","ENST00000414542.6","ENSG00000166619.15","OTTHUMG00000032419.8","-","BLCAP-208","BLCAP",2205,"protein_coding",1869,59,0.927293599,"AGACT",0.728813559,NA,NA,NA,NA,NA,NA,NA,NA,NA,0,0,0,NA,NA,NA
"1924","ENST00000414542.6","ENSG00000166619.15","OTTHUMG00000032419.8","-","BLCAP-208","BLCAP",2205,"protein_coding",1906,68,0.952128291,"TGACT",0.794117647,NA,NA,NA,NA,NA,NA,NA,NA,NA,0,0,0,NA,NA,NA
"1925","ENST00000414542.6","ENSG00000166619.15","OTTHUMG00000032419.8","-","BLCAP-208","BLCAP",2205,"protein_coding",2098,71,0.923014522,"GGACT",0.605633803,NA,NA,NA,NA,NA,NA,NA,NA,NA,0,0,0,NA,NA,NA
"1926","ENST00000414777.5","ENSG00000103415.12","OTTHUMG00000129473.4","-","HMOX2-204","HMOX2",1752,"protein_coding",760,22,0.922534883,"GGACC",0.590909091,NA,NA,NA,NA,NA,NA,NA,NA,NA,0,0,0,NA,NA,NA
"1927","ENST00000414986.5","ENSG00000052749.14","OTTHUMG00000018855.8","-","RRP12-203","RRP12",4242,"protein_coding",3954,33,0.902799547,"GGACT",0.727272727,NA,NA,NA,NA,NA,NA,NA,NA,NA,0,0,0,NA,NA,NA
"1928","ENST00000415259.5","ENSG00000164081.13","OTTHUMG00000156901.2","OTTHUMT00000346530.1","TEX264-204","TEX264",2290,"protein_coding",2062,80,0.920581043,"GAACT",0.5375,NA,NA,NA,NA,NA,NA,NA,NA,NA,0,0,0,NA,NA,NA
"1929","ENST00000415259.5","ENSG00000164081.13","OTTHUMG00000156901.2","OTTHUMT00000346530.1","TEX264-204","TEX264",2290,"protein_coding",2215,74,0.945431709,"GGACT",0.581081081,NA,NA,NA,NA,NA,NA,NA,NA,NA,0,0,0,NA,NA,NA
"1930","ENST00000415325.5","ENSG00000091140.15","OTTHUMG00000154813.4","OTTHUMT00000337195.1","DLD-202","DLD",1802,"nonsense_mediated_decay",1568,20,0.940163553,"GGACT",0.65,NA,NA,NA,NA,NA,NA,NA,NA,NA,0,0,0,NA,NA,NA
"1931","ENST00000415762.6","ENSG00000161179.14","OTTHUMG00000150822.2","OTTHUMT00000320214.1","YDJC-203","YDJC",1410,"nonsense_mediated_decay",1007,87,0.985004902,"GGACT",0.816091954,NA,NA,NA,NA,NA,NA,NA,NA,NA,0,0,0,NA,NA,NA
"1932","ENST00000415826.3","ENSG00000176485.14","OTTHUMG00000167852.3","-","PLAAT3-203","PLAAT3",1075,"protein_coding",601,240,0.923003256,"AGACT",0.583333333,NA,NA,NA,NA,NA,NA,NA,NA,NA,0,0,0,NA,NA,NA
"1933","ENST00000416139.1","ENSG00000225338.1","OTTHUMG00000036748.1","OTTHUMT00000089300.1","RPL23AP18-201","RPL23AP18",468,"processed_pseudogene",49,21,0.967810154,"AGACA",0.80952381,NA,NA,NA,NA,NA,NA,NA,NA,NA,0,0,0,NA,NA,NA
"1934","ENST00000416151.6","ENSG00000128944.14","OTTHUMG00000172454.3","OTTHUMT00000418634.1","KNSTRN-202","KNSTRN",1899,"protein_coding",1627,45,0.96074146,"TGACT",0.666666667,NA,NA,NA,NA,NA,NA,NA,NA,NA,0,0,0,NA,NA,NA
"1935","ENST00000416464.6","ENSG00000221926.13","OTTHUMG00000059067.8","OTTHUMT00000130701.1","TRIM16-202","TRIM16",3184,"protein_coding",2382,71,0.935396492,"TGACT",0.76056338,NA,NA,NA,NA,NA,NA,NA,NA,NA,0,0,0,NA,NA,NA
"1936","ENST00000416464.6","ENSG00000221926.13","OTTHUMG00000059067.8","OTTHUMT00000130701.1","TRIM16-202","TRIM16",3184,"protein_coding",2517,35,0.941773415,"GGACT",0.628571429,NA,NA,NA,NA,NA,NA,NA,NA,NA,0,0,0,NA,NA,NA
"1937","ENST00000416589.5","ENSG00000164081.13","OTTHUMG00000156901.2","OTTHUMT00000346528.1","TEX264-205","TEX264",1313,"protein_coding",1204,190,0.929140031,"GGACT",0.594736842,NA,NA,NA,NA,NA,NA,NA,NA,NA,0,0,0,NA,NA,NA
"1938","ENST00000416718.2","ENSG00000198744.5","OTTHUMG00000002337.2","OTTHUMT00000006719.2","MTCO3P12-201","MTCO3P12",547,"unprocessed_pseudogene",341,182,0.969906271,"GGACA",0.675824176,NA,NA,NA,NA,NA,NA,NA,NA,NA,0,0,0,NA,NA,NA
"1939","ENST00000416858.7","ENSG00000125454.12","OTTHUMG00000179607.4","OTTHUMT00000447281.2","SLC25A19-204","SLC25A19",1630,"protein_coding",1153,26,0.931875706,"GGACA",0.461538462,208,459,963,1,208,209,1170,1171,1629,0,1,0,NA,0.981308411214953,NA
"1940","ENST00000416858.7","ENSG00000125454.12","OTTHUMG00000179607.4","OTTHUMT00000447281.2","SLC25A19-204","SLC25A19",1630,"protein_coding",1610,22,0.98658067,"AGACA",0.727272727,208,459,963,1,208,209,1170,1171,1629,0,0,1,NA,NA,0.956427015250545
"1941","ENST00000416967.1","ENSG00000100348.10","OTTHUMG00000150596.4","OTTHUMT00000319017.3","TXN2-204","TXN2",1280,"protein_coding",571,77,0.953242183,"GAACT",0.519480519,NA,NA,NA,NA,NA,NA,NA,NA,NA,0,0,0,NA,NA,NA
"1942","ENST00000416970.5","ENSG00000233016.9","OTTHUMG00000020949.5","OTTHUMT00000055148.1","SNHG7-202","SNHG7",789,"lncRNA",679,48,0.926527321,"GAACT",0.583333333,NA,NA,NA,NA,NA,NA,NA,NA,NA,0,0,0,NA,NA,NA
"1943","ENST00000417652.6","ENSG00000115053.17","OTTHUMG00000153866.4","OTTHUMT00000332740.3","NCL-203","NCL",2563,"protein_coding",2221,59,0.949227273,"GGACT",0.644067797,NA,NA,NA,NA,NA,NA,NA,NA,NA,0,0,0,NA,NA,NA
"1944","ENST00000417736.2","ENSG00000176014.13","OTTHUMG00000131692.4","OTTHUMT00000452802.1","TUBB6-202","TUBB6",2163,"retained_intron",918,55,0.90019089,"GGACA",0.472727273,NA,NA,NA,NA,NA,NA,NA,NA,NA,0,0,0,NA,NA,NA
"1945","ENST00000417736.2","ENSG00000176014.13","OTTHUMG00000131692.4","OTTHUMT00000452802.1","TUBB6-202","TUBB6",2163,"retained_intron",1893,370,0.912246585,"AGACT",0.737837838,NA,NA,NA,NA,NA,NA,NA,NA,NA,0,0,0,NA,NA,NA
"1946","ENST00000417736.2","ENSG00000176014.13","OTTHUMG00000131692.4","OTTHUMT00000452802.1","TUBB6-202","TUBB6",2163,"retained_intron",1964,384,0.919554591,"GGACT",0.6015625,NA,NA,NA,NA,NA,NA,NA,NA,NA,0,0,0,NA,NA,NA
"1947","ENST00000417736.2","ENSG00000176014.13","OTTHUMG00000131692.4","OTTHUMT00000452802.1","TUBB6-202","TUBB6",2163,"retained_intron",1976,420,0.932544529,"GAACT",0.557142857,NA,NA,NA,NA,NA,NA,NA,NA,NA,0,0,0,NA,NA,NA
"1948","ENST00000417736.2","ENSG00000176014.13","OTTHUMG00000131692.4","OTTHUMT00000452802.1","TUBB6-202","TUBB6",2163,"retained_intron",2123,307,0.92246902,"GGACT",0.641693811,NA,NA,NA,NA,NA,NA,NA,NA,NA,0,0,0,NA,NA,NA
"1949","ENST00000418390.7","ENSG00000011007.13","OTTHUMG00000002957.3","-","ELOA-201","ELOA",4834,"nonsense_mediated_decay",2407,21,0.968645275,"GGACA",0.619047619,NA,NA,NA,NA,NA,NA,NA,NA,NA,0,0,0,NA,NA,NA
"1950","ENST00000418581.6","ENSG00000058600.16","OTTHUMG00000094779.4","OTTHUMT00000430066.1","POLR3E-203","POLR3E",2529,"protein_coding",2153,20,0.905308247,"GGACA",0.65,NA,NA,NA,NA,NA,NA,NA,NA,NA,0,0,0,NA,NA,NA
"1951","ENST00000419140.7","ENSG00000167085.14","OTTHUMG00000134271.10","OTTHUMT00000258828.2","PHB1-203","PHB1",1867,"protein_coding",1607,52,0.95241183,"GGACT",0.75,128,920,819,1,128,129,946,947,1866,0,0,1,NA,NA,0.717391304347826
"1952","ENST00000419152.7","ENSG00000104529.19","OTTHUMG00000165191.23","OTTHUMT00000386778.1","EEF1D-203","EEF1D",1132,"protein_coding",1128,51,0.926741183,"AGACT",0.411764706,NA,NA,NA,NA,NA,NA,NA,NA,NA,0,0,0,NA,NA,NA
"1953","ENST00000419219.1","ENSG00000154719.14","OTTHUMG00000078371.4","OTTHUMT00000171196.4","MRPL39-203","MRPL39",900,"protein_coding",192,40,0.918981433,"GAACT",0.65,NA,NA,NA,NA,NA,NA,NA,NA,NA,0,0,0,NA,NA,NA
"1954","ENST00000419348.6","ENSG00000109854.14","OTTHUMG00000166015.6","OTTHUMT00000387443.1","HTATIP2-201","HTATIP2",1477,"protein_coding",1469,22,0.956354976,"GGACA",0.227272727,NA,NA,NA,NA,NA,NA,NA,NA,NA,0,0,0,NA,NA,NA
"1955","ENST00000419385.5","ENSG00000099810.21","OTTHUMG00000019690.10","OTTHUMT00000334287.1","MTAP-201","MTAP",2241,"nonsense_mediated_decay",1326,24,0.935924172,"GGACT",0.666666667,NA,NA,NA,NA,NA,NA,NA,NA,NA,0,0,0,NA,NA,NA
"1956","ENST00000419497.5","ENSG00000172432.19","OTTHUMG00000014744.13","OTTHUMT00000040672.1","GTPBP2-203","GTPBP2",1394,"protein_coding",1242,28,0.983665347,"GGACT",0.785714286,NA,NA,NA,NA,NA,NA,NA,NA,NA,0,0,0,NA,NA,NA
"1957","ENST00000419967.5","ENSG00000105618.14","OTTHUMG00000066040.14","-","PRPF31-203","PRPF31",2269,"protein_coding",1985,55,0.937954485,"TGACT",0.509090909,NA,NA,NA,NA,NA,NA,NA,NA,NA,0,0,0,NA,NA,NA
"1958","ENST00000420250.1","ENSG00000138381.10","OTTHUMG00000193522.2","OTTHUMT00000335036.2","ASNSD1-202","ASNSD1",2172,"protein_coding",1551,24,0.958351195,"GGACT",0.666666667,NA,NA,NA,NA,NA,NA,NA,NA,NA,0,0,0,NA,NA,NA
"1959","ENST00000420813.6","ENSG00000116062.19","OTTHUMG00000129129.13","OTTHUMT00000323718.3","MSH6-203","MSH6",4106,"protein_coding",2699,26,0.975981176,"AGACT",0.807692308,NA,NA,NA,NA,NA,NA,NA,NA,NA,0,0,0,NA,NA,NA
"1960","ENST00000420813.6","ENSG00000116062.19","OTTHUMG00000129129.13","OTTHUMT00000323718.3","MSH6-203","MSH6",4106,"protein_coding",2704,28,0.954153478,"GGACT",0.821428571,NA,NA,NA,NA,NA,NA,NA,NA,NA,0,0,0,NA,NA,NA
"1961","ENST00000420813.6","ENSG00000116062.19","OTTHUMG00000129129.13","OTTHUMT00000323718.3","MSH6-203","MSH6",4106,"protein_coding",3021,33,0.978226662,"GGACT",0.727272727,NA,NA,NA,NA,NA,NA,NA,NA,NA,0,0,0,NA,NA,NA
"1962","ENST00000420813.6","ENSG00000116062.19","OTTHUMG00000129129.13","OTTHUMT00000323718.3","MSH6-203","MSH6",4106,"protein_coding",3066,34,0.962621808,"GGACT",0.676470588,NA,NA,NA,NA,NA,NA,NA,NA,NA,0,0,0,NA,NA,NA
"1963","ENST00000420903.6","ENSG00000147140.17","OTTHUMG00000021798.4","OTTHUMT00000057141.2","NONO-206","NONO",2812,"protein_coding",1780,21,0.904366434,"GGACT",0.476190476,NA,NA,NA,NA,NA,NA,NA,NA,NA,0,0,0,NA,NA,NA
"1964","ENST00000421103.5","ENSG00000169919.17","OTTHUMG00000023735.5","OTTHUMT00000344645.2","GUSB-202","GUSB",1742,"protein_coding",1625,273,0.957559288,"GGACT",0.80952381,NA,NA,NA,NA,NA,NA,NA,NA,NA,0,0,0,NA,NA,NA
"1965","ENST00000421484.5","ENSG00000175193.14","OTTHUMG00000191959.12","OTTHUMT00000346468.1","PARL-205","PARL",1347,"nonsense_mediated_decay",1170,35,0.909390926,"GAACT",0.628571429,NA,NA,NA,NA,NA,NA,NA,NA,NA,0,0,0,NA,NA,NA
"1966","ENST00000421487.6","ENSG00000132676.16","OTTHUMG00000035439.6","OTTHUMT00000471572.1","DAP3-203","DAP3",1470,"protein_coding",1310,218,0.922935247,"GGACT",0.678899083,NA,NA,NA,NA,NA,NA,NA,NA,NA,0,0,0,NA,NA,NA
"1967","ENST00000421621.3","ENSG00000106636.9","OTTHUMG00000129089.4","-","YKT6-202","YKT6",3272,"retained_intron",1341,21,0.944617629,"GAACT",0.476190476,NA,NA,NA,NA,NA,NA,NA,NA,NA,0,0,0,NA,NA,NA
"1968","ENST00000421763.5","ENSG00000159111.13","OTTHUMG00000156302.2","OTTHUMT00000343767.1","MRPL10-204","MRPL10",1576,"nonsense_mediated_decay",946,66,0.967614233,"GGACT",0.636363636,NA,NA,NA,NA,NA,NA,NA,NA,NA,0,0,0,NA,NA,NA
"1969","ENST00000421974.7","ENSG00000171130.19","OTTHUMG00000158094.5","OTTHUMT00000350171.1","ATP6V0E2-201","ATP6V0E2",2605,"protein_coding",2359,120,0.961380363,"GGACT",0.833333333,NA,NA,NA,NA,NA,NA,NA,NA,NA,0,0,0,NA,NA,NA
"1970","ENST00000422177.5","ENSG00000128581.17","OTTHUMG00000157136.4","OTTHUMT00000347573.1","IFT22-202","IFT22",1785,"nonsense_mediated_decay",659,64,0.931793272,"GGACT",0.6875,NA,NA,NA,NA,NA,NA,NA,NA,NA,0,0,0,NA,NA,NA
"1971","ENST00000422177.5","ENSG00000128581.17","OTTHUMG00000157136.4","OTTHUMT00000347573.1","IFT22-202","IFT22",1785,"nonsense_mediated_decay",874,65,0.935563087,"GAACT",0.615384615,NA,NA,NA,NA,NA,NA,NA,NA,NA,0,0,0,NA,NA,NA
"1972","ENST00000422514.7","ENSG00000198242.14","OTTHUMG00000132684.6","OTTHUMT00000255975.2","RPL23A-204","RPL23A",970,"protein_coding",735,22,0.93854785,"GAACT",0.5,NA,NA,NA,NA,NA,NA,NA,NA,NA,0,0,0,NA,NA,NA
"1973","ENST00000423169.6","ENSG00000051180.17","OTTHUMG00000130067.10","OTTHUMT00000387935.1","RAD51-203","RAD51",1611,"protein_coding",1192,35,0.939126968,"AGACT",0.571428571,NA,NA,NA,NA,NA,NA,NA,NA,NA,0,0,0,NA,NA,NA
"1974","ENST00000423262.5","ENSG00000100364.19","OTTHUMG00000151263.4","OTTHUMT00000321979.1","KIAA0930-206","KIAA0930",2218,"protein_coding",1564,24,0.940458059,"GGACA",0.625,NA,NA,NA,NA,NA,NA,NA,NA,NA,0,0,0,NA,NA,NA
"1975","ENST00000423325.6","ENSG00000096063.16","OTTHUMG00000014583.7","OTTHUMT00000040320.2","SRPK1-205","SRPK1",4357,"protein_coding",3535,25,0.962251306,"GGACT",0.64,NA,NA,NA,NA,NA,NA,NA,NA,NA,0,0,0,NA,NA,NA
"1976","ENST00000423538.6","ENSG00000160785.14","OTTHUMG00000014816.2","-","SLC25A44-202","SLC25A44",3662,"protein_coding",3576,53,0.933886409,"GGACT",0.603773585,NA,NA,NA,NA,NA,NA,NA,NA,NA,0,0,0,NA,NA,NA
"1977","ENST00000424011.6","ENSG00000140931.20","OTTHUMG00000137503.9","OTTHUMT00000268814.2","CMTM3-202","CMTM3",2330,"protein_coding",1734,48,0.946768165,"AGACT",0.625,NA,NA,NA,NA,NA,NA,NA,NA,NA,0,0,0,NA,NA,NA
"1978","ENST00000424086.5","ENSG00000144120.13","OTTHUMG00000153312.3","-","TMEM177-204","TMEM177",1738,"protein_coding",1359,22,0.944260716,"GGACT",0.681818182,NA,NA,NA,NA,NA,NA,NA,NA,NA,0,0,0,NA,NA,NA
"1979","ENST00000424086.5","ENSG00000144120.13","OTTHUMG00000153312.3","-","TMEM177-204","TMEM177",1738,"protein_coding",1567,45,0.919138312,"GAACT",0.666666667,NA,NA,NA,NA,NA,NA,NA,NA,NA,0,0,0,NA,NA,NA
"1980","ENST00000424086.5","ENSG00000144120.13","OTTHUMG00000153312.3","-","TMEM177-204","TMEM177",1738,"protein_coding",1575,46,0.938360751,"GGACT",0.739130435,NA,NA,NA,NA,NA,NA,NA,NA,NA,0,0,0,NA,NA,NA
"1981","ENST00000424086.5","ENSG00000144120.13","OTTHUMG00000153312.3","-","TMEM177-204","TMEM177",1738,"protein_coding",1624,45,0.927026629,"GAACT",0.577777778,NA,NA,NA,NA,NA,NA,NA,NA,NA,0,0,0,NA,NA,NA
"1982","ENST00000424142.5","ENSG00000122783.17","OTTHUMG00000155447.5","OTTHUMT00000340146.1","CYREN-202","CYREN",1738,"protein_coding",919,24,0.940599203,"AAACT",0.708333333,NA,NA,NA,NA,NA,NA,NA,NA,NA,0,0,0,NA,NA,NA
"1983","ENST00000424142.5","ENSG00000122783.17","OTTHUMG00000155447.5","OTTHUMT00000340146.1","CYREN-202","CYREN",1738,"protein_coding",931,24,0.906522214,"GAACT",0.708333333,NA,NA,NA,NA,NA,NA,NA,NA,NA,0,0,0,NA,NA,NA
"1984","ENST00000424142.5","ENSG00000122783.17","OTTHUMG00000155447.5","OTTHUMT00000340146.1","CYREN-202","CYREN",1738,"protein_coding",956,20,0.925561965,"GGACA",0.5,NA,NA,NA,NA,NA,NA,NA,NA,NA,0,0,0,NA,NA,NA
"1985","ENST00000424142.5","ENSG00000122783.17","OTTHUMG00000155447.5","OTTHUMT00000340146.1","CYREN-202","CYREN",1738,"protein_coding",1120,42,0.990690649,"GGACT",0.833333333,NA,NA,NA,NA,NA,NA,NA,NA,NA,0,0,0,NA,NA,NA
"1986","ENST00000424142.5","ENSG00000122783.17","OTTHUMG00000155447.5","OTTHUMT00000340146.1","CYREN-202","CYREN",1738,"protein_coding",1273,51,0.975975394,"AGACA",0.764705882,NA,NA,NA,NA,NA,NA,NA,NA,NA,0,0,0,NA,NA,NA
"1987","ENST00000424196.5","ENSG00000114867.22","OTTHUMG00000156784.21","OTTHUMT00000345739.1","EIF4G1-212","EIF4G1",5653,"protein_coding",5244,25,0.93287462,"GGACA",0.56,389,443,4821,1,389,390,5209,5210,5652,0,0,1,NA,NA,0.0767494356659142
"1988","ENST00000424196.5","ENSG00000114867.22","OTTHUMG00000156784.21","OTTHUMT00000345739.1","EIF4G1-212","EIF4G1",5653,"protein_coding",5273,30,0.963501394,"GGACT",0.633333333,389,443,4821,1,389,390,5209,5210,5652,0,0,1,NA,NA,0.142212189616253
"1989","ENST00000424424.2","ENSG00000171867.18","OTTHUMG00000031786.5","OTTHUMT00000253008.3","PRNP-202","PRNP",2429,"protein_coding",304,25,0.938952148,"GGACA",0.52,NA,NA,NA,NA,NA,NA,NA,NA,NA,0,0,0,NA,NA,NA
"1990","ENST00000424424.2","ENSG00000171867.18","OTTHUMG00000031786.5","OTTHUMT00000253008.3","PRNP-202","PRNP",2429,"protein_coding",498,34,0.955658555,"GGACC",0.588235294,NA,NA,NA,NA,NA,NA,NA,NA,NA,0,0,0,NA,NA,NA
"1991","ENST00000424559.2","ENSG00000235776.2","OTTHUMG00000150618.2","OTTHUMT00000319093.2","RPL7AP70-201","RPL7AP70",801,"processed_pseudogene",262,40,0.912806749,"GGACT",0.75,NA,NA,NA,NA,NA,NA,NA,NA,NA,0,0,0,NA,NA,NA
"1992","ENST00000424880.2","ENSG00000058262.11","OTTHUMG00000159624.5","OTTHUMT00000356554.1","SEC61A1-202","SEC61A1",3238,"protein_coding",1419,22,0.961629868,"GAACT",0.727272727,NA,NA,NA,NA,NA,NA,NA,NA,NA,0,0,0,NA,NA,NA
"1993","ENST00000424880.2","ENSG00000058262.11","OTTHUMG00000159624.5","OTTHUMT00000356554.1","SEC61A1-202","SEC61A1",3238,"protein_coding",1729,27,0.986330569,"GGACT",0.777777778,NA,NA,NA,NA,NA,NA,NA,NA,NA,0,0,0,NA,NA,NA
"1994","ENST00000424880.2","ENSG00000058262.11","OTTHUMG00000159624.5","OTTHUMT00000356554.1","SEC61A1-202","SEC61A1",3238,"protein_coding",1787,26,0.906619072,"GGACA",0.384615385,NA,NA,NA,NA,NA,NA,NA,NA,NA,0,0,0,NA,NA,NA
"1995","ENST00000424880.2","ENSG00000058262.11","OTTHUMG00000159624.5","OTTHUMT00000356554.1","SEC61A1-202","SEC61A1",3238,"protein_coding",2094,60,0.987816274,"GGACA",0.733333333,NA,NA,NA,NA,NA,NA,NA,NA,NA,0,0,0,NA,NA,NA
"1996","ENST00000424880.2","ENSG00000058262.11","OTTHUMG00000159624.5","OTTHUMT00000356554.1","SEC61A1-202","SEC61A1",3238,"protein_coding",2100,75,0.942854524,"AAACT",0.586666667,NA,NA,NA,NA,NA,NA,NA,NA,NA,0,0,0,NA,NA,NA
"1997","ENST00000424880.2","ENSG00000058262.11","OTTHUMG00000159624.5","OTTHUMT00000356554.1","SEC61A1-202","SEC61A1",3238,"protein_coding",2104,86,0.943006098,"TGACT",0.720930233,NA,NA,NA,NA,NA,NA,NA,NA,NA,0,0,0,NA,NA,NA
"1998","ENST00000424880.2","ENSG00000058262.11","OTTHUMG00000159624.5","OTTHUMT00000356554.1","SEC61A1-202","SEC61A1",3238,"protein_coding",2183,74,0.955401242,"GGACT",0.716216216,NA,NA,NA,NA,NA,NA,NA,NA,NA,0,0,0,NA,NA,NA
"1999","ENST00000424901.5","ENSG00000105221.18","OTTHUMG00000137375.23","-","AKT2-210","AKT2",5170,"protein_coding",2510,26,0.982149303,"GGACA",0.692307692,NA,NA,NA,NA,NA,NA,NA,NA,NA,0,0,0,NA,NA,NA
"2000","ENST00000425300.6","ENSG00000271723.5","OTTHUMG00000185328.1","OTTHUMT00000470196.1","MROH7-TTC4-202","MROH7-TTC4",6090,"nonsense_mediated_decay",5533,22,0.905880332,"GGACT",0.681818182,NA,NA,NA,NA,NA,NA,NA,NA,NA,0,0,0,NA,NA,NA
"2001","ENST00000425300.6","ENSG00000271723.5","OTTHUMG00000185328.1","OTTHUMT00000470196.1","MROH7-TTC4-202","MROH7-TTC4",6090,"nonsense_mediated_decay",5610,22,0.977817833,"GGACT",0.727272727,NA,NA,NA,NA,NA,NA,NA,NA,NA,0,0,0,NA,NA,NA
"2002","ENST00000425300.6","ENSG00000271723.5","OTTHUMG00000185328.1","OTTHUMT00000470196.1","MROH7-TTC4-202","MROH7-TTC4",6090,"nonsense_mediated_decay",5637,27,0.913580775,"GAACT",0.481481481,NA,NA,NA,NA,NA,NA,NA,NA,NA,0,0,0,NA,NA,NA
"2003","ENST00000425300.6","ENSG00000271723.5","OTTHUMG00000185328.1","OTTHUMT00000470196.1","MROH7-TTC4-202","MROH7-TTC4",6090,"nonsense_mediated_decay",5920,58,0.932704866,"GGACT",0.620689655,NA,NA,NA,NA,NA,NA,NA,NA,NA,0,0,0,NA,NA,NA
"2004","ENST00000425380.7","ENSG00000198331.11","OTTHUMG00000165858.1","OTTHUMT00000386733.1","HYLS1-202","HYLS1",1451,"protein_coding",561,22,0.988948226,"GGACT",0.863636364,NA,NA,NA,NA,NA,NA,NA,NA,NA,0,0,0,NA,NA,NA
"2005","ENST00000425380.7","ENSG00000198331.11","OTTHUMG00000165858.1","OTTHUMT00000386733.1","HYLS1-202","HYLS1",1451,"protein_coding",837,23,0.974080503,"GGACT",0.826086957,NA,NA,NA,NA,NA,NA,NA,NA,NA,0,0,0,NA,NA,NA
"2006","ENST00000425380.7","ENSG00000198331.11","OTTHUMG00000165858.1","OTTHUMT00000386733.1","HYLS1-202","HYLS1",1451,"protein_coding",843,26,0.982833505,"GGACT",0.884615385,NA,NA,NA,NA,NA,NA,NA,NA,NA,0,0,0,NA,NA,NA
"2007","ENST00000425380.7","ENSG00000198331.11","OTTHUMG00000165858.1","OTTHUMT00000386733.1","HYLS1-202","HYLS1",1451,"protein_coding",1186,40,0.90712893,"GGACT",0.525,NA,NA,NA,NA,NA,NA,NA,NA,NA,0,0,0,NA,NA,NA
"2008","ENST00000425389.2","ENSG00000214022.12","OTTHUMG00000158330.4","OTTHUMT00000376940.1","REPIN1-202","REPIN1",2876,"protein_coding",2568,51,0.9182024,"GGACT",0.607843137,NA,NA,NA,NA,NA,NA,NA,NA,NA,0,0,0,NA,NA,NA
"2009","ENST00000425389.2","ENSG00000214022.12","OTTHUMG00000158330.4","OTTHUMT00000376940.1","REPIN1-202","REPIN1",2876,"protein_coding",2645,23,0.985136628,"GGACA",0.826086957,NA,NA,NA,NA,NA,NA,NA,NA,NA,0,0,0,NA,NA,NA
"2010","ENST00000425428.6","ENSG00000026508.21","OTTHUMG00000044388.10","OTTHUMT00000388928.1","CD44-207","CD44",1768,"nonsense_mediated_decay",610,75,0.941259086,"AGACA",0.8,NA,NA,NA,NA,NA,NA,NA,NA,NA,0,0,0,NA,NA,NA
"2011","ENST00000425428.6","ENSG00000026508.21","OTTHUMG00000044388.10","OTTHUMT00000388928.1","CD44-207","CD44",1768,"nonsense_mediated_decay",1137,199,0.9615013,"GGACA",0.693467337,NA,NA,NA,NA,NA,NA,NA,NA,NA,0,0,0,NA,NA,NA
"2012","ENST00000425457.6","ENSG00000066136.21","OTTHUMG00000007729.5","OTTHUMT00000020810.2","NFYC-210","NFYC",1536,"protein_coding",1345,20,0.920855939,"GGACA",0.45,NA,NA,NA,NA,NA,NA,NA,NA,NA,0,0,0,NA,NA,NA
"2013","ENST00000425642.3","ENSG00000171130.19","OTTHUMG00000158094.5","OTTHUMT00000470874.1","ATP6V0E2-202","ATP6V0E2",1723,"protein_coding",1471,119,0.959449351,"GGACT",0.831932773,NA,NA,NA,NA,NA,NA,NA,NA,NA,0,0,0,NA,NA,NA
"2014","ENST00000425675.7","ENSG00000063241.8","OTTHUMG00000180830.3","OTTHUMT00000453179.2","ISOC2-202","ISOC2",1075,"protein_coding",929,189,0.981486917,"AGACT",0.857142857,NA,NA,NA,NA,NA,NA,NA,NA,NA,0,0,0,NA,NA,NA
"2015","ENST00000425690.8","ENSG00000073008.16","OTTHUMG00000151527.5","OTTHUMT00000323017.4","PVR-205","PVR",5792,"protein_coding",3004,73,0.912039578,"GGACA",0.465753425,NA,NA,NA,NA,NA,NA,NA,NA,NA,0,0,0,NA,NA,NA
"2016","ENST00000425762.2","ENSG00000100804.19","OTTHUMG00000028713.6","OTTHUMT00000413332.1","PSMB5-203","PSMB5",900,"protein_coding",769,692,0.904191256,"GGACA",0.524566474,NA,NA,NA,NA,NA,NA,NA,NA,NA,0,0,0,NA,NA,NA
"2017","ENST00000426002.5","ENSG00000164054.17","OTTHUMG00000133529.19","OTTHUMT00000344706.1","SHISA5-206","SHISA5",1839,"protein_coding",1279,26,0.908133447,"GGACT",0.5,NA,NA,NA,NA,NA,NA,NA,NA,NA,0,0,0,NA,NA,NA
"2018","ENST00000426263.10","ENSG00000117394.24","OTTHUMG00000007657.12","OTTHUMT00000020358.5","SLC2A1-203","SLC2A1",3384,"protein_coding",2110,23,0.917870462,"GAACT",0.608695652,NA,NA,NA,NA,NA,NA,NA,NA,NA,0,0,0,NA,NA,NA
"2019","ENST00000426333.7","ENSG00000108883.13","OTTHUMG00000179865.4","OTTHUMT00000448672.2","EFTUD2-202","EFTUD2",4326,"protein_coding",3008,145,0.961864412,"GGACT",0.737931034,NA,NA,NA,NA,NA,NA,NA,NA,NA,0,0,0,NA,NA,NA
"2020","ENST00000426513.6","ENSG00000115204.15","OTTHUMG00000097074.8","OTTHUMT00000325037.1","MPV17-211","MPV17",905,"nonsense_mediated_decay",702,27,0.955914438,"TGACT",0.740740741,NA,NA,NA,NA,NA,NA,NA,NA,NA,0,0,0,NA,NA,NA
"2021","ENST00000426595.1","ENSG00000249773.3","OTTHUMG00000160988.1","OTTHUMT00000363286.1","ENST00000426595","ENSG00000249773",1732,"protein_coding",1517,127,0.929800153,"GAACT",0.606299213,NA,NA,NA,NA,NA,NA,NA,NA,NA,0,0,0,NA,NA,NA
"2022","ENST00000426997.5","ENSG00000237651.8","OTTHUMG00000187090.3","OTTHUMT00000474409.1","C2orf74-202","C2orf74",879,"protein_coding",653,47,0.956289768,"AGACT",0.680851064,NA,NA,NA,NA,NA,NA,NA,NA,NA,0,0,0,NA,NA,NA
"2023","ENST00000427159.7","ENSG00000108592.17","OTTHUMG00000179012.5","OTTHUMT00000444386.2","FTSJ3-201","FTSJ3",3551,"protein_coding",3397,65,0.90800035,"GAACT",0.538461538,NA,NA,NA,NA,NA,NA,NA,NA,NA,0,0,0,NA,NA,NA
"2024","ENST00000427358.5","ENSG00000180185.13","OTTHUMG00000128663.2","OTTHUMT00000250550.2","FAHD1-203","FAHD1",1705,"protein_coding",1246,21,0.956884682,"AGACT",0.761904762,NA,NA,NA,NA,NA,NA,NA,NA,NA,0,0,0,NA,NA,NA
"2025","ENST00000427358.5","ENSG00000180185.13","OTTHUMG00000128663.2","OTTHUMT00000250550.2","FAHD1-203","FAHD1",1705,"protein_coding",1454,22,0.961298823,"GGACT",0.772727273,NA,NA,NA,NA,NA,NA,NA,NA,NA,0,0,0,NA,NA,NA
"2026","ENST00000427358.5","ENSG00000180185.13","OTTHUMG00000128663.2","OTTHUMT00000250550.2","FAHD1-203","FAHD1",1705,"protein_coding",1590,21,0.931380987,"GAACA",0.523809524,NA,NA,NA,NA,NA,NA,NA,NA,NA,0,0,0,NA,NA,NA
"2027","ENST00000427476.4","ENSG00000105443.17","OTTHUMG00000150245.7","-","CYTH2-203","CYTH2",4606,"protein_coding",1261,25,0.963268578,"GAACT",0.76,NA,NA,NA,NA,NA,NA,NA,NA,NA,0,0,0,NA,NA,NA
"2028","ENST00000427641.2","ENSG00000114503.11","OTTHUMG00000155520.5","OTTHUMT00000340473.1","NCBP2-204","NCBP2",1946,"protein_coding",516,27,0.979163349,"GGACA",0.555555556,NA,NA,NA,NA,NA,NA,NA,NA,NA,0,0,0,NA,NA,NA
"2029","ENST00000428425.1","ENSG00000114503.11","OTTHUMG00000155520.5","OTTHUMT00000340474.1","NCBP2-205","NCBP2",2220,"nonsense_mediated_decay",765,67,0.916482449,"GGACA",0.462686567,NA,NA,NA,NA,NA,NA,NA,NA,NA,0,0,0,NA,NA,NA
"2030","ENST00000428726.8","ENSG00000026508.21","OTTHUMG00000044388.10","OTTHUMT00000388927.2","CD44-208","CD44",5431,"protein_coding",2425,124,0.958954513,"GGACA",0.669354839,NA,NA,NA,NA,NA,NA,NA,NA,NA,0,0,0,NA,NA,NA
"2031","ENST00000428849.7","ENSG00000237649.8","OTTHUMG00000031209.5","OTTHUMT00000076417.2","KIFC1-211","KIFC1",2391,"protein_coding",1311,27,0.977945805,"GGACA",0.703703704,NA,NA,NA,NA,NA,NA,NA,NA,NA,0,0,0,NA,NA,NA
"2032","ENST00000428849.7","ENSG00000237649.8","OTTHUMG00000031209.5","OTTHUMT00000076417.2","KIFC1-211","KIFC1",2391,"protein_coding",1564,33,0.979719698,"AGACT",0.696969697,NA,NA,NA,NA,NA,NA,NA,NA,NA,0,0,0,NA,NA,NA
"2033","ENST00000429029.6","ENSG00000105993.15","OTTHUMG00000157242.7","OTTHUMT00000348120.1","DNAJB6-204","DNAJB6",1609,"protein_coding",1019,29,0.953351676,"GAACT",0.586206897,NA,NA,NA,NA,NA,NA,NA,NA,NA,0,0,0,NA,NA,NA
"2034","ENST00000429360.6","ENSG00000128309.17","OTTHUMG00000150543.2","-","MPST-206","MPST",1350,"protein_coding",1060,97,0.953819454,"GGACA",0.608247423,NA,NA,NA,NA,NA,NA,NA,NA,NA,0,0,0,NA,NA,NA
"2035","ENST00000429586.7","ENSG00000161204.12","OTTHUMG00000156824.1","OTTHUMT00000346047.1","ABCF3-203","ABCF3",2446,"protein_coding",2172,54,0.950839341,"GGACT",0.703703704,NA,NA,NA,NA,NA,NA,NA,NA,NA,0,0,0,NA,NA,NA
"2036","ENST00000430070.7","ENSG00000123444.14","OTTHUMG00000166894.5","OTTHUMT00000391765.2","KBTBD4-202","KBTBD4",2357,"protein_coding",1645,20,0.948921025,"GAACT",0.55,NA,NA,NA,NA,NA,NA,NA,NA,NA,0,0,0,NA,NA,NA
"2037","ENST00000430070.7","ENSG00000123444.14","OTTHUMG00000166894.5","OTTHUMT00000391765.2","KBTBD4-202","KBTBD4",2357,"protein_coding",1817,23,0.943708479,"GAACT",0.608695652,NA,NA,NA,NA,NA,NA,NA,NA,NA,0,0,0,NA,NA,NA
"2038","ENST00000430246.6","ENSG00000092199.19","OTTHUMG00000170757.3","OTTHUMT00000410226.1","HNRNPC-203","HNRNPC",4501,"protein_coding",2995,35,0.947773814,"GAACT",0.571428571,NA,NA,NA,NA,NA,NA,NA,NA,NA,0,0,0,NA,NA,NA
"2039","ENST00000430350.2","ENSG00000171867.18","OTTHUMG00000031786.5","OTTHUMT00000077821.1","PRNP-203","PRNP",2539,"protein_coding",414,25,0.942986071,"GGACA",0.52,NA,NA,NA,NA,NA,NA,NA,NA,NA,0,0,0,NA,NA,NA
"2040","ENST00000430350.2","ENSG00000171867.18","OTTHUMG00000031786.5","OTTHUMT00000077821.1","PRNP-203","PRNP",2539,"protein_coding",608,34,0.956171393,"GGACC",0.588235294,NA,NA,NA,NA,NA,NA,NA,NA,NA,0,0,0,NA,NA,NA
"2041","ENST00000430372.1","ENSG00000122783.17","OTTHUMG00000155447.5","OTTHUMT00000340144.2","CYREN-203","CYREN",1579,"protein_coding",804,24,0.937829375,"AAACT",0.666666667,NA,NA,NA,NA,NA,NA,NA,NA,NA,0,0,0,NA,NA,NA
"2042","ENST00000430372.1","ENSG00000122783.17","OTTHUMG00000155447.5","OTTHUMT00000340144.2","CYREN-203","CYREN",1579,"protein_coding",841,20,0.925157726,"GGACA",0.5,NA,NA,NA,NA,NA,NA,NA,NA,NA,0,0,0,NA,NA,NA
"2043","ENST00000430372.1","ENSG00000122783.17","OTTHUMG00000155447.5","OTTHUMT00000340144.2","CYREN-203","CYREN",1579,"protein_coding",1005,22,0.990387797,"GGACT",0.863636364,NA,NA,NA,NA,NA,NA,NA,NA,NA,0,0,0,NA,NA,NA
"2044","ENST00000430372.1","ENSG00000122783.17","OTTHUMG00000155447.5","OTTHUMT00000340144.2","CYREN-203","CYREN",1579,"protein_coding",1158,51,0.973107398,"AGACA",0.745098039,NA,NA,NA,NA,NA,NA,NA,NA,NA,0,0,0,NA,NA,NA
"2045","ENST00000430566.6","ENSG00000035141.10","OTTHUMG00000129668.4","OTTHUMT00000331506.2","FAM136A-202","FAM136A",2107,"protein_coding",937,25,0.981109023,"GGACA",0.72,NA,NA,NA,NA,NA,NA,NA,NA,NA,0,0,0,NA,NA,NA
"2046","ENST00000430730.5","ENSG00000169919.17","OTTHUMG00000023735.5","OTTHUMT00000345091.1","GUSB-203","GUSB",1859,"nonsense_mediated_decay",1739,273,0.958223164,"GGACT",0.80952381,NA,NA,NA,NA,NA,NA,NA,NA,NA,0,0,0,NA,NA,NA
"2047","ENST00000431016.6","ENSG00000161217.12","OTTHUMG00000155670.2","OTTHUMT00000341151.1","PCYT1A-206","PCYT1A",5546,"protein_coding",5300,28,0.938400745,"TGACT",0.607142857,NA,NA,NA,NA,NA,NA,NA,NA,NA,0,0,0,NA,NA,NA
"2048","ENST00000431330.7","ENSG00000170445.16","OTTHUMG00000129502.12","OTTHUMT00000372854.1","HARS1-203","HARS1",2643,"protein_coding",1421,42,0.913850963,"GAACT",0.571428571,NA,NA,NA,NA,NA,NA,NA,NA,NA,0,0,0,NA,NA,NA
"2049","ENST00000431330.7","ENSG00000170445.16","OTTHUMG00000129502.12","OTTHUMT00000372854.1","HARS1-203","HARS1",2643,"protein_coding",1453,22,0.911936402,"GGACT",0.590909091,NA,NA,NA,NA,NA,NA,NA,NA,NA,0,0,0,NA,NA,NA
"2050","ENST00000431534.5","ENSG00000100413.17","OTTHUMG00000150971.2","OTTHUMT00000320704.1","POLR3H-206","POLR3H",1464,"nonsense_mediated_decay",1258,32,0.927459061,"TGACT",0.6875,NA,NA,NA,NA,NA,NA,NA,NA,NA,0,0,0,NA,NA,NA
"2051","ENST00000431534.5","ENSG00000100413.17","OTTHUMG00000150971.2","OTTHUMT00000320704.1","POLR3H-206","POLR3H",1464,"nonsense_mediated_decay",1285,20,0.974348307,"GGACT",0.85,NA,NA,NA,NA,NA,NA,NA,NA,NA,0,0,0,NA,NA,NA
"2052","ENST00000431809.5","ENSG00000099849.15","OTTHUMG00000132004.5","OTTHUMT00000254971.2","RASSF7-204","RASSF7",1745,"protein_coding",1642,20,0.947556257,"GGACA",0.65,NA,NA,NA,NA,NA,NA,NA,NA,NA,0,0,0,NA,NA,NA
"2053","ENST00000431842.6","ENSG00000163946.14","OTTHUMG00000158827.5","OTTHUMT00000352341.2","TASOR-202","TASOR",7119,"protein_coding",4661,44,0.911332726,"GGACT",0.795454545,NA,NA,NA,NA,NA,NA,NA,NA,NA,0,0,0,NA,NA,NA
"2054","ENST00000432126.7","ENSG00000081791.9","OTTHUMG00000129662.6","OTTHUMT00000251863.4","DELE1-202","DELE1",4907,"protein_coding",2870,24,0.914190233,"TGACT",0.375,NA,NA,NA,NA,NA,NA,NA,NA,NA,0,0,0,NA,NA,NA
"2055","ENST00000432605.3","ENSG00000237651.8","OTTHUMG00000187090.3","-","C2orf74-203","C2orf74",1097,"protein_coding",851,47,0.957054973,"AGACT",0.680851064,NA,NA,NA,NA,NA,NA,NA,NA,NA,0,0,0,NA,NA,NA
"2056","ENST00000432789.1","ENSG00000100413.17","OTTHUMG00000150971.2","OTTHUMT00000320706.1","POLR3H-207","POLR3H",1598,"nonsense_mediated_decay",1414,25,0.913088024,"TGACT",0.6,NA,NA,NA,NA,NA,NA,NA,NA,NA,0,0,0,NA,NA,NA
"2057","ENST00000432901.4","ENSG00000232838.4","OTTHUMG00000186019.2","OTTHUMT00000472038.2","PET117-201","PET117",1151,"protein_coding",465,57,0.912304521,"GGACA",0.49122807,NA,NA,NA,NA,NA,NA,NA,NA,NA,0,0,0,NA,NA,NA
"2058","ENST00000432901.4","ENSG00000232838.4","OTTHUMG00000186019.2","OTTHUMT00000472038.2","PET117-201","PET117",1151,"protein_coding",787,75,0.962602913,"GGACT",0.853333333,NA,NA,NA,NA,NA,NA,NA,NA,NA,0,0,0,NA,NA,NA
"2059","ENST00000432918.5","ENSG00000172432.19","OTTHUMG00000014744.13","OTTHUMT00000040673.1","GTPBP2-204","GTPBP2",1850,"protein_coding",1698,30,0.978550196,"GGACT",0.733333333,NA,NA,NA,NA,NA,NA,NA,NA,NA,0,0,0,NA,NA,NA
"2060","ENST00000433055.1","ENSG00000163923.10","OTTHUMG00000156465.3","OTTHUMT00000344284.2","RPL39L-202","RPL39L",749,"protein_coding",643,50,0.923741877,"GGACA",0.54,NA,NA,NA,NA,NA,NA,NA,NA,NA,0,0,0,NA,NA,NA
"2061","ENST00000433176.6","ENSG00000123562.18","OTTHUMG00000022104.3","-","MORF4L2-204","MORF4L2",1965,"protein_coding",843,88,0.966193557,"GGACT",0.75,NA,NA,NA,NA,NA,NA,NA,NA,NA,0,0,0,NA,NA,NA
"2062","ENST00000433176.6","ENSG00000123562.18","OTTHUMG00000022104.3","-","MORF4L2-204","MORF4L2",1965,"protein_coding",849,93,0.980229855,"GGACT",0.88172043,NA,NA,NA,NA,NA,NA,NA,NA,NA,0,0,0,NA,NA,NA
"2063","ENST00000433215.6","ENSG00000090487.11","OTTHUMG00000133098.7","OTTHUMT00000418142.1","SPG21-203","SPG21",1613,"protein_coding",1151,80,0.908501983,"GGACT",0.525,NA,NA,NA,NA,NA,NA,NA,NA,NA,0,0,0,NA,NA,NA
"2064","ENST00000433259.6","ENSG00000197586.13","OTTHUMG00000032116.4","OTTHUMT00000078413.2","ENTPD6-209","ENTPD6",2654,"protein_coding",2015,20,0.919012785,"GGACA",0.35,NA,NA,NA,NA,NA,NA,NA,NA,NA,0,0,0,NA,NA,NA
"2065","ENST00000433259.6","ENSG00000197586.13","OTTHUMG00000032116.4","OTTHUMT00000078413.2","ENTPD6-209","ENTPD6",2654,"protein_coding",2050,43,0.936102152,"GGACT",0.813953488,NA,NA,NA,NA,NA,NA,NA,NA,NA,0,0,0,NA,NA,NA
"2066","ENST00000433259.6","ENSG00000197586.13","OTTHUMG00000032116.4","OTTHUMT00000078413.2","ENTPD6-209","ENTPD6",2654,"protein_coding",2496,101,0.920728624,"GGACA",0.603960396,NA,NA,NA,NA,NA,NA,NA,NA,NA,0,0,0,NA,NA,NA
"2067","ENST00000433271.6","ENSG00000106609.16","OTTHUMG00000129553.6","OTTHUMT00000346562.1","TMEM248-205","TMEM248",1610,"nonsense_mediated_decay",1103,127,0.984404087,"AGACA",0.834645669,NA,NA,NA,NA,NA,NA,NA,NA,NA,0,0,0,NA,NA,NA
"2068","ENST00000433297.2","ENSG00000112972.15","OTTHUMG00000162231.3","OTTHUMT00000368024.1","HMGCS1-202","HMGCS1",3466,"protein_coding",377,24,0.999367774,"TGACT",1,NA,NA,NA,NA,NA,NA,NA,NA,NA,0,0,0,NA,NA,NA
"2069","ENST00000433510.2","ENSG00000272763.1","OTTHUMG00000185832.1","OTTHUMT00000471444.1","LINC03057-202","LINC03057",1270,"lncRNA",715,20,0.994847298,"AGACT",0.85,NA,NA,NA,NA,NA,NA,NA,NA,NA,0,0,0,NA,NA,NA
"2070","ENST00000433510.2","ENSG00000272763.1","OTTHUMG00000185832.1","OTTHUMT00000471444.1","LINC03057-202","LINC03057",1270,"lncRNA",795,22,0.978491664,"TGACT",0.954545455,NA,NA,NA,NA,NA,NA,NA,NA,NA,0,0,0,NA,NA,NA
"2071","ENST00000433892.6","ENSG00000026508.21","OTTHUMG00000044388.10","OTTHUMT00000388929.1","CD44-209","CD44",2292,"protein_coding",738,40,0.938661873,"AGACA",0.8,NA,NA,NA,NA,NA,NA,NA,NA,NA,0,0,0,NA,NA,NA
"2072","ENST00000433892.6","ENSG00000026508.21","OTTHUMG00000044388.10","OTTHUMT00000388929.1","CD44-209","CD44",2292,"protein_coding",1661,129,0.95405066,"GGACA",0.635658915,NA,NA,NA,NA,NA,NA,NA,NA,NA,0,0,0,NA,NA,NA
"2073","ENST00000434061.6","ENSG00000114867.22","OTTHUMG00000156784.21","OTTHUMT00000345742.2","EIF4G1-218","EIF4G1",5026,"protein_coding",4617,31,0.925295234,"GGACA",0.516129032,NA,NA,NA,NA,NA,NA,NA,NA,NA,0,0,0,NA,NA,NA
"2074","ENST00000434061.6","ENSG00000114867.22","OTTHUMG00000156784.21","OTTHUMT00000345742.2","EIF4G1-218","EIF4G1",5026,"protein_coding",4646,35,0.905098736,"GGACT",0.685714286,NA,NA,NA,NA,NA,NA,NA,NA,NA,0,0,0,NA,NA,NA
"2075","ENST00000434205.8","ENSG00000182173.14","OTTHUMG00000179684.3","OTTHUMT00000447617.2","TSEN54-202","TSEN54",2010,"protein_coding",1897,48,0.947798193,"GGACT",0.604166667,NA,NA,NA,NA,NA,NA,NA,NA,NA,0,0,0,NA,NA,NA
"2076","ENST00000434205.8","ENSG00000182173.14","OTTHUMG00000179684.3","OTTHUMT00000447617.2","TSEN54-202","TSEN54",2010,"protein_coding",1937,51,0.903206527,"GGACT",0.509803922,NA,NA,NA,NA,NA,NA,NA,NA,NA,0,0,0,NA,NA,NA
"2077","ENST00000434417.1","ENSG00000179965.12","OTTHUMG00000176985.4","-","ZNF771-202","ZNF771",1454,"protein_coding",1156,29,0.907313466,"GGACT",0.655172414,NA,NA,NA,NA,NA,NA,NA,NA,NA,0,0,0,NA,NA,NA
"2078","ENST00000434436.8","ENSG00000071655.18","OTTHUMG00000180081.9","OTTHUMT00000449658.5","MBD3-202","MBD3",5678,"protein_coding",1443,71,0.987172008,"AGACT",0.647887324,NA,NA,NA,NA,NA,NA,NA,NA,NA,0,0,0,NA,NA,NA
"2079","ENST00000434436.8","ENSG00000071655.18","OTTHUMG00000180081.9","OTTHUMT00000449658.5","MBD3-202","MBD3",5678,"protein_coding",1568,108,0.994408011,"GGACT",0.944444444,NA,NA,NA,NA,NA,NA,NA,NA,NA,0,0,0,NA,NA,NA
"2080","ENST00000434436.8","ENSG00000071655.18","OTTHUMG00000180081.9","OTTHUMT00000449658.5","MBD3-202","MBD3",5678,"protein_coding",1789,148,0.906707466,"GGACT",0.628378378,NA,NA,NA,NA,NA,NA,NA,NA,NA,0,0,0,NA,NA,NA
"2081","ENST00000434436.8","ENSG00000071655.18","OTTHUMG00000180081.9","OTTHUMT00000449658.5","MBD3-202","MBD3",5678,"protein_coding",2071,215,0.983437359,"GGACT",0.879069767,NA,NA,NA,NA,NA,NA,NA,NA,NA,0,0,0,NA,NA,NA
"2082","ENST00000434436.8","ENSG00000071655.18","OTTHUMG00000180081.9","OTTHUMT00000449658.5","MBD3-202","MBD3",5678,"protein_coding",2242,285,0.923417151,"GGACT",0.656140351,NA,NA,NA,NA,NA,NA,NA,NA,NA,0,0,0,NA,NA,NA
"2083","ENST00000434436.8","ENSG00000071655.18","OTTHUMG00000180081.9","OTTHUMT00000449658.5","MBD3-202","MBD3",5678,"protein_coding",2272,303,0.975950778,"GGACT",0.858085809,NA,NA,NA,NA,NA,NA,NA,NA,NA,0,0,0,NA,NA,NA
"2084","ENST00000434472.6","ENSG00000026508.21","OTTHUMG00000044388.10","OTTHUMT00000388931.1","CD44-210","CD44",1634,"protein_coding",633,60,0.945354939,"AGACA",0.8,NA,NA,NA,NA,NA,NA,NA,NA,NA,0,0,0,NA,NA,NA
"2085","ENST00000434472.6","ENSG00000026508.21","OTTHUMG00000044388.10","OTTHUMT00000388931.1","CD44-210","CD44",1634,"protein_coding",1364,96,0.952062845,"GGACA",0.635416667,NA,NA,NA,NA,NA,NA,NA,NA,NA,0,0,0,NA,NA,NA
"2086","ENST00000434524.5","ENSG00000114988.12","OTTHUMG00000130453.2","OTTHUMT00000339026.1","LMAN2L-203","LMAN2L",2410,"nonsense_mediated_decay",2178,21,0.982503653,"AGACA",0.619047619,NA,NA,NA,NA,NA,NA,NA,NA,NA,0,0,0,NA,NA,NA
"2087","ENST00000434634.7","ENSG00000177082.13","OTTHUMG00000172375.2","OTTHUMT00000418195.2","WDR73-202","WDR73",5331,"protein_coding",1074,20,0.966073275,"GGACT",0.65,NA,NA,NA,NA,NA,NA,NA,NA,NA,0,0,0,NA,NA,NA
"2088","ENST00000434726.6","ENSG00000105281.12","OTTHUMG00000183434.3","OTTHUMT00000466631.1","SLC1A5-202","SLC1A5",1872,"protein_coding",1291,92,0.987762928,"GGACA",0.869565217,NA,NA,NA,NA,NA,NA,NA,NA,NA,0,0,0,NA,NA,NA
"2089","ENST00000435064.6","ENSG00000127054.22","OTTHUMG00000003330.13","OTTHUMT00000009360.2","INTS11-208","INTS11",2114,"protein_coding",1925,44,0.956205666,"GGACT",0.659090909,52,259,1803,1,52,53,1854,1855,2113,0,0,1,NA,NA,0.27027027027027
"2090","ENST00000435070.7","ENSG00000111605.18","OTTHUMG00000169340.4","OTTHUMT00000403609.2","CPSF6-202","CPSF6",6584,"protein_coding",1824,47,0.960425556,"GAACT",0.595744681,NA,NA,NA,NA,NA,NA,NA,NA,NA,0,0,0,NA,NA,NA
"2091","ENST00000435169.1","ENSG00000226085.3","OTTHUMG00000151103.1","OTTHUMT00000321323.1","UQCRFS1P1-201","UQCRFS1P1",820,"processed_pseudogene",591,85,0.948136866,"GGACC",0.470588235,NA,NA,NA,NA,NA,NA,NA,NA,NA,0,0,0,NA,NA,NA
"2092","ENST00000435340.6","ENSG00000133027.18","OTTHUMG00000059290.6","OTTHUMT00000131664.2","PEMT-206","PEMT",960,"protein_coding",881,22,0.947145522,"GGACC",0.590909091,NA,NA,NA,NA,NA,NA,NA,NA,NA,0,0,0,NA,NA,NA
"2093","ENST00000435634.3","ENSG00000223496.3","OTTHUMG00000137578.2","OTTHUMT00000268966.2","EXOSC6-201","EXOSC6",5163,"protein_coding",1598,61,0.968888164,"GGACT",0.639344262,NA,NA,NA,NA,NA,NA,NA,NA,NA,0,0,0,NA,NA,NA
"2094","ENST00000435760.6","ENSG00000197548.13","OTTHUMG00000129740.21","-","ATG7-210","ATG7",2618,"nonsense_mediated_decay",2461,30,0.902752221,"GGACT",0.6,NA,NA,NA,NA,NA,NA,NA,NA,NA,0,0,0,NA,NA,NA
"2095","ENST00000436063.7","ENSG00000067334.14","OTTHUMG00000010268.7","OTTHUMT00000028317.4","DNTTIP2-202","DNTTIP2",5896,"protein_coding",1071,26,0.91331774,"AGACA",0.807692308,NA,NA,NA,NA,NA,NA,NA,NA,NA,0,0,0,NA,NA,NA
"2096","ENST00000436063.7","ENSG00000067334.14","OTTHUMG00000010268.7","OTTHUMT00000028317.4","DNTTIP2-202","DNTTIP2",5896,"protein_coding",1121,31,0.91302675,"GAACT",0.774193548,NA,NA,NA,NA,NA,NA,NA,NA,NA,0,0,0,NA,NA,NA
"2097","ENST00000436088.6","ENSG00000108312.16","OTTHUMG00000167585.6","OTTHUMT00000395214.2","UBTF-204","UBTF",4795,"protein_coding",3043,20,0.947357595,"GAACT",0.75,NA,NA,NA,NA,NA,NA,NA,NA,NA,0,0,0,NA,NA,NA
"2098","ENST00000436547.7","ENSG00000151923.18","OTTHUMG00000019156.8","OTTHUMT00000050672.2","TIAL1-205","TIAL1",3827,"protein_coding",1633,91,0.964025259,"GGACT",0.758241758,NA,NA,NA,NA,NA,NA,NA,NA,NA,0,0,0,NA,NA,NA
"2099","ENST00000436697.3","ENSG00000225973.4","OTTHUMG00000172653.6","OTTHUMT00000419683.3","PIGBOS1-201","PIGBOS1",944,"protein_coding",840,22,0.917634547,"GAACT",0.681818182,NA,NA,NA,NA,NA,NA,NA,NA,NA,0,0,0,NA,NA,NA
"2100","ENST00000436757.6","ENSG00000110697.13","OTTHUMG00000167675.5","OTTHUMT00000395521.1","PITPNM1-202","PITPNM1",4216,"protein_coding",3968,22,0.909834087,"GGACC",0.409090909,NA,NA,NA,NA,NA,NA,NA,NA,NA,0,0,0,NA,NA,NA
"2101","ENST00000437259.5","ENSG00000165802.23","OTTHUMG00000020989.5","-","NSMF-208","NSMF",3577,"protein_coding",2695,23,0.957081556,"GGACT",0.608695652,NA,NA,NA,NA,NA,NA,NA,NA,NA,0,0,0,NA,NA,NA
"2102","ENST00000437604.6","ENSG00000091140.15","OTTHUMG00000154813.4","OTTHUMT00000337198.1","DLD-204","DLD",1859,"protein_coding",1563,30,0.916682243,"GGACT",0.633333333,NA,NA,NA,NA,NA,NA,NA,NA,NA,0,0,0,NA,NA,NA
"2103","ENST00000438389.6","ENSG00000063241.8","OTTHUMG00000180830.3","OTTHUMT00000453177.1","ISOC2-203","ISOC2",1566,"protein_coding",1420,191,0.977506936,"AGACT",0.842931937,NA,NA,NA,NA,NA,NA,NA,NA,NA,0,0,0,NA,NA,NA
"2104","ENST00000438576.3","ENSG00000175573.7","OTTHUMG00000157153.3","OTTHUMT00000347644.3","C11orf68-201","C11orf68",1562,"protein_coding",698,22,0.978255451,"GGACC",0.727272727,NA,NA,NA,NA,NA,NA,NA,NA,NA,0,0,0,NA,NA,NA
"2105","ENST00000438576.3","ENSG00000175573.7","OTTHUMG00000157153.3","OTTHUMT00000347644.3","C11orf68-201","C11orf68",1562,"protein_coding",903,56,0.9732427,"GAACT",0.678571429,NA,NA,NA,NA,NA,NA,NA,NA,NA,0,0,0,NA,NA,NA
"2106","ENST00000438576.3","ENSG00000175573.7","OTTHUMG00000157153.3","OTTHUMT00000347644.3","C11orf68-201","C11orf68",1562,"protein_coding",1061,76,0.95034498,"GAACT",0.631578947,NA,NA,NA,NA,NA,NA,NA,NA,NA,0,0,0,NA,NA,NA
"2107","ENST00000438576.3","ENSG00000175573.7","OTTHUMG00000157153.3","OTTHUMT00000347644.3","C11orf68-201","C11orf68",1562,"protein_coding",1425,89,0.910758317,"GGACA",0.539325843,NA,NA,NA,NA,NA,NA,NA,NA,NA,0,0,0,NA,NA,NA
"2108","ENST00000439372.6","ENSG00000071553.18","OTTHUMG00000033291.11","OTTHUMT00000316574.3","ATP6AP1-204","ATP6AP1",2429,"nonsense_mediated_decay",1282,30,0.91059047,"TGACT",0.6,NA,NA,NA,NA,NA,NA,NA,NA,NA,0,0,0,NA,NA,NA
"2109","ENST00000439880.6","ENSG00000101224.18","OTTHUMG00000031764.3","OTTHUMT00000077777.3","CDC25B-205","CDC25B",3096,"protein_coding",2982,45,0.927169263,"GGACT",0.622222222,NA,NA,NA,NA,NA,NA,NA,NA,NA,0,0,0,NA,NA,NA
"2110","ENST00000439929.1","ENSG00000225770.1","OTTHUMG00000155584.1","OTTHUMT00000340781.1","RPS29P3-201","RPS29P3",171,"processed_pseudogene",166,63,0.993332565,"GGACT",0.80952381,NA,NA,NA,NA,NA,NA,NA,NA,NA,0,0,0,NA,NA,NA
"2111","ENST00000439977.7","ENSG00000051108.15","OTTHUMG00000133276.10","OTTHUMT00000257056.7","HERPUD1-204","HERPUD1",2853,"protein_coding",1321,25,0.921995223,"GGACT",0.68,NA,NA,NA,NA,NA,NA,NA,NA,NA,0,0,0,NA,NA,NA
"2112","ENST00000440161.5","ENSG00000171148.14","OTTHUMG00000128440.4","OTTHUMT00000338857.1","TADA3-204","TADA3",1617,"protein_coding",909,30,0.955498874,"GAACT",0.666666667,NA,NA,NA,NA,NA,NA,NA,NA,NA,0,0,0,NA,NA,NA
"2113","ENST00000440306.3","ENSG00000122687.19","OTTHUMG00000023866.8","-","MRM2-203","MRM2",1570,"protein_coding",854,51,0.94835937,"GGACA",0.529411765,NA,NA,NA,NA,NA,NA,NA,NA,NA,0,0,0,NA,NA,NA
"2114","ENST00000440306.3","ENSG00000122687.19","OTTHUMG00000023866.8","-","MRM2-203","MRM2",1570,"protein_coding",1104,66,0.968041897,"AGACT",0.818181818,NA,NA,NA,NA,NA,NA,NA,NA,NA,0,0,0,NA,NA,NA
"2115","ENST00000440385.5","ENSG00000244005.13","OTTHUMG00000032361.12","OTTHUMT00000078937.4","NFS1-208","NFS1",1794,"nonsense_mediated_decay",1417,33,0.964708745,"AGACA",0.696969697,NA,NA,NA,NA,NA,NA,NA,NA,NA,0,0,0,NA,NA,NA
"2116","ENST00000440385.5","ENSG00000244005.13","OTTHUMG00000032361.12","OTTHUMT00000078937.4","NFS1-208","NFS1",1794,"nonsense_mediated_decay",1522,37,0.916129291,"GGACA",0.594594595,NA,NA,NA,NA,NA,NA,NA,NA,NA,0,0,0,NA,NA,NA
"2117","ENST00000440410.5","ENSG00000091140.15","OTTHUMG00000154813.4","OTTHUMT00000337196.1","DLD-205","DLD",1993,"protein_coding",1639,62,0.945187926,"GGACT",0.693548387,NA,NA,NA,NA,NA,NA,NA,NA,NA,0,0,0,NA,NA,NA
"2118","ENST00000440428.5","ENSG00000262919.8","OTTHUMG00000024206.8","OTTHUMT00000060993.4","CCNQ-202","CCNQ",1164,"protein_coding",838,121,0.908073008,"GGACT",0.570247934,NA,NA,NA,NA,NA,NA,NA,NA,NA,0,0,0,NA,NA,NA
"2119","ENST00000440428.5","ENSG00000262919.8","OTTHUMG00000024206.8","OTTHUMT00000060993.4","CCNQ-202","CCNQ",1164,"protein_coding",1070,136,0.916057408,"AGACT",0.588235294,NA,NA,NA,NA,NA,NA,NA,NA,NA,0,0,0,NA,NA,NA
"2120","ENST00000440783.2","ENSG00000166123.14","OTTHUMG00000132541.5","OTTHUMT00000430623.1","GPT2-202","GPT2",4228,"protein_coding",2016,51,0.980164707,"TGACT",0.784313725,665,2291,1272,1,665,666,1936,1937,4227,0,0,1,NA,NA,0.0344827586206897
"2121","ENST00000440815.7","ENSG00000008517.19","OTTHUMG00000167498.6","OTTHUMT00000404920.1","IL32-206","IL32",920,"protein_coding",144,20,0.95266068,"GAACT",0.7,NA,NA,NA,NA,NA,NA,NA,NA,NA,0,0,0,NA,NA,NA
"2122","ENST00000440865.2","ENSG00000153187.21","OTTHUMG00000040396.17","OTTHUMT00000097164.4","HNRNPU-204","HNRNPU",3207,"protein_coding",2180,138,0.926448703,"GAACT",0.652173913,NA,NA,NA,NA,NA,NA,NA,NA,NA,0,0,0,NA,NA,NA
"2123","ENST00000441074.3","ENSG00000111321.11","OTTHUMG00000168356.4","OTTHUMT00000399433.2","LTBR-203","LTBR",2327,"retained_intron",2124,20,0.977226675,"GGACT",0.8,NA,NA,NA,NA,NA,NA,NA,NA,NA,0,0,0,NA,NA,NA
"2124","ENST00000441076.7","ENSG00000123562.18","OTTHUMG00000022104.3","OTTHUMT00000057732.2","MORF4L2-206","MORF4L2",1866,"protein_coding",742,87,0.968995035,"GGACT",0.75862069,NA,NA,NA,NA,NA,NA,NA,NA,NA,0,0,0,NA,NA,NA
"2125","ENST00000441076.7","ENSG00000123562.18","OTTHUMG00000022104.3","OTTHUMT00000057732.2","MORF4L2-206","MORF4L2",1866,"protein_coding",748,91,0.980231166,"GGACT",0.879120879,NA,NA,NA,NA,NA,NA,NA,NA,NA,0,0,0,NA,NA,NA
"2126","ENST00000441250.6","ENSG00000149761.9","OTTHUMG00000167791.8","OTTHUMT00000396303.2","NUDT22-204","NUDT22",986,"protein_coding",511,88,0.909486949,"GGACC",0.363636364,NA,NA,NA,NA,NA,NA,NA,NA,NA,0,0,0,NA,NA,NA
"2127","ENST00000441339.3","ENSG00000172927.9","OTTHUMG00000167836.5","OTTHUMT00000396546.2","MYEOV-202","MYEOV",2381,"protein_coding",1170,23,0.924100041,"GGACT",0.739130435,NA,NA,NA,NA,NA,NA,NA,NA,NA,0,0,0,NA,NA,NA
"2128","ENST00000441339.3","ENSG00000172927.9","OTTHUMG00000167836.5","OTTHUMT00000396546.2","MYEOV-202","MYEOV",2381,"protein_coding",1327,26,0.913487077,"TGACT",0.538461538,NA,NA,NA,NA,NA,NA,NA,NA,NA,0,0,0,NA,NA,NA
"2129","ENST00000441339.3","ENSG00000172927.9","OTTHUMG00000167836.5","OTTHUMT00000396546.2","MYEOV-202","MYEOV",2381,"protein_coding",1336,24,0.906417727,"TGACT",0.625,NA,NA,NA,NA,NA,NA,NA,NA,NA,0,0,0,NA,NA,NA
"2130","ENST00000441611.5","ENSG00000196072.12","OTTHUMG00000018908.3","OTTHUMT00000049860.2","BLOC1S2-203","BLOC1S2",2024,"protein_coding",245,21,0.930042624,"TGACT",0.619047619,NA,NA,NA,NA,NA,NA,NA,NA,NA,0,0,0,NA,NA,NA
"2131","ENST00000441611.5","ENSG00000196072.12","OTTHUMG00000018908.3","OTTHUMT00000049860.2","BLOC1S2-203","BLOC1S2",2024,"protein_coding",672,69,0.915351331,"GGACT",0.623188406,NA,NA,NA,NA,NA,NA,NA,NA,NA,0,0,0,NA,NA,NA
"2132","ENST00000441611.5","ENSG00000196072.12","OTTHUMG00000018908.3","OTTHUMT00000049860.2","BLOC1S2-203","BLOC1S2",2024,"protein_coding",775,78,0.967401147,"AGACT",0.833333333,NA,NA,NA,NA,NA,NA,NA,NA,NA,0,0,0,NA,NA,NA
"2133","ENST00000441728.6","ENSG00000184182.19","OTTHUMG00000133341.4","OTTHUMT00000328678.1","UBE2F-215","UBE2F",1242,"nonsense_mediated_decay",721,53,0.940669715,"GGACT",0.773584906,NA,NA,NA,NA,NA,NA,NA,NA,NA,0,0,0,NA,NA,NA
"2134","ENST00000441867.6","ENSG00000204574.14","OTTHUMG00000031094.8","OTTHUMT00000076138.5","ABCF1-203","ABCF1",3426,"protein_coding",2790,30,0.941396832,"AGACT",0.833333333,NA,NA,NA,NA,NA,NA,NA,NA,NA,0,0,0,NA,NA,NA
"2135","ENST00000441867.6","ENSG00000204574.14","OTTHUMG00000031094.8","OTTHUMT00000076138.5","ABCF1-203","ABCF1",3426,"protein_coding",2920,58,0.960461199,"GGACT",0.689655172,NA,NA,NA,NA,NA,NA,NA,NA,NA,0,0,0,NA,NA,NA
"2136","ENST00000441867.6","ENSG00000204574.14","OTTHUMG00000031094.8","OTTHUMT00000076138.5","ABCF1-203","ABCF1",3426,"protein_coding",3025,85,0.962340534,"TGACT",0.8,NA,NA,NA,NA,NA,NA,NA,NA,NA,0,0,0,NA,NA,NA
"2137","ENST00000441917.6","ENSG00000089053.13","OTTHUMG00000169157.4","OTTHUMT00000402579.1","ANAPC5-204","ANAPC5",2147,"protein_coding",2069,512,0.900448442,"GGACT",0.60546875,NA,NA,NA,NA,NA,NA,NA,NA,NA,0,0,0,NA,NA,NA
"2138","ENST00000442039.3","ENSG00000174109.5","OTTHUMG00000192232.2","OTTHUMT00000432502.2","UQCC4-201","UQCC4",917,"protein_coding",417,24,0.902422607,"GAACT",0.541666667,NA,NA,NA,NA,NA,NA,NA,NA,NA,0,0,0,NA,NA,NA
"2139","ENST00000442215.6","ENSG00000163832.16","OTTHUMG00000133521.14","OTTHUMT00000345336.2","ELP6-206","ELP6",1277,"nonsense_mediated_decay",880,48,0.988968015,"GGACT",0.854166667,NA,NA,NA,NA,NA,NA,NA,NA,NA,0,0,0,NA,NA,NA
"2140","ENST00000442215.6","ENSG00000163832.16","OTTHUMG00000133521.14","OTTHUMT00000345336.2","ELP6-206","ELP6",1277,"nonsense_mediated_decay",1044,62,0.967043102,"GGACC",0.677419355,NA,NA,NA,NA,NA,NA,NA,NA,NA,0,0,0,NA,NA,NA
"2141","ENST00000442286.6","ENSG00000125454.12","OTTHUMG00000179607.4","OTTHUMT00000447283.1","SLC25A19-205","SLC25A19",1496,"protein_coding",1020,26,0.928642392,"GGACA",0.461538462,NA,NA,NA,NA,NA,NA,NA,NA,NA,0,0,0,NA,NA,NA
"2142","ENST00000442286.6","ENSG00000125454.12","OTTHUMG00000179607.4","OTTHUMT00000447283.1","SLC25A19-205","SLC25A19",1496,"protein_coding",1477,22,0.987320483,"AGACA",0.727272727,NA,NA,NA,NA,NA,NA,NA,NA,NA,0,0,0,NA,NA,NA
"2143","ENST00000442406.5","ENSG00000114867.22","OTTHUMG00000156784.21","OTTHUMT00000345728.1","EIF4G1-222","EIF4G1",5129,"nonsense_mediated_decay",4718,119,0.901152372,"GGACA",0.537815126,NA,NA,NA,NA,NA,NA,NA,NA,NA,0,0,0,NA,NA,NA
"2144","ENST00000442406.5","ENSG00000114867.22","OTTHUMG00000156784.21","OTTHUMT00000345728.1","EIF4G1-222","EIF4G1",5129,"nonsense_mediated_decay",4747,131,0.95646131,"GGACT",0.717557252,NA,NA,NA,NA,NA,NA,NA,NA,NA,0,0,0,NA,NA,NA
"2145","ENST00000442415.7","ENSG00000132155.14","OTTHUMG00000129789.8","OTTHUMT00000339671.2","RAF1-205","RAF1",3251,"protein_coding",2765,32,0.938668191,"GGACT",0.625,NA,NA,NA,NA,NA,NA,NA,NA,NA,0,0,0,NA,NA,NA
"2146","ENST00000442415.7","ENSG00000132155.14","OTTHUMG00000129789.8","OTTHUMT00000339671.2","RAF1-205","RAF1",3251,"protein_coding",2827,30,0.917174876,"GGACT",0.566666667,NA,NA,NA,NA,NA,NA,NA,NA,NA,0,0,0,NA,NA,NA
"2147","ENST00000442581.1","ENSG00000068001.14","OTTHUMG00000156876.2","OTTHUMT00000346392.1","HYAL2-207","HYAL2",2318,"protein_coding",1234,21,0.960175097,"GAACT",0.571428571,NA,NA,NA,NA,NA,NA,NA,NA,NA,0,0,0,NA,NA,NA
"2148","ENST00000443387.3","ENSG00000167635.12","OTTHUMG00000180511.1","OTTHUMT00000451706.1","ZNF146-201","ZNF146",3347,"protein_coding",2337,25,0.945657611,"AGACC",0.64,NA,NA,NA,NA,NA,NA,NA,NA,NA,0,0,0,NA,NA,NA
"2149","ENST00000443387.3","ENSG00000167635.12","OTTHUMG00000180511.1","OTTHUMT00000451706.1","ZNF146-201","ZNF146",3347,"protein_coding",2458,27,0.944854498,"GAACT",0.62962963,NA,NA,NA,NA,NA,NA,NA,NA,NA,0,0,0,NA,NA,NA
"2150","ENST00000443449.1","ENSG00000239789.6","OTTHUMG00000023153.6","OTTHUMT00000343294.2","MRPS17-202","MRPS17",718,"protein_coding",570,62,0.921912909,"GAACT",0.564516129,NA,NA,NA,NA,NA,NA,NA,NA,NA,0,0,0,NA,NA,NA
"2151","ENST00000443950.6","ENSG00000169813.17","OTTHUMG00000018029.3","-","HNRNPF-204","HNRNPF",2755,"protein_coding",584,21,0.907153308,"TGACT",0.571428571,NA,NA,NA,NA,NA,NA,NA,NA,NA,0,0,0,NA,NA,NA
"2152","ENST00000443950.6","ENSG00000169813.17","OTTHUMG00000018029.3","-","HNRNPF-204","HNRNPF",2755,"protein_coding",666,24,0.957019925,"GAACT",0.625,NA,NA,NA,NA,NA,NA,NA,NA,NA,0,0,0,NA,NA,NA
"2153","ENST00000443950.6","ENSG00000169813.17","OTTHUMG00000018029.3","-","HNRNPF-204","HNRNPF",2755,"protein_coding",723,21,0.986111104,"GGACA",0.476190476,NA,NA,NA,NA,NA,NA,NA,NA,NA,0,0,0,NA,NA,NA
"2154","ENST00000443950.6","ENSG00000169813.17","OTTHUMG00000018029.3","-","HNRNPF-204","HNRNPF",2755,"protein_coding",837,25,0.988954961,"GGACT",0.76,NA,NA,NA,NA,NA,NA,NA,NA,NA,0,0,0,NA,NA,NA
"2155","ENST00000443950.6","ENSG00000169813.17","OTTHUMG00000018029.3","-","HNRNPF-204","HNRNPF",2755,"protein_coding",1129,28,0.975547075,"GGACT",0.785714286,NA,NA,NA,NA,NA,NA,NA,NA,NA,0,0,0,NA,NA,NA
"2156","ENST00000443950.6","ENSG00000169813.17","OTTHUMG00000018029.3","-","HNRNPF-204","HNRNPF",2755,"protein_coding",1560,76,0.940647364,"GAACT",0.631578947,NA,NA,NA,NA,NA,NA,NA,NA,NA,0,0,0,NA,NA,NA
"2157","ENST00000444129.7","ENSG00000004700.16","OTTHUMG00000169131.3","OTTHUMT00000402371.2","RECQL-204","RECQL",3745,"protein_coding",3729,55,0.906894028,"GAACT",0.6,NA,NA,NA,NA,NA,NA,NA,NA,NA,0,0,0,NA,NA,NA
"2158","ENST00000444232.3","ENSG00000170846.17","OTTHUMG00000125505.7","OTTHUMT00000280445.3","MRFAP1L2-202","MRFAP1L2",1605,"nonsense_mediated_decay",921,21,0.992203951,"GGACT",0.80952381,NA,NA,NA,NA,NA,NA,NA,NA,NA,0,0,0,NA,NA,NA
"2159","ENST00000444232.3","ENSG00000170846.17","OTTHUMG00000125505.7","OTTHUMT00000280445.3","MRFAP1L2-202","MRFAP1L2",1605,"nonsense_mediated_decay",932,21,0.966946304,"AGACT",0.857142857,NA,NA,NA,NA,NA,NA,NA,NA,NA,0,0,0,NA,NA,NA
"2160","ENST00000444232.3","ENSG00000170846.17","OTTHUMG00000125505.7","OTTHUMT00000280445.3","MRFAP1L2-202","MRFAP1L2",1605,"nonsense_mediated_decay",1092,26,0.936297596,"GGACC",0.461538462,NA,NA,NA,NA,NA,NA,NA,NA,NA,0,0,0,NA,NA,NA
"2161","ENST00000444232.3","ENSG00000170846.17","OTTHUMG00000125505.7","OTTHUMT00000280445.3","MRFAP1L2-202","MRFAP1L2",1605,"nonsense_mediated_decay",1278,52,0.956920266,"TGACT",0.711538462,NA,NA,NA,NA,NA,NA,NA,NA,NA,0,0,0,NA,NA,NA
"2162","ENST00000444232.3","ENSG00000170846.17","OTTHUMG00000125505.7","OTTHUMT00000280445.3","MRFAP1L2-202","MRFAP1L2",1605,"nonsense_mediated_decay",1455,56,0.935793161,"AGACT",0.767857143,NA,NA,NA,NA,NA,NA,NA,NA,NA,0,0,0,NA,NA,NA
"2163","ENST00000444376.7","ENSG00000153187.21","OTTHUMG00000040396.17","OTTHUMT00000097162.5","HNRNPU-205","HNRNPU",6827,"protein_coding",2691,187,0.936820626,"GAACT",0.625668449,NA,NA,NA,NA,NA,NA,NA,NA,NA,0,0,0,NA,NA,NA
"2164","ENST00000444393.7","ENSG00000008517.19","OTTHUMG00000167498.6","OTTHUMT00000394822.1","IL32-207","IL32",892,"protein_coding",116,23,0.959176958,"GAACT",0.739130435,NA,NA,NA,NA,NA,NA,NA,NA,NA,0,0,0,NA,NA,NA
"2165","ENST00000444897.3","ENSG00000165688.14","OTTHUMG00000020926.5","OTTHUMT00000055056.3","PMPCA-204","PMPCA",3223,"protein_coding",3115,25,0.978565335,"GGACT",0.72,NA,NA,NA,NA,NA,NA,NA,NA,NA,0,0,0,NA,NA,NA
"2166","ENST00000444957.3","ENSG00000214022.12","OTTHUMG00000158330.4","-","REPIN1-203","REPIN1",2969,"protein_coding",2656,51,0.918618202,"GGACT",0.607843137,NA,NA,NA,NA,NA,NA,NA,NA,NA,0,0,0,NA,NA,NA
"2167","ENST00000444957.3","ENSG00000214022.12","OTTHUMG00000158330.4","-","REPIN1-203","REPIN1",2969,"protein_coding",2733,23,0.984304726,"GGACA",0.826086957,NA,NA,NA,NA,NA,NA,NA,NA,NA,0,0,0,NA,NA,NA
"2168","ENST00000444983.6","ENSG00000105173.14","OTTHUMG00000177626.4","OTTHUMT00000438140.1","CCNE1-203","CCNE1",1680,"protein_coding",1269,25,0.956547141,"AGACA",0.56,NA,NA,NA,NA,NA,NA,NA,NA,NA,0,0,0,NA,NA,NA
"2169","ENST00000444983.6","ENSG00000105173.14","OTTHUMG00000177626.4","OTTHUMT00000438140.1","CCNE1-203","CCNE1",1680,"protein_coding",1524,45,0.97864145,"GGACT",0.755555556,NA,NA,NA,NA,NA,NA,NA,NA,NA,0,0,0,NA,NA,NA
"2170","ENST00000445503.5","ENSG00000116062.19","OTTHUMG00000129129.13","OTTHUMT00000323413.1","MSH6-204","MSH6",4158,"nonsense_mediated_decay",2751,22,0.976135731,"AGACT",0.818181818,NA,NA,NA,NA,NA,NA,NA,NA,NA,0,0,0,NA,NA,NA
"2171","ENST00000445503.5","ENSG00000116062.19","OTTHUMG00000129129.13","OTTHUMT00000323413.1","MSH6-204","MSH6",4158,"nonsense_mediated_decay",3073,28,0.974431157,"GGACT",0.75,NA,NA,NA,NA,NA,NA,NA,NA,NA,0,0,0,NA,NA,NA
"2172","ENST00000445503.5","ENSG00000116062.19","OTTHUMG00000129129.13","OTTHUMT00000323413.1","MSH6-204","MSH6",4158,"nonsense_mediated_decay",3118,29,0.965559423,"GGACT",0.655172414,NA,NA,NA,NA,NA,NA,NA,NA,NA,0,0,0,NA,NA,NA
"2173","ENST00000445724.3","ENSG00000183255.12","OTTHUMG00000090254.2","-","PTTG1IP-204","PTTG1IP",2497,"protein_coding",926,31,0.929858148,"GAACT",0.677419355,NA,NA,NA,NA,NA,NA,NA,NA,NA,0,0,0,NA,NA,NA
"2174","ENST00000445724.3","ENSG00000183255.12","OTTHUMG00000090254.2","-","PTTG1IP-204","PTTG1IP",2497,"protein_coding",962,27,0.915340066,"GGACA",0.444444444,NA,NA,NA,NA,NA,NA,NA,NA,NA,0,0,0,NA,NA,NA
"2175","ENST00000445724.3","ENSG00000183255.12","OTTHUMG00000090254.2","-","PTTG1IP-204","PTTG1IP",2497,"protein_coding",1193,73,0.939561367,"GGACA",0.575342466,NA,NA,NA,NA,NA,NA,NA,NA,NA,0,0,0,NA,NA,NA
"2176","ENST00000446023.6","ENSG00000131446.17","OTTHUMG00000130937.6","OTTHUMT00000368189.1","MGAT1-205","MGAT1",3175,"protein_coding",1873,23,0.959599316,"GGACC",0.695652174,NA,NA,NA,NA,NA,NA,NA,NA,NA,0,0,0,NA,NA,NA
"2177","ENST00000446026.1","ENSG00000163866.9","OTTHUMG00000004375.4","OTTHUMT00000012716.2","SMIM12-204","SMIM12",2817,"protein_coding",2109,36,0.987053216,"GGACA",0.583333333,NA,NA,NA,NA,NA,NA,NA,NA,NA,0,0,0,NA,NA,NA
"2178","ENST00000446026.1","ENSG00000163866.9","OTTHUMG00000004375.4","OTTHUMT00000012716.2","SMIM12-204","SMIM12",2817,"protein_coding",2174,63,0.989477754,"GGACA",0.682539683,NA,NA,NA,NA,NA,NA,NA,NA,NA,0,0,0,NA,NA,NA
"2179","ENST00000446026.1","ENSG00000163866.9","OTTHUMG00000004375.4","OTTHUMT00000012716.2","SMIM12-204","SMIM12",2817,"protein_coding",2207,62,0.903639197,"TGACT",0.564516129,NA,NA,NA,NA,NA,NA,NA,NA,NA,0,0,0,NA,NA,NA
"2180","ENST00000446044.5","ENSG00000114738.11","OTTHUMG00000156850.13","OTTHUMT00000346237.1","MAPKAPK3-203","MAPKAPK3",2988,"protein_coding",2471,21,0.964943349,"GAACT",0.714285714,NA,NA,NA,NA,NA,NA,NA,NA,NA,0,0,0,NA,NA,NA
"2181","ENST00000446108.5","ENSG00000134453.16","OTTHUMG00000017618.4","-","RBM17-205","RBM17",3751,"protein_coding",1966,20,0.912607312,"GGACT",0.7,NA,NA,NA,NA,NA,NA,NA,NA,NA,0,0,0,NA,NA,NA
"2182","ENST00000446526.8","ENSG00000161542.17","OTTHUMG00000155969.5","OTTHUMT00000342480.3","PRPSAP1-206","PRPSAP1",3435,"protein_coding",1460,22,0.935219824,"GGACT",0.772727273,NA,NA,NA,NA,NA,NA,NA,NA,NA,0,0,0,NA,NA,NA
"2183","ENST00000446735.6","ENSG00000167085.14","OTTHUMG00000134271.10","OTTHUMT00000364814.1","PHB1-205","PHB1",1604,"protein_coding",1344,23,0.936859727,"GGACT",0.782608696,NA,NA,NA,NA,NA,NA,NA,NA,NA,0,0,0,NA,NA,NA
"2184","ENST00000446936.6","ENSG00000169714.17","OTTHUMG00000159943.4","OTTHUMT00000390199.1","CNBP-203","CNBP",1623,"protein_coding",1619,151,0.919144392,"GGACT",0.357615894,NA,NA,NA,NA,NA,NA,NA,NA,NA,0,0,0,NA,NA,NA
"2185","ENST00000447092.5","ENSG00000068001.14","OTTHUMG00000156876.2","OTTHUMT00000346391.1","HYAL2-208","HYAL2",4054,"protein_coding",2948,20,0.960853398,"GAACT",0.55,NA,NA,NA,NA,NA,NA,NA,NA,NA,0,0,0,NA,NA,NA
"2186","ENST00000447325.5","ENSG00000114503.11","OTTHUMG00000155520.5","OTTHUMT00000340476.1","NCBP2-206","NCBP2",2216,"protein_coding",758,59,0.938622653,"GGACA",0.508474576,NA,NA,NA,NA,NA,NA,NA,NA,NA,0,0,0,NA,NA,NA
"2187","ENST00000447388.8","ENSG00000066136.21","OTTHUMG00000007729.5","OTTHUMT00000020796.2","NFYC-213","NFYC",1955,"protein_coding",1204,22,0.906379163,"GGACA",0.5,NA,NA,NA,NA,NA,NA,NA,NA,NA,0,0,0,NA,NA,NA
"2188","ENST00000447801.5","ENSG00000188739.15","OTTHUMG00000039620.10","OTTHUMT00000100153.1","RBM34-203","RBM34",1273,"protein_coding",1091,138,0.926043451,"GGACT",0.623188406,NA,NA,NA,NA,NA,NA,NA,NA,NA,0,0,0,NA,NA,NA
"2189","ENST00000447929.5","ENSG00000169919.17","OTTHUMG00000023735.5","OTTHUMT00000345090.1","GUSB-205","GUSB",1983,"nonsense_mediated_decay",1863,278,0.959343791,"GGACT",0.81294964,NA,NA,NA,NA,NA,NA,NA,NA,NA,0,0,0,NA,NA,NA
"2190","ENST00000448108.7","ENSG00000166012.17","OTTHUMG00000167451.6","OTTHUMT00000394662.3","TAF1D-203","TAF1D",1632,"protein_coding",1153,22,0.973580301,"GAACT",0.681818182,NA,NA,NA,NA,NA,NA,NA,NA,NA,0,0,0,NA,NA,NA
"2191","ENST00000448116.7","ENSG00000160691.19","OTTHUMG00000037295.6","OTTHUMT00000090779.2","SHC1-210","SHC1",3481,"protein_coding",1905,68,0.913014352,"GGACA",0.455882353,NA,NA,NA,NA,NA,NA,NA,NA,NA,0,0,0,NA,NA,NA
"2192","ENST00000448116.7","ENSG00000160691.19","OTTHUMG00000037295.6","OTTHUMT00000090779.2","SHC1-210","SHC1",3481,"protein_coding",2043,67,0.936952591,"GGACC",0.402985075,NA,NA,NA,NA,NA,NA,NA,NA,NA,0,0,0,NA,NA,NA
"2193","ENST00000448116.7","ENSG00000160691.19","OTTHUMG00000037295.6","OTTHUMT00000090779.2","SHC1-210","SHC1",3481,"protein_coding",2101,90,0.993434072,"GGACT",0.888888889,NA,NA,NA,NA,NA,NA,NA,NA,NA,0,0,0,NA,NA,NA
"2194","ENST00000448136.5","ENSG00000163597.17","OTTHUMG00000132201.6","OTTHUMT00000255258.1","SNHG16-201","SNHG16",3607,"lncRNA",1603,50,0.965808094,"GGACT",0.82,NA,NA,NA,NA,NA,NA,NA,NA,NA,0,0,0,NA,NA,NA
"2195","ENST00000448187.6","ENSG00000205531.14","OTTHUMG00000011009.12","OTTHUMT00000030391.2","NAP1L4-204","NAP1L4",2425,"protein_coding",1652,50,0.984417617,"GGACT",0.88,NA,NA,NA,NA,NA,NA,NA,NA,NA,0,0,0,NA,NA,NA
"2196","ENST00000448395.6","ENSG00000128944.14","OTTHUMG00000172454.3","OTTHUMT00000418637.1","KNSTRN-203","KNSTRN",1464,"protein_coding",978,67,0.988286853,"GGACT",0.835820896,NA,NA,NA,NA,NA,NA,NA,NA,NA,0,0,0,NA,NA,NA
"2197","ENST00000448395.6","ENSG00000128944.14","OTTHUMG00000172454.3","OTTHUMT00000418637.1","KNSTRN-203","KNSTRN",1464,"protein_coding",1024,88,0.981383801,"GGACA",0.647727273,NA,NA,NA,NA,NA,NA,NA,NA,NA,0,0,0,NA,NA,NA
"2198","ENST00000448395.6","ENSG00000128944.14","OTTHUMG00000172454.3","OTTHUMT00000418637.1","KNSTRN-203","KNSTRN",1464,"protein_coding",1174,96,0.949744761,"TGACT",0.666666667,NA,NA,NA,NA,NA,NA,NA,NA,NA,0,0,0,NA,NA,NA
"2199","ENST00000448405.5","ENSG00000197965.12","OTTHUMG00000034571.5","OTTHUMT00000326410.1","MPZL1-205","MPZL1",1596,"nonsense_mediated_decay",810,71,0.957917869,"GGACT",0.746478873,NA,NA,NA,NA,NA,NA,NA,NA,NA,0,0,0,NA,NA,NA
"2200","ENST00000448530.6","ENSG00000165280.18","OTTHUMG00000019855.5","OTTHUMT00000052295.4","VCP-203","VCP",3849,"protein_coding",3535,20,0.936809421,"GGACT",0.55,NA,NA,NA,NA,NA,NA,NA,NA,NA,0,0,0,NA,NA,NA
"2201","ENST00000448530.6","ENSG00000165280.18","OTTHUMG00000019855.5","OTTHUMT00000052295.4","VCP-203","VCP",3849,"protein_coding",3653,21,0.982194722,"AGACT",0.857142857,NA,NA,NA,NA,NA,NA,NA,NA,NA,0,0,0,NA,NA,NA
"2202","ENST00000448666.7","ENSG00000115275.15","OTTHUMG00000152886.9","OTTHUMT00000501561.1","MOGS-203","MOGS",2867,"protein_coding",2641,49,0.933396578,"AGACT",0.551020408,NA,NA,NA,NA,NA,NA,NA,NA,NA,0,0,0,NA,NA,NA
"2203","ENST00000448838.8","ENSG00000110435.13","OTTHUMG00000166491.4","OTTHUMT00000390016.2","PDHX-203","PDHX",2659,"protein_coding",2336,23,0.908007145,"GAACT",0.52173913,NA,NA,NA,NA,NA,NA,NA,NA,NA,0,0,0,NA,NA,NA
"2204","ENST00000449165.5","ENSG00000157617.17","OTTHUMG00000086779.5","OTTHUMT00000195272.1","C2CD2-203","C2CD2",4559,"protein_coding",4402,20,0.922723889,"GAACT",0.6,NA,NA,NA,NA,NA,NA,NA,NA,NA,0,0,0,NA,NA,NA
"2205","ENST00000449187.7","ENSG00000128595.17","OTTHUMG00000158274.4","OTTHUMT00000350534.1","CALU-202","CALU",5266,"protein_coding",1115,26,0.984149337,"AGACT",0.807692308,NA,NA,NA,NA,NA,NA,NA,NA,NA,0,0,0,NA,NA,NA
"2206","ENST00000449552.6","ENSG00000291110.1","-","OTTHUMT00000130670.3","TRIM16L-204","TRIM16L",3189,"lncRNA",2384,33,0.950662851,"TGACT",0.787878788,NA,NA,NA,NA,NA,NA,NA,NA,NA,0,0,0,NA,NA,NA
"2207","ENST00000449552.6","ENSG00000291110.1","-","OTTHUMT00000130670.3","TRIM16L-204","TRIM16L",3189,"lncRNA",2519,29,0.953026235,"GGACT",0.655172414,NA,NA,NA,NA,NA,NA,NA,NA,NA,0,0,0,NA,NA,NA
"2208","ENST00000449692.3","ENSG00000175573.7","OTTHUMG00000157153.3","OTTHUMT00000391172.1","C11orf68-202","C11orf68",1559,"protein_coding",695,22,0.978873193,"GGACC",0.727272727,NA,NA,NA,NA,NA,NA,NA,NA,NA,0,0,0,NA,NA,NA
"2209","ENST00000449692.3","ENSG00000175573.7","OTTHUMG00000157153.3","OTTHUMT00000391172.1","C11orf68-202","C11orf68",1559,"protein_coding",900,56,0.974485695,"GAACT",0.678571429,NA,NA,NA,NA,NA,NA,NA,NA,NA,0,0,0,NA,NA,NA
"2210","ENST00000449692.3","ENSG00000175573.7","OTTHUMG00000157153.3","OTTHUMT00000391172.1","C11orf68-202","C11orf68",1559,"protein_coding",1058,76,0.950960755,"GAACT",0.631578947,NA,NA,NA,NA,NA,NA,NA,NA,NA,0,0,0,NA,NA,NA
"2211","ENST00000449692.3","ENSG00000175573.7","OTTHUMG00000157153.3","OTTHUMT00000391172.1","C11orf68-202","C11orf68",1559,"protein_coding",1422,89,0.909778118,"GGACA",0.539325843,NA,NA,NA,NA,NA,NA,NA,NA,NA,0,0,0,NA,NA,NA
"2212","ENST00000450361.2","ENSG00000170619.10","OTTHUMG00000165251.6","OTTHUMT00000382961.1","COMMD5-203","COMMD5",1573,"protein_coding",546,22,0.993461907,"GGACC",0.636363636,NA,NA,NA,NA,NA,NA,NA,NA,NA,0,0,0,NA,NA,NA
"2213","ENST00000450361.2","ENSG00000170619.10","OTTHUMG00000165251.6","OTTHUMT00000382961.1","COMMD5-203","COMMD5",1573,"protein_coding",795,55,0.955410779,"GGACT",0.8,NA,NA,NA,NA,NA,NA,NA,NA,NA,0,0,0,NA,NA,NA
"2214","ENST00000450361.2","ENSG00000170619.10","OTTHUMG00000165251.6","OTTHUMT00000382961.1","COMMD5-203","COMMD5",1573,"protein_coding",882,57,0.919315398,"TGACT",0.719298246,NA,NA,NA,NA,NA,NA,NA,NA,NA,0,0,0,NA,NA,NA
"2215","ENST00000450361.2","ENSG00000170619.10","OTTHUMG00000165251.6","OTTHUMT00000382961.1","COMMD5-203","COMMD5",1573,"protein_coding",1092,64,0.983839929,"GGACT",0.84375,NA,NA,NA,NA,NA,NA,NA,NA,NA,0,0,0,NA,NA,NA
"2216","ENST00000450390.6","ENSG00000160087.21","OTTHUMG00000001911.9","OTTHUMT00000005431.3","UBE2J2-208","UBE2J2",2455,"nonsense_mediated_decay",1061,20,0.995790601,"GGACT",0.9,NA,NA,NA,NA,NA,NA,NA,NA,NA,0,0,0,NA,NA,NA
"2217","ENST00000450535.5","ENSG00000177410.13","OTTHUMG00000032698.11","OTTHUMT00000127852.1","ZFAS1-206","ZFAS1",1075,"lncRNA",857,30,0.95172596,"GGACA",0.433333333,NA,NA,NA,NA,NA,NA,NA,NA,NA,0,0,0,NA,NA,NA
"2218","ENST00000451025.6","ENSG00000124688.14","OTTHUMG00000014747.2","OTTHUMT00000368050.1","MAD2L1BP-202","MAD2L1BP",1517,"protein_coding",738,31,0.906050205,"GGACA",0.677419355,NA,NA,NA,NA,NA,NA,NA,NA,NA,0,0,0,NA,NA,NA
"2219","ENST00000451025.6","ENSG00000124688.14","OTTHUMG00000014747.2","OTTHUMT00000368050.1","MAD2L1BP-202","MAD2L1BP",1517,"protein_coding",1029,92,0.990018308,"TGACT",0.902173913,NA,NA,NA,NA,NA,NA,NA,NA,NA,0,0,0,NA,NA,NA
"2220","ENST00000451025.6","ENSG00000124688.14","OTTHUMG00000014747.2","OTTHUMT00000368050.1","MAD2L1BP-202","MAD2L1BP",1517,"protein_coding",1306,147,0.95717001,"TGACT",0.761904762,NA,NA,NA,NA,NA,NA,NA,NA,NA,0,0,0,NA,NA,NA
"2221","ENST00000451025.6","ENSG00000124688.14","OTTHUMG00000014747.2","OTTHUMT00000368050.1","MAD2L1BP-202","MAD2L1BP",1517,"protein_coding",1312,151,0.955652595,"TGACT",0.841059603,NA,NA,NA,NA,NA,NA,NA,NA,NA,0,0,0,NA,NA,NA
"2222","ENST00000451137.7","ENSG00000142871.18","OTTHUMG00000010577.2","OTTHUMT00000029187.2","CCN1-201","CCN1",2278,"protein_coding",1552,236,0.92793715,"GGACA",0.572033898,NA,NA,NA,NA,NA,NA,NA,NA,NA,0,0,0,NA,NA,NA
"2223","ENST00000451301.5","ENSG00000123562.18","OTTHUMG00000022104.3","-","MORF4L2-208","MORF4L2",1830,"protein_coding",708,88,0.968294322,"GGACT",0.75,302,661,867,1,302,303,1168,1169,1829,0,1,0,NA,0.468281430219146,NA
"2224","ENST00000451301.5","ENSG00000123562.18","OTTHUMG00000022104.3","-","MORF4L2-208","MORF4L2",1830,"protein_coding",714,93,0.979306281,"GGACT",0.88172043,302,661,867,1,302,303,1168,1169,1829,0,1,0,NA,0.47520184544406,NA
"2225","ENST00000451442.5","ENSG00000101474.12","OTTHUMG00000032107.3","OTTHUMT00000256888.1","APMAP-202","APMAP",2117,"protein_coding",1752,112,0.909525514,"GAACT",0.598214286,NA,NA,NA,NA,NA,NA,NA,NA,NA,0,0,0,NA,NA,NA
"2226","ENST00000451491.2","ENSG00000184281.15","OTTHUMG00000009895.8","-","TSSC4-207","TSSC4",1423,"protein_coding",767,26,0.98451072,"TGACT",0.769230769,NA,NA,NA,NA,NA,NA,NA,NA,NA,0,0,0,NA,NA,NA
"2227","ENST00000451728.6","ENSG00000169714.17","OTTHUMG00000159943.4","OTTHUMT00000390198.1","CNBP-204","CNBP",1641,"protein_coding",1637,151,0.923418105,"GGACT",0.357615894,NA,NA,NA,NA,NA,NA,NA,NA,NA,0,0,0,NA,NA,NA
"2228","ENST00000451739.7","ENSG00000109854.14","OTTHUMG00000166015.6","OTTHUMT00000387445.2","HTATIP2-204","HTATIP2",1830,"protein_coding",1822,22,0.962455928,"GGACA",0.227272727,NA,NA,NA,NA,NA,NA,NA,NA,NA,0,0,0,NA,NA,NA
"2229","ENST00000451997.6","ENSG00000285304.1","OTTHUMG00000192478.1","OTTHUMT00000494522.1","ENST00000451997","ENSG00000285304",3123,"protein_coding",2057,20,0.937321782,"GGACT",0.55,NA,NA,NA,NA,NA,NA,NA,NA,NA,0,0,0,NA,NA,NA
"2230","ENST00000452032.6","ENSG00000167807.15","OTTHUMG00000180407.3","OTTHUMT00000451222.2","ENST00000452032","ENSG00000167807",1956,"nonsense_mediated_decay",719,26,0.951858997,"GGACT",0.653846154,NA,NA,NA,NA,NA,NA,NA,NA,NA,0,0,0,NA,NA,NA
"2231","ENST00000452368.7","ENSG00000167526.14","OTTHUMG00000133770.8","OTTHUMT00000426174.1","RPL13-204","RPL13",1455,"protein_coding",684,584,0.926630378,"AGACA",0.619863014,NA,NA,NA,NA,NA,NA,NA,NA,NA,0,0,0,NA,NA,NA
"2232","ENST00000452489.6","ENSG00000119383.21","OTTHUMG00000020774.22","OTTHUMT00000315871.16","PTPA-221","PTPA",2526,"protein_coding",2075,102,0.913958371,"GAACT",0.529411765,NA,NA,NA,NA,NA,NA,NA,NA,NA,0,0,0,NA,NA,NA
"2233","ENST00000452733.7","ENSG00000105443.17","OTTHUMG00000150245.7","OTTHUMT00000317060.4","CYTH2-204","CYTH2",4443,"protein_coding",1097,25,0.961626649,"GAACT",0.76,NA,NA,NA,NA,NA,NA,NA,NA,NA,0,0,0,NA,NA,NA
"2234","ENST00000452837.7","ENSG00000134077.16","OTTHUMG00000097031.8","OTTHUMT00000338127.3","THUMPD3-206","THUMPD3",3754,"protein_coding",1704,26,0.91997391,"GAACT",0.538461538,NA,NA,NA,NA,NA,NA,NA,NA,NA,0,0,0,NA,NA,NA
"2235","ENST00000452955.1","ENSG00000136718.10","OTTHUMG00000131627.4","OTTHUMT00000332767.1","IMP4-205","IMP4",923,"protein_coding",917,28,0.912831724,"GAACT",0.535714286,NA,NA,NA,NA,NA,NA,NA,NA,NA,0,0,0,NA,NA,NA
"2236","ENST00000453527.7","ENSG00000164733.23","OTTHUMG00000090799.10","-","CTSB-204","CTSB",1957,"protein_coding",1250,22,0.952758729,"GGACT",0.681818182,NA,NA,NA,NA,NA,NA,NA,NA,NA,0,0,0,NA,NA,NA
"2237","ENST00000453551.6","ENSG00000179950.15","OTTHUMG00000165155.3","OTTHUMT00000382223.1","PUF60-203","PUF60",1842,"protein_coding",1591,204,0.986745954,"AGACT",0.81372549,148,143,1551,1,148,149,1698,1699,1841,0,1,0,NA,0.93036750483559,NA
"2238","ENST00000453551.6","ENSG00000179950.15","OTTHUMG00000165155.3","OTTHUMT00000382223.1","PUF60-203","PUF60",1842,"protein_coding",1718,147,0.966554523,"GGACT",0.782312925,148,143,1551,1,148,149,1698,1699,1841,0,0,1,NA,NA,0.132867132867133
"2239","ENST00000453992.6","ENSG00000115053.17","OTTHUMG00000153866.4","OTTHUMT00000332742.2","NCL-205","NCL",2978,"protein_coding",2636,62,0.931663692,"GGACT",0.629032258,NA,NA,NA,NA,NA,NA,NA,NA,NA,0,0,0,NA,NA,NA
"2240","ENST00000454255.6","ENSG00000040633.13","OTTHUMG00000177972.6","OTTHUMT00000440050.1","PHF23-202","PHF23",1662,"protein_coding",1344,20,0.983033538,"GAACT",0.55,NA,NA,NA,NA,NA,NA,NA,NA,NA,0,0,0,NA,NA,NA
"2241","ENST00000454255.6","ENSG00000040633.13","OTTHUMG00000177972.6","OTTHUMT00000440050.1","PHF23-202","PHF23",1662,"protein_coding",1371,21,0.921630561,"GAACT",0.619047619,NA,NA,NA,NA,NA,NA,NA,NA,NA,0,0,0,NA,NA,NA
"2242","ENST00000454255.6","ENSG00000040633.13","OTTHUMG00000177972.6","OTTHUMT00000440050.1","PHF23-202","PHF23",1662,"protein_coding",1507,20,0.940890014,"GGACT",0.75,NA,NA,NA,NA,NA,NA,NA,NA,NA,0,0,0,NA,NA,NA
"2243","ENST00000454345.6","ENSG00000149091.15","OTTHUMG00000166437.8","OTTHUMT00000389772.1","DGKZ-204","DGKZ",4072,"protein_coding",3986,20,0.969610095,"GGACT",0.65,NA,NA,NA,NA,NA,NA,NA,NA,NA,0,0,0,NA,NA,NA
"2244","ENST00000454934.5","ENSG00000127948.17","OTTHUMG00000130413.34","OTTHUMT00000344528.2","POR-216","POR",2295,"nonsense_mediated_decay",2044,22,0.928631127,"AGACT",0.590909091,NA,NA,NA,NA,NA,NA,NA,NA,NA,0,0,0,NA,NA,NA
"2245","ENST00000455106.1","ENSG00000141756.20","OTTHUMG00000133497.6","OTTHUMT00000257413.2","FKBP10-203","FKBP10",1965,"protein_coding",1225,52,0.990048766,"GGACT",0.923076923,NA,NA,NA,NA,NA,NA,NA,NA,NA,0,0,0,NA,NA,NA
"2246","ENST00000455123.5","ENSG00000105854.13","OTTHUMG00000153948.9","OTTHUMT00000333143.1","PON2-204","PON2",1515,"nonsense_mediated_decay",632,54,0.901996255,"GAACT",0.444444444,NA,NA,NA,NA,NA,NA,NA,NA,NA,0,0,0,NA,NA,NA
"2247","ENST00000455205.5","ENSG00000071553.18","OTTHUMG00000033291.11","OTTHUMT00000081640.6","ATP6AP1-207","ATP6AP1",4515,"nonsense_mediated_decay",3369,40,0.929287851,"TGACT",0.65,NA,NA,NA,NA,NA,NA,NA,NA,NA,0,0,0,NA,NA,NA
"2248","ENST00000455270.5","ENSG00000163923.10","OTTHUMG00000156465.3","OTTHUMT00000344282.1","RPL39L-203","RPL39L",653,"protein_coding",547,119,0.935504079,"GGACA",0.56302521,NA,NA,NA,NA,NA,NA,NA,NA,NA,0,0,0,NA,NA,NA
"2249","ENST00000455319.6","ENSG00000182325.11","OTTHUMG00000165169.2","OTTHUMT00000382412.2","FBXL6-202","FBXL6",1727,"protein_coding",1644,21,0.901425779,"GGACA",0.476190476,NA,NA,NA,NA,NA,NA,NA,NA,NA,0,0,0,NA,NA,NA
"2250","ENST00000455383.6","ENSG00000116062.19","OTTHUMG00000129129.13","OTTHUMT00000323717.3","MSH6-206","MSH6",4110,"protein_coding",2703,25,0.976961374,"AGACT",0.8,NA,NA,NA,NA,NA,NA,NA,NA,NA,0,0,0,NA,NA,NA
"2251","ENST00000455383.6","ENSG00000116062.19","OTTHUMG00000129129.13","OTTHUMT00000323717.3","MSH6-206","MSH6",4110,"protein_coding",2708,27,0.947758794,"GGACT",0.814814815,NA,NA,NA,NA,NA,NA,NA,NA,NA,0,0,0,NA,NA,NA
"2252","ENST00000455383.6","ENSG00000116062.19","OTTHUMG00000129129.13","OTTHUMT00000323717.3","MSH6-206","MSH6",4110,"protein_coding",3025,30,0.985018909,"GGACT",0.733333333,NA,NA,NA,NA,NA,NA,NA,NA,NA,0,0,0,NA,NA,NA
"2253","ENST00000455383.6","ENSG00000116062.19","OTTHUMG00000129129.13","OTTHUMT00000323717.3","MSH6-206","MSH6",4110,"protein_coding",3070,31,0.968245864,"GGACT",0.677419355,NA,NA,NA,NA,NA,NA,NA,NA,NA,0,0,0,NA,NA,NA
"2254","ENST00000455511.9","ENSG00000196510.14","OTTHUMG00000157009.5","OTTHUMT00000347075.3","ANAPC7-203","ANAPC7",3023,"protein_coding",1834,48,0.992399454,"GGACT",0.916666667,NA,NA,NA,NA,NA,NA,NA,NA,NA,0,0,0,NA,NA,NA
"2255","ENST00000455836.1","ENSG00000089248.7","OTTHUMG00000169637.4","OTTHUMT00000405201.1","ERP29-202","ERP29",1333,"protein_coding",352,37,0.944734573,"GGACT",0.756756757,NA,NA,NA,NA,NA,NA,NA,NA,NA,0,0,0,NA,NA,NA
"2256","ENST00000455915.6","ENSG00000100401.21","OTTHUMG00000150940.12","OTTHUMT00000320606.1","RANGAP1-207","RANGAP1",4222,"protein_coding",3328,62,0.995364249,"GGACT",0.790322581,1470,988,1764,1,1470,1471,3233,3234,4221,0,0,1,NA,NA,0.0951417004048583
"2257","ENST00000455915.6","ENSG00000100401.21","OTTHUMG00000150940.12","OTTHUMT00000320606.1","RANGAP1-207","RANGAP1",4222,"protein_coding",3800,148,0.912350178,"GGACT",0.594594595,1470,988,1764,1,1470,1471,3233,3234,4221,0,0,1,NA,NA,0.572874493927126
"2258","ENST00000455918.2","ENSG00000156508.19","OTTHUMG00000015031.7","OTTHUMT00000041212.4","EEF1A1-206","EEF1A1",2079,"protein_coding",1847,2903,0.922058582,"GAACT",0.620737168,NA,NA,NA,NA,NA,NA,NA,NA,NA,0,0,0,NA,NA,NA
"2259","ENST00000455918.2","ENSG00000156508.19","OTTHUMG00000015031.7","OTTHUMT00000041212.4","EEF1A1-206","EEF1A1",2079,"protein_coding",1888,2756,0.944894552,"AGACT",0.595065312,NA,NA,NA,NA,NA,NA,NA,NA,NA,0,0,0,NA,NA,NA
"2260","ENST00000456095.6","ENSG00000179950.15","OTTHUMG00000165155.3","OTTHUMT00000382225.1","PUF60-204","PUF60",1736,"protein_coding",1485,190,0.98521024,"AGACT",0.810526316,NA,NA,NA,NA,NA,NA,NA,NA,NA,0,0,0,NA,NA,NA
"2261","ENST00000456095.6","ENSG00000179950.15","OTTHUMG00000165155.3","OTTHUMT00000382225.1","PUF60-204","PUF60",1736,"protein_coding",1612,138,0.958605587,"GGACT",0.768115942,NA,NA,NA,NA,NA,NA,NA,NA,NA,0,0,0,NA,NA,NA
"2262","ENST00000456182.5","ENSG00000146963.18","OTTHUMG00000185163.3","OTTHUMT00000323620.1","LUC7L2-204","LUC7L2",2411,"nonsense_mediated_decay",1743,20,0.916711688,"GAACT",0.6,350,1809,252,1,350,351,601,602,2410,0,0,1,NA,NA,0.630735212824765
"2263","ENST00000456324.5","ENSG00000167635.12","OTTHUMG00000180511.1","-","ZNF146-202","ZNF146",3780,"protein_coding",2767,25,0.947170019,"AGACC",0.64,NA,NA,NA,NA,NA,NA,NA,NA,NA,0,0,0,NA,NA,NA
"2264","ENST00000456324.5","ENSG00000167635.12","OTTHUMG00000180511.1","-","ZNF146-202","ZNF146",3780,"protein_coding",2888,27,0.946503878,"GAACT",0.62962963,NA,NA,NA,NA,NA,NA,NA,NA,NA,0,0,0,NA,NA,NA
"2265","ENST00000456393.6","ENSG00000066136.21","OTTHUMG00000007729.5","OTTHUMT00000386296.1","NFYC-215","NFYC",1911,"protein_coding",1162,21,0.916069329,"GGACA",0.523809524,NA,NA,NA,NA,NA,NA,NA,NA,NA,0,0,0,NA,NA,NA
"2266","ENST00000456471.3","ENSG00000159322.18","OTTHUMG00000172777.3","-","ADPGK-202","ADPGK",2608,"protein_coding",2067,22,0.978022754,"GGACA",0.409090909,NA,NA,NA,NA,NA,NA,NA,NA,NA,0,0,0,NA,NA,NA
"2267","ENST00000456471.3","ENSG00000159322.18","OTTHUMG00000172777.3","-","ADPGK-202","ADPGK",2608,"protein_coding",2140,29,0.960550368,"GGACT",0.827586207,NA,NA,NA,NA,NA,NA,NA,NA,NA,0,0,0,NA,NA,NA
"2268","ENST00000456471.3","ENSG00000159322.18","OTTHUMG00000172777.3","-","ADPGK-202","ADPGK",2608,"protein_coding",2303,27,0.956907451,"AGACT",0.703703704,NA,NA,NA,NA,NA,NA,NA,NA,NA,0,0,0,NA,NA,NA
"2269","ENST00000456496.7","ENSG00000171130.19","OTTHUMG00000158094.5","OTTHUMT00000350172.1","ATP6V0E2-203","ATP6V0E2",2722,"protein_coding",1690,25,0.900851488,"GGACT",0.48,NA,NA,NA,NA,NA,NA,NA,NA,NA,0,0,0,NA,NA,NA
"2270","ENST00000456496.7","ENSG00000171130.19","OTTHUMG00000158094.5","OTTHUMT00000350172.1","ATP6V0E2-203","ATP6V0E2",2722,"protein_coding",2472,120,0.96125257,"GGACT",0.833333333,NA,NA,NA,NA,NA,NA,NA,NA,NA,0,0,0,NA,NA,NA
"2271","ENST00000456842.1","ENSG00000163866.9","OTTHUMG00000004375.4","OTTHUMT00000012717.2","SMIM12-205","SMIM12",918,"protein_coding",329,31,0.986076236,"GGACA",0.580645161,NA,NA,NA,NA,NA,NA,NA,NA,NA,0,0,0,NA,NA,NA
"2272","ENST00000456842.1","ENSG00000163866.9","OTTHUMG00000004375.4","OTTHUMT00000012717.2","SMIM12-205","SMIM12",918,"protein_coding",394,55,0.988058329,"GGACA",0.654545455,NA,NA,NA,NA,NA,NA,NA,NA,NA,0,0,0,NA,NA,NA
"2273","ENST00000456842.1","ENSG00000163866.9","OTTHUMG00000004375.4","OTTHUMT00000012717.2","SMIM12-205","SMIM12",918,"protein_coding",427,33,0.931600928,"TGACT",0.606060606,NA,NA,NA,NA,NA,NA,NA,NA,NA,0,0,0,NA,NA,NA
"2274","ENST00000456847.7","ENSG00000111605.18","OTTHUMG00000169340.4","OTTHUMT00000403612.1","CPSF6-203","CPSF6",1915,"protein_coding",1574,26,0.970596075,"GAACT",0.615384615,NA,NA,NA,NA,NA,NA,NA,NA,NA,0,0,0,NA,NA,NA
"2275","ENST00000457309.2","ENSG00000164924.18","OTTHUMG00000134291.9","-","YWHAZ-211","YWHAZ",3007,"protein_coding",702,23,0.911990583,"GAACT",0.434782609,NA,NA,NA,NA,NA,NA,NA,NA,NA,0,0,0,NA,NA,NA
"2276","ENST00000457527.6","ENSG00000170445.16","OTTHUMG00000129502.12","OTTHUMT00000372858.1","HARS1-205","HARS1",1896,"protein_coding",1575,27,0.967624545,"GGACT",0.703703704,NA,NA,NA,NA,NA,NA,NA,NA,NA,0,0,0,NA,NA,NA
"2277","ENST00000457573.5","ENSG00000164081.13","OTTHUMG00000156901.2","-","TEX264-209","TEX264",1448,"protein_coding",1334,181,0.932944059,"GGACT",0.591160221,NA,NA,NA,NA,NA,NA,NA,NA,NA,0,0,0,NA,NA,NA
"2278","ENST00000457586.2","ENSG00000171867.18","OTTHUMG00000031786.5","OTTHUMT00000077819.2","PRNP-204","PRNP",2574,"protein_coding",449,25,0.940356135,"GGACA",0.52,NA,NA,NA,NA,NA,NA,NA,NA,NA,0,0,0,NA,NA,NA
"2279","ENST00000457586.2","ENSG00000171867.18","OTTHUMG00000031786.5","OTTHUMT00000077819.2","PRNP-204","PRNP",2574,"protein_coding",643,34,0.954922497,"GGACC",0.588235294,NA,NA,NA,NA,NA,NA,NA,NA,NA,0,0,0,NA,NA,NA
"2280","ENST00000457861.1","ENSG00000164828.18","OTTHUMG00000151426.10","OTTHUMT00000322681.1","SUN1-222","SUN1",2975,"nonsense_mediated_decay",2660,20,0.943005919,"GGACT",0.7,NA,NA,NA,NA,NA,NA,NA,NA,NA,0,0,0,NA,NA,NA
"2281","ENST00000458050.6","ENSG00000158796.17","OTTHUMG00000033104.7","-","DEDD-203","DEDD",2300,"protein_coding",1155,20,0.986681461,"GGACT",0.85,NA,NA,NA,NA,NA,NA,NA,NA,NA,0,0,0,NA,NA,NA
"2282","ENST00000458134.7","ENSG00000103415.12","OTTHUMG00000129473.4","OTTHUMT00000438510.1","HMOX2-205","HMOX2",1797,"protein_coding",856,51,0.942767918,"GGACC",0.490196078,NA,NA,NA,NA,NA,NA,NA,NA,NA,0,0,0,NA,NA,NA
"2283","ENST00000458134.7","ENSG00000103415.12","OTTHUMG00000129473.4","OTTHUMT00000438510.1","HMOX2-205","HMOX2",1797,"protein_coding",884,22,0.976542115,"GGACA",0.681818182,NA,NA,NA,NA,NA,NA,NA,NA,NA,0,0,0,NA,NA,NA
"2284","ENST00000458452.7","ENSG00000127054.22","OTTHUMG00000003330.13","OTTHUMT00000009371.2","INTS11-210","INTS11",2571,"nonsense_mediated_decay",2388,21,0.951719224,"GGACT",0.523809524,NA,NA,NA,NA,NA,NA,NA,NA,NA,0,0,0,NA,NA,NA
"2285","ENST00000458578.6","ENSG00000185651.16","OTTHUMG00000150823.2","-","UBE2L3-202","UBE2L3",3007,"protein_coding",716,369,0.967348993,"GGACT",0.628726287,NA,NA,NA,NA,NA,NA,NA,NA,NA,0,0,0,NA,NA,NA
"2286","ENST00000458578.6","ENSG00000185651.16","OTTHUMG00000150823.2","-","UBE2L3-202","UBE2L3",3007,"protein_coding",1678,32,0.979881704,"GGACT",0.8125,NA,NA,NA,NA,NA,NA,NA,NA,NA,0,0,0,NA,NA,NA
"2287","ENST00000458578.6","ENSG00000185651.16","OTTHUMG00000150823.2","-","UBE2L3-202","UBE2L3",3007,"protein_coding",1769,24,0.940379739,"GGACT",0.666666667,NA,NA,NA,NA,NA,NA,NA,NA,NA,0,0,0,NA,NA,NA
"2288","ENST00000458578.6","ENSG00000185651.16","OTTHUMG00000150823.2","-","UBE2L3-202","UBE2L3",3007,"protein_coding",1786,27,0.922763944,"GGACT",0.481481481,NA,NA,NA,NA,NA,NA,NA,NA,NA,0,0,0,NA,NA,NA
"2289","ENST00000458605.6","ENSG00000291035.1","-","OTTHUMT00000320447.2","RRP7BP-205","RRP7BP",2359,"lncRNA",1102,20,0.927139461,"GGACT",0.6,NA,NA,NA,NA,NA,NA,NA,NA,NA,0,0,0,NA,NA,NA
"2290","ENST00000459993.5","ENSG00000163946.14","OTTHUMG00000158827.5","OTTHUMT00000352340.2","TASOR-203","TASOR",5099,"retained_intron",2229,44,0.910347641,"GGACT",0.795454545,NA,NA,NA,NA,NA,NA,NA,NA,NA,0,0,0,NA,NA,NA
"2291","ENST00000460034.5","ENSG00000114491.14","OTTHUMG00000159431.5","OTTHUMT00000355276.1","UMPS-202","UMPS",2081,"nonsense_mediated_decay",425,25,0.981442273,"GGACA",0.72,NA,NA,NA,NA,NA,NA,NA,NA,NA,0,0,0,NA,NA,NA
"2292","ENST00000460034.5","ENSG00000114491.14","OTTHUMG00000159431.5","OTTHUMT00000355276.1","UMPS-202","UMPS",2081,"nonsense_mediated_decay",446,28,0.981993616,"GGACA",0.642857143,NA,NA,NA,NA,NA,NA,NA,NA,NA,0,0,0,NA,NA,NA
"2293","ENST00000460034.5","ENSG00000114491.14","OTTHUMG00000159431.5","OTTHUMT00000355276.1","UMPS-202","UMPS",2081,"nonsense_mediated_decay",541,28,0.900794685,"AGACA",0.678571429,NA,NA,NA,NA,NA,NA,NA,NA,NA,0,0,0,NA,NA,NA
"2294","ENST00000460034.5","ENSG00000114491.14","OTTHUMG00000159431.5","OTTHUMT00000355276.1","UMPS-202","UMPS",2081,"nonsense_mediated_decay",786,62,0.949091911,"GGACC",0.596774194,NA,NA,NA,NA,NA,NA,NA,NA,NA,0,0,0,NA,NA,NA
"2295","ENST00000460034.5","ENSG00000114491.14","OTTHUMG00000159431.5","OTTHUMT00000355276.1","UMPS-202","UMPS",2081,"nonsense_mediated_decay",808,65,0.977215648,"AGACT",0.892307692,NA,NA,NA,NA,NA,NA,NA,NA,NA,0,0,0,NA,NA,NA
"2296","ENST00000460097.5","ENSG00000140931.20","OTTHUMG00000137503.9","OTTHUMT00000268815.2","CMTM3-203","CMTM3",1797,"protein_coding",1201,47,0.943164647,"AGACT",0.617021277,NA,NA,NA,NA,NA,NA,NA,NA,NA,0,0,0,NA,NA,NA
"2297","ENST00000460155.1","ENSG00000271723.5","OTTHUMG00000185328.1","OTTHUMT00000470198.1","MROH7-TTC4-203","MROH7-TTC4",3561,"retained_intron",3185,24,0.905628145,"GAACT",0.5,NA,NA,NA,NA,NA,NA,NA,NA,NA,0,0,0,NA,NA,NA
"2298","ENST00000460181.5","ENSG00000136877.15","OTTHUMG00000020716.6","OTTHUMT00000054254.1","FPGS-207","FPGS",2206,"protein_coding_CDS_not_defined",1809,45,0.909121871,"GAACT",0.4,NA,NA,NA,NA,NA,NA,NA,NA,NA,0,0,0,NA,NA,NA
"2299","ENST00000460259.1","ENSG00000160194.18","OTTHUMG00000086823.4","OTTHUMT00000195446.1","NDUFV3-203","NDUFV3",2029,"protein_coding_CDS_not_defined",1389,20,0.968513489,"GGACC",0.65,NA,NA,NA,NA,NA,NA,NA,NA,NA,0,0,0,NA,NA,NA
"2300","ENST00000460307.1","ENSG00000035141.10","OTTHUMG00000129668.4","OTTHUMT00000331505.1","FAM136A-205","FAM136A",2398,"retained_intron",1228,26,0.982588112,"GGACA",0.730769231,NA,NA,NA,NA,NA,NA,NA,NA,NA,0,0,0,NA,NA,NA
"2301","ENST00000460601.5","ENSG00000101158.15","OTTHUMG00000032861.8","OTTHUMT00000079905.5","NELFCD-201","NELFCD",2137,"nonsense_mediated_decay",525,36,0.914493799,"GAACT",0.5,NA,NA,NA,NA,NA,NA,NA,NA,NA,0,0,0,NA,NA,NA
"2302","ENST00000460601.5","ENSG00000101158.15","OTTHUMG00000032861.8","OTTHUMT00000079905.5","NELFCD-201","NELFCD",2137,"nonsense_mediated_decay",1959,85,0.93870765,"GGACA",0.447058824,NA,NA,NA,NA,NA,NA,NA,NA,NA,0,0,0,NA,NA,NA
"2303","ENST00000460797.5","ENSG00000082781.12","OTTHUMG00000159432.10","OTTHUMT00000355287.1","ITGB5-202","ITGB5",2228,"retained_intron",1548,22,0.980132818,"GGACT",0.818181818,NA,NA,NA,NA,NA,NA,NA,NA,NA,0,0,0,NA,NA,NA
"2304","ENST00000460851.6","ENSG00000144895.12","OTTHUMG00000159775.4","OTTHUMT00000357259.3","EIF2A-203","EIF2A",3879,"protein_coding",955,53,0.933569729,"GAACT",0.603773585,NA,NA,NA,NA,NA,NA,NA,NA,NA,0,0,0,NA,NA,NA
"2305","ENST00000460851.6","ENSG00000144895.12","OTTHUMG00000159775.4","OTTHUMT00000357259.3","EIF2A-203","EIF2A",3879,"protein_coding",993,32,0.971925735,"GGACA",0.6875,NA,NA,NA,NA,NA,NA,NA,NA,NA,0,0,0,NA,NA,NA
"2306","ENST00000461377.5","ENSG00000136280.17","OTTHUMG00000129246.5","OTTHUMT00000353676.1","CCM2-203","CCM2",1983,"protein_coding_CDS_not_defined",1677,20,0.966574728,"GGACT",0.75,NA,NA,NA,NA,NA,NA,NA,NA,NA,0,0,0,NA,NA,NA
"2307","ENST00000461377.5","ENSG00000136280.17","OTTHUMG00000129246.5","OTTHUMT00000353676.1","CCM2-203","CCM2",1983,"protein_coding_CDS_not_defined",1864,20,0.973368764,"GGACA",0.65,NA,NA,NA,NA,NA,NA,NA,NA,NA,0,0,0,NA,NA,NA
"2308","ENST00000461894.5","ENSG00000132591.12","OTTHUMG00000132675.5","OTTHUMT00000255938.2","ERAL1-203","ERAL1",1628,"nonsense_mediated_decay",1173,64,0.93830812,"GAACT",0.578125,NA,NA,NA,NA,NA,NA,NA,NA,NA,0,0,0,NA,NA,NA
"2309","ENST00000461988.6","ENSG00000127948.17","OTTHUMG00000130413.34","OTTHUMT00000252796.8","POR-218","POR",2446,"protein_coding",2194,22,0.939585328,"AGACT",0.636363636,NA,NA,NA,NA,NA,NA,NA,NA,NA,0,0,0,NA,NA,NA
"2310","ENST00000462067.1","ENSG00000116898.12","OTTHUMG00000008042.5","OTTHUMT00000022053.2","MRPS15-202","MRPS15",1612,"protein_coding_CDS_not_defined",1551,113,0.904532194,"AGACA",0.646017699,NA,NA,NA,NA,NA,NA,NA,NA,NA,0,0,0,NA,NA,NA
"2311","ENST00000462091.5","ENSG00000114491.14","OTTHUMG00000159431.5","OTTHUMT00000355272.1","UMPS-203","UMPS",2001,"nonsense_mediated_decay",345,25,0.983188748,"GGACA",0.72,NA,NA,NA,NA,NA,NA,NA,NA,NA,0,0,0,NA,NA,NA
"2312","ENST00000462091.5","ENSG00000114491.14","OTTHUMG00000159431.5","OTTHUMT00000355272.1","UMPS-203","UMPS",2001,"nonsense_mediated_decay",366,29,0.98154825,"GGACA",0.655172414,NA,NA,NA,NA,NA,NA,NA,NA,NA,0,0,0,NA,NA,NA
"2313","ENST00000462091.5","ENSG00000114491.14","OTTHUMG00000159431.5","OTTHUMT00000355272.1","UMPS-203","UMPS",2001,"nonsense_mediated_decay",461,28,0.907481074,"AGACA",0.678571429,NA,NA,NA,NA,NA,NA,NA,NA,NA,0,0,0,NA,NA,NA
"2314","ENST00000462091.5","ENSG00000114491.14","OTTHUMG00000159431.5","OTTHUMT00000355272.1","UMPS-203","UMPS",2001,"nonsense_mediated_decay",556,36,0.900789678,"GAACT",0.5,NA,NA,NA,NA,NA,NA,NA,NA,NA,0,0,0,NA,NA,NA
"2315","ENST00000462091.5","ENSG00000114491.14","OTTHUMG00000159431.5","OTTHUMT00000355272.1","UMPS-203","UMPS",2001,"nonsense_mediated_decay",706,61,0.96266979,"GGACC",0.606557377,NA,NA,NA,NA,NA,NA,NA,NA,NA,0,0,0,NA,NA,NA
"2316","ENST00000462091.5","ENSG00000114491.14","OTTHUMG00000159431.5","OTTHUMT00000355272.1","UMPS-203","UMPS",2001,"nonsense_mediated_decay",728,64,0.975235641,"AGACT",0.890625,NA,NA,NA,NA,NA,NA,NA,NA,NA,0,0,0,NA,NA,NA
"2317","ENST00000462189.1","ENSG00000115275.15","OTTHUMG00000152886.9","OTTHUMT00000328385.1","MOGS-205","MOGS",2400,"retained_intron",2187,49,0.912601292,"AGACT",0.530612245,NA,NA,NA,NA,NA,NA,NA,NA,NA,0,0,0,NA,NA,NA
"2318","ENST00000462880.1","ENSG00000143553.11","OTTHUMG00000037086.2","OTTHUMT00000090037.1","SNAPIN-202","SNAPIN",922,"protein_coding_CDS_not_defined",409,65,0.943266332,"GGACT",0.630769231,NA,NA,NA,NA,NA,NA,NA,NA,NA,0,0,0,NA,NA,NA
"2319","ENST00000462880.1","ENSG00000143553.11","OTTHUMG00000037086.2","OTTHUMT00000090037.1","SNAPIN-202","SNAPIN",922,"protein_coding_CDS_not_defined",474,60,0.929937541,"AGACA",0.733333333,NA,NA,NA,NA,NA,NA,NA,NA,NA,0,0,0,NA,NA,NA
"2320","ENST00000462934.5","ENSG00000164535.15","OTTHUMG00000125513.5","OTTHUMT00000341924.1","DAGLB-206","DAGLB",2589,"retained_intron",2173,22,0.959908426,"GGACT",0.681818182,NA,NA,NA,NA,NA,NA,NA,NA,NA,0,0,0,NA,NA,NA
"2321","ENST00000462940.1","ENSG00000164897.14","OTTHUMG00000158621.4","OTTHUMT00000351486.1","TMUB1-203","TMUB1",1549,"protein_coding",1228,20,0.940355837,"GGACT",0.6,NA,NA,NA,NA,NA,NA,NA,NA,NA,0,0,0,NA,NA,NA
"2322","ENST00000462948.6","ENSG00000122140.13","OTTHUMG00000020910.4","OTTHUMT00000055001.1","MRPS2-204","MRPS2",1714,"nonsense_mediated_decay",1335,107,0.9122293,"GGACC",0.523364486,NA,NA,NA,NA,NA,NA,NA,NA,NA,0,0,0,NA,NA,NA
"2323","ENST00000462959.2","ENSG00000274769.1","OTTHUMG00000129421.9","OTTHUMT00000325480.1","ENST00000462959","ENSG00000274769",1383,"lncRNA",1140,47,0.95607549,"AGACT",0.680851064,NA,NA,NA,NA,NA,NA,NA,NA,NA,0,0,0,NA,NA,NA
"2324","ENST00000463089.6","ENSG00000151923.18","OTTHUMG00000019156.8","OTTHUMT00000050667.2","TIAL1-207","TIAL1",907,"protein_coding_CDS_not_defined",467,64,0.942967653,"GGACT",0.734375,NA,NA,NA,NA,NA,NA,NA,NA,NA,0,0,0,NA,NA,NA
"2325","ENST00000463295.1","ENSG00000132676.16","OTTHUMG00000035439.6","OTTHUMT00000086070.2","DAP3-207","DAP3",607,"protein_coding",444,75,0.927114129,"GGACT",0.706666667,NA,NA,NA,NA,NA,NA,NA,NA,NA,0,0,0,NA,NA,NA
"2326","ENST00000463376.6","ENSG00000184887.14","OTTHUMG00000029887.6","OTTHUMT00000350720.3","BTBD6-203","BTBD6",2195,"protein_coding",1409,25,0.945420504,"GGACA",0.8,NA,NA,NA,NA,NA,NA,NA,NA,NA,0,0,0,NA,NA,NA
"2327","ENST00000463376.6","ENSG00000184887.14","OTTHUMG00000029887.6","OTTHUMT00000350720.3","BTBD6-203","BTBD6",2195,"protein_coding",1517,26,0.984278023,"GAACT",0.615384615,NA,NA,NA,NA,NA,NA,NA,NA,NA,0,0,0,NA,NA,NA
"2328","ENST00000463376.6","ENSG00000184887.14","OTTHUMG00000029887.6","OTTHUMT00000350720.3","BTBD6-203","BTBD6",2195,"protein_coding",1726,54,0.932492554,"GGACT",0.722222222,NA,NA,NA,NA,NA,NA,NA,NA,NA,0,0,0,NA,NA,NA
"2329","ENST00000463857.1","ENSG00000164081.13","OTTHUMG00000156901.2","OTTHUMT00000346531.1","TEX264-211","TEX264",3937,"protein_coding_CDS_not_defined",3828,116,0.922230005,"GGACT",0.586206897,NA,NA,NA,NA,NA,NA,NA,NA,NA,0,0,0,NA,NA,NA
"2330","ENST00000464015.5","ENSG00000161179.14","OTTHUMG00000150822.2","OTTHUMT00000320218.1","YDJC-204","YDJC",1613,"retained_intron",1210,53,0.980582297,"GGACT",0.754716981,NA,NA,NA,NA,NA,NA,NA,NA,NA,0,0,0,NA,NA,NA
"2331","ENST00000464254.1","ENSG00000226525.5","OTTHUMG00000016546.1","OTTHUMT00000044132.1","RPS7P10-201","RPS7P10",603,"processed_pseudogene",594,177,0.945659578,"TGACT",0.570621469,NA,NA,NA,NA,NA,NA,NA,NA,NA,0,0,0,NA,NA,NA
"2332","ENST00000464275.5","ENSG00000120913.24","OTTHUMG00000164270.6","OTTHUMT00000334172.2","PDLIM2-216","PDLIM2",1995,"protein_coding",1779,86,0.905359566,"GGACT",0.593023256,NA,NA,NA,NA,NA,NA,NA,NA,NA,0,0,0,NA,NA,NA
"2333","ENST00000464781.5","ENSG00000147274.14","OTTHUMG00000022517.2","OTTHUMT00000058508.2","RBMX-204","RBMX",1852,"nonsense_mediated_decay",1237,114,0.927846193,"GGACT",0.596491228,NA,NA,NA,NA,NA,NA,NA,NA,NA,0,0,0,NA,NA,NA
"2334","ENST00000464824.2","ENSG00000143537.14","OTTHUMG00000013898.5","OTTHUMT00000387183.1","ADAM15-213","ADAM15",525,"retained_intron",332,26,0.909849346,"TGACT",0.461538462,NA,NA,NA,NA,NA,NA,NA,NA,NA,0,0,0,NA,NA,NA
"2335","ENST00000464950.6","ENSG00000058799.15","OTTHUMG00000008074.9","OTTHUMT00000022103.5","YIPF1-203","YIPF1",1602,"nonsense_mediated_decay",1555,20,0.90072161,"GAACT",0.55,NA,NA,NA,NA,NA,NA,NA,NA,NA,0,0,0,NA,NA,NA
"2336","ENST00000465124.1","ENSG00000136950.13","OTTHUMG00000020660.2","OTTHUMT00000054042.1","ARPC5L-203","ARPC5L",1877,"protein_coding_CDS_not_defined",1407,26,0.956677377,"AGACT",0.5,NA,NA,NA,NA,NA,NA,NA,NA,NA,0,0,0,NA,NA,NA
"2337","ENST00000465218.3","ENSG00000145191.15","OTTHUMG00000156840.21","OTTHUMT00000346172.2","EIF2B5-203","EIF2B5",2850,"retained_intron",2666,21,0.920023978,"TGACT",0.523809524,NA,NA,NA,NA,NA,NA,NA,NA,NA,0,0,0,NA,NA,NA
"2338","ENST00000465670.1","ENSG00000106263.19","OTTHUMG00000022839.6","OTTHUMT00000322939.1","EIF3B-207","EIF3B",2766,"retained_intron",2388,223,0.961886346,"GGACT",0.780269058,NA,NA,NA,NA,NA,NA,NA,NA,NA,0,0,0,NA,NA,NA
"2339","ENST00000465682.5","ENSG00000108773.11","OTTHUMG00000133504.4","OTTHUMT00000257459.3","KAT2A-202","KAT2A",2990,"nonsense_mediated_decay",2609,22,0.972562253,"GGACC",0.772727273,NA,NA,NA,NA,NA,NA,NA,NA,NA,0,0,0,NA,NA,NA
"2340","ENST00000465682.5","ENSG00000108773.11","OTTHUMG00000133504.4","OTTHUMT00000257459.3","KAT2A-202","KAT2A",2990,"nonsense_mediated_decay",2817,57,0.956453741,"GAACT",0.701754386,NA,NA,NA,NA,NA,NA,NA,NA,NA,0,0,0,NA,NA,NA
"2341","ENST00000465825.5","ENSG00000006744.19","OTTHUMG00000058764.16","OTTHUMT00000129939.2","ELAC2-205","ELAC2",2793,"retained_intron",2555,90,0.97504288,"GGACT",0.766666667,NA,NA,NA,NA,NA,NA,NA,NA,NA,0,0,0,NA,NA,NA
"2342","ENST00000466643.1","ENSG00000010165.20","OTTHUMG00000034912.7","OTTHUMT00000098117.1","METTL13-204","METTL13",841,"protein_coding_CDS_not_defined",735,23,0.963825941,"GGACT",0.695652174,NA,NA,NA,NA,NA,NA,NA,NA,NA,0,0,0,NA,NA,NA
"2343","ENST00000466883.5","ENSG00000169919.17","OTTHUMG00000023735.5","OTTHUMT00000344648.1","GUSB-209","GUSB",2555,"retained_intron",2425,235,0.951290011,"GGACT",0.8,NA,NA,NA,NA,NA,NA,NA,NA,NA,0,0,0,NA,NA,NA
"2344","ENST00000467004.5","ENSG00000146574.16","OTTHUMG00000152441.3","OTTHUMT00000324364.1","CCZ1B-206","CCZ1B",2867,"retained_intron",2665,228,0.912091553,"GGACT",0.600877193,NA,NA,NA,NA,NA,NA,NA,NA,NA,0,0,0,NA,NA,NA
"2345","ENST00000467018.3","ENSG00000241464.3","OTTHUMG00000158045.3","OTTHUMT00000350072.3","RPL39P38-201","RPL39P38",153,"processed_pseudogene",39,20,0.990465939,"GGACA",0.85,NA,NA,NA,NA,NA,NA,NA,NA,NA,0,0,0,NA,NA,NA
"2346","ENST00000467167.5","ENSG00000114491.14","OTTHUMG00000159431.5","OTTHUMT00000355278.1","UMPS-204","UMPS",2242,"nonsense_mediated_decay",797,23,0.928108513,"GAACT",0.52173913,NA,NA,NA,NA,NA,NA,NA,NA,NA,0,0,0,NA,NA,NA
"2347","ENST00000467167.5","ENSG00000114491.14","OTTHUMG00000159431.5","OTTHUMT00000355278.1","UMPS-204","UMPS",2242,"nonsense_mediated_decay",969,27,0.952679098,"AGACT",0.814814815,NA,NA,NA,NA,NA,NA,NA,NA,NA,0,0,0,NA,NA,NA
"2348","ENST00000467199.5","ENSG00000122687.19","OTTHUMG00000023866.8","OTTHUMT00000206921.1","MRM2-204","MRM2",1819,"protein_coding_CDS_not_defined",1041,51,0.95043838,"GGACA",0.529411765,NA,NA,NA,NA,NA,NA,NA,NA,NA,0,0,0,NA,NA,NA
"2349","ENST00000467199.5","ENSG00000122687.19","OTTHUMG00000023866.8","OTTHUMT00000206921.1","MRM2-204","MRM2",1819,"protein_coding_CDS_not_defined",1291,68,0.968196929,"AGACT",0.823529412,NA,NA,NA,NA,NA,NA,NA,NA,NA,0,0,0,NA,NA,NA
"2350","ENST00000467891.5","ENSG00000188130.14","OTTHUMG00000030145.5","OTTHUMT00000316916.1","MAPK12-204","MAPK12",2019,"retained_intron",1890,49,0.947604656,"GGACA",0.469387755,NA,NA,NA,NA,NA,NA,NA,NA,NA,0,0,0,NA,NA,NA
"2351","ENST00000468084.1","ENSG00000197982.14","OTTHUMG00000004319.7","OTTHUMT00000012946.2","C1orf122-204","C1orf122",1234,"protein_coding",912,157,0.940348387,"GGACT",0.649681529,NA,NA,NA,NA,NA,NA,NA,NA,NA,0,0,0,NA,NA,NA
"2352","ENST00000468093.5","ENSG00000155366.17","OTTHUMG00000011905.6","OTTHUMT00000033239.2","RHOC-212","RHOC",1042,"nonsense_mediated_decay",837,253,0.91971606,"GGACT",0.584980237,NA,NA,NA,NA,NA,NA,NA,NA,NA,0,0,0,NA,NA,NA
"2353","ENST00000468611.5","ENSG00000106263.19","OTTHUMG00000022839.6","OTTHUMT00000322938.1","EIF3B-210","EIF3B",1868,"retained_intron",1490,396,0.951921403,"GGACT",0.73989899,NA,NA,NA,NA,NA,NA,NA,NA,NA,0,0,0,NA,NA,NA
"2354","ENST00000468686.5","ENSG00000161179.14","OTTHUMG00000150822.2","OTTHUMT00000320216.1","YDJC-205","YDJC",1423,"retained_intron",1020,53,0.985500455,"GGACT",0.773584906,NA,NA,NA,NA,NA,NA,NA,NA,NA,0,0,0,NA,NA,NA
"2355","ENST00000468975.6","ENSG00000101199.13","OTTHUMG00000032965.8","OTTHUMT00000378037.2","ARFGAP1-205","ARFGAP1",2640,"protein_coding_CDS_not_defined",2231,34,0.986766577,"GGACC",0.794117647,NA,NA,NA,NA,NA,NA,NA,NA,NA,0,0,0,NA,NA,NA
"2356","ENST00000468975.6","ENSG00000101199.13","OTTHUMG00000032965.8","OTTHUMT00000378037.2","ARFGAP1-205","ARFGAP1",2640,"protein_coding_CDS_not_defined",2265,33,0.970542848,"GGACT",0.757575758,NA,NA,NA,NA,NA,NA,NA,NA,NA,0,0,0,NA,NA,NA
"2357","ENST00000469100.5","ENSG00000134684.13","OTTHUMG00000003933.2","OTTHUMT00000011227.2","YARS1-203","YARS1",2247,"retained_intron",1617,29,0.990069091,"GGACT",0.896551724,NA,NA,NA,NA,NA,NA,NA,NA,NA,0,0,0,NA,NA,NA
"2358","ENST00000469144.5","ENSG00000228300.14","OTTHUMG00000153928.8","OTTHUMT00000333051.3","FAM174C-202","FAM174C",668,"protein_coding",511,197,0.958341241,"TGACT",0.649746193,NA,NA,NA,NA,NA,NA,NA,NA,NA,0,0,0,NA,NA,NA
"2359","ENST00000469537.1","ENSG00000160785.14","OTTHUMG00000014816.2","OTTHUMT00000040857.1","SLC25A44-204","SLC25A44",6952,"protein_coding_CDS_not_defined",6866,53,0.936691463,"GGACT",0.603773585,NA,NA,NA,NA,NA,NA,NA,NA,NA,0,0,0,NA,NA,NA
"2360","ENST00000469568.5","ENSG00000141741.12","OTTHUMG00000133252.4","OTTHUMT00000257022.1","MIEN1-202","MIEN1",825,"retained_intron",468,170,0.909830272,"GGACT",0.635294118,NA,NA,NA,NA,NA,NA,NA,NA,NA,0,0,0,NA,NA,NA
"2361","ENST00000469750.5","ENSG00000106009.16","OTTHUMG00000119091.5","OTTHUMT00000325026.1","BRAT1-204","BRAT1",5226,"retained_intron",4511,21,0.975358009,"GGACT",0.857142857,NA,NA,NA,NA,NA,NA,NA,NA,NA,0,0,0,NA,NA,NA
"2362","ENST00000469805.5","ENSG00000205531.14","OTTHUMG00000011009.12","OTTHUMT00000030397.1","NAP1L4-207","NAP1L4",2294,"retained_intron",1515,21,0.987770617,"GGACT",0.857142857,NA,NA,NA,NA,NA,NA,NA,NA,NA,0,0,0,NA,NA,NA
"2363","ENST00000470030.6","ENSG00000127054.22","OTTHUMG00000003330.13","OTTHUMT00000009367.2","INTS11-214","INTS11",2369,"retained_intron",2165,41,0.939900815,"GGACT",0.56097561,NA,NA,NA,NA,NA,NA,NA,NA,NA,0,0,0,NA,NA,NA
"2364","ENST00000470125.5","ENSG00000109103.12","OTTHUMG00000132606.7","OTTHUMT00000255844.2","UNC119-204","UNC119",2050,"protein_coding",1580,42,0.944072962,"GGACC",0.452380952,NA,NA,NA,NA,NA,NA,NA,NA,NA,0,0,0,NA,NA,NA
"2365","ENST00000470180.2","ENSG00000143612.21","OTTHUMG00000035981.5","OTTHUMT00000087669.2","C1orf43-207","C1orf43",1861,"nonsense_mediated_decay",1126,135,0.972666144,"GGACT",0.733333333,NA,NA,NA,NA,NA,NA,NA,NA,NA,0,0,0,NA,NA,NA
"2366","ENST00000470271.6","ENSG00000171793.17","OTTHUMG00000005712.13","OTTHUMT00000015631.2","CTPS1-205","CTPS1",3212,"protein_coding",2265,58,0.94856751,"GAACT",0.637931034,NA,NA,NA,NA,NA,NA,NA,NA,NA,0,0,0,NA,NA,NA
"2367","ENST00000470551.1","ENSG00000101152.12","OTTHUMG00000033007.4","OTTHUMT00000080245.3","DNAJC5-202","DNAJC5",5287,"nonsense_mediated_decay",4261,45,0.969907463,"TGACT",0.622222222,NA,NA,NA,NA,NA,NA,NA,NA,NA,0,0,0,NA,NA,NA
"2368","ENST00000470557.2","ENSG00000141378.15","OTTHUMG00000154532.4","OTTHUMT00000448482.1","PTRH2-203","PTRH2",4114,"protein_coding",3857,116,0.904519022,"GGACT",0.629310345,NA,NA,NA,NA,NA,NA,NA,NA,NA,0,0,0,NA,NA,NA
"2369","ENST00000470557.2","ENSG00000141378.15","OTTHUMG00000154532.4","OTTHUMT00000448482.1","PTRH2-203","PTRH2",4114,"protein_coding",3861,115,0.980570316,"TGACT",0.72173913,NA,NA,NA,NA,NA,NA,NA,NA,NA,0,0,0,NA,NA,NA
"2370","ENST00000470690.5","ENSG00000141698.17","OTTHUMG00000133499.10","OTTHUMT00000257427.1","NT5C3B-207","NT5C3B",1729,"retained_intron",86,34,0.905775905,"GGACT",0.617647059,NA,NA,NA,NA,NA,NA,NA,NA,NA,0,0,0,NA,NA,NA
"2371","ENST00000470781.5","ENSG00000151923.18","OTTHUMG00000019156.8","OTTHUMT00000050671.2","TIAL1-209","TIAL1",1727,"retained_intron",1493,40,0.939008892,"GGACT",0.775,NA,NA,NA,NA,NA,NA,NA,NA,NA,0,0,0,NA,NA,NA
"2372","ENST00000470886.1","ENSG00000160208.13","OTTHUMG00000086872.4","OTTHUMT00000195652.1","RRP1B-202","RRP1B",4634,"retained_intron",4054,20,0.940915525,"GAACT",0.65,NA,NA,NA,NA,NA,NA,NA,NA,NA,0,0,0,NA,NA,NA
"2373","ENST00000470924.5","ENSG00000189159.16","OTTHUMG00000154521.4","OTTHUMT00000335702.2","JPT1-205","JPT1",663,"protein_coding",498,227,0.922699928,"GAACT",0.572687225,NA,NA,NA,NA,NA,NA,NA,NA,NA,0,0,0,NA,NA,NA
"2374","ENST00000470972.5","ENSG00000070214.17","OTTHUMG00000020421.6","OTTHUMT00000053499.3","SLC44A1-205","SLC44A1",10433,"nonsense_mediated_decay",4391,23,0.947745204,"GAACT",0.652173913,NA,NA,NA,NA,NA,NA,NA,NA,NA,0,0,0,NA,NA,NA
"2375","ENST00000470973.1","ENSG00000124767.7","OTTHUMG00000014636.3","OTTHUMT00000040439.1","GLO1-202","GLO1",1939,"protein_coding_CDS_not_defined",668,43,0.931037128,"GGACT",0.627906977,NA,NA,NA,NA,NA,NA,NA,NA,NA,0,0,0,NA,NA,NA
"2376","ENST00000471073.1","ENSG00000184436.12","OTTHUMG00000150879.2","OTTHUMT00000320408.1","THAP7-204","THAP7",1809,"retained_intron",1584,30,0.972659647,"AGACT",0.766666667,NA,NA,NA,NA,NA,NA,NA,NA,NA,0,0,0,NA,NA,NA
"2377","ENST00000471073.1","ENSG00000184436.12","OTTHUMG00000150879.2","OTTHUMT00000320408.1","THAP7-204","THAP7",1809,"retained_intron",1645,28,0.984021723,"AGACT",0.75,NA,NA,NA,NA,NA,NA,NA,NA,NA,0,0,0,NA,NA,NA
"2378","ENST00000471073.1","ENSG00000184436.12","OTTHUMG00000150879.2","OTTHUMT00000320408.1","THAP7-204","THAP7",1809,"retained_intron",1667,30,0.942734838,"GGACT",0.7,NA,NA,NA,NA,NA,NA,NA,NA,NA,0,0,0,NA,NA,NA
"2379","ENST00000471073.1","ENSG00000184436.12","OTTHUMG00000150879.2","OTTHUMT00000320408.1","THAP7-204","THAP7",1809,"retained_intron",1713,26,0.995220065,"GGACT",0.846153846,NA,NA,NA,NA,NA,NA,NA,NA,NA,0,0,0,NA,NA,NA
"2380","ENST00000471227.3","ENSG00000225067.4","OTTHUMG00000158039.3","OTTHUMT00000350064.3","RPL23AP2-201","RPL23AP2",466,"processed_pseudogene",416,80,0.91270864,"TGACT",0.6875,NA,NA,NA,NA,NA,NA,NA,NA,NA,0,0,0,NA,NA,NA
"2381","ENST00000471374.1","ENSG00000128245.15","OTTHUMG00000030833.10","OTTHUMT00000128920.2","YWHAH-205","YWHAH",1735,"protein_coding_CDS_not_defined",835,25,0.967553258,"GGACT",0.72,NA,NA,NA,NA,NA,NA,NA,NA,NA,0,0,0,NA,NA,NA
"2382","ENST00000471374.1","ENSG00000128245.15","OTTHUMG00000030833.10","OTTHUMT00000128920.2","YWHAH-205","YWHAH",1735,"protein_coding_CDS_not_defined",1101,35,0.98272264,"GGACT",0.914285714,NA,NA,NA,NA,NA,NA,NA,NA,NA,0,0,0,NA,NA,NA
"2383","ENST00000471642.6","ENSG00000132676.16","OTTHUMG00000035439.6","OTTHUMT00000086045.2","DAP3-214","DAP3",1671,"protein_coding",1511,212,0.924069941,"GGACT",0.712264151,NA,NA,NA,NA,NA,NA,NA,NA,NA,0,0,0,NA,NA,NA
"2384","ENST00000471770.5","ENSG00000128609.16","OTTHUMG00000157348.3","OTTHUMT00000348535.1","NDUFA5-207","NDUFA5",5608,"protein_coding",496,24,0.906303704,"TGACT",0.5,NA,NA,NA,NA,NA,NA,NA,NA,NA,0,0,0,NA,NA,NA
"2385","ENST00000471877.5","ENSG00000171130.19","OTTHUMG00000158094.5","OTTHUMT00000350174.2","ATP6V0E2-206","ATP6V0E2",1766,"nonsense_mediated_decay",1513,119,0.959154069,"GGACT",0.831932773,NA,NA,NA,NA,NA,NA,NA,NA,NA,0,0,0,NA,NA,NA
"2386","ENST00000471992.1","ENSG00000132591.12","OTTHUMG00000132675.5","OTTHUMT00000255939.2","ERAL1-204","ERAL1",1508,"retained_intron",1103,66,0.933757186,"GAACT",0.560606061,NA,NA,NA,NA,NA,NA,NA,NA,NA,0,0,0,NA,NA,NA
"2387","ENST00000472118.5","ENSG00000112640.16","OTTHUMG00000014716.5","OTTHUMT00000357962.1","PPP2R5D-206","PPP2R5D",2963,"protein_coding",1954,20,0.951408088,"GGACA",0.4,NA,NA,NA,NA,NA,NA,NA,NA,NA,0,0,0,NA,NA,NA
"2388","ENST00000472179.2","ENSG00000186184.20","OTTHUMG00000016635.10","OTTHUMT00000044304.2","POLR1D-205","POLR1D",1021,"retained_intron",811,20,0.90778774,"TGACT",0.75,NA,NA,NA,NA,NA,NA,NA,NA,NA,0,0,0,NA,NA,NA
"2389","ENST00000472328.2","ENSG00000178035.13","OTTHUMG00000156771.3","-","IMPDH2-207","IMPDH2",1749,"retained_intron",1524,25,0.974393368,"GGACA",0.6,NA,NA,NA,NA,NA,NA,NA,NA,NA,0,0,0,NA,NA,NA
"2390","ENST00000472354.1","ENSG00000167526.14","OTTHUMG00000133770.8","OTTHUMT00000258300.2","RPL13-206","RPL13",631,"protein_coding",374,284,0.906428754,"AGACA",0.559859155,NA,NA,NA,NA,NA,NA,NA,NA,NA,0,0,0,NA,NA,NA
"2391","ENST00000472467.1","ENSG00000163479.14","OTTHUMG00000017456.4","OTTHUMT00000046174.1","SSR2-205","SSR2",1833,"retained_intron",1677,810,0.913560152,"AGACT",0.525925926,NA,NA,NA,NA,NA,NA,NA,NA,NA,0,0,0,NA,NA,NA
"2392","ENST00000472467.1","ENSG00000163479.14","OTTHUMG00000017456.4","OTTHUMT00000046174.1","SSR2-205","SSR2",1833,"retained_intron",1750,769,0.991219699,"GGACT",0.837451235,NA,NA,NA,NA,NA,NA,NA,NA,NA,0,0,0,NA,NA,NA
"2393","ENST00000472750.5","ENSG00000162735.19","OTTHUMG00000033112.4","OTTHUMT00000080643.2","PEX19-205","PEX19",3504,"nonsense_mediated_decay",1522,58,0.924030542,"TGACC",0.5,NA,NA,NA,NA,NA,NA,NA,NA,NA,0,0,0,NA,NA,NA
"2394","ENST00000473034.5","ENSG00000163481.8","OTTHUMG00000133077.3","OTTHUMT00000336682.1","RNF25-204","RNF25",1807,"retained_intron",1608,76,0.932009041,"GGACT",0.684210526,NA,NA,NA,NA,NA,NA,NA,NA,NA,0,0,0,NA,NA,NA
"2395","ENST00000473311.5","ENSG00000161204.12","OTTHUMG00000156824.1","OTTHUMT00000346049.1","ABCF3-210","ABCF3",2844,"retained_intron",2563,51,0.956767559,"GGACT",0.705882353,NA,NA,NA,NA,NA,NA,NA,NA,NA,0,0,0,NA,NA,NA
"2396","ENST00000473330.1","ENSG00000075618.18","OTTHUMG00000090599.6","OTTHUMT00000324032.1","FSCN1-205","FSCN1",2215,"retained_intron",1198,31,0.919966459,"GGACT",0.483870968,NA,NA,NA,NA,NA,NA,NA,NA,NA,0,0,0,NA,NA,NA
"2397","ENST00000473985.1","ENSG00000161179.14","OTTHUMG00000150822.2","OTTHUMT00000320215.1","YDJC-206","YDJC",1494,"retained_intron",1116,53,0.980797052,"GGACT",0.773584906,NA,NA,NA,NA,NA,NA,NA,NA,NA,0,0,0,NA,NA,NA
"2398","ENST00000474486.5","ENSG00000158882.15","OTTHUMG00000034345.2","OTTHUMT00000083031.1","TOMM40L-206","TOMM40L",2396,"protein_coding_CDS_not_defined",1979,20,0.948095322,"GAACT",0.6,NA,NA,NA,NA,NA,NA,NA,NA,NA,0,0,0,NA,NA,NA
"2399","ENST00000474486.5","ENSG00000158882.15","OTTHUMG00000034345.2","OTTHUMT00000083031.1","TOMM40L-206","TOMM40L",2396,"protein_coding_CDS_not_defined",2139,44,0.902427137,"AGACT",0.772727273,NA,NA,NA,NA,NA,NA,NA,NA,NA,0,0,0,NA,NA,NA
"2400","ENST00000474486.5","ENSG00000158882.15","OTTHUMG00000034345.2","OTTHUMT00000083031.1","TOMM40L-206","TOMM40L",2396,"protein_coding_CDS_not_defined",2285,45,0.958627105,"GGACT",0.666666667,NA,NA,NA,NA,NA,NA,NA,NA,NA,0,0,0,NA,NA,NA
"2401","ENST00000474507.1","ENSG00000122674.12","OTTHUMG00000155502.2","OTTHUMT00000340392.1","CCZ1-203","CCZ1",2867,"retained_intron",2665,204,0.912077248,"GGACT",0.593137255,NA,NA,NA,NA,NA,NA,NA,NA,NA,0,0,0,NA,NA,NA
"2402","ENST00000474760.1","ENSG00000132429.10","OTTHUMG00000015293.3","OTTHUMT00000041652.1","POPDC3-203","POPDC3",1029,"protein_coding_CDS_not_defined",953,27,0.988251805,"AGACT",0.925925926,NA,NA,NA,NA,NA,NA,NA,NA,NA,0,0,0,NA,NA,NA
"2403","ENST00000474879.7","ENSG00000100258.18","OTTHUMG00000150206.3","OTTHUMT00000316833.3","LMF2-202","LMF2",2593,"protein_coding",2222,22,0.971224844,"GGACC",0.636363636,NA,NA,NA,NA,NA,NA,NA,NA,NA,0,0,0,NA,NA,NA
"2404","ENST00000474879.7","ENSG00000100258.18","OTTHUMG00000150206.3","OTTHUMT00000316833.3","LMF2-202","LMF2",2593,"protein_coding",2351,50,0.985700071,"GGACT",0.74,NA,NA,NA,NA,NA,NA,NA,NA,NA,0,0,0,NA,NA,NA
"2405","ENST00000474953.5","ENSG00000054267.22","OTTHUMG00000039621.9","OTTHUMT00000095554.1","ARID4B-211","ARID4B",3463,"nonsense_mediated_decay",3248,139,0.928943336,"GGACT",0.625899281,NA,NA,NA,NA,NA,NA,NA,NA,NA,0,0,0,NA,NA,NA
"2406","ENST00000475415.5","ENSG00000106263.19","OTTHUMG00000022839.6","OTTHUMT00000322937.1","EIF3B-211","EIF3B",3745,"retained_intron",3367,431,0.956939936,"GGACT",0.765661253,NA,NA,NA,NA,NA,NA,NA,NA,NA,0,0,0,NA,NA,NA
"2407","ENST00000475551.5","ENSG00000136280.17","OTTHUMG00000129246.5","OTTHUMT00000353675.1","CCM2-207","CCM2",2471,"protein_coding",2066,65,0.95491761,"GGACT",0.646153846,NA,NA,NA,NA,NA,NA,NA,NA,NA,0,0,0,NA,NA,NA
"2408","ENST00000475693.1","ENSG00000168397.17","OTTHUMG00000151514.17","OTTHUMT00000322973.1","ATG4B-217","ATG4B",2237,"retained_intron",791,23,0.959290028,"GGACT",0.869565217,NA,NA,NA,NA,NA,NA,NA,NA,NA,0,0,0,NA,NA,NA
"2409","ENST00000475693.1","ENSG00000168397.17","OTTHUMG00000151514.17","OTTHUMT00000322973.1","ATG4B-217","ATG4B",2237,"retained_intron",834,41,0.929416239,"AGACT",0.658536585,NA,NA,NA,NA,NA,NA,NA,NA,NA,0,0,0,NA,NA,NA
"2410","ENST00000475783.1","ENSG00000155368.18","OTTHUMG00000131403.4","OTTHUMT00000330594.1","DBI-206","DBI",842,"retained_intron",828,124,0.931640506,"TGACT",0.629032258,NA,NA,NA,NA,NA,NA,NA,NA,NA,0,0,0,NA,NA,NA
"2411","ENST00000475978.1","ENSG00000175137.11","OTTHUMG00000040389.3","OTTHUMT00000097141.1","SH3BP5L-202","SH3BP5L",4122,"protein_coding_CDS_not_defined",3940,20,0.965755939,"GGACT",0.75,NA,NA,NA,NA,NA,NA,NA,NA,NA,0,0,0,NA,NA,NA
"2412","ENST00000476258.5","ENSG00000189159.16","OTTHUMG00000154521.4","OTTHUMT00000335696.2","JPT1-206","JPT1",2289,"protein_coding",1486,247,0.90540868,"GAACT",0.55465587,NA,NA,NA,NA,NA,NA,NA,NA,NA,0,0,0,NA,NA,NA
"2413","ENST00000476266.5","ENSG00000105221.18","OTTHUMG00000137375.23","OTTHUMT00000268030.2","AKT2-216","AKT2",3309,"retained_intron",2668,27,0.97183007,"GGACA",0.62962963,NA,NA,NA,NA,NA,NA,NA,NA,NA,0,0,0,NA,NA,NA
"2414","ENST00000476444.1","ENSG00000132676.16","OTTHUMG00000035439.6","OTTHUMT00000086071.2","DAP3-216","DAP3",679,"retained_intron",516,50,0.962410569,"GGACT",0.78,NA,NA,NA,NA,NA,NA,NA,NA,NA,0,0,0,NA,NA,NA
"2415","ENST00000476510.5","ENSG00000172432.19","OTTHUMG00000014744.13","OTTHUMT00000040669.1","GTPBP2-208","GTPBP2",2816,"protein_coding_CDS_not_defined",2664,56,0.965339065,"GGACT",0.714285714,NA,NA,NA,NA,NA,NA,NA,NA,NA,0,0,0,NA,NA,NA
"2416","ENST00000476667.5","ENSG00000184436.12","OTTHUMG00000150879.2","OTTHUMT00000320406.1","THAP7-206","THAP7",1671,"retained_intron",1475,29,0.970927536,"AGACT",0.75862069,NA,NA,NA,NA,NA,NA,NA,NA,NA,0,0,0,NA,NA,NA
"2417","ENST00000476667.5","ENSG00000184436.12","OTTHUMG00000150879.2","OTTHUMT00000320406.1","THAP7-206","THAP7",1671,"retained_intron",1536,27,0.984725654,"AGACT",0.740740741,NA,NA,NA,NA,NA,NA,NA,NA,NA,0,0,0,NA,NA,NA
"2418","ENST00000476667.5","ENSG00000184436.12","OTTHUMG00000150879.2","OTTHUMT00000320406.1","THAP7-206","THAP7",1671,"retained_intron",1558,29,0.938527107,"GGACT",0.689655172,NA,NA,NA,NA,NA,NA,NA,NA,NA,0,0,0,NA,NA,NA
"2419","ENST00000476667.5","ENSG00000184436.12","OTTHUMG00000150879.2","OTTHUMT00000320406.1","THAP7-206","THAP7",1671,"retained_intron",1604,25,0.994774818,"GGACT",0.8,NA,NA,NA,NA,NA,NA,NA,NA,NA,0,0,0,NA,NA,NA
"2420","ENST00000476756.1","ENSG00000186480.13","OTTHUMG00000151330.6","OTTHUMT00000322248.3","INSIG1-206","INSIG1",1320,"protein_coding",682,24,0.938735604,"TGACT",0.541666667,NA,NA,NA,NA,NA,NA,NA,NA,NA,0,0,0,NA,NA,NA
"2421","ENST00000477012.5","ENSG00000114125.14","OTTHUMG00000141305.4","OTTHUMT00000280604.2","RNF7-203","RNF7",1036,"nonsense_mediated_decay",778,127,0.911913633,"GGACT",0.535433071,NA,NA,NA,NA,NA,NA,NA,NA,NA,0,0,0,NA,NA,NA
"2422","ENST00000477279.1","ENSG00000055950.17","OTTHUMG00000018920.3","OTTHUMT00000049910.2","MRPL43-211","MRPL43",903,"protein_coding",480,63,0.975854874,"GGACT",0.888888889,NA,NA,NA,NA,NA,NA,NA,NA,NA,0,0,0,NA,NA,NA
"2423","ENST00000477551.5","ENSG00000144895.12","OTTHUMG00000159775.4","OTTHUMT00000357263.1","EIF2A-211","EIF2A",1906,"nonsense_mediated_decay",756,31,0.961256862,"GAACT",0.677419355,NA,NA,NA,NA,NA,NA,NA,NA,NA,0,0,0,NA,NA,NA
"2424","ENST00000477551.5","ENSG00000144895.12","OTTHUMG00000159775.4","OTTHUMT00000357263.1","EIF2A-211","EIF2A",1906,"nonsense_mediated_decay",794,31,0.974340737,"GGACA",0.677419355,NA,NA,NA,NA,NA,NA,NA,NA,NA,0,0,0,NA,NA,NA
"2425","ENST00000477605.1","ENSG00000136280.17","OTTHUMG00000129246.5","OTTHUMT00000353678.1","CCM2-209","CCM2",2050,"retained_intron",1659,21,0.952573597,"GGACT",0.571428571,NA,NA,NA,NA,NA,NA,NA,NA,NA,0,0,0,NA,NA,NA
"2426","ENST00000477902.6","ENSG00000148824.19","OTTHUMG00000166564.4","OTTHUMT00000051170.2","MTG1-205","MTG1",1283,"protein_coding",1173,61,0.912016809,"GGACA",0.524590164,NA,NA,NA,NA,NA,NA,NA,NA,NA,0,0,0,NA,NA,NA
"2427","ENST00000478431.1","ENSG00000204227.5","OTTHUMG00000031278.3","OTTHUMT00000076610.2","RING1-202","RING1",1532,"protein_coding_CDS_not_defined",971,32,0.904522598,"GGACC",0.40625,NA,NA,NA,NA,NA,NA,NA,NA,NA,0,0,0,NA,NA,NA
"2428","ENST00000478431.1","ENSG00000204227.5","OTTHUMG00000031278.3","OTTHUMT00000076610.2","RING1-202","RING1",1532,"protein_coding_CDS_not_defined",1321,70,0.965108395,"GGACA",0.571428571,NA,NA,NA,NA,NA,NA,NA,NA,NA,0,0,0,NA,NA,NA
"2429","ENST00000478431.1","ENSG00000204227.5","OTTHUMG00000031278.3","OTTHUMT00000076610.2","RING1-202","RING1",1532,"protein_coding_CDS_not_defined",1333,81,0.976712286,"GGACA",0.617283951,NA,NA,NA,NA,NA,NA,NA,NA,NA,0,0,0,NA,NA,NA
"2430","ENST00000478753.5","ENSG00000179918.19","OTTHUMG00000176988.12","OTTHUMT00000109640.14","SEPHS2-201","SEPHS2",2244,"protein_coding",559,26,0.983554721,"GGACT",0.807692308,NA,NA,NA,NA,NA,NA,NA,NA,NA,0,0,0,NA,NA,NA
"2431","ENST00000478753.5","ENSG00000179918.19","OTTHUMG00000176988.12","OTTHUMT00000109640.14","SEPHS2-201","SEPHS2",2244,"protein_coding",1047,63,0.968681216,"GAACT",0.587301587,NA,NA,NA,NA,NA,NA,NA,NA,NA,0,0,0,NA,NA,NA
"2432","ENST00000478753.5","ENSG00000179918.19","OTTHUMG00000176988.12","OTTHUMT00000109640.14","SEPHS2-201","SEPHS2",2244,"protein_coding",1118,67,0.985036433,"GGACA",0.671641791,NA,NA,NA,NA,NA,NA,NA,NA,NA,0,0,0,NA,NA,NA
"2433","ENST00000478753.5","ENSG00000179918.19","OTTHUMG00000176988.12","OTTHUMT00000109640.14","SEPHS2-201","SEPHS2",2244,"protein_coding",1518,103,0.975398839,"GGACC",0.834951456,NA,NA,NA,NA,NA,NA,NA,NA,NA,0,0,0,NA,NA,NA
"2434","ENST00000478753.5","ENSG00000179918.19","OTTHUMG00000176988.12","OTTHUMT00000109640.14","SEPHS2-201","SEPHS2",2244,"protein_coding",1686,125,0.916592419,"GAACT",0.6,NA,NA,NA,NA,NA,NA,NA,NA,NA,0,0,0,NA,NA,NA
"2435","ENST00000478753.5","ENSG00000179918.19","OTTHUMG00000176988.12","OTTHUMT00000109640.14","SEPHS2-201","SEPHS2",2244,"protein_coding",1898,169,0.909265816,"GGACC",0.591715976,NA,NA,NA,NA,NA,NA,NA,NA,NA,0,0,0,NA,NA,NA
"2436","ENST00000478938.1","ENSG00000078808.20","OTTHUMG00000001812.7","OTTHUMT00000005067.1","SDF4-206","SDF4",2591,"retained_intron",2345,24,0.906347156,"GAACC",0.75,NA,NA,NA,NA,NA,NA,NA,NA,NA,0,0,0,NA,NA,NA
"2437","ENST00000479086.1","ENSG00000156521.14","OTTHUMG00000018397.2","OTTHUMT00000048485.1","TYSND1-203","TYSND1",2620,"protein_coding_CDS_not_defined",1129,34,0.927433193,"GGACT",0.705882353,NA,NA,NA,NA,NA,NA,NA,NA,NA,0,0,0,NA,NA,NA
"2438","ENST00000479408.6","ENSG00000178104.22","OTTHUMG00000013846.16","OTTHUMT00000038975.3","PDE4DIP-213","PDE4DIP",2746,"protein_coding",2536,27,0.936607301,"TGACT",0.481481481,NA,NA,NA,NA,NA,NA,NA,NA,NA,0,0,0,NA,NA,NA
"2439","ENST00000479408.6","ENSG00000178104.22","OTTHUMG00000013846.16","OTTHUMT00000038975.3","PDE4DIP-213","PDE4DIP",2746,"protein_coding",2552,27,0.956872702,"GAACT",0.703703704,NA,NA,NA,NA,NA,NA,NA,NA,NA,0,0,0,NA,NA,NA
"2440","ENST00000479481.5","ENSG00000052749.14","OTTHUMG00000018855.8","OTTHUMT00000049693.1","RRP12-207","RRP12",3271,"protein_coding_CDS_not_defined",2982,33,0.903017163,"GGACT",0.727272727,NA,NA,NA,NA,NA,NA,NA,NA,NA,0,0,0,NA,NA,NA
"2441","ENST00000479613.5","ENSG00000171130.19","OTTHUMG00000158094.5","OTTHUMT00000350173.1","ATP6V0E2-207","ATP6V0E2",1666,"protein_coding",638,24,0.90028137,"GGACT",0.458333333,NA,NA,NA,NA,NA,NA,NA,NA,NA,0,0,0,NA,NA,NA
"2442","ENST00000479613.5","ENSG00000171130.19","OTTHUMG00000158094.5","OTTHUMT00000350173.1","ATP6V0E2-207","ATP6V0E2",1666,"protein_coding",1420,119,0.959369957,"GGACT",0.831932773,NA,NA,NA,NA,NA,NA,NA,NA,NA,0,0,0,NA,NA,NA
"2443","ENST00000479668.5","ENSG00000214022.12","OTTHUMG00000158330.4","OTTHUMT00000350704.2","REPIN1-209","REPIN1",3182,"protein_coding",2874,51,0.915742874,"GGACT",0.607843137,NA,NA,NA,NA,NA,NA,NA,NA,NA,0,0,0,NA,NA,NA
"2444","ENST00000479668.5","ENSG00000214022.12","OTTHUMG00000158330.4","OTTHUMT00000350704.2","REPIN1-209","REPIN1",3182,"protein_coding",2951,23,0.984699726,"GGACA",0.826086957,NA,NA,NA,NA,NA,NA,NA,NA,NA,0,0,0,NA,NA,NA
"2445","ENST00000479719.5","ENSG00000114491.14","OTTHUMG00000159431.5","OTTHUMT00000355279.1","UMPS-206","UMPS",2340,"nonsense_mediated_decay",480,25,0.979786277,"GGACA",0.76,NA,NA,NA,NA,NA,NA,NA,NA,NA,0,0,0,NA,NA,NA
"2446","ENST00000479719.5","ENSG00000114491.14","OTTHUMG00000159431.5","OTTHUMT00000355279.1","UMPS-206","UMPS",2340,"nonsense_mediated_decay",501,27,0.976068377,"GGACA",0.666666667,NA,NA,NA,NA,NA,NA,NA,NA,NA,0,0,0,NA,NA,NA
"2447","ENST00000479719.5","ENSG00000114491.14","OTTHUMG00000159431.5","OTTHUMT00000355279.1","UMPS-206","UMPS",2340,"nonsense_mediated_decay",596,28,0.923412442,"AGACA",0.75,NA,NA,NA,NA,NA,NA,NA,NA,NA,0,0,0,NA,NA,NA
"2448","ENST00000479719.5","ENSG00000114491.14","OTTHUMG00000159431.5","OTTHUMT00000355279.1","UMPS-206","UMPS",2340,"nonsense_mediated_decay",841,61,0.952404797,"GGACC",0.606557377,NA,NA,NA,NA,NA,NA,NA,NA,NA,0,0,0,NA,NA,NA
"2449","ENST00000479719.5","ENSG00000114491.14","OTTHUMG00000159431.5","OTTHUMT00000355279.1","UMPS-206","UMPS",2340,"nonsense_mediated_decay",863,64,0.979038358,"AGACT",0.90625,NA,NA,NA,NA,NA,NA,NA,NA,NA,0,0,0,NA,NA,NA
"2450","ENST00000479871.1","ENSG00000148229.13","OTTHUMG00000020523.3","OTTHUMT00000053727.1","POLE3-204","POLE3",2396,"protein_coding_CDS_not_defined",949,27,0.927805781,"AAACT",0.666666667,NA,NA,NA,NA,NA,NA,NA,NA,NA,0,0,0,NA,NA,NA
"2451","ENST00000480176.5","ENSG00000163479.14","OTTHUMG00000017456.4","OTTHUMT00000046175.1","SSR2-209","SSR2",1040,"retained_intron",964,254,0.956068575,"AGACT",0.586614173,NA,NA,NA,NA,NA,NA,NA,NA,NA,0,0,0,NA,NA,NA
"2452","ENST00000480384.1","ENSG00000204386.12","OTTHUMG00000031284.5","OTTHUMT00000268460.1","NEU1-207","NEU1",2214,"retained_intron",1583,68,0.94663775,"GGACT",0.676470588,NA,NA,NA,NA,NA,NA,NA,NA,NA,0,0,0,NA,NA,NA
"2453","ENST00000480384.1","ENSG00000204386.12","OTTHUMG00000031284.5","OTTHUMT00000268460.1","NEU1-207","NEU1",2214,"retained_intron",1637,72,0.974856019,"AGACA",0.694444444,NA,NA,NA,NA,NA,NA,NA,NA,NA,0,0,0,NA,NA,NA
"2454","ENST00000480384.1","ENSG00000204386.12","OTTHUMG00000031284.5","OTTHUMT00000268460.1","NEU1-207","NEU1",2214,"retained_intron",1712,123,0.970216334,"GGACT",0.739837398,NA,NA,NA,NA,NA,NA,NA,NA,NA,0,0,0,NA,NA,NA
"2455","ENST00000480655.5","ENSG00000244005.13","OTTHUMG00000032361.12","OTTHUMT00000078939.1","NFS1-211","NFS1",2653,"retained_intron",2247,32,0.951068819,"AGACA",0.6875,NA,NA,NA,NA,NA,NA,NA,NA,NA,0,0,0,NA,NA,NA
"2456","ENST00000480655.5","ENSG00000244005.13","OTTHUMG00000032361.12","OTTHUMT00000078939.1","NFS1-211","NFS1",2653,"retained_intron",2352,36,0.910309732,"GGACA",0.583333333,NA,NA,NA,NA,NA,NA,NA,NA,NA,0,0,0,NA,NA,NA
"2457","ENST00000480891.5","ENSG00000006744.19","OTTHUMG00000058764.16","OTTHUMT00000129937.2","ELAC2-207","ELAC2",2737,"retained_intron",2497,101,0.980926871,"GGACT",0.782178218,NA,NA,NA,NA,NA,NA,NA,NA,NA,0,0,0,NA,NA,NA
"2458","ENST00000480908.1","ENSG00000114125.14","OTTHUMG00000141305.4","OTTHUMT00000353057.2","RNF7-205","RNF7",782,"protein_coding",493,222,0.920781851,"GGACT",0.531531532,NA,NA,NA,NA,NA,NA,NA,NA,NA,0,0,0,NA,NA,NA
"2459","ENST00000481054.5","ENSG00000145191.15","OTTHUMG00000156840.21","OTTHUMT00000346171.1","EIF2B5-207","EIF2B5",3460,"retained_intron",3270,21,0.909618199,"TGACT",0.476190476,NA,NA,NA,NA,NA,NA,NA,NA,NA,0,0,0,NA,NA,NA
"2460","ENST00000481195.6","ENSG00000113575.12","OTTHUMG00000129119.6","OTTHUMT00000251165.2","PPP2CA-203","PPP2CA",4582,"protein_coding",1266,147,0.914100468,"GGACC",0.517006803,NA,NA,NA,NA,NA,NA,NA,NA,NA,0,0,0,NA,NA,NA
"2461","ENST00000481210.6","ENSG00000058262.11","OTTHUMG00000159624.5","OTTHUMT00000356735.2","SEC61A1-204","SEC61A1",3521,"protein_coding",2021,22,0.985869884,"GGACT",0.727272727,NA,NA,NA,NA,NA,NA,NA,NA,NA,0,0,0,NA,NA,NA
"2462","ENST00000481210.6","ENSG00000058262.11","OTTHUMG00000159624.5","OTTHUMT00000356735.2","SEC61A1-204","SEC61A1",3521,"protein_coding",2386,47,0.983947575,"GGACA",0.723404255,NA,NA,NA,NA,NA,NA,NA,NA,NA,0,0,0,NA,NA,NA
"2463","ENST00000481210.6","ENSG00000058262.11","OTTHUMG00000159624.5","OTTHUMT00000356735.2","SEC61A1-204","SEC61A1",3521,"protein_coding",2392,56,0.941238642,"AAACT",0.571428571,NA,NA,NA,NA,NA,NA,NA,NA,NA,0,0,0,NA,NA,NA
"2464","ENST00000481210.6","ENSG00000058262.11","OTTHUMG00000159624.5","OTTHUMT00000356735.2","SEC61A1-204","SEC61A1",3521,"protein_coding",2396,62,0.967672765,"TGACT",0.806451613,NA,NA,NA,NA,NA,NA,NA,NA,NA,0,0,0,NA,NA,NA
"2465","ENST00000481210.6","ENSG00000058262.11","OTTHUMG00000159624.5","OTTHUMT00000356735.2","SEC61A1-204","SEC61A1",3521,"protein_coding",2475,53,0.975007892,"GGACT",0.716981132,NA,NA,NA,NA,NA,NA,NA,NA,NA,0,0,0,NA,NA,NA
"2466","ENST00000481473.5","ENSG00000196510.14","OTTHUMG00000157009.5","OTTHUMT00000347077.3","ANAPC7-206","ANAPC7",1836,"protein_coding_CDS_not_defined",1225,23,0.995610356,"GGACT",0.913043478,NA,NA,NA,NA,NA,NA,NA,NA,NA,0,0,0,NA,NA,NA
"2467","ENST00000481503.5","ENSG00000091732.17","OTTHUMG00000157648.4","OTTHUMT00000349319.1","ZC3HC1-209","ZC3HC1",1741,"protein_coding",1229,21,0.943151951,"GAACT",0.714285714,NA,NA,NA,NA,NA,NA,NA,NA,NA,0,0,0,NA,NA,NA
"2468","ENST00000481546.1","ENSG00000184787.19","OTTHUMG00000089179.7","OTTHUMT00000202649.1","UBE2G2-206","UBE2G2",4340,"retained_intron",3222,21,0.924316049,"GGACT",0.666666667,NA,NA,NA,NA,NA,NA,NA,NA,NA,0,0,0,NA,NA,NA
"2469","ENST00000481546.1","ENSG00000184787.19","OTTHUMG00000089179.7","OTTHUMT00000202649.1","UBE2G2-206","UBE2G2",4340,"retained_intron",3747,55,0.976182342,"AGACT",0.636363636,NA,NA,NA,NA,NA,NA,NA,NA,NA,0,0,0,NA,NA,NA
"2470","ENST00000481647.5","ENSG00000189159.16","OTTHUMG00000154521.4","OTTHUMT00000335701.2","JPT1-208","JPT1",576,"protein_coding",517,193,0.936999023,"GAACT",0.595854922,NA,NA,NA,NA,NA,NA,NA,NA,NA,0,0,0,NA,NA,NA
"2471","ENST00000481933.1","ENSG00000083444.17","OTTHUMG00000002393.5","OTTHUMT00000006866.1","PLOD1-207","PLOD1",2339,"retained_intron",1978,20,0.986788571,"AGACT",0.85,NA,NA,NA,NA,NA,NA,NA,NA,NA,0,0,0,NA,NA,NA
"2472","ENST00000482149.5","ENSG00000164535.15","OTTHUMG00000125513.5","OTTHUMT00000341925.1","DAGLB-208","DAGLB",2378,"retained_intron",1966,22,0.959234715,"GGACT",0.681818182,NA,NA,NA,NA,NA,NA,NA,NA,NA,0,0,0,NA,NA,NA
"2473","ENST00000482178.5","ENSG00000100417.12","OTTHUMG00000150972.4","OTTHUMT00000320714.1","PMM1-207","PMM1",2020,"retained_intron",1752,20,0.923702776,"GGACA",0.65,NA,NA,NA,NA,NA,NA,NA,NA,NA,0,0,0,NA,NA,NA
"2474","ENST00000482348.5","ENSG00000189159.16","OTTHUMG00000154521.4","OTTHUMT00000335697.2","JPT1-209","JPT1",1614,"protein_coding",849,258,0.92157346,"GAACT",0.57751938,NA,NA,NA,NA,NA,NA,NA,NA,NA,0,0,0,NA,NA,NA
"2475","ENST00000482463.5","ENSG00000115944.15","OTTHUMG00000128605.9","OTTHUMT00000325855.1","COX7A2L-207","COX7A2L",1918,"protein_coding_CDS_not_defined",1221,168,0.916489363,"GGACT",0.535714286,NA,NA,NA,NA,NA,NA,NA,NA,NA,0,0,0,NA,NA,NA
"2476","ENST00000482943.1","ENSG00000134375.11","OTTHUMG00000035806.2","OTTHUMT00000087093.1","TIMM17A-203","TIMM17A",2523,"protein_coding_CDS_not_defined",1850,91,0.94497788,"AGACA",0.637362637,NA,NA,NA,NA,NA,NA,NA,NA,NA,0,0,0,NA,NA,NA
"2477","ENST00000482998.1","ENSG00000161179.14","OTTHUMG00000150822.2","OTTHUMT00000320217.1","YDJC-207","YDJC",1388,"retained_intron",1018,27,0.961693585,"GGACT",0.703703704,NA,NA,NA,NA,NA,NA,NA,NA,NA,0,0,0,NA,NA,NA
"2478","ENST00000483166.5","ENSG00000105221.18","OTTHUMG00000137375.23","OTTHUMT00000268031.1","AKT2-218","AKT2",4454,"retained_intron",3811,25,0.978628993,"GGACA",0.68,NA,NA,NA,NA,NA,NA,NA,NA,NA,0,0,0,NA,NA,NA
"2479","ENST00000483739.5","ENSG00000162384.14","OTTHUMG00000008940.4","OTTHUMT00000024752.1","CZIB-205","CZIB",1912,"retained_intron",1524,39,0.904675603,"GGACT",0.692307692,NA,NA,NA,NA,NA,NA,NA,NA,NA,0,0,0,NA,NA,NA
"2480","ENST00000483956.2","ENSG00000058262.11","OTTHUMG00000159624.5","OTTHUMT00000356734.1","SEC61A1-205","SEC61A1",3890,"nonsense_mediated_decay",2416,23,0.931221664,"GAACT",0.652173913,NA,NA,NA,NA,NA,NA,NA,NA,NA,0,0,0,NA,NA,NA
"2481","ENST00000483956.2","ENSG00000058262.11","OTTHUMG00000159624.5","OTTHUMT00000356734.1","SEC61A1-205","SEC61A1",3890,"nonsense_mediated_decay",2718,47,0.987886608,"GGACA",0.808510638,NA,NA,NA,NA,NA,NA,NA,NA,NA,0,0,0,NA,NA,NA
"2482","ENST00000483956.2","ENSG00000058262.11","OTTHUMG00000159624.5","OTTHUMT00000356734.1","SEC61A1-205","SEC61A1",3890,"nonsense_mediated_decay",2724,66,0.955787539,"AAACT",0.560606061,NA,NA,NA,NA,NA,NA,NA,NA,NA,0,0,0,NA,NA,NA
"2483","ENST00000483956.2","ENSG00000058262.11","OTTHUMG00000159624.5","OTTHUMT00000356734.1","SEC61A1-205","SEC61A1",3890,"nonsense_mediated_decay",2728,74,0.95153147,"TGACT",0.689189189,NA,NA,NA,NA,NA,NA,NA,NA,NA,0,0,0,NA,NA,NA
"2484","ENST00000483956.2","ENSG00000058262.11","OTTHUMG00000159624.5","OTTHUMT00000356734.1","SEC61A1-205","SEC61A1",3890,"nonsense_mediated_decay",2807,64,0.95647788,"GGACT",0.65625,NA,NA,NA,NA,NA,NA,NA,NA,NA,0,0,0,NA,NA,NA
"2485","ENST00000483992.5","ENSG00000243147.8","OTTHUMG00000097795.3","OTTHUMT00000324565.1","MRPL33-206","MRPL33",729,"protein_coding_CDS_not_defined",658,92,0.913517356,"GGACA",0.391304348,NA,NA,NA,NA,NA,NA,NA,NA,NA,0,0,0,NA,NA,NA
"2486","ENST00000484122.5","ENSG00000006744.19","OTTHUMG00000058764.16","OTTHUMT00000129936.3","ELAC2-208","ELAC2",3738,"retained_intron",3498,92,0.97762388,"GGACT",0.77173913,NA,NA,NA,NA,NA,NA,NA,NA,NA,0,0,0,NA,NA,NA
"2487","ENST00000484202.2","ENSG00000175137.11","OTTHUMG00000040389.3","OTTHUMT00000097142.2","SH3BP5L-203","SH3BP5L",3110,"protein_coding_CDS_not_defined",2922,20,0.964916885,"GGACT",0.75,NA,NA,NA,NA,NA,NA,NA,NA,NA,0,0,0,NA,NA,NA
"2488","ENST00000484247.1","ENSG00000141696.13","OTTHUMG00000133501.8","OTTHUMT00000257441.1","P3H4-205","P3H4",1866,"retained_intron",1713,27,0.924325824,"GGACA",0.703703704,NA,NA,NA,NA,NA,NA,NA,NA,NA,0,0,0,NA,NA,NA
"2489","ENST00000484320.6","ENSG00000163479.14","OTTHUMG00000017456.4","OTTHUMT00000046177.2","SSR2-211","SSR2",1148,"retained_intron",1050,617,0.926252902,"AGACT",0.531604538,NA,NA,NA,NA,NA,NA,NA,NA,NA,0,0,0,NA,NA,NA
"2490","ENST00000484320.6","ENSG00000163479.14","OTTHUMG00000017456.4","OTTHUMT00000046177.2","SSR2-211","SSR2",1148,"retained_intron",1123,583,0.988329709,"GGACT",0.82161235,NA,NA,NA,NA,NA,NA,NA,NA,NA,0,0,0,NA,NA,NA
"2491","ENST00000484471.6","ENSG00000196642.19","OTTHUMG00000020947.13","OTTHUMT00000055139.4","RABL6-210","RABL6",2746,"nonsense_mediated_decay",2327,53,0.909578443,"GGACA",0.452830189,NA,NA,NA,NA,NA,NA,NA,NA,NA,0,0,0,NA,NA,NA
"2492","ENST00000484471.6","ENSG00000196642.19","OTTHUMG00000020947.13","OTTHUMT00000055139.4","RABL6-210","RABL6",2746,"nonsense_mediated_decay",2376,68,0.908799052,"TGACT",0.617647059,NA,NA,NA,NA,NA,NA,NA,NA,NA,0,0,0,NA,NA,NA
"2493","ENST00000484846.1","ENSG00000110047.18","OTTHUMG00000066832.18","OTTHUMT00000143233.3","EHD1-209","EHD1",3469,"retained_intron",3458,65,0.928695083,"GAACT",0.630769231,NA,NA,NA,NA,NA,NA,NA,NA,NA,0,0,0,NA,NA,NA
"2494","ENST00000484908.2","ENSG00000071553.18","OTTHUMG00000033291.11","OTTHUMT00000316576.1","ATP6AP1-208","ATP6AP1",2556,"protein_coding_CDS_not_defined",1417,44,0.939193726,"TGACT",0.636363636,NA,NA,NA,NA,NA,NA,NA,NA,NA,0,0,0,NA,NA,NA
"2495","ENST00000484980.5","ENSG00000109103.12","OTTHUMG00000132606.7","OTTHUMT00000255845.2","UNC119-205","UNC119",4189,"protein_coding",3716,53,0.916936755,"GGACC",0.433962264,NA,NA,NA,NA,NA,NA,NA,NA,NA,0,0,0,NA,NA,NA
"2496","ENST00000485191.5","ENSG00000228300.14","OTTHUMG00000153928.8","OTTHUMT00000333052.1","FAM174C-203","FAM174C",1675,"retained_intron",1518,196,0.957084239,"TGACT",0.653061224,NA,NA,NA,NA,NA,NA,NA,NA,NA,0,0,0,NA,NA,NA
"2497","ENST00000485332.7","ENSG00000178605.14","OTTHUMG00000022694.3","OTTHUMT00000467781.1","GTPBP6-202","GTPBP6",2016,"retained_intron",1766,64,0.911679327,"GGACA",0.515625,NA,NA,NA,NA,NA,NA,NA,NA,NA,0,0,0,NA,NA,NA
"2498","ENST00000485936.5","ENSG00000197586.13","OTTHUMG00000032116.4","OTTHUMT00000078395.1","ENTPD6-217","ENTPD6",2588,"protein_coding_CDS_not_defined",1984,40,0.947245598,"GGACT",0.875,NA,NA,NA,NA,NA,NA,NA,NA,NA,0,0,0,NA,NA,NA
"2499","ENST00000485936.5","ENSG00000197586.13","OTTHUMG00000032116.4","OTTHUMT00000078395.1","ENTPD6-217","ENTPD6",2588,"protein_coding_CDS_not_defined",2430,95,0.901350439,"GGACA",0.578947368,NA,NA,NA,NA,NA,NA,NA,NA,NA,0,0,0,NA,NA,NA
"2500","ENST00000485978.1","ENSG00000160326.14","OTTHUMG00000020874.4","OTTHUMT00000054911.1","SLC2A6-205","SLC2A6",3417,"protein_coding_CDS_not_defined",2971,21,0.954830825,"GGACT",0.857142857,NA,NA,NA,NA,NA,NA,NA,NA,NA,0,0,0,NA,NA,NA
"2501","ENST00000486040.1","ENSG00000122687.19","OTTHUMG00000023866.8","OTTHUMT00000322933.2","MRM2-205","MRM2",2511,"nonsense_mediated_decay",1797,43,0.950974882,"GGACA",0.534883721,NA,NA,NA,NA,NA,NA,NA,NA,NA,0,0,0,NA,NA,NA
"2502","ENST00000486040.1","ENSG00000122687.19","OTTHUMG00000023866.8","OTTHUMT00000322933.2","MRM2-205","MRM2",2511,"nonsense_mediated_decay",2033,58,0.91631186,"GGACT",0.637931034,NA,NA,NA,NA,NA,NA,NA,NA,NA,0,0,0,NA,NA,NA
"2503","ENST00000486040.1","ENSG00000122687.19","OTTHUMG00000023866.8","OTTHUMT00000322933.2","MRM2-205","MRM2",2511,"nonsense_mediated_decay",2047,61,0.967454612,"AGACT",0.819672131,NA,NA,NA,NA,NA,NA,NA,NA,NA,0,0,0,NA,NA,NA
"2504","ENST00000486645.5","ENSG00000103121.9","OTTHUMG00000137625.6","OTTHUMT00000269048.2","CMC2-202","CMC2",766,"protein_coding",518,74,0.976608217,"AGACT",0.797297297,NA,NA,NA,NA,NA,NA,NA,NA,NA,0,0,0,NA,NA,NA
"2505","ENST00000487229.6","ENSG00000006744.19","OTTHUMG00000058764.16","OTTHUMT00000441669.1","ELAC2-209","ELAC2",2452,"retained_intron",2214,97,0.979949117,"GGACT",0.773195876,NA,NA,NA,NA,NA,NA,NA,NA,NA,0,0,0,NA,NA,NA
"2506","ENST00000487344.1","ENSG00000138835.24","OTTHUMG00000021048.9","OTTHUMT00000355386.1","RGS3-220","RGS3",4158,"retained_intron",3995,22,0.957530499,"GGACT",0.863636364,NA,NA,NA,NA,NA,NA,NA,NA,NA,0,0,0,NA,NA,NA
"2507","ENST00000487480.1","ENSG00000105993.15","OTTHUMG00000157242.7","OTTHUMT00000348123.1","DNAJB6-216","DNAJB6",5173,"retained_intron",4589,22,0.916275024,"GAACT",0.5,NA,NA,NA,NA,NA,NA,NA,NA,NA,0,0,0,NA,NA,NA
"2508","ENST00000487519.6","ENSG00000108064.11","OTTHUMG00000018270.2","OTTHUMT00000048146.2","TFAM-204","TFAM",5025,"protein_coding",1018,25,0.923167229,"GGACT",0.72,NA,NA,NA,NA,NA,NA,NA,NA,NA,0,0,0,NA,NA,NA
"2509","ENST00000487659.1","ENSG00000242485.6","OTTHUMG00000002916.4","OTTHUMT00000008140.2","MRPL20-204","MRPL20",1693,"retained_intron",1525,127,0.960471094,"GGACT",0.692913386,NA,NA,NA,NA,NA,NA,NA,NA,NA,0,0,0,NA,NA,NA
"2510","ENST00000487799.5","ENSG00000144895.12","OTTHUMG00000159775.4","OTTHUMT00000357260.2","EIF2A-214","EIF2A",1913,"protein_coding",982,31,0.967238784,"GAACT",0.709677419,NA,NA,NA,NA,NA,NA,NA,NA,NA,0,0,0,NA,NA,NA
"2511","ENST00000487799.5","ENSG00000144895.12","OTTHUMG00000159775.4","OTTHUMT00000357260.2","EIF2A-214","EIF2A",1913,"protein_coding",1020,31,0.972992003,"GGACA",0.677419355,NA,NA,NA,NA,NA,NA,NA,NA,NA,0,0,0,NA,NA,NA
"2512","ENST00000488038.5","ENSG00000100364.19","OTTHUMG00000151263.4","OTTHUMT00000321977.1","KIAA0930-212","KIAA0930",2639,"retained_intron",2195,23,0.91766417,"GGACA",0.608695652,NA,NA,NA,NA,NA,NA,NA,NA,NA,0,0,0,NA,NA,NA
"2513","ENST00000488179.6","ENSG00000163479.14","OTTHUMG00000017456.4","OTTHUMT00000046183.2","SSR2-212","SSR2",1712,"retained_intron",1569,786,0.919971406,"AGACT",0.530534351,NA,NA,NA,NA,NA,NA,NA,NA,NA,0,0,0,NA,NA,NA
"2514","ENST00000488179.6","ENSG00000163479.14","OTTHUMG00000017456.4","OTTHUMT00000046183.2","SSR2-212","SSR2",1712,"retained_intron",1642,742,0.990637124,"GGACT",0.835579515,NA,NA,NA,NA,NA,NA,NA,NA,NA,0,0,0,NA,NA,NA
"2515","ENST00000488469.4","ENSG00000237651.8","OTTHUMG00000187090.3","OTTHUMT00000325685.4","C2orf74-205","C2orf74",1070,"protein_coding",827,47,0.954890609,"AGACT",0.680851064,NA,NA,NA,NA,NA,NA,NA,NA,NA,0,0,0,NA,NA,NA
"2516","ENST00000488500.2","ENSG00000156508.19","OTTHUMG00000015031.7","OTTHUMT00000128720.1","EEF1A1-207","EEF1A1",1825,"retained_intron",1593,2908,0.917620003,"GAACT",0.618638239,NA,NA,NA,NA,NA,NA,NA,NA,NA,0,0,0,NA,NA,NA
"2517","ENST00000488500.2","ENSG00000156508.19","OTTHUMG00000015031.7","OTTHUMT00000128720.1","EEF1A1-207","EEF1A1",1825,"retained_intron",1634,2743,0.939205945,"AGACT",0.578563616,NA,NA,NA,NA,NA,NA,NA,NA,NA,0,0,0,NA,NA,NA
"2518","ENST00000488504.5","ENSG00000188130.14","OTTHUMG00000030145.5","OTTHUMT00000316917.1","MAPK12-206","MAPK12",1785,"retained_intron",1639,49,0.952832878,"GGACA",0.469387755,NA,NA,NA,NA,NA,NA,NA,NA,NA,0,0,0,NA,NA,NA
"2519","ENST00000488594.5","ENSG00000152904.11","OTTHUMG00000037963.3","OTTHUMT00000356797.1","GGPS1-206","GGPS1",1396,"protein_coding",633,20,0.982633591,"GGACT",1,172,321,903,1,172,173,1074,1075,1395,0,1,0,NA,0.510520487264673,NA
"2520","ENST00000488606.5","ENSG00000116898.12","OTTHUMG00000008042.5","OTTHUMT00000022054.2","MRPS15-204","MRPS15",2127,"protein_coding_CDS_not_defined",2064,114,0.908037841,"AGACA",0.649122807,NA,NA,NA,NA,NA,NA,NA,NA,NA,0,0,0,NA,NA,NA
"2521","ENST00000488633.2","ENSG00000144021.3","OTTHUMG00000130452.3","OTTHUMT00000252843.2","CIAO1-203","CIAO1",3968,"protein_coding",1162,122,0.994589329,"GGACA",0.868852459,NA,NA,NA,NA,NA,NA,NA,NA,NA,0,0,0,NA,NA,NA
"2522","ENST00000488633.2","ENSG00000144021.3","OTTHUMG00000130452.3","OTTHUMT00000252843.2","CIAO1-203","CIAO1",3968,"protein_coding",1197,163,0.920898736,"AGACT",0.754601227,NA,NA,NA,NA,NA,NA,NA,NA,NA,0,0,0,NA,NA,NA
"2523","ENST00000488788.2","ENSG00000270299.1","OTTHUMG00000184659.2","OTTHUMT00000251398.4","ENST00000488788","ENSG00000270299",2714,"protein_coding",615,24,0.927523673,"AGACT",0.708333333,NA,NA,NA,NA,NA,NA,NA,NA,NA,0,0,0,NA,NA,NA
"2524","ENST00000488788.2","ENSG00000270299.1","OTTHUMG00000184659.2","OTTHUMT00000251398.4","ENST00000488788","ENSG00000270299",2714,"protein_coding",786,26,0.993660867,"GGACT",1,NA,NA,NA,NA,NA,NA,NA,NA,NA,0,0,0,NA,NA,NA
"2525","ENST00000488788.2","ENSG00000270299.1","OTTHUMG00000184659.2","OTTHUMT00000251398.4","ENST00000488788","ENSG00000270299",2714,"protein_coding",923,22,0.971061528,"GGACA",0.590909091,NA,NA,NA,NA,NA,NA,NA,NA,NA,0,0,0,NA,NA,NA
"2526","ENST00000488788.2","ENSG00000270299.1","OTTHUMG00000184659.2","OTTHUMT00000251398.4","ENST00000488788","ENSG00000270299",2714,"protein_coding",967,30,0.94200182,"GGACT",0.866666667,NA,NA,NA,NA,NA,NA,NA,NA,NA,0,0,0,NA,NA,NA
"2527","ENST00000488788.2","ENSG00000270299.1","OTTHUMG00000184659.2","OTTHUMT00000251398.4","ENST00000488788","ENSG00000270299",2714,"protein_coding",1372,46,0.903137922,"AGACA",0.434782609,NA,NA,NA,NA,NA,NA,NA,NA,NA,0,0,0,NA,NA,NA
"2528","ENST00000488788.2","ENSG00000270299.1","OTTHUMG00000184659.2","OTTHUMT00000251398.4","ENST00000488788","ENSG00000270299",2714,"protein_coding",1429,51,0.988980591,"AGACT",0.882352941,NA,NA,NA,NA,NA,NA,NA,NA,NA,0,0,0,NA,NA,NA
"2529","ENST00000488876.5","ENSG00000131748.16","OTTHUMG00000133213.13","OTTHUMT00000256935.2","STARD3-208","STARD3",2404,"retained_intron",1976,21,0.912809372,"TGACT",0.523809524,NA,NA,NA,NA,NA,NA,NA,NA,NA,0,0,0,NA,NA,NA
"2530","ENST00000488876.5","ENSG00000131748.16","OTTHUMG00000133213.13","OTTHUMT00000256935.2","STARD3-208","STARD3",2404,"retained_intron",2005,22,0.982047856,"GGACT",0.909090909,NA,NA,NA,NA,NA,NA,NA,NA,NA,0,0,0,NA,NA,NA
"2531","ENST00000488973.6","ENSG00000064961.19","OTTHUMG00000150437.7","OTTHUMT00000318089.2","HMG20B-213","HMG20B",2434,"retained_intron",2166,52,0.96169138,"GGACA",0.576923077,NA,NA,NA,NA,NA,NA,NA,NA,NA,0,0,0,NA,NA,NA
"2532","ENST00000489134.5","ENSG00000132429.10","OTTHUMG00000015293.3","OTTHUMT00000041653.1","POPDC3-204","POPDC3",1025,"protein_coding_CDS_not_defined",285,20,0.907846451,"GGACT",0.7,NA,NA,NA,NA,NA,NA,NA,NA,NA,0,0,0,NA,NA,NA
"2533","ENST00000489134.5","ENSG00000132429.10","OTTHUMG00000015293.3","OTTHUMT00000041653.1","POPDC3-204","POPDC3",1025,"protein_coding_CDS_not_defined",889,28,0.987301469,"AGACT",0.928571429,NA,NA,NA,NA,NA,NA,NA,NA,NA,0,0,0,NA,NA,NA
"2534","ENST00000489277.6","ENSG00000126698.11","OTTHUMG00000003538.4","OTTHUMT00000009861.1","DNAJC8-205","DNAJC8",1600,"protein_coding",970,130,0.904443145,"GGACT",0.530769231,NA,NA,NA,NA,NA,NA,NA,NA,NA,0,0,0,NA,NA,NA
"2535","ENST00000489304.6","ENSG00000101017.15","OTTHUMG00000033053.4","OTTHUMT00000080378.1","CD40-206","CD40",1740,"nonsense_mediated_decay",1359,22,0.915572345,"AGACT",0.454545455,NA,NA,NA,NA,NA,NA,NA,NA,NA,0,0,0,NA,NA,NA
"2536","ENST00000489377.1","ENSG00000066697.15","OTTHUMG00000020365.3","OTTHUMT00000053411.1","MSANTD3-205","MSANTD3",1991,"protein_coding_CDS_not_defined",1788,34,0.906361222,"GGACT",0.735294118,NA,NA,NA,NA,NA,NA,NA,NA,NA,0,0,0,NA,NA,NA
"2537","ENST00000489432.7","ENSG00000214022.12","OTTHUMG00000158330.4","OTTHUMT00000350705.3","REPIN1-214","REPIN1",3130,"protein_coding",2822,51,0.913154185,"GGACT",0.607843137,NA,NA,NA,NA,NA,NA,NA,NA,NA,0,0,0,NA,NA,NA
"2538","ENST00000489432.7","ENSG00000214022.12","OTTHUMG00000158330.4","OTTHUMT00000350705.3","REPIN1-214","REPIN1",3130,"protein_coding",2899,23,0.985386968,"GGACA",0.826086957,NA,NA,NA,NA,NA,NA,NA,NA,NA,0,0,0,NA,NA,NA
"2539","ENST00000489591.5","ENSG00000141756.20","OTTHUMG00000133497.6","OTTHUMT00000257414.2","FKBP10-206","FKBP10",2826,"nonsense_mediated_decay",2088,56,0.990339816,"GGACT",0.928571429,NA,NA,NA,NA,NA,NA,NA,NA,NA,0,0,0,NA,NA,NA
"2540","ENST00000489822.5","ENSG00000151923.18","OTTHUMG00000019156.8","OTTHUMT00000050669.2","TIAL1-211","TIAL1",2222,"retained_intron",1962,61,0.939705431,"GGACT",0.704918033,NA,NA,NA,NA,NA,NA,NA,NA,NA,0,0,0,NA,NA,NA
"2541","ENST00000490249.5","ENSG00000132676.16","OTTHUMG00000035439.6","OTTHUMT00000086074.2","DAP3-220","DAP3",710,"protein_coding",547,75,0.940717399,"GGACT",0.733333333,NA,NA,NA,NA,NA,NA,NA,NA,NA,0,0,0,NA,NA,NA
"2542","ENST00000490466.2","ENSG00000142694.7","OTTHUMG00000007867.1","-","EVA1B-202","EVA1B",980,"protein_coding",791,27,0.964571297,"GGACT",0.740740741,NA,NA,NA,NA,NA,NA,NA,NA,NA,0,0,0,NA,NA,NA
"2543","ENST00000490569.6","ENSG00000156508.19","OTTHUMG00000015031.7","OTTHUMT00000128717.1","EEF1A1-208","EEF1A1",2177,"retained_intron",1941,2898,0.903034151,"GAACT",0.606970324,NA,NA,NA,NA,NA,NA,NA,NA,NA,0,0,0,NA,NA,NA
"2544","ENST00000490569.6","ENSG00000156508.19","OTTHUMG00000015031.7","OTTHUMT00000128717.1","EEF1A1-208","EEF1A1",2177,"retained_intron",1982,2742,0.925318003,"AGACT",0.556892779,NA,NA,NA,NA,NA,NA,NA,NA,NA,0,0,0,NA,NA,NA
"2545","ENST00000491008.6","ENSG00000145191.15","OTTHUMG00000156840.21","OTTHUMT00000346175.2","EIF2B5-209","EIF2B5",3298,"retained_intron",3039,28,0.948650897,"AGACT",0.5,NA,NA,NA,NA,NA,NA,NA,NA,NA,0,0,0,NA,NA,NA
"2546","ENST00000491117.5","ENSG00000146535.14","OTTHUMG00000023064.6","OTTHUMT00000325237.1","GNA12-207","GNA12",3375,"protein_coding_CDS_not_defined",1882,20,0.906488538,"GGACA",0.65,NA,NA,NA,NA,NA,NA,NA,NA,NA,0,0,0,NA,NA,NA
"2547","ENST00000491117.5","ENSG00000146535.14","OTTHUMG00000023064.6","OTTHUMT00000325237.1","GNA12-207","GNA12",3375,"protein_coding_CDS_not_defined",1945,33,0.986572564,"TGACT",0.636363636,NA,NA,NA,NA,NA,NA,NA,NA,NA,0,0,0,NA,NA,NA
"2548","ENST00000491117.5","ENSG00000146535.14","OTTHUMG00000023064.6","OTTHUMT00000325237.1","GNA12-207","GNA12",3375,"protein_coding_CDS_not_defined",3074,63,0.981131494,"GGACT",0.873015873,NA,NA,NA,NA,NA,NA,NA,NA,NA,0,0,0,NA,NA,NA
"2549","ENST00000491144.5","ENSG00000145191.15","OTTHUMG00000156840.21","OTTHUMT00000346169.1","EIF2B5-210","EIF2B5",3038,"retained_intron",2779,27,0.951752543,"AGACT",0.481481481,NA,NA,NA,NA,NA,NA,NA,NA,NA,0,0,0,NA,NA,NA
"2550","ENST00000491192.1","ENSG00000135046.14","OTTHUMG00000020016.3","OTTHUMT00000052663.1","ANXA1-207","ANXA1",1400,"protein_coding_CDS_not_defined",1396,48,0.943462491,"AGACA",0.25,NA,NA,NA,NA,NA,NA,NA,NA,NA,0,0,0,NA,NA,NA
"2551","ENST00000491404.2","ENSG00000156508.19","OTTHUMG00000015031.7","-","EEF1A1-209","EEF1A1",2109,"retained_intron",1877,2911,0.917513847,"GAACT",0.611817245,NA,NA,NA,NA,NA,NA,NA,NA,NA,0,0,0,NA,NA,NA
"2552","ENST00000491404.2","ENSG00000156508.19","OTTHUMG00000015031.7","-","EEF1A1-209","EEF1A1",2109,"retained_intron",1918,2727,0.931809247,"AGACT",0.562889622,NA,NA,NA,NA,NA,NA,NA,NA,NA,0,0,0,NA,NA,NA
"2553","ENST00000491569.5","ENSG00000071553.18","OTTHUMG00000033291.11","OTTHUMT00000081642.2","ATP6AP1-209","ATP6AP1",2079,"retained_intron",933,69,0.953265727,"TGACT",0.68115942,NA,NA,NA,NA,NA,NA,NA,NA,NA,0,0,0,NA,NA,NA
"2554","ENST00000491668.2","ENSG00000058262.11","OTTHUMG00000159624.5","OTTHUMT00000356736.1","SEC61A1-206","SEC61A1",3776,"retained_intron",2224,20,0.941275358,"GGACC",0.5,NA,NA,NA,NA,NA,NA,NA,NA,NA,0,0,0,NA,NA,NA
"2555","ENST00000491668.2","ENSG00000058262.11","OTTHUMG00000159624.5","OTTHUMT00000356736.1","SEC61A1-206","SEC61A1",3776,"retained_intron",2641,22,0.994930029,"GGACA",0.818181818,NA,NA,NA,NA,NA,NA,NA,NA,NA,0,0,0,NA,NA,NA
"2556","ENST00000491668.2","ENSG00000058262.11","OTTHUMG00000159624.5","OTTHUMT00000356736.1","SEC61A1-206","SEC61A1",3776,"retained_intron",2647,30,0.966244161,"AAACT",0.666666667,NA,NA,NA,NA,NA,NA,NA,NA,NA,0,0,0,NA,NA,NA
"2557","ENST00000491668.2","ENSG00000058262.11","OTTHUMG00000159624.5","OTTHUMT00000356736.1","SEC61A1-206","SEC61A1",3776,"retained_intron",2651,53,0.955843508,"TGACT",0.754716981,NA,NA,NA,NA,NA,NA,NA,NA,NA,0,0,0,NA,NA,NA
"2558","ENST00000491668.2","ENSG00000058262.11","OTTHUMG00000159624.5","OTTHUMT00000356736.1","SEC61A1-206","SEC61A1",3776,"retained_intron",2730,48,0.963247657,"GGACT",0.75,NA,NA,NA,NA,NA,NA,NA,NA,NA,0,0,0,NA,NA,NA
"2559","ENST00000491768.5","ENSG00000204386.12","OTTHUMG00000031284.5","OTTHUMT00000268458.2","NEU1-208","NEU1",1875,"nonsense_mediated_decay",1244,160,0.964517474,"GGACT",0.69375,NA,NA,NA,NA,NA,NA,NA,NA,NA,0,0,0,NA,NA,NA
"2560","ENST00000491768.5","ENSG00000204386.12","OTTHUMG00000031284.5","OTTHUMT00000268458.2","NEU1-208","NEU1",1875,"nonsense_mediated_decay",1298,140,0.965336621,"AGACA",0.671428571,NA,NA,NA,NA,NA,NA,NA,NA,NA,0,0,0,NA,NA,NA
"2561","ENST00000491768.5","ENSG00000204386.12","OTTHUMG00000031284.5","OTTHUMT00000268458.2","NEU1-208","NEU1",1875,"nonsense_mediated_decay",1373,207,0.96912533,"GGACT",0.729468599,NA,NA,NA,NA,NA,NA,NA,NA,NA,0,0,0,NA,NA,NA
"2562","ENST00000492095.5","ENSG00000157191.20","OTTHUMG00000002313.5","OTTHUMT00000006681.3","NECAP2-206","NECAP2",1787,"nonsense_mediated_decay",1718,22,0.906793177,"GAACT",0.545454545,NA,NA,NA,NA,NA,NA,NA,NA,NA,0,0,0,NA,NA,NA
"2563","ENST00000492239.5","ENSG00000267673.7","OTTHUMG00000141299.4","OTTHUMT00000325276.2","FDX2-206","FDX2",773,"protein_coding",738,77,0.946458042,"GGACT",0.662337662,NA,NA,NA,NA,NA,NA,NA,NA,NA,0,0,0,NA,NA,NA
"2564","ENST00000492354.1","ENSG00000055070.17","OTTHUMG00000002217.6","OTTHUMT00000355659.1","SZRD1-210","SZRD1",3401,"protein_coding",487,24,0.91965574,"GGACT",0.875,NA,NA,NA,NA,NA,NA,NA,NA,NA,0,0,0,NA,NA,NA
"2565","ENST00000492431.1","ENSG00000134222.16","OTTHUMG00000012000.6","OTTHUMT00000335568.2","PSRC1-212","PSRC1",1870,"retained_intron",1725,73,0.973443985,"GGACT",0.808219178,NA,NA,NA,NA,NA,NA,NA,NA,NA,0,0,0,NA,NA,NA
"2566","ENST00000492721.5","ENSG00000101084.19","OTTHUMG00000032384.4","OTTHUMT00000079011.3","RAB5IF-206","RAB5IF",1044,"nonsense_mediated_decay",426,141,0.950136542,"TGACT",0.503546099,NA,NA,NA,NA,NA,NA,NA,NA,NA,0,0,0,NA,NA,NA
"2567","ENST00000492830.5","ENSG00000159461.15","OTTHUMG00000133239.6","OTTHUMT00000256979.2","AMFR-202","AMFR",2249,"protein_coding",1154,21,0.924337387,"GGACT",0.761904762,NA,NA,NA,NA,NA,NA,NA,NA,NA,0,0,0,NA,NA,NA
"2568","ENST00000493039.5","ENSG00000101138.12","OTTHUMG00000032791.9","OTTHUMT00000259440.2","CSTF1-206","CSTF1",2234,"nonsense_mediated_decay",1299,20,0.915215373,"GGACT",0.45,NA,NA,NA,NA,NA,NA,NA,NA,NA,0,0,0,NA,NA,NA
"2569","ENST00000493039.5","ENSG00000101138.12","OTTHUMG00000032791.9","OTTHUMT00000259440.2","CSTF1-206","CSTF1",2234,"nonsense_mediated_decay",1494,50,0.995197117,"TGACT",0.82,NA,NA,NA,NA,NA,NA,NA,NA,NA,0,0,0,NA,NA,NA
"2570","ENST00000493039.5","ENSG00000101138.12","OTTHUMG00000032791.9","OTTHUMT00000259440.2","CSTF1-206","CSTF1",2234,"nonsense_mediated_decay",1530,26,0.975584328,"GGACT",0.730769231,NA,NA,NA,NA,NA,NA,NA,NA,NA,0,0,0,NA,NA,NA
"2571","ENST00000493039.5","ENSG00000101138.12","OTTHUMG00000032791.9","OTTHUMT00000259440.2","CSTF1-206","CSTF1",2234,"nonsense_mediated_decay",1757,27,0.959210098,"GGACT",0.740740741,NA,NA,NA,NA,NA,NA,NA,NA,NA,0,0,0,NA,NA,NA
"2572","ENST00000493287.5","ENSG00000242485.6","OTTHUMG00000002916.4","OTTHUMT00000008144.1","MRPL20-206","MRPL20",504,"protein_coding_CDS_not_defined",336,126,0.959876299,"GGACT",0.69047619,NA,NA,NA,NA,NA,NA,NA,NA,NA,0,0,0,NA,NA,NA
"2573","ENST00000493471.2","ENSG00000100804.19","OTTHUMG00000028713.6","OTTHUMT00000071697.2","PSMB5-205","PSMB5",1117,"protein_coding",942,1142,0.925574601,"GGACA",0.539404553,NA,NA,NA,NA,NA,NA,NA,NA,NA,0,0,0,NA,NA,NA
"2574","ENST00000493536.7","ENSG00000163597.17","OTTHUMG00000132201.6","OTTHUMT00000526039.1","SNHG16-202","SNHG16",2437,"lncRNA",433,73,0.965486825,"GGACT",0.780821918,NA,NA,NA,NA,NA,NA,NA,NA,NA,0,0,0,NA,NA,NA
"2575","ENST00000493599.1","ENSG00000080189.15","OTTHUMG00000033050.5","OTTHUMT00000080364.1","SLC35C2-212","SLC35C2",2510,"protein_coding_CDS_not_defined",1781,41,0.963580966,"GGACT",0.804878049,NA,NA,NA,NA,NA,NA,NA,NA,NA,0,0,0,NA,NA,NA
"2576","ENST00000493599.1","ENSG00000080189.15","OTTHUMG00000033050.5","OTTHUMT00000080364.1","SLC35C2-212","SLC35C2",2510,"protein_coding_CDS_not_defined",1977,49,0.941551447,"GGACT",0.673469388,NA,NA,NA,NA,NA,NA,NA,NA,NA,0,0,0,NA,NA,NA
"2577","ENST00000493599.1","ENSG00000080189.15","OTTHUMG00000033050.5","OTTHUMT00000080364.1","SLC35C2-212","SLC35C2",2510,"protein_coding_CDS_not_defined",1988,54,0.919422865,"GGACT",0.611111111,NA,NA,NA,NA,NA,NA,NA,NA,NA,0,0,0,NA,NA,NA
"2578","ENST00000493646.1","ENSG00000055950.17","OTTHUMG00000018920.3","OTTHUMT00000049905.1","MRPL43-213","MRPL43",897,"protein_coding_CDS_not_defined",474,62,0.979069948,"GGACT",0.903225806,NA,NA,NA,NA,NA,NA,NA,NA,NA,0,0,0,NA,NA,NA
"2579","ENST00000493763.7","ENSG00000146223.16","OTTHUMG00000014710.5","OTTHUMT00000314417.3","RPL7L1-208","RPL7L1",4499,"protein_coding",1890,51,0.989077091,"AGACA",0.784313725,NA,NA,NA,NA,NA,NA,NA,NA,NA,0,0,0,NA,NA,NA
"2580","ENST00000493763.7","ENSG00000146223.16","OTTHUMG00000014710.5","OTTHUMT00000314417.3","RPL7L1-208","RPL7L1",4499,"protein_coding",2195,79,0.98628819,"AGACA",0.721518987,NA,NA,NA,NA,NA,NA,NA,NA,NA,0,0,0,NA,NA,NA
"2581","ENST00000493960.6","ENSG00000163946.14","OTTHUMG00000158827.5","OTTHUMT00000352352.2","TASOR-209","TASOR",5600,"protein_coding",5335,54,0.903353631,"GGACT",0.759259259,NA,NA,NA,NA,NA,NA,NA,NA,NA,0,0,0,NA,NA,NA
"2582","ENST00000494143.5","ENSG00000156521.14","OTTHUMG00000018397.2","OTTHUMT00000048486.1","TYSND1-204","TYSND1",3341,"protein_coding_CDS_not_defined",1848,34,0.929778278,"GGACT",0.705882353,NA,NA,NA,NA,NA,NA,NA,NA,NA,0,0,0,NA,NA,NA
"2583","ENST00000494312.5","ENSG00000122952.17","OTTHUMG00000018261.3","OTTHUMT00000048124.1","ZWINT-209","ZWINT",1961,"retained_intron",1427,31,0.943407655,"GGACT",0.677419355,NA,NA,NA,NA,NA,NA,NA,NA,NA,0,0,0,NA,NA,NA
"2584","ENST00000494664.6","ENSG00000113845.10","OTTHUMG00000159388.15","OTTHUMT00000355077.4","TIMMDC1-208","TIMMDC1",2379,"protein_coding",1040,120,0.904118061,"GGACT",0.55,NA,NA,NA,NA,NA,NA,NA,NA,NA,0,0,0,NA,NA,NA
"2585","ENST00000494993.1","ENSG00000184508.12","OTTHUMG00000141260.6","OTTHUMT00000280404.1","HDDC3-205","HDDC3",1220,"retained_intron",996,23,0.971522152,"AGACT",0.826086957,NA,NA,NA,NA,NA,NA,NA,NA,NA,0,0,0,NA,NA,NA
"2586","ENST00000495270.1","ENSG00000136908.18","OTTHUMG00000020725.2","OTTHUMT00000054325.2","DPM2-205","DPM2",1662,"retained_intron",1388,95,0.926334023,"GGACT",0.747368421,NA,NA,NA,NA,NA,NA,NA,NA,NA,0,0,0,NA,NA,NA
"2587","ENST00000495333.6","ENSG00000156508.19","OTTHUMG00000015031.7","OTTHUMT00000041211.2","EEF1A1-210","EEF1A1",1849,"retained_intron",1619,2501,0.916816652,"GAACT",0.609356257,NA,NA,NA,NA,NA,NA,NA,NA,NA,0,0,0,NA,NA,NA
"2588","ENST00000495333.6","ENSG00000156508.19","OTTHUMG00000015031.7","OTTHUMT00000041211.2","EEF1A1-210","EEF1A1",1849,"retained_intron",1660,2368,0.927972198,"AGACT",0.571368243,NA,NA,NA,NA,NA,NA,NA,NA,NA,0,0,0,NA,NA,NA
"2589","ENST00000495421.1","ENSG00000132768.14","OTTHUMG00000008295.3","OTTHUMT00000022833.2","DPH2-209","DPH2",2414,"nonsense_mediated_decay",1612,21,0.939541876,"GGACT",0.80952381,NA,NA,NA,NA,NA,NA,NA,NA,NA,0,0,0,NA,NA,NA
"2590","ENST00000495706.1","ENSG00000157593.20","OTTHUMG00000014760.3","OTTHUMT00000040723.1","SLC35B2-203","SLC35B2",1859,"protein_coding_CDS_not_defined",401,22,0.994268775,"GGACT",0.818181818,NA,NA,NA,NA,NA,NA,NA,NA,NA,0,0,0,NA,NA,NA
"2591","ENST00000495735.5","ENSG00000171307.19","OTTHUMG00000018847.6","OTTHUMT00000049663.2","ZDHHC16-218","ZDHHC16",1632,"protein_coding_CDS_not_defined",1357,84,0.957595944,"GGACT",0.702380952,NA,NA,NA,NA,NA,NA,NA,NA,NA,0,0,0,NA,NA,NA
"2592","ENST00000495807.1","ENSG00000204386.12","OTTHUMG00000031284.5","OTTHUMT00000268461.1","NEU1-209","NEU1",4616,"retained_intron",2592,97,0.960738301,"GGACT",0.701030928,NA,NA,NA,NA,NA,NA,NA,NA,NA,0,0,0,NA,NA,NA
"2593","ENST00000495807.1","ENSG00000204386.12","OTTHUMG00000031284.5","OTTHUMT00000268461.1","NEU1-209","NEU1",4616,"retained_intron",2646,99,0.962135613,"AGACA",0.646464646,NA,NA,NA,NA,NA,NA,NA,NA,NA,0,0,0,NA,NA,NA
"2594","ENST00000495807.1","ENSG00000204386.12","OTTHUMG00000031284.5","OTTHUMT00000268461.1","NEU1-209","NEU1",4616,"retained_intron",2721,154,0.972597122,"GGACT",0.733766234,NA,NA,NA,NA,NA,NA,NA,NA,NA,0,0,0,NA,NA,NA
"2595","ENST00000496443.5","ENSG00000115661.14","OTTHUMG00000154520.2","OTTHUMT00000335683.1","STK16-212","STK16",2094,"retained_intron",2009,20,0.906924665,"GGACT",0.6,NA,NA,NA,NA,NA,NA,NA,NA,NA,0,0,0,NA,NA,NA
"2596","ENST00000496655.1","ENSG00000172301.11","OTTHUMG00000132812.4","OTTHUMT00000256259.2","COPRS-203","COPRS",1062,"nonsense_mediated_decay",769,245,0.904349744,"GGACA",0.4,NA,NA,NA,NA,NA,NA,NA,NA,NA,0,0,0,NA,NA,NA
"2597","ENST00000496722.1","ENSG00000185651.16","OTTHUMG00000150823.2","OTTHUMT00000320220.2","UBE2L3-203","UBE2L3",3451,"retained_intron",1160,368,0.967308521,"GGACT",0.630434783,NA,NA,NA,NA,NA,NA,NA,NA,NA,0,0,0,NA,NA,NA
"2598","ENST00000496722.1","ENSG00000185651.16","OTTHUMG00000150823.2","OTTHUMT00000320220.2","UBE2L3-203","UBE2L3",3451,"retained_intron",2122,32,0.980008006,"GGACT",0.8125,NA,NA,NA,NA,NA,NA,NA,NA,NA,0,0,0,NA,NA,NA
"2599","ENST00000496722.1","ENSG00000185651.16","OTTHUMG00000150823.2","OTTHUMT00000320220.2","UBE2L3-203","UBE2L3",3451,"retained_intron",2213,24,0.940386176,"GGACT",0.666666667,NA,NA,NA,NA,NA,NA,NA,NA,NA,0,0,0,NA,NA,NA
"2600","ENST00000496722.1","ENSG00000185651.16","OTTHUMG00000150823.2","OTTHUMT00000320220.2","UBE2L3-203","UBE2L3",3451,"retained_intron",2230,27,0.918066263,"GGACT",0.481481481,NA,NA,NA,NA,NA,NA,NA,NA,NA,0,0,0,NA,NA,NA
"2601","ENST00000496742.5","ENSG00000163479.14","OTTHUMG00000017456.4","OTTHUMT00000046178.2","SSR2-213","SSR2",825,"protein_coding",725,555,0.923770368,"AGACT",0.526126126,NA,NA,NA,NA,NA,NA,NA,NA,NA,0,0,0,NA,NA,NA
"2602","ENST00000496742.5","ENSG00000163479.14","OTTHUMG00000017456.4","OTTHUMT00000046178.2","SSR2-213","SSR2",825,"protein_coding",798,530,0.989483237,"GGACT",0.824528302,NA,NA,NA,NA,NA,NA,NA,NA,NA,0,0,0,NA,NA,NA
"2603","ENST00000497036.5","ENSG00000188130.14","OTTHUMG00000030145.5","OTTHUMT00000316920.1","MAPK12-209","MAPK12",6248,"protein_coding_CDS_not_defined",1299,21,0.932859957,"GGACC",0.476190476,NA,NA,NA,NA,NA,NA,NA,NA,NA,0,0,0,NA,NA,NA
"2604","ENST00000497036.5","ENSG00000188130.14","OTTHUMG00000030145.5","OTTHUMT00000316920.1","MAPK12-209","MAPK12",6248,"protein_coding_CDS_not_defined",1516,56,0.958459973,"GGACA",0.517857143,NA,NA,NA,NA,NA,NA,NA,NA,NA,0,0,0,NA,NA,NA
"2605","ENST00000497254.1","ENSG00000156502.14","OTTHUMG00000018375.4","OTTHUMT00000048402.1","SUPV3L1-207","SUPV3L1",666,"protein_coding_CDS_not_defined",551,41,0.960662127,"GGACT",0.512195122,NA,NA,NA,NA,NA,NA,NA,NA,NA,0,0,0,NA,NA,NA
"2606","ENST00000497671.5","ENSG00000151923.18","OTTHUMG00000019156.8","OTTHUMT00000050670.2","TIAL1-213","TIAL1",2321,"nonsense_mediated_decay",2074,79,0.955434382,"GGACT",0.759493671,NA,NA,NA,NA,NA,NA,NA,NA,NA,0,0,0,NA,NA,NA
"2607","ENST00000497931.5","ENSG00000198960.11","OTTHUMG00000022034.3","OTTHUMT00000057565.2","ARMCX6-206","ARMCX6",846,"protein_coding_CDS_not_defined",540,25,0.958065093,"GGACA",0.64,NA,NA,NA,NA,NA,NA,NA,NA,NA,0,0,0,NA,NA,NA
"2608","ENST00000498084.5","ENSG00000244005.13","OTTHUMG00000032361.12","OTTHUMT00000078940.1","NFS1-213","NFS1",977,"protein_coding_CDS_not_defined",571,27,0.945524573,"AGACA",0.666666667,NA,NA,NA,NA,NA,NA,NA,NA,NA,0,0,0,NA,NA,NA
"2609","ENST00000498084.5","ENSG00000244005.13","OTTHUMG00000032361.12","OTTHUMT00000078940.1","NFS1-213","NFS1",977,"protein_coding_CDS_not_defined",676,31,0.929882944,"GGACA",0.612903226,NA,NA,NA,NA,NA,NA,NA,NA,NA,0,0,0,NA,NA,NA
"2610","ENST00000498164.2","ENSG00000141741.12","OTTHUMG00000133252.4","OTTHUMT00000257023.2","MIEN1-204","MIEN1",925,"retained_intron",572,123,0.905443132,"GGACT",0.609756098,NA,NA,NA,NA,NA,NA,NA,NA,NA,0,0,0,NA,NA,NA
"2611","ENST00000498279.1","ENSG00000197965.12","OTTHUMG00000034571.5","OTTHUMT00000326414.1","MPZL1-211","MPZL1",534,"protein_coding_CDS_not_defined",347,28,0.93281126,"GGACT",0.785714286,NA,NA,NA,NA,NA,NA,NA,NA,NA,0,0,0,NA,NA,NA
"2612","ENST00000498406.1","ENSG00000184436.12","OTTHUMG00000150879.2","OTTHUMT00000320409.1","THAP7-208","THAP7",1957,"retained_intron",1063,51,0.97375834,"AGACT",0.764705882,NA,NA,NA,NA,NA,NA,NA,NA,NA,0,0,0,NA,NA,NA
"2613","ENST00000498406.1","ENSG00000184436.12","OTTHUMG00000150879.2","OTTHUMT00000320409.1","THAP7-208","THAP7",1957,"retained_intron",1124,52,0.97732681,"AGACT",0.769230769,NA,NA,NA,NA,NA,NA,NA,NA,NA,0,0,0,NA,NA,NA
"2614","ENST00000498406.1","ENSG00000184436.12","OTTHUMG00000150879.2","OTTHUMT00000320409.1","THAP7-208","THAP7",1957,"retained_intron",1146,54,0.941341817,"GGACT",0.685185185,NA,NA,NA,NA,NA,NA,NA,NA,NA,0,0,0,NA,NA,NA
"2615","ENST00000498406.1","ENSG00000184436.12","OTTHUMG00000150879.2","OTTHUMT00000320409.1","THAP7-208","THAP7",1957,"retained_intron",1192,45,0.992596567,"GGACT",0.844444444,NA,NA,NA,NA,NA,NA,NA,NA,NA,0,0,0,NA,NA,NA
"2616","ENST00000498518.1","ENSG00000146963.18","OTTHUMG00000185163.3","OTTHUMT00000323622.1","LUC7L2-207","LUC7L2",2837,"retained_intron",2119,21,0.903333366,"GAACT",0.571428571,NA,NA,NA,NA,NA,NA,NA,NA,NA,0,0,0,NA,NA,NA
"2617","ENST00000498704.6","ENSG00000128581.17","OTTHUMG00000157136.4","OTTHUMT00000347571.2","IFT22-209","IFT22",917,"protein_coding",552,64,0.923164487,"GGACT",0.65625,NA,NA,NA,NA,NA,NA,NA,NA,NA,0,0,0,NA,NA,NA
"2618","ENST00000498704.6","ENSG00000128581.17","OTTHUMG00000157136.4","OTTHUMT00000347571.2","IFT22-209","IFT22",917,"protein_coding",767,64,0.926710904,"GAACT",0.609375,NA,NA,NA,NA,NA,NA,NA,NA,NA,0,0,0,NA,NA,NA
"2619","ENST00000498815.1","ENSG00000137154.13","OTTHUMG00000019642.3","OTTHUMT00000051862.1","RPS6-205","RPS6",480,"protein_coding_CDS_not_defined",473,739,0.915493548,"AGACT",0.391069012,NA,NA,NA,NA,NA,NA,NA,NA,NA,0,0,0,NA,NA,NA
"2620","ENST00000499810.6","ENSG00000120705.13","OTTHUMG00000129199.6","OTTHUMT00000373726.1","ETF1-202","ETF1",3874,"protein_coding",1777,141,0.979401231,"GAACT",0.602836879,NA,NA,NA,NA,NA,NA,NA,NA,NA,0,0,0,NA,NA,NA
"2621","ENST00000499810.6","ENSG00000120705.13","OTTHUMG00000129199.6","OTTHUMT00000373726.1","ETF1-202","ETF1",3874,"protein_coding",1901,164,0.9518646,"GGACT",0.786585366,NA,NA,NA,NA,NA,NA,NA,NA,NA,0,0,0,NA,NA,NA
"2622","ENST00000499810.6","ENSG00000120705.13","OTTHUMG00000129199.6","OTTHUMT00000373726.1","ETF1-202","ETF1",3874,"protein_coding",2650,56,0.908214748,"GAACT",0.517857143,NA,NA,NA,NA,NA,NA,NA,NA,NA,0,0,0,NA,NA,NA
"2623","ENST00000499810.6","ENSG00000120705.13","OTTHUMG00000129199.6","OTTHUMT00000373726.1","ETF1-202","ETF1",3874,"protein_coding",3119,95,0.90043056,"TGACT",0.494736842,NA,NA,NA,NA,NA,NA,NA,NA,NA,0,0,0,NA,NA,NA
"2624","ENST00000501272.6","ENSG00000164111.15","OTTHUMG00000133034.5","OTTHUMT00000364415.1","ANXA5-202","ANXA5",1363,"protein_coding",510,69,0.91060251,"GAACT",0.536231884,NA,NA,NA,NA,NA,NA,NA,NA,NA,0,0,0,NA,NA,NA
"2625","ENST00000502717.6","ENSG00000113716.13","OTTHUMG00000163493.2","OTTHUMT00000373771.2","HMGXB3-201","HMGXB3",5258,"protein_coding",4444,20,0.982515335,"GGACT",0.95,NA,NA,NA,NA,NA,NA,NA,NA,NA,0,0,0,NA,NA,NA
"2626","ENST00000502922.5","ENSG00000131188.12","OTTHUMG00000130861.5","OTTHUMT00000373214.1","PRR7-202","PRR7",1345,"protein_coding",1183,23,0.94811219,"GGACT",0.608695652,NA,NA,NA,NA,NA,NA,NA,NA,NA,0,0,0,NA,NA,NA
"2627","ENST00000502922.5","ENSG00000131188.12","OTTHUMG00000130861.5","OTTHUMT00000373214.1","PRR7-202","PRR7",1345,"protein_coding",1231,40,0.949080467,"GGACT",0.625,NA,NA,NA,NA,NA,NA,NA,NA,NA,0,0,0,NA,NA,NA
"2628","ENST00000502922.5","ENSG00000131188.12","OTTHUMG00000130861.5","OTTHUMT00000373214.1","PRR7-202","PRR7",1345,"protein_coding",1243,22,0.923443794,"TGACT",0.636363636,NA,NA,NA,NA,NA,NA,NA,NA,NA,0,0,0,NA,NA,NA
"2629","ENST00000503014.5","ENSG00000120705.13","OTTHUMG00000129199.6","OTTHUMT00000373727.1","ETF1-203","ETF1",1736,"protein_coding",1534,40,0.994648457,"GAACT",0.7,NA,NA,NA,NA,NA,NA,NA,NA,NA,0,0,0,NA,NA,NA
"2630","ENST00000503014.5","ENSG00000120705.13","OTTHUMG00000129199.6","OTTHUMT00000373727.1","ETF1-203","ETF1",1736,"protein_coding",1658,38,0.924055099,"GGACT",0.763157895,NA,NA,NA,NA,NA,NA,NA,NA,NA,0,0,0,NA,NA,NA
"2631","ENST00000503042.5","ENSG00000049656.14","OTTHUMG00000131015.5","OTTHUMT00000365906.1","CLPTM1L-202","CLPTM1L",3540,"retained_intron",3154,140,0.963429928,"GGACA",0.721428571,NA,NA,NA,NA,NA,NA,NA,NA,NA,0,0,0,NA,NA,NA
"2632","ENST00000503042.5","ENSG00000049656.14","OTTHUMG00000131015.5","OTTHUMT00000365906.1","CLPTM1L-202","CLPTM1L",3540,"retained_intron",3441,185,0.972767115,"GGACT",0.854054054,NA,NA,NA,NA,NA,NA,NA,NA,NA,0,0,0,NA,NA,NA
"2633","ENST00000503162.1","ENSG00000090316.16","OTTHUMG00000160169.8","OTTHUMT00000359520.1","MAEA-204","MAEA",2069,"retained_intron",1398,55,0.966446519,"AGACT",0.781818182,NA,NA,NA,NA,NA,NA,NA,NA,NA,0,0,0,NA,NA,NA
"2634","ENST00000503162.1","ENSG00000090316.16","OTTHUMG00000160169.8","OTTHUMT00000359520.1","MAEA-204","MAEA",2069,"retained_intron",1570,75,0.960268199,"GGACT",0.706666667,NA,NA,NA,NA,NA,NA,NA,NA,NA,0,0,0,NA,NA,NA
"2635","ENST00000503162.1","ENSG00000090316.16","OTTHUMG00000160169.8","OTTHUMT00000359520.1","MAEA-204","MAEA",2069,"retained_intron",1608,75,0.927471578,"GGACA",0.586666667,NA,NA,NA,NA,NA,NA,NA,NA,NA,0,0,0,NA,NA,NA
"2636","ENST00000503162.1","ENSG00000090316.16","OTTHUMG00000160169.8","OTTHUMT00000359520.1","MAEA-204","MAEA",2069,"retained_intron",1713,79,0.980610371,"GGACT",0.886075949,NA,NA,NA,NA,NA,NA,NA,NA,NA,0,0,0,NA,NA,NA
"2637","ENST00000503771.2","ENSG00000249992.2","OTTHUMG00000160317.3","OTTHUMT00000360190.2","TMEM158-201","TMEM158",1822,"protein_coding",1365,80,0.984555781,"GGACT",0.9125,NA,NA,NA,NA,NA,NA,NA,NA,NA,0,0,0,NA,NA,NA
"2638","ENST00000503787.6","ENSG00000164294.14","OTTHUMG00000162601.3","OTTHUMT00000369717.2","GPX8-203","GPX8",3731,"protein_coding",1034,59,0.947048604,"GGACT",0.677966102,NA,NA,NA,NA,NA,NA,NA,NA,NA,0,0,0,NA,NA,NA
"2639","ENST00000504124.6","ENSG00000167085.14","OTTHUMG00000134271.10","OTTHUMT00000364664.2","PHB1-206","PHB1",1899,"protein_coding",1639,31,0.946635783,"GGACT",0.806451613,NA,NA,NA,NA,NA,NA,NA,NA,NA,0,0,0,NA,NA,NA
"2640","ENST00000504156.7","ENSG00000170445.16","OTTHUMG00000129502.12","OTTHUMT00000251673.5","HARS1-207","HARS1",1948,"protein_coding",1628,76,0.97822839,"GGACT",0.75,NA,NA,NA,NA,NA,NA,NA,NA,NA,0,0,0,NA,NA,NA
"2641","ENST00000504366.5","ENSG00000170445.16","OTTHUMG00000129502.12","OTTHUMT00000372852.3","HARS1-208","HARS1",3494,"retained_intron",3175,26,0.958112299,"GGACT",0.653846154,NA,NA,NA,NA,NA,NA,NA,NA,NA,0,0,0,NA,NA,NA
"2642","ENST00000504374.5","ENSG00000037474.15","OTTHUMG00000090455.3","OTTHUMT00000365826.1","NSUN2-203","NSUN2",3217,"nonsense_mediated_decay",2650,84,0.959413826,"TGACT",0.595238095,NA,NA,NA,NA,NA,NA,NA,NA,NA,0,0,0,NA,NA,NA
"2643","ENST00000504374.5","ENSG00000037474.15","OTTHUMG00000090455.3","OTTHUMT00000365826.1","NSUN2-203","NSUN2",3217,"nonsense_mediated_decay",2693,89,0.900907099,"GGACT",0.528089888,NA,NA,NA,NA,NA,NA,NA,NA,NA,0,0,0,NA,NA,NA
"2644","ENST00000505059.7","ENSG00000171421.13","OTTHUMG00000090373.6","OTTHUMT00000206745.4","MRPL36-202","MRPL36",609,"protein_coding",265,267,0.92193979,"AGACT",0.561797753,NA,NA,NA,NA,NA,NA,NA,NA,NA,0,0,0,NA,NA,NA
"2645","ENST00000505145.1","ENSG00000027847.14","OTTHUMG00000130851.4","OTTHUMT00000373155.1","B4GALT7-203","B4GALT7",2653,"retained_intron",2253,41,0.948601365,"GGACA",0.658536585,NA,NA,NA,NA,NA,NA,NA,NA,NA,0,0,0,NA,NA,NA
"2646","ENST00000505306.5","ENSG00000005884.18","OTTHUMG00000161890.7","OTTHUMT00000366299.1","ITGA3-204","ITGA3",5479,"retained_intron",4458,27,0.977124393,"GGACC",0.777777778,NA,NA,NA,NA,NA,NA,NA,NA,NA,0,0,0,NA,NA,NA
"2647","ENST00000505306.5","ENSG00000005884.18","OTTHUMG00000161890.7","OTTHUMT00000366299.1","ITGA3-204","ITGA3",5479,"retained_intron",4523,54,0.990275025,"GGACT",0.962962963,NA,NA,NA,NA,NA,NA,NA,NA,NA,0,0,0,NA,NA,NA
"2648","ENST00000505306.5","ENSG00000005884.18","OTTHUMG00000161890.7","OTTHUMT00000366299.1","ITGA3-204","ITGA3",5479,"retained_intron",5035,146,0.95759362,"GGACA",0.746575342,NA,NA,NA,NA,NA,NA,NA,NA,NA,0,0,0,NA,NA,NA
"2649","ENST00000505459.6","ENSG00000153037.15","OTTHUMG00000186064.6","OTTHUMT00000250737.4","SRP19-206","SRP19",2776,"protein_coding",632,260,0.922528684,"GAACT",0.638461538,NA,NA,NA,NA,NA,NA,NA,NA,NA,0,0,0,NA,NA,NA
"2650","ENST00000505459.6","ENSG00000153037.15","OTTHUMG00000186064.6","OTTHUMT00000250737.4","SRP19-206","SRP19",2776,"protein_coding",780,202,0.91194427,"GGACA",0.564356436,NA,NA,NA,NA,NA,NA,NA,NA,NA,0,0,0,NA,NA,NA
"2651","ENST00000505459.6","ENSG00000153037.15","OTTHUMG00000186064.6","OTTHUMT00000250737.4","SRP19-206","SRP19",2776,"protein_coding",787,269,0.93773073,"GGACT",0.721189591,NA,NA,NA,NA,NA,NA,NA,NA,NA,0,0,0,NA,NA,NA
"2652","ENST00000505818.1","ENSG00000171421.13","OTTHUMG00000090373.6","OTTHUMT00000365911.1","MRPL36-203","MRPL36",595,"protein_coding",252,265,0.922576845,"AGACT",0.562264151,NA,NA,NA,NA,NA,NA,NA,NA,NA,0,0,0,NA,NA,NA
"2653","ENST00000505892.5","ENSG00000037474.15","OTTHUMG00000090455.3","OTTHUMT00000365824.1","NSUN2-205","NSUN2",3558,"retained_intron",2992,81,0.953952849,"TGACT",0.592592593,NA,NA,NA,NA,NA,NA,NA,NA,NA,0,0,0,NA,NA,NA
"2654","ENST00000506123.5","ENSG00000164294.14","OTTHUMG00000162601.3","OTTHUMT00000369718.1","GPX8-205","GPX8",3422,"protein_coding_CDS_not_defined",951,60,0.945228636,"GGACT",0.666666667,NA,NA,NA,NA,NA,NA,NA,NA,NA,0,0,0,NA,NA,NA
"2655","ENST00000506139.5","ENSG00000037474.15","OTTHUMG00000090455.3","OTTHUMT00000365825.1","NSUN2-206","NSUN2",2619,"protein_coding",2381,22,0.951551676,"TGACT",0.454545455,NA,NA,NA,NA,NA,NA,NA,NA,NA,0,0,0,NA,NA,NA
"2656","ENST00000506139.5","ENSG00000037474.15","OTTHUMG00000090455.3","OTTHUMT00000365825.1","NSUN2-206","NSUN2",2619,"protein_coding",2424,22,0.901709199,"GGACT",0.409090909,NA,NA,NA,NA,NA,NA,NA,NA,NA,0,0,0,NA,NA,NA
"2657","ENST00000506197.3","ENSG00000250317.9","OTTHUMG00000160330.3","OTTHUMT00000360256.2","SMIM20-201","SMIM20",919,"protein_coding",443,59,0.991743147,"AGACT",0.915254237,NA,NA,NA,NA,NA,NA,NA,NA,NA,0,0,0,NA,NA,NA
"2658","ENST00000506395.5","ENSG00000164111.15","OTTHUMG00000133034.5","OTTHUMT00000364417.1","ANXA5-203","ANXA5",1606,"nonsense_mediated_decay",753,72,0.91731739,"GAACT",0.555555556,NA,NA,NA,NA,NA,NA,NA,NA,NA,0,0,0,NA,NA,NA
"2659","ENST00000506437.1","ENSG00000005884.18","OTTHUMG00000161890.7","OTTHUMT00000366303.1","ITGA3-208","ITGA3",3055,"retained_intron",2033,24,0.983599961,"GGACC",0.833333333,NA,NA,NA,NA,NA,NA,NA,NA,NA,0,0,0,NA,NA,NA
"2660","ENST00000506437.1","ENSG00000005884.18","OTTHUMG00000161890.7","OTTHUMT00000366303.1","ITGA3-208","ITGA3",3055,"retained_intron",2098,51,0.990264654,"GGACT",0.960784314,NA,NA,NA,NA,NA,NA,NA,NA,NA,0,0,0,NA,NA,NA
"2661","ENST00000506437.1","ENSG00000005884.18","OTTHUMG00000161890.7","OTTHUMT00000366303.1","ITGA3-208","ITGA3",3055,"retained_intron",2610,143,0.956821799,"GGACA",0.741258741,NA,NA,NA,NA,NA,NA,NA,NA,NA,0,0,0,NA,NA,NA
"2662","ENST00000506469.5","ENSG00000137207.12","OTTHUMG00000014738.6","OTTHUMT00000358714.1","YIPF3-213","YIPF3",1444,"protein_coding",1271,102,0.984830379,"GGACA",0.568627451,NA,NA,NA,NA,NA,NA,NA,NA,NA,0,0,0,NA,NA,NA
"2663","ENST00000506469.5","ENSG00000137207.12","OTTHUMG00000014738.6","OTTHUMT00000358714.1","YIPF3-213","YIPF3",1444,"protein_coding",1395,116,0.921795309,"GGACT",0.715517241,NA,NA,NA,NA,NA,NA,NA,NA,NA,0,0,0,NA,NA,NA
"2664","ENST00000506530.5","ENSG00000090316.16","OTTHUMG00000160169.8","OTTHUMT00000359519.1","MAEA-209","MAEA",5371,"retained_intron",4677,20,0.960306108,"AGACT",0.8,NA,NA,NA,NA,NA,NA,NA,NA,NA,0,0,0,NA,NA,NA
"2665","ENST00000506530.5","ENSG00000090316.16","OTTHUMG00000160169.8","OTTHUMT00000359519.1","MAEA-209","MAEA",5371,"retained_intron",4849,53,0.934072495,"GGACT",0.660377358,NA,NA,NA,NA,NA,NA,NA,NA,NA,0,0,0,NA,NA,NA
"2666","ENST00000506530.5","ENSG00000090316.16","OTTHUMG00000160169.8","OTTHUMT00000359519.1","MAEA-209","MAEA",5371,"retained_intron",4887,34,0.950615466,"GGACA",0.647058824,NA,NA,NA,NA,NA,NA,NA,NA,NA,0,0,0,NA,NA,NA
"2667","ENST00000506530.5","ENSG00000090316.16","OTTHUMG00000160169.8","OTTHUMT00000359519.1","MAEA-209","MAEA",5371,"retained_intron",4992,39,0.979440331,"GGACT",0.897435897,NA,NA,NA,NA,NA,NA,NA,NA,NA,0,0,0,NA,NA,NA
"2668","ENST00000507024.5","ENSG00000113621.15","OTTHUMG00000129115.4","OTTHUMT00000371555.1","TXNDC15-206","TXNDC15",2893,"nonsense_mediated_decay",951,25,0.985933363,"GGACT",0.88,31,2727,135,1,31,32,165,166,2892,0,0,1,NA,NA,0.287862119545288
"2669","ENST00000507024.5","ENSG00000113621.15","OTTHUMG00000129115.4","OTTHUMT00000371555.1","TXNDC15-206","TXNDC15",2893,"nonsense_mediated_decay",1013,32,0.923939228,"GAACT",0.65625,31,2727,135,1,31,32,165,166,2892,0,0,1,NA,NA,0.310597726439311
"2670","ENST00000507126.3","ENSG00000174780.17","OTTHUMG00000128843.17","OTTHUMT00000362151.3","SRP72-203","SRP72",2235,"retained_intron",636,55,0.94759351,"GGACT",0.618181818,NA,NA,NA,NA,NA,NA,NA,NA,NA,0,0,0,NA,NA,NA
"2671","ENST00000507481.2","ENSG00000081791.9","OTTHUMG00000129662.6","OTTHUMT00000370646.2","DELE1-205","DELE1",1342,"protein_coding",1206,26,0.908308327,"TGACT",0.346153846,NA,NA,NA,NA,NA,NA,NA,NA,NA,0,0,0,NA,NA,NA
"2672","ENST00000507807.3","ENSG00000049656.14","OTTHUMG00000131015.5","OTTHUMT00000365905.1","CLPTM1L-209","CLPTM1L",1740,"protein_coding",1239,196,0.96240747,"GGACA",0.719387755,NA,NA,NA,NA,NA,NA,NA,NA,NA,0,0,0,NA,NA,NA
"2673","ENST00000507807.3","ENSG00000049656.14","OTTHUMG00000131015.5","OTTHUMT00000365905.1","CLPTM1L-209","CLPTM1L",1740,"protein_coding",1526,258,0.9706738,"GGACT",0.837209302,NA,NA,NA,NA,NA,NA,NA,NA,NA,0,0,0,NA,NA,NA
"2674","ENST00000508164.6","ENSG00000048140.18","OTTHUMG00000163230.3","OTTHUMT00000372210.2","TSPAN17-207","TSPAN17",2475,"protein_coding",1364,46,0.950830221,"GGACC",0.52173913,NA,NA,NA,NA,NA,NA,NA,NA,NA,0,0,0,NA,NA,NA
"2675","ENST00000508164.6","ENSG00000048140.18","OTTHUMG00000163230.3","OTTHUMT00000372210.2","TSPAN17-207","TSPAN17",2475,"protein_coding",1434,53,0.988636494,"GGACT",0.924528302,NA,NA,NA,NA,NA,NA,NA,NA,NA,0,0,0,NA,NA,NA
"2676","ENST00000508164.6","ENSG00000048140.18","OTTHUMG00000163230.3","OTTHUMT00000372210.2","TSPAN17-207","TSPAN17",2475,"protein_coding",1526,55,0.988415778,"GGACT",0.981818182,NA,NA,NA,NA,NA,NA,NA,NA,NA,0,0,0,NA,NA,NA
"2677","ENST00000508779.1","ENSG00000113621.15","OTTHUMG00000129115.4","OTTHUMT00000371554.1","TXNDC15-207","TXNDC15",1477,"protein_coding",918,25,0.986394644,"GGACT",0.88,NA,NA,NA,NA,NA,NA,NA,NA,NA,0,0,0,NA,NA,NA
"2678","ENST00000508779.1","ENSG00000113621.15","OTTHUMG00000129115.4","OTTHUMT00000371554.1","TXNDC15-207","TXNDC15",1477,"protein_coding",980,32,0.924788833,"GAACT",0.65625,NA,NA,NA,NA,NA,NA,NA,NA,NA,0,0,0,NA,NA,NA
"2679","ENST00000508987.1","ENSG00000171421.13","OTTHUMG00000090373.6","OTTHUMT00000365908.2","MRPL36-204","MRPL36",686,"protein_coding",344,267,0.922007918,"AGACT",0.561797753,NA,NA,NA,NA,NA,NA,NA,NA,NA,0,0,0,NA,NA,NA
"2680","ENST00000509005.5","ENSG00000164338.10","OTTHUMG00000162453.4","OTTHUMT00000368966.1","UTP15-204","UTP15",2057,"protein_coding",1708,26,0.93824631,"AGACT",0.730769231,NA,NA,NA,NA,NA,NA,NA,NA,NA,0,0,0,NA,NA,NA
"2681","ENST00000509534.5","ENSG00000120725.13","OTTHUMG00000129226.4","OTTHUMT00000373063.1","SIL1-213","SIL1",1714,"protein_coding",1634,121,0.950727165,"GGACT",0.661157025,NA,NA,NA,NA,NA,NA,NA,NA,NA,0,0,0,NA,NA,NA
"2682","ENST00000509534.5","ENSG00000120725.13","OTTHUMG00000129226.4","OTTHUMT00000373063.1","SIL1-213","SIL1",1714,"protein_coding",1639,116,0.98246181,"GGACT",0.844827586,NA,NA,NA,NA,NA,NA,NA,NA,NA,0,0,0,NA,NA,NA
"2683","ENST00000509894.5","ENSG00000112742.10","OTTHUMG00000015088.5","OTTHUMT00000366101.1","TTK-208","TTK",3725,"protein_coding",3446,65,0.920326173,"GGACT",0.707692308,NA,NA,NA,NA,NA,NA,NA,NA,NA,0,0,0,NA,NA,NA
"2684","ENST00000510102.5","ENSG00000137207.12","OTTHUMG00000014738.6","OTTHUMT00000040637.2","YIPF3-214","YIPF3",1639,"nonsense_mediated_decay",1378,128,0.984152138,"GGACA",0.546875,NA,NA,NA,NA,NA,NA,NA,NA,NA,0,0,0,NA,NA,NA
"2685","ENST00000510102.5","ENSG00000137207.12","OTTHUMG00000014738.6","OTTHUMT00000040637.2","YIPF3-214","YIPF3",1639,"nonsense_mediated_decay",1502,163,0.916893303,"GGACT",0.693251534,NA,NA,NA,NA,NA,NA,NA,NA,NA,0,0,0,NA,NA,NA
"2686","ENST00000510217.1","ENSG00000113068.10","OTTHUMG00000129249.5","OTTHUMT00000373274.1","PFDN1-203","PFDN1",1091,"protein_coding",918,147,0.912232041,"AGACT",0.571428571,NA,NA,NA,NA,NA,NA,NA,NA,NA,0,0,0,NA,NA,NA
"2687","ENST00000510492.1","ENSG00000131188.12","OTTHUMG00000130861.5","OTTHUMT00000373216.1","PRR7-204","PRR7",1285,"protein_coding",1123,23,0.948503137,"GGACT",0.608695652,NA,NA,NA,NA,NA,NA,NA,NA,NA,0,0,0,NA,NA,NA
"2688","ENST00000510492.1","ENSG00000131188.12","OTTHUMG00000130861.5","OTTHUMT00000373216.1","PRR7-204","PRR7",1285,"protein_coding",1171,40,0.949987531,"GGACT",0.625,NA,NA,NA,NA,NA,NA,NA,NA,NA,0,0,0,NA,NA,NA
"2689","ENST00000510492.1","ENSG00000131188.12","OTTHUMG00000130861.5","OTTHUMT00000373216.1","PRR7-204","PRR7",1285,"protein_coding",1183,22,0.924453557,"TGACT",0.636363636,NA,NA,NA,NA,NA,NA,NA,NA,NA,0,0,0,NA,NA,NA
"2690","ENST00000510663.6","ENSG00000174780.17","OTTHUMG00000128843.17","OTTHUMT00000362152.2","SRP72-204","SRP72",2406,"protein_coding",2065,24,0.905451536,"GGACT",0.541666667,NA,NA,NA,NA,NA,NA,NA,NA,NA,0,0,0,NA,NA,NA
"2691","ENST00000511832.6","ENSG00000167085.14","OTTHUMG00000134271.10","OTTHUMT00000364811.2","PHB1-210","PHB1",1847,"protein_coding",1244,43,0.964262843,"GGACT",0.860465116,NA,NA,NA,NA,NA,NA,NA,NA,NA,0,0,0,NA,NA,NA
"2692","ENST00000511832.6","ENSG00000167085.14","OTTHUMG00000134271.10","OTTHUMT00000364811.2","PHB1-210","PHB1",1847,"protein_coding",1567,70,0.95941031,"GGACT",0.785714286,NA,NA,NA,NA,NA,NA,NA,NA,NA,0,0,0,NA,NA,NA
"2693","ENST00000512289.5","ENSG00000090316.16","OTTHUMG00000160169.8","OTTHUMT00000359518.1","MAEA-215","MAEA",2426,"protein_coding_CDS_not_defined",1755,57,0.969869375,"AGACT",0.807017544,NA,NA,NA,NA,NA,NA,NA,NA,NA,0,0,0,NA,NA,NA
"2694","ENST00000512289.5","ENSG00000090316.16","OTTHUMG00000160169.8","OTTHUMT00000359518.1","MAEA-215","MAEA",2426,"protein_coding_CDS_not_defined",1927,76,0.950221837,"GGACT",0.671052632,NA,NA,NA,NA,NA,NA,NA,NA,NA,0,0,0,NA,NA,NA
"2695","ENST00000512289.5","ENSG00000090316.16","OTTHUMG00000160169.8","OTTHUMT00000359518.1","MAEA-215","MAEA",2426,"protein_coding_CDS_not_defined",1965,75,0.930349469,"GGACA",0.586666667,NA,NA,NA,NA,NA,NA,NA,NA,NA,0,0,0,NA,NA,NA
"2696","ENST00000512289.5","ENSG00000090316.16","OTTHUMG00000160169.8","OTTHUMT00000359518.1","MAEA-215","MAEA",2426,"protein_coding_CDS_not_defined",2070,81,0.975925207,"GGACT",0.864197531,NA,NA,NA,NA,NA,NA,NA,NA,NA,0,0,0,NA,NA,NA
"2697","ENST00000512729.5","ENSG00000179046.9","OTTHUMG00000160225.2","OTTHUMT00000359733.2","TRIML2-207","TRIML2",1639,"protein_coding",1275,59,0.985400438,"GGACT",0.93220339,NA,NA,NA,NA,NA,NA,NA,NA,NA,0,0,0,NA,NA,NA
"2698","ENST00000512729.5","ENSG00000179046.9","OTTHUMG00000160225.2","OTTHUMT00000359733.2","TRIML2-207","TRIML2",1639,"protein_coding",1327,23,0.99667114,"GGACA",0.826086957,NA,NA,NA,NA,NA,NA,NA,NA,NA,0,0,0,NA,NA,NA
"2699","ENST00000512729.5","ENSG00000179046.9","OTTHUMG00000160225.2","OTTHUMT00000359733.2","TRIML2-207","TRIML2",1639,"protein_coding",1592,96,0.904999077,"AGACT",0.614583333,NA,NA,NA,NA,NA,NA,NA,NA,NA,0,0,0,NA,NA,NA
"2700","ENST00000512914.1","ENSG00000179010.16","OTTHUMG00000125504.3","OTTHUMT00000359626.1","MRFAP1-204","MRFAP1",1982,"retained_intron",330,34,0.918756008,"GGACA",0.617647059,NA,NA,NA,NA,NA,NA,NA,NA,NA,0,0,0,NA,NA,NA
"2701","ENST00000512968.5","ENSG00000204628.12","OTTHUMG00000163380.15","OTTHUMT00000373341.2","RACK1-228","RACK1",1058,"protein_coding",555,29,0.997216165,"GGACT",0.827586207,NA,NA,NA,NA,NA,NA,NA,NA,NA,0,0,0,NA,NA,NA
"2702","ENST00000513342.5","ENSG00000159202.18","OTTHUMG00000150521.7","OTTHUMT00000361075.1","UBE2Z-207","UBE2Z",4250,"retained_intron",2271,20,0.976442933,"GGACT",0.85,NA,NA,NA,NA,NA,NA,NA,NA,NA,0,0,0,NA,NA,NA
"2703","ENST00000513888.5","ENSG00000037474.15","OTTHUMG00000090455.3","OTTHUMT00000365823.1","NSUN2-208","NSUN2",1290,"retained_intron",883,26,0.912825942,"TGACT",0.5,NA,NA,NA,NA,NA,NA,NA,NA,NA,0,0,0,NA,NA,NA
"2704","ENST00000514384.1","ENSG00000250317.9","OTTHUMG00000160330.3","OTTHUMT00000360257.2","SMIM20-202","SMIM20",774,"protein_coding",297,21,0.977961302,"AGACT",0.857142857,NA,NA,NA,NA,NA,NA,NA,NA,NA,0,0,0,NA,NA,NA
"2705","ENST00000514518.1","ENSG00000164615.6","OTTHUMG00000129116.4","OTTHUMT00000371576.1","CAMLG-202","CAMLG",895,"protein_coding",478,26,0.909982562,"GAACT",0.576923077,NA,NA,NA,NA,NA,NA,NA,NA,NA,0,0,0,NA,NA,NA
"2706","ENST00000514705.5","ENSG00000048140.18","OTTHUMG00000163230.3","OTTHUMT00000372211.1","TSPAN17-208","TSPAN17",4445,"retained_intron",3332,43,0.958744407,"GGACC",0.511627907,NA,NA,NA,NA,NA,NA,NA,NA,NA,0,0,0,NA,NA,NA
"2707","ENST00000514705.5","ENSG00000048140.18","OTTHUMG00000163230.3","OTTHUMT00000372211.1","TSPAN17-208","TSPAN17",4445,"retained_intron",3402,50,0.989872634,"GGACT",0.92,NA,NA,NA,NA,NA,NA,NA,NA,NA,0,0,0,NA,NA,NA
"2708","ENST00000514705.5","ENSG00000048140.18","OTTHUMG00000163230.3","OTTHUMT00000372211.1","TSPAN17-208","TSPAN17",4445,"retained_intron",3494,53,0.985137939,"GGACT",0.962264151,NA,NA,NA,NA,NA,NA,NA,NA,NA,0,0,0,NA,NA,NA
"2709","ENST00000514708.5","ENSG00000090316.16","OTTHUMG00000160169.8","OTTHUMT00000359514.1","MAEA-219","MAEA",1945,"protein_coding",1279,51,0.97325331,"AGACT",0.803921569,NA,NA,NA,NA,NA,NA,NA,NA,NA,0,0,0,NA,NA,NA
"2710","ENST00000514708.5","ENSG00000090316.16","OTTHUMG00000160169.8","OTTHUMT00000359514.1","MAEA-219","MAEA",1945,"protein_coding",1451,62,0.97493577,"GGACT",0.741935484,NA,NA,NA,NA,NA,NA,NA,NA,NA,0,0,0,NA,NA,NA
"2711","ENST00000514708.5","ENSG00000090316.16","OTTHUMG00000160169.8","OTTHUMT00000359514.1","MAEA-219","MAEA",1945,"protein_coding",1489,64,0.912923872,"GGACA",0.59375,NA,NA,NA,NA,NA,NA,NA,NA,NA,0,0,0,NA,NA,NA
"2712","ENST00000514708.5","ENSG00000090316.16","OTTHUMG00000160169.8","OTTHUMT00000359514.1","MAEA-219","MAEA",1945,"protein_coding",1594,65,0.982308626,"GGACT",0.876923077,NA,NA,NA,NA,NA,NA,NA,NA,NA,0,0,0,NA,NA,NA
"2713","ENST00000515008.1","ENSG00000120725.13","OTTHUMG00000129226.4","OTTHUMT00000373073.1","SIL1-215","SIL1",843,"protein_coding_CDS_not_defined",735,71,0.90597415,"GGACT",0.549295775,NA,NA,NA,NA,NA,NA,NA,NA,NA,0,0,0,NA,NA,NA
"2714","ENST00000515008.1","ENSG00000120725.13","OTTHUMG00000129226.4","OTTHUMT00000373073.1","SIL1-215","SIL1",843,"protein_coding_CDS_not_defined",740,93,0.969196439,"GGACT",0.784946237,NA,NA,NA,NA,NA,NA,NA,NA,NA,0,0,0,NA,NA,NA
"2715","ENST00000515370.1","ENSG00000164294.14","OTTHUMG00000162601.3","OTTHUMT00000369719.1","GPX8-208","GPX8",1036,"protein_coding",882,45,0.911802709,"GGACT",0.577777778,NA,NA,NA,NA,NA,NA,NA,NA,NA,0,0,0,NA,NA,NA
"2716","ENST00000515662.6","ENSG00000134077.16","OTTHUMG00000097031.8","OTTHUMT00000338128.3","THUMPD3-210","THUMPD3",2390,"protein_coding",2261,24,0.933130085,"GAACT",0.583333333,684,182,1524,1,684,685,2207,2208,2389,0,0,1,NA,NA,0.291208791208791
"2717","ENST00000515708.5","ENSG00000048140.18","OTTHUMG00000163230.3","OTTHUMT00000372209.1","TSPAN17-209","TSPAN17",2361,"protein_coding",1248,48,0.952678859,"GGACC",0.520833333,NA,NA,NA,NA,NA,NA,NA,NA,NA,0,0,0,NA,NA,NA
"2718","ENST00000515708.5","ENSG00000048140.18","OTTHUMG00000163230.3","OTTHUMT00000372209.1","TSPAN17-209","TSPAN17",2361,"protein_coding",1318,56,0.989738107,"GGACT",0.928571429,NA,NA,NA,NA,NA,NA,NA,NA,NA,0,0,0,NA,NA,NA
"2719","ENST00000515708.5","ENSG00000048140.18","OTTHUMG00000163230.3","OTTHUMT00000372209.1","TSPAN17-209","TSPAN17",2361,"protein_coding",1410,58,0.986649156,"GGACT",0.965517241,NA,NA,NA,NA,NA,NA,NA,NA,NA,0,0,0,NA,NA,NA
"2720","ENST00000515766.1","ENSG00000090316.16","OTTHUMG00000160169.8","OTTHUMT00000359521.1","MAEA-220","MAEA",3136,"retained_intron",2431,46,0.967351973,"AGACT",0.804347826,NA,NA,NA,NA,NA,NA,NA,NA,NA,0,0,0,NA,NA,NA
"2721","ENST00000515766.1","ENSG00000090316.16","OTTHUMG00000160169.8","OTTHUMT00000359521.1","MAEA-220","MAEA",3136,"retained_intron",2603,66,0.950069129,"GGACT",0.696969697,NA,NA,NA,NA,NA,NA,NA,NA,NA,0,0,0,NA,NA,NA
"2722","ENST00000515766.1","ENSG00000090316.16","OTTHUMG00000160169.8","OTTHUMT00000359521.1","MAEA-220","MAEA",3136,"retained_intron",2641,63,0.931852162,"GGACA",0.571428571,NA,NA,NA,NA,NA,NA,NA,NA,NA,0,0,0,NA,NA,NA
"2723","ENST00000515766.1","ENSG00000090316.16","OTTHUMG00000160169.8","OTTHUMT00000359521.1","MAEA-220","MAEA",3136,"retained_intron",2746,69,0.97649467,"GGACT",0.855072464,NA,NA,NA,NA,NA,NA,NA,NA,NA,0,0,0,NA,NA,NA
"2724","ENST00000515768.6","ENSG00000113712.19","OTTHUMG00000163463.7","OTTHUMT00000504780.1","CSNK1A1-207","CSNK1A1",2570,"protein_coding",257,57,0.930593967,"TGACT",0.666666667,NA,NA,NA,NA,NA,NA,NA,NA,NA,0,0,0,NA,NA,NA
"2725","ENST00000515798.5","ENSG00000113460.13","OTTHUMG00000162021.3","OTTHUMT00000366828.1","BRIX1-205","BRIX1",2196,"retained_intron",1991,83,0.901761293,"GGACA",0.614457831,NA,NA,NA,NA,NA,NA,NA,NA,NA,0,0,0,NA,NA,NA
"2726","ENST00000517309.6","ENSG00000156471.13","OTTHUMG00000164687.3","OTTHUMT00000379743.3","PTDSS1-202","PTDSS1",4990,"protein_coding",1600,121,0.911551416,"GAACT",0.52892562,NA,NA,NA,NA,NA,NA,NA,NA,NA,0,0,0,NA,NA,NA
"2727","ENST00000517309.6","ENSG00000156471.13","OTTHUMG00000164687.3","OTTHUMT00000379743.3","PTDSS1-202","PTDSS1",4990,"protein_coding",1946,144,0.945792258,"GGACT",0.673611111,NA,NA,NA,NA,NA,NA,NA,NA,NA,0,0,0,NA,NA,NA
"2728","ENST00000517396.5","ENSG00000083099.11","OTTHUMG00000015203.3","OTTHUMT00000375697.1","LYRM2-202","LYRM2",2835,"protein_coding_CDS_not_defined",1454,56,0.908994853,"GAACT",0.589285714,NA,NA,NA,NA,NA,NA,NA,NA,NA,0,0,0,NA,NA,NA
"2729","ENST00000517481.5","ENSG00000128581.17","OTTHUMG00000157136.4","OTTHUMT00000379661.1","IFT22-210","IFT22",1657,"protein_coding",714,68,0.918731272,"GGACT",0.661764706,NA,NA,NA,NA,NA,NA,NA,NA,NA,0,0,0,NA,NA,NA
"2730","ENST00000517481.5","ENSG00000128581.17","OTTHUMG00000157136.4","OTTHUMT00000379661.1","IFT22-210","IFT22",1657,"protein_coding",929,89,0.924315214,"GAACT",0.595505618,NA,NA,NA,NA,NA,NA,NA,NA,NA,0,0,0,NA,NA,NA
"2731","ENST00000517523.1","ENSG00000156467.10","OTTHUMG00000164711.4","OTTHUMT00000379867.1","UQCRB-202","UQCRB",515,"protein_coding",309,20,0.959957361,"GGACT",0.45,NA,NA,NA,NA,NA,NA,NA,NA,NA,0,0,0,NA,NA,NA
"2732","ENST00000518409.2","ENSG00000273345.6","OTTHUMG00000164185.1","OTTHUMT00000377694.1","ENST00000518409","ENSG00000273345",2367,"protein_coding_CDS_not_defined",1856,21,0.901641011,"GGACC",0.476190476,NA,NA,NA,NA,NA,NA,NA,NA,NA,0,0,0,NA,NA,NA
"2733","ENST00000518686.5","ENSG00000080823.23","OTTHUMG00000164896.9","OTTHUMT00000380847.2","MOK-207","MOK",2897,"retained_intron",2867,21,0.938664436,"TGACT",0.761904762,NA,NA,NA,NA,NA,NA,NA,NA,NA,0,0,0,NA,NA,NA
"2734","ENST00000518738.2","ENSG00000155097.12","OTTHUMG00000164761.2","OTTHUMT00000380103.2","ATP6V1C1-202","ATP6V1C1",5635,"protein_coding",352,25,0.932557225,"GAACT",0.72,NA,NA,NA,NA,NA,NA,NA,NA,NA,0,0,0,NA,NA,NA
"2735","ENST00000519273.6","ENSG00000101199.13","OTTHUMG00000032965.8","-","ARFGAP1-210","ARFGAP1",3176,"protein_coding",2766,34,0.986366749,"GGACC",0.794117647,NA,NA,NA,NA,NA,NA,NA,NA,NA,0,0,0,NA,NA,NA
"2736","ENST00000519273.6","ENSG00000101199.13","OTTHUMG00000032965.8","-","ARFGAP1-210","ARFGAP1",3176,"protein_coding",2800,33,0.970990479,"GGACT",0.757575758,NA,NA,NA,NA,NA,NA,NA,NA,NA,0,0,0,NA,NA,NA
"2737","ENST00000519374.6","ENSG00000113732.9","OTTHUMG00000130518.4","OTTHUMT00000252935.3","ATP6V0E1-203","ATP6V0E1",1419,"protein_coding",560,481,0.93352145,"GAACT",0.584199584,NA,NA,NA,NA,NA,NA,NA,NA,NA,0,0,0,NA,NA,NA
"2738","ENST00000519387.1","ENSG00000160886.13","OTTHUMG00000164720.3","OTTHUMT00000379957.2","LY6K-203","LY6K",963,"protein_coding",888,243,0.93501538,"GGACT",0.621399177,NA,NA,NA,NA,NA,NA,NA,NA,NA,0,0,0,NA,NA,NA
"2739","ENST00000519513.5","ENSG00000147439.14","OTTHUMG00000163844.2","OTTHUMT00000375897.1","BIN3-205","BIN3",1431,"protein_coding",1291,22,0.901964605,"GGACT",0.409090909,NA,NA,NA,NA,NA,NA,NA,NA,NA,0,0,0,NA,NA,NA
"2740","ENST00000519604.5","ENSG00000101199.13","OTTHUMG00000032965.8","-","ARFGAP1-212","ARFGAP1",3191,"protein_coding",2781,34,0.986313105,"GGACC",0.794117647,NA,NA,NA,NA,NA,NA,NA,NA,NA,0,0,0,NA,NA,NA
"2741","ENST00000519604.5","ENSG00000101199.13","OTTHUMG00000032965.8","-","ARFGAP1-212","ARFGAP1",3191,"protein_coding",2815,33,0.970513165,"GGACT",0.757575758,NA,NA,NA,NA,NA,NA,NA,NA,NA,0,0,0,NA,NA,NA
"2742","ENST00000519911.5","ENSG00000113732.9","OTTHUMG00000130518.4","OTTHUMT00000372562.1","ATP6V0E1-204","ATP6V0E1",718,"protein_coding",420,234,0.935672283,"GAACT",0.581196581,NA,NA,NA,NA,NA,NA,NA,NA,NA,0,0,0,NA,NA,NA
"2743","ENST00000519966.5","ENSG00000176623.12","OTTHUMG00000163692.6","OTTHUMT00000374835.1","RMDN1-212","RMDN1",1164,"protein_coding",567,73,0.933200002,"GAACT",0.547945205,NA,NA,NA,NA,NA,NA,NA,NA,NA,0,0,0,NA,NA,NA
"2744","ENST00000521288.2","ENSG00000198585.12","OTTHUMG00000159623.11","OTTHUMT00000356537.9","NUDT16-202","NUDT16",6108,"protein_coding",567,21,0.929460883,"GGACT",0.619047619,NA,NA,NA,NA,NA,NA,NA,NA,NA,0,0,0,NA,NA,NA
"2745","ENST00000521580.3","ENSG00000163866.9","OTTHUMG00000004375.4","OTTHUMT00000012715.4","SMIM12-206","SMIM12",5694,"protein_coding",298,35,0.987733364,"GGACA",0.6,NA,NA,NA,NA,NA,NA,NA,NA,NA,0,0,0,NA,NA,NA
"2746","ENST00000521580.3","ENSG00000163866.9","OTTHUMG00000004375.4","OTTHUMT00000012715.4","SMIM12-206","SMIM12",5694,"protein_coding",363,62,0.987525046,"GGACA",0.677419355,NA,NA,NA,NA,NA,NA,NA,NA,NA,0,0,0,NA,NA,NA
"2747","ENST00000521580.3","ENSG00000163866.9","OTTHUMG00000004375.4","OTTHUMT00000012715.4","SMIM12-206","SMIM12",5694,"protein_coding",396,61,0.904811502,"TGACT",0.573770492,NA,NA,NA,NA,NA,NA,NA,NA,NA,0,0,0,NA,NA,NA
"2748","ENST00000522874.5","ENSG00000080823.23","OTTHUMG00000164896.9","OTTHUMT00000380846.1","MOK-226","MOK",1890,"protein_coding",1860,22,0.913120389,"TGACT",0.681818182,NA,NA,NA,NA,NA,NA,NA,NA,NA,0,0,0,NA,NA,NA
"2749","ENST00000522965.1","ENSG00000104312.8","OTTHUMG00000163809.3","OTTHUMT00000375687.2","RIPK2-204","RIPK2",1916,"nonsense_mediated_decay",1727,25,0.927167594,"TGACT",0.72,NA,NA,NA,NA,NA,NA,NA,NA,NA,0,0,0,NA,NA,NA
"2750","ENST00000523259.5","ENSG00000213523.12","OTTHUMG00000163569.4","OTTHUMT00000374262.3","SRA1-203","SRA1",1802,"retained_intron",1721,53,0.945066988,"AGACT",0.716981132,NA,NA,NA,NA,NA,NA,NA,NA,NA,0,0,0,NA,NA,NA
"2751","ENST00000523377.2","ENSG00000083099.11","OTTHUMG00000015203.3","OTTHUMT00000041498.3","LYRM2-208","LYRM2",5347,"protein_coding",1383,57,0.90481776,"GAACT",0.596491228,NA,NA,NA,NA,NA,NA,NA,NA,NA,0,0,0,NA,NA,NA
"2752","ENST00000523483.5","ENSG00000137575.12","OTTHUMG00000164303.3","OTTHUMT00000378197.1","SDCBP-212","SDCBP",3589,"protein_coding",3056,60,0.900679171,"GAACT",0.6,NA,NA,NA,NA,NA,NA,NA,NA,NA,0,0,0,NA,NA,NA
"2753","ENST00000524013.2","ENSG00000136997.22","OTTHUMG00000128475.10","OTTHUMT00000380691.2","MYC-205","MYC",2150,"protein_coding",1848,25,0.90315932,"AGACT",0.52,NA,NA,NA,NA,NA,NA,NA,NA,NA,0,0,0,NA,NA,NA
"2754","ENST00000524013.2","ENSG00000136997.22","OTTHUMG00000128475.10","OTTHUMT00000380691.2","MYC-205","MYC",2150,"protein_coding",1888,24,0.923559785,"GGACT",0.75,NA,NA,NA,NA,NA,NA,NA,NA,NA,0,0,0,NA,NA,NA
"2755","ENST00000524506.5","ENSG00000173653.8","OTTHUMG00000167098.2","OTTHUMT00000393106.1","RCE1-202","RCE1",1379,"protein_coding",1216,75,0.956537008,"GGACT",0.733333333,NA,NA,NA,NA,NA,NA,NA,NA,NA,0,0,0,NA,NA,NA
"2756","ENST00000524558.5","ENSG00000149257.16","OTTHUMG00000165362.7","OTTHUMT00000383610.1","SERPINH1-202","SERPINH1",3391,"protein_coding",2741,32,0.973884046,"AGACA",0.59375,NA,NA,NA,NA,NA,NA,NA,NA,NA,0,0,0,NA,NA,NA
"2757","ENST00000524773.5","ENSG00000014216.16","OTTHUMG00000165614.2","OTTHUMT00000385311.1","CAPN1-202","CAPN1",2960,"protein_coding",2464,20,0.963871837,"GGACT",0.65,NA,NA,NA,NA,NA,NA,NA,NA,NA,0,0,0,NA,NA,NA
"2758","ENST00000524846.5","ENSG00000104518.11","OTTHUMG00000165132.8","OTTHUMT00000382051.2","GSDMD-202","GSDMD",3462,"retained_intron",3285,34,0.910595834,"GGACT",0.647058824,NA,NA,NA,NA,NA,NA,NA,NA,NA,0,0,0,NA,NA,NA
"2759","ENST00000524849.5","ENSG00000173653.8","OTTHUMG00000167098.2","OTTHUMT00000393107.1","RCE1-203","RCE1",1428,"nonsense_mediated_decay",1261,76,0.957138419,"GGACT",0.736842105,NA,NA,NA,NA,NA,NA,NA,NA,NA,0,0,0,NA,NA,NA
"2760","ENST00000525066.5","ENSG00000051180.17","OTTHUMG00000130067.10","OTTHUMT00000387939.1","RAD51-204","RAD51",1545,"nonsense_mediated_decay",1161,41,0.92184788,"AGACT",0.536585366,NA,NA,NA,NA,NA,NA,NA,NA,NA,0,0,0,NA,NA,NA
"2761","ENST00000525159.5","ENSG00000078902.16","OTTHUMG00000133333.6","OTTHUMT00000388549.1","TOLLIP-203","TOLLIP",3429,"protein_coding",883,20,0.945881546,"GGACT",0.95,NA,NA,NA,NA,NA,NA,NA,NA,NA,0,0,0,NA,NA,NA
"2762","ENST00000525346.6","ENSG00000172893.18","OTTHUMG00000167346.3","OTTHUMT00000394251.2","DHCR7-204","DHCR7",2603,"protein_coding",1593,165,0.946955442,"GGACT",0.781818182,NA,NA,NA,NA,NA,NA,NA,NA,NA,0,0,0,NA,NA,NA
"2763","ENST00000525346.6","ENSG00000172893.18","OTTHUMG00000167346.3","OTTHUMT00000394251.2","DHCR7-204","DHCR7",2603,"protein_coding",2185,258,0.960258424,"GGACA",0.682170543,NA,NA,NA,NA,NA,NA,NA,NA,NA,0,0,0,NA,NA,NA
"2764","ENST00000525346.6","ENSG00000172893.18","OTTHUMG00000167346.3","OTTHUMT00000394251.2","DHCR7-204","DHCR7",2603,"protein_coding",2385,276,0.929204166,"TGACT",0.550724638,NA,NA,NA,NA,NA,NA,NA,NA,NA,0,0,0,NA,NA,NA
"2765","ENST00000525356.1","ENSG00000173653.8","OTTHUMG00000167098.2","OTTHUMT00000393111.1","RCE1-204","RCE1",1270,"protein_coding",1107,72,0.964646876,"GGACT",0.763888889,NA,NA,NA,NA,NA,NA,NA,NA,NA,0,0,0,NA,NA,NA
"2766","ENST00000525771.1","ENSG00000124444.16","OTTHUMG00000165479.2","OTTHUMT00000384393.1","ZNF576-203","ZNF576",2327,"protein_coding",1153,20,0.963710308,"GGACT",0.85,NA,NA,NA,NA,NA,NA,NA,NA,NA,0,0,0,NA,NA,NA
"2767","ENST00000525876.1","ENSG00000149257.16","OTTHUMG00000165362.7","OTTHUMT00000383613.1","SERPINH1-205","SERPINH1",2283,"protein_coding",1633,23,0.954378068,"AGACA",0.52173913,NA,NA,NA,NA,NA,NA,NA,NA,NA,0,0,0,NA,NA,NA
"2768","ENST00000526005.5","ENSG00000123444.14","OTTHUMG00000166894.5","OTTHUMT00000391763.1","KBTBD4-204","KBTBD4",2444,"protein_coding",1732,20,0.950113237,"GAACT",0.55,NA,NA,NA,NA,NA,NA,NA,NA,NA,0,0,0,NA,NA,NA
"2769","ENST00000526005.5","ENSG00000123444.14","OTTHUMG00000166894.5","OTTHUMT00000391763.1","KBTBD4-204","KBTBD4",2444,"protein_coding",1904,23,0.945367634,"GAACT",0.608695652,NA,NA,NA,NA,NA,NA,NA,NA,NA,0,0,0,NA,NA,NA
"2770","ENST00000526015.5","ENSG00000166012.17","OTTHUMG00000167451.6","OTTHUMT00000394647.1","TAF1D-205","TAF1D",1735,"nonsense_mediated_decay",398,24,0.944344342,"TGACT",0.583333333,NA,NA,NA,NA,NA,NA,NA,NA,NA,0,0,0,NA,NA,NA
"2771","ENST00000526028.1","ENSG00000198331.11","OTTHUMG00000165858.1","OTTHUMT00000386734.1","HYLS1-203","HYLS1",1803,"protein_coding",942,22,0.988590002,"GGACT",0.863636364,NA,NA,NA,NA,NA,NA,NA,NA,NA,0,0,0,NA,NA,NA
"2772","ENST00000526028.1","ENSG00000198331.11","OTTHUMG00000165858.1","OTTHUMT00000386734.1","HYLS1-203","HYLS1",1803,"protein_coding",1218,23,0.974864066,"GGACT",0.826086957,NA,NA,NA,NA,NA,NA,NA,NA,NA,0,0,0,NA,NA,NA
"2773","ENST00000526028.1","ENSG00000198331.11","OTTHUMG00000165858.1","OTTHUMT00000386734.1","HYLS1-203","HYLS1",1803,"protein_coding",1224,26,0.982774913,"GGACT",0.884615385,NA,NA,NA,NA,NA,NA,NA,NA,NA,0,0,0,NA,NA,NA
"2774","ENST00000526028.1","ENSG00000198331.11","OTTHUMG00000165858.1","OTTHUMT00000386734.1","HYLS1-203","HYLS1",1803,"protein_coding",1567,40,0.901703537,"GGACT",0.525,NA,NA,NA,NA,NA,NA,NA,NA,NA,0,0,0,NA,NA,NA
"2775","ENST00000526048.1","ENSG00000149809.17","OTTHUMG00000165603.4","OTTHUMT00000385259.1","TM7SF2-206","TM7SF2",1168,"retained_intron",1094,53,0.964528084,"GGACT",0.754716981,NA,NA,NA,NA,NA,NA,NA,NA,NA,0,0,0,NA,NA,NA
"2776","ENST00000526104.6","ENSG00000177963.15","OTTHUMG00000119069.7","OTTHUMT00000384761.1","RIC8A-203","RIC8A",3506,"protein_coding",2773,30,0.977309704,"GGACT",0.733333333,NA,NA,NA,NA,NA,NA,NA,NA,NA,0,0,0,NA,NA,NA
"2777","ENST00000526104.6","ENSG00000177963.15","OTTHUMG00000119069.7","OTTHUMT00000384761.1","RIC8A-203","RIC8A",3506,"protein_coding",2792,46,0.946775496,"AGACT",0.673913043,NA,NA,NA,NA,NA,NA,NA,NA,NA,0,0,0,NA,NA,NA
"2778","ENST00000526104.6","ENSG00000177963.15","OTTHUMG00000119069.7","OTTHUMT00000384761.1","RIC8A-203","RIC8A",3506,"protein_coding",2929,55,0.950831771,"GGACT",0.709090909,NA,NA,NA,NA,NA,NA,NA,NA,NA,0,0,0,NA,NA,NA
"2779","ENST00000526104.6","ENSG00000177963.15","OTTHUMG00000119069.7","OTTHUMT00000384761.1","RIC8A-203","RIC8A",3506,"protein_coding",2954,63,0.969937265,"GAACT",0.634920635,NA,NA,NA,NA,NA,NA,NA,NA,NA,0,0,0,NA,NA,NA
"2780","ENST00000526280.1","ENSG00000166311.10","OTTHUMG00000165453.7","OTTHUMT00000385740.2","SMPD1-202","SMPD1",1344,"protein_coding",1090,20,0.93331629,"GGACC",0.65,NA,NA,NA,NA,NA,NA,NA,NA,NA,0,0,0,NA,NA,NA
"2781","ENST00000526406.5","ENSG00000104518.11","OTTHUMG00000165132.8","OTTHUMT00000382046.3","GSDMD-206","GSDMD",2496,"protein_coding",2316,57,0.925878465,"GGACT",0.578947368,NA,NA,NA,NA,NA,NA,NA,NA,NA,0,0,0,NA,NA,NA
"2782","ENST00000526451.5","ENSG00000175376.9","OTTHUMG00000166671.4","OTTHUMT00000391074.2","EIF1AD-204","EIF1AD",2761,"protein_coding",831,52,0.907247424,"GAACT",0.480769231,NA,NA,NA,NA,NA,NA,NA,NA,NA,0,0,0,NA,NA,NA
"2783","ENST00000526683.6","ENSG00000179950.15","OTTHUMG00000165155.3","OTTHUMT00000382222.2","PUF60-208","PUF60",1868,"protein_coding",1584,208,0.988275766,"AGACT",0.822115385,NA,NA,NA,NA,NA,NA,NA,NA,NA,0,0,0,NA,NA,NA
"2784","ENST00000526683.6","ENSG00000179950.15","OTTHUMG00000165155.3","OTTHUMT00000382222.2","PUF60-208","PUF60",1868,"protein_coding",1711,148,0.96661669,"GGACT",0.790540541,NA,NA,NA,NA,NA,NA,NA,NA,NA,0,0,0,NA,NA,NA
"2785","ENST00000526737.6","ENSG00000159063.14","OTTHUMG00000166594.7","-","ALG8-208","ALG8",1653,"nonsense_mediated_decay",1331,20,0.993641734,"GAACT",0.7,NA,NA,NA,NA,NA,NA,NA,NA,NA,0,0,0,NA,NA,NA
"2786","ENST00000526780.6","ENSG00000172893.18","OTTHUMG00000167346.3","OTTHUMT00000394250.2","DHCR7-205","DHCR7",2850,"protein_coding",1840,148,0.944181621,"GGACT",0.797297297,NA,NA,NA,NA,NA,NA,NA,NA,NA,0,0,0,NA,NA,NA
"2787","ENST00000526780.6","ENSG00000172893.18","OTTHUMG00000167346.3","OTTHUMT00000394250.2","DHCR7-205","DHCR7",2850,"protein_coding",2432,260,0.948175788,"GGACA",0.676923077,NA,NA,NA,NA,NA,NA,NA,NA,NA,0,0,0,NA,NA,NA
"2788","ENST00000526780.6","ENSG00000172893.18","OTTHUMG00000167346.3","OTTHUMT00000394250.2","DHCR7-205","DHCR7",2850,"protein_coding",2632,264,0.928157568,"TGACT",0.556818182,NA,NA,NA,NA,NA,NA,NA,NA,NA,0,0,0,NA,NA,NA
"2789","ENST00000526991.3","ENSG00000255112.3","OTTHUMG00000165820.3","OTTHUMT00000386375.3","CHMP1B-201","CHMP1B",3032,"protein_coding",1161,20,0.922844291,"GGACT",0.75,NA,NA,NA,NA,NA,NA,NA,NA,NA,0,0,0,NA,NA,NA
"2790","ENST00000527034.5","ENSG00000108312.16","OTTHUMG00000167585.6","OTTHUMT00000395248.1","UBTF-206","UBTF",3010,"protein_coding",2812,21,0.940222919,"GAACT",0.714285714,NA,NA,NA,NA,NA,NA,NA,NA,NA,0,0,0,NA,NA,NA
"2791","ENST00000527102.6","ENSG00000148925.11","OTTHUMG00000165787.6","OTTHUMT00000386201.2","BTBD10-206","BTBD10",2338,"nonsense_mediated_decay",1862,21,0.950383782,"GGACT",0.619047619,NA,NA,NA,NA,NA,NA,NA,NA,NA,0,0,0,NA,NA,NA
"2792","ENST00000527323.5","ENSG00000014216.16","OTTHUMG00000165614.2","OTTHUMT00000385325.1","CAPN1-208","CAPN1",3086,"protein_coding",2604,21,0.971120298,"GGACT",0.666666667,NA,NA,NA,NA,NA,NA,NA,NA,NA,0,0,0,NA,NA,NA
"2793","ENST00000527326.1","ENSG00000026508.21","OTTHUMG00000044388.10","OTTHUMT00000388992.1","CD44-225","CD44",718,"retained_intron",668,44,0.913911641,"GGACA",0.590909091,NA,NA,NA,NA,NA,NA,NA,NA,NA,0,0,0,NA,NA,NA
"2794","ENST00000527370.5","ENSG00000110697.13","OTTHUMG00000167675.5","OTTHUMT00000395522.1","PITPNM1-209","PITPNM1",3712,"retained_intron",3465,22,0.911708593,"GGACC",0.409090909,NA,NA,NA,NA,NA,NA,NA,NA,NA,0,0,0,NA,NA,NA
"2795","ENST00000527537.5","ENSG00000137710.17","OTTHUMG00000166574.8","OTTHUMT00000390578.1","RDX-201","RDX",3403,"retained_intron",2996,23,0.969510019,"GAACT",0.869565217,NA,NA,NA,NA,NA,NA,NA,NA,NA,0,0,0,NA,NA,NA
"2796","ENST00000527696.5","ENSG00000177963.15","OTTHUMG00000119069.7","OTTHUMT00000384762.1","RIC8A-208","RIC8A",2565,"protein_coding",1832,30,0.977606833,"GGACT",0.733333333,NA,NA,NA,NA,NA,NA,NA,NA,NA,0,0,0,NA,NA,NA
"2797","ENST00000527696.5","ENSG00000177963.15","OTTHUMG00000119069.7","OTTHUMT00000384762.1","RIC8A-208","RIC8A",2565,"protein_coding",1851,46,0.946305931,"AGACT",0.673913043,NA,NA,NA,NA,NA,NA,NA,NA,NA,0,0,0,NA,NA,NA
"2798","ENST00000527696.5","ENSG00000177963.15","OTTHUMG00000119069.7","OTTHUMT00000384762.1","RIC8A-208","RIC8A",2565,"protein_coding",1988,55,0.9507128,"GGACT",0.709090909,NA,NA,NA,NA,NA,NA,NA,NA,NA,0,0,0,NA,NA,NA
"2799","ENST00000527696.5","ENSG00000177963.15","OTTHUMG00000119069.7","OTTHUMT00000384762.1","RIC8A-208","RIC8A",2565,"protein_coding",2013,63,0.971098542,"GAACT",0.634920635,NA,NA,NA,NA,NA,NA,NA,NA,NA,0,0,0,NA,NA,NA
"2800","ENST00000527886.5","ENSG00000078902.16","OTTHUMG00000133333.6","OTTHUMT00000388548.1","TOLLIP-207","TOLLIP",3666,"protein_coding",1119,22,0.945231616,"GGACT",0.954545455,NA,NA,NA,NA,NA,NA,NA,NA,NA,0,0,0,NA,NA,NA
"2801","ENST00000527986.5","ENSG00000254635.6","OTTHUMG00000166235.3","OTTHUMT00000388577.1","WAC-AS1-201","WAC-AS1",2323,"lncRNA",1990,52,0.971817613,"AGACA",0.634615385,NA,NA,NA,NA,NA,NA,NA,NA,NA,0,0,0,NA,NA,NA
"2802","ENST00000528011.2","ENSG00000177697.19","OTTHUMG00000133311.10","OTTHUMT00000383118.2","CD151-213","CD151",1425,"protein_coding",550,275,0.924116313,"GGACT",0.592727273,NA,NA,NA,NA,NA,NA,NA,NA,NA,0,0,0,NA,NA,NA
"2803","ENST00000528057.5","ENSG00000162302.13","OTTHUMG00000046094.4","OTTHUMT00000385364.1","RPS6KA4-202","RPS6KA4",3121,"protein_coding",2485,23,0.909581304,"GGACT",0.608695652,NA,NA,NA,NA,NA,NA,NA,NA,NA,0,0,0,NA,NA,NA
"2804","ENST00000528057.5","ENSG00000162302.13","OTTHUMG00000046094.4","OTTHUMT00000385364.1","RPS6KA4-202","RPS6KA4",3121,"protein_coding",2808,99,0.93560791,"GGACT",0.696969697,NA,NA,NA,NA,NA,NA,NA,NA,NA,0,0,0,NA,NA,NA
"2805","ENST00000528163.6","ENSG00000008517.19","OTTHUMG00000167498.6","OTTHUMT00000404923.1","IL32-213","IL32",950,"protein_coding",173,25,0.949502051,"GAACT",0.72,NA,NA,NA,NA,NA,NA,NA,NA,NA,0,0,0,NA,NA,NA
"2806","ENST00000528203.5","ENSG00000149269.10","OTTHUMG00000165138.4","OTTHUMT00000382085.1","PAK1-210","PAK1",1878,"protein_coding",1798,20,0.944549322,"GAACT",0.6,NA,NA,NA,NA,NA,NA,NA,NA,NA,0,0,0,NA,NA,NA
"2807","ENST00000528337.2","ENSG00000254635.6","OTTHUMG00000166235.3","OTTHUMT00000388578.2","WAC-AS1-202","WAC-AS1",2649,"lncRNA",2622,22,0.921340346,"AGACT",0.772727273,NA,NA,NA,NA,NA,NA,NA,NA,NA,0,0,0,NA,NA,NA
"2808","ENST00000528387.5","ENSG00000124444.16","OTTHUMG00000165479.2","OTTHUMT00000384395.1","ZNF576-204","ZNF576",859,"protein_coding",530,20,0.964250088,"GGACT",0.85,NA,NA,NA,NA,NA,NA,NA,NA,NA,0,0,0,NA,NA,NA
"2809","ENST00000528653.2","ENSG00000175390.15","OTTHUMG00000165675.4","OTTHUMT00000385719.1","EIF3F-201","EIF3F",1692,"retained_intron",478,55,0.909087062,"GAACT",0.472727273,NA,NA,NA,NA,NA,NA,NA,NA,NA,0,0,0,NA,NA,NA
"2810","ENST00000528655.5","ENSG00000148926.10","OTTHUMG00000165907.2","OTTHUMT00000387008.1","ADM-206","ADM",1889,"protein_coding",1100,27,0.991271853,"GGACT",0.888888889,NA,NA,NA,NA,NA,NA,NA,NA,NA,0,0,0,NA,NA,NA
"2811","ENST00000528759.5","ENSG00000165490.13","OTTHUMG00000166929.3","OTTHUMT00000391934.1","DDIAS-207","DDIAS",3278,"protein_coding",2672,21,0.937336683,"AAACT",0.476190476,NA,NA,NA,NA,NA,NA,NA,NA,NA,0,0,0,NA,NA,NA
"2812","ENST00000528759.5","ENSG00000165490.13","OTTHUMG00000166929.3","OTTHUMT00000391934.1","DDIAS-207","DDIAS",3278,"protein_coding",3076,25,0.992563009,"GGACT",0.96,NA,NA,NA,NA,NA,NA,NA,NA,NA,0,0,0,NA,NA,NA
"2813","ENST00000528896.7","ENSG00000007202.16","OTTHUMG00000166587.7","OTTHUMT00000390571.4","BLTP2-202","BLTP2",7428,"protein_coding",6865,180,0.943965495,"GGACT",0.861111111,NA,NA,NA,NA,NA,NA,NA,NA,NA,0,0,0,NA,NA,NA
"2814","ENST00000529008.5","ENSG00000163479.14","OTTHUMG00000017456.4","OTTHUMT00000392292.1","SSR2-215","SSR2",849,"protein_coding",730,629,0.903965116,"AGACT",0.500794913,NA,NA,NA,NA,NA,NA,NA,NA,NA,0,0,0,NA,NA,NA
"2815","ENST00000529008.5","ENSG00000163479.14","OTTHUMG00000017456.4","OTTHUMT00000392292.1","SSR2-215","SSR2",849,"protein_coding",803,595,0.990680039,"GGACT",0.823529412,NA,NA,NA,NA,NA,NA,NA,NA,NA,0,0,0,NA,NA,NA
"2816","ENST00000529022.5","ENSG00000160959.8","OTTHUMG00000165179.4","OTTHUMT00000382493.1","LRRC14-205","LRRC14",2243,"protein_coding",2101,24,0.930741549,"GGACA",0.583333333,NA,NA,NA,NA,NA,NA,NA,NA,NA,0,0,0,NA,NA,NA
"2817","ENST00000529142.5","ENSG00000143393.17","OTTHUMG00000012348.14","OTTHUMT00000316335.4","PI4KB-213","PI4KB",2603,"protein_coding",2142,60,0.949906051,"GGACT",0.65,NA,NA,NA,NA,NA,NA,NA,NA,NA,0,0,0,NA,NA,NA
"2818","ENST00000529230.6","ENSG00000175216.15","OTTHUMG00000166599.5","OTTHUMT00000390679.2","CKAP5-210","CKAP5",7172,"protein_coding",6166,45,0.966104388,"AGACT",0.711111111,NA,NA,NA,NA,NA,NA,NA,NA,NA,0,0,0,NA,NA,NA
"2819","ENST00000529292.5","ENSG00000149809.17","OTTHUMG00000165603.4","OTTHUMT00000385244.1","TM7SF2-214","TM7SF2",1305,"nonsense_mediated_decay",1167,112,0.974536419,"GGACT",0.767857143,NA,NA,NA,NA,NA,NA,NA,NA,NA,0,0,0,NA,NA,NA
"2820","ENST00000529430.1","ENSG00000172409.7","OTTHUMG00000167146.6","OTTHUMT00000393461.1","CLP1-203","CLP1",1778,"protein_coding",881,26,0.956991553,"GAACT",0.615384615,NA,NA,NA,NA,NA,NA,NA,NA,NA,0,0,0,NA,NA,NA
"2821","ENST00000529430.1","ENSG00000172409.7","OTTHUMG00000167146.6","OTTHUMT00000393461.1","CLP1-203","CLP1",1778,"protein_coding",958,42,0.947134912,"GGACT",0.666666667,NA,NA,NA,NA,NA,NA,NA,NA,NA,0,0,0,NA,NA,NA
"2822","ENST00000529430.1","ENSG00000172409.7","OTTHUMG00000167146.6","OTTHUMT00000393461.1","CLP1-203","CLP1",1778,"protein_coding",1443,82,0.988825202,"AGACT",0.914634146,NA,NA,NA,NA,NA,NA,NA,NA,NA,0,0,0,NA,NA,NA
"2823","ENST00000529430.1","ENSG00000172409.7","OTTHUMG00000167146.6","OTTHUMT00000393461.1","CLP1-203","CLP1",1778,"protein_coding",1561,81,0.975426257,"AGACT",0.728395062,NA,NA,NA,NA,NA,NA,NA,NA,NA,0,0,0,NA,NA,NA
"2824","ENST00000529601.5","ENSG00000149809.17","OTTHUMG00000165603.4","OTTHUMT00000385240.1","TM7SF2-216","TM7SF2",1671,"nonsense_mediated_decay",1422,122,0.979268909,"GGACT",0.770491803,NA,NA,NA,NA,NA,NA,NA,NA,NA,0,0,0,NA,NA,NA
"2825","ENST00000529704.5","ENSG00000175482.9","OTTHUMG00000167135.5","OTTHUMT00000393333.2","POLD4-205","POLD4",1486,"protein_coding",591,78,0.949336648,"GGACA",0.679487179,NA,NA,NA,NA,NA,NA,NA,NA,NA,0,0,0,NA,NA,NA
"2826","ENST00000529704.5","ENSG00000175482.9","OTTHUMG00000167135.5","OTTHUMT00000393333.2","POLD4-205","POLD4",1486,"protein_coding",650,73,0.973517418,"GGACT",0.712328767,NA,NA,NA,NA,NA,NA,NA,NA,NA,0,0,0,NA,NA,NA
"2827","ENST00000529901.1","ENSG00000137492.9","OTTHUMG00000165280.2","OTTHUMT00000383187.1","THAP12-204","THAP12",6795,"retained_intron",5986,28,0.990807235,"GGACT",0.857142857,NA,NA,NA,NA,NA,NA,NA,NA,NA,0,0,0,NA,NA,NA
"2828","ENST00000529901.1","ENSG00000137492.9","OTTHUMG00000165280.2","OTTHUMT00000383187.1","THAP12-204","THAP12",6795,"retained_intron",6337,68,0.99049294,"GGACA",0.897058824,NA,NA,NA,NA,NA,NA,NA,NA,NA,0,0,0,NA,NA,NA
"2829","ENST00000529901.1","ENSG00000137492.9","OTTHUMG00000165280.2","OTTHUMT00000383187.1","THAP12-204","THAP12",6795,"retained_intron",6415,123,0.940809309,"GAACT",0.569105691,NA,NA,NA,NA,NA,NA,NA,NA,NA,0,0,0,NA,NA,NA
"2830","ENST00000529930.1","ENSG00000124444.16","OTTHUMG00000165479.2","OTTHUMT00000384396.1","ZNF576-205","ZNF576",830,"protein_coding",612,20,0.964595735,"GGACT",0.85,NA,NA,NA,NA,NA,NA,NA,NA,NA,0,0,0,NA,NA,NA
"2831","ENST00000529945.2","ENSG00000178104.22","OTTHUMG00000013846.16","OTTHUMT00000038974.3","PDE4DIP-226","PDE4DIP",8824,"protein_coding",3883,28,0.932336092,"TGACT",0.5,NA,NA,NA,NA,NA,NA,NA,NA,NA,0,0,0,NA,NA,NA
"2832","ENST00000529945.2","ENSG00000178104.22","OTTHUMG00000013846.16","OTTHUMT00000038974.3","PDE4DIP-226","PDE4DIP",8824,"protein_coding",3899,27,0.954750717,"GAACT",0.703703704,NA,NA,NA,NA,NA,NA,NA,NA,NA,0,0,0,NA,NA,NA
"2833","ENST00000529964.5","ENSG00000175376.9","OTTHUMG00000166671.4","OTTHUMT00000391075.2","EIF1AD-207","EIF1AD",808,"protein_coding",766,29,0.922840536,"GAACT",0.482758621,NA,NA,NA,NA,NA,NA,NA,NA,NA,0,0,0,NA,NA,NA
"2834","ENST00000530028.3","ENSG00000255302.5","OTTHUMG00000165911.3","OTTHUMT00000387033.3","EID1-201","EID1",2040,"protein_coding",749,53,0.973222315,"GGACA",0.566037736,NA,NA,NA,NA,NA,NA,NA,NA,NA,0,0,0,NA,NA,NA
"2835","ENST00000530028.3","ENSG00000255302.5","OTTHUMG00000165911.3","OTTHUMT00000387033.3","EID1-201","EID1",2040,"protein_coding",755,49,0.957010329,"TGACT",0.836734694,NA,NA,NA,NA,NA,NA,NA,NA,NA,0,0,0,NA,NA,NA
"2836","ENST00000530028.3","ENSG00000255302.5","OTTHUMG00000165911.3","OTTHUMT00000387033.3","EID1-201","EID1",2040,"protein_coding",1028,98,0.940922499,"GGACA",0.459183673,NA,NA,NA,NA,NA,NA,NA,NA,NA,0,0,0,NA,NA,NA
"2837","ENST00000530028.3","ENSG00000255302.5","OTTHUMG00000165911.3","OTTHUMT00000387033.3","EID1-201","EID1",2040,"protein_coding",1052,120,0.968321919,"GGACT",0.85,NA,NA,NA,NA,NA,NA,NA,NA,NA,0,0,0,NA,NA,NA
"2838","ENST00000530047.5","ENSG00000185803.12","OTTHUMG00000165168.9","OTTHUMT00000382400.1","SLC52A2-209","SLC52A2",1757,"protein_coding",1476,23,0.980016232,"GGACT",0.739130435,NA,NA,NA,NA,NA,NA,NA,NA,NA,0,0,0,NA,NA,NA
"2839","ENST00000530137.1","ENSG00000137522.18","OTTHUMG00000157023.4","OTTHUMT00000395566.1","RNF121-211","RNF121",2202,"protein_coding",1018,24,0.916119456,"AGACT",0.708333333,NA,NA,NA,NA,NA,NA,NA,NA,NA,0,0,0,NA,NA,NA
"2840","ENST00000530137.1","ENSG00000137522.18","OTTHUMG00000157023.4","OTTHUMT00000395566.1","RNF121-211","RNF121",2202,"protein_coding",1065,23,0.986274898,"GGACT",0.913043478,NA,NA,NA,NA,NA,NA,NA,NA,NA,0,0,0,NA,NA,NA
"2841","ENST00000530167.2","ENSG00000188486.4","OTTHUMG00000166196.4","OTTHUMT00000388330.2","H2AX-202","H2AX",1592,"protein_coding",604,52,0.990842044,"AGACT",0.788461538,NA,NA,NA,NA,NA,NA,NA,NA,NA,0,0,0,NA,NA,NA
"2842","ENST00000530167.2","ENSG00000188486.4","OTTHUMG00000166196.4","OTTHUMT00000388330.2","H2AX-202","H2AX",1592,"protein_coding",1074,105,0.919543087,"GGACT",0.638095238,NA,NA,NA,NA,NA,NA,NA,NA,NA,0,0,0,NA,NA,NA
"2843","ENST00000530167.2","ENSG00000188486.4","OTTHUMG00000166196.4","OTTHUMT00000388330.2","H2AX-202","H2AX",1592,"protein_coding",1261,180,0.905353129,"TGACT",0.666666667,NA,NA,NA,NA,NA,NA,NA,NA,NA,0,0,0,NA,NA,NA
"2844","ENST00000530167.2","ENSG00000188486.4","OTTHUMG00000166196.4","OTTHUMT00000388330.2","H2AX-202","H2AX",1592,"protein_coding",1330,188,0.912251532,"GGACA",0.510638298,NA,NA,NA,NA,NA,NA,NA,NA,NA,0,0,0,NA,NA,NA
"2845","ENST00000530167.2","ENSG00000188486.4","OTTHUMG00000166196.4","OTTHUMT00000388330.2","H2AX-202","H2AX",1592,"protein_coding",1472,244,0.940627813,"GGACT",0.790983607,NA,NA,NA,NA,NA,NA,NA,NA,NA,0,0,0,NA,NA,NA
"2846","ENST00000530188.1","ENSG00000175573.7","OTTHUMG00000157153.3","OTTHUMT00000391173.1","C11orf68-203","C11orf68",1528,"protein_coding",687,21,0.981260717,"GGACC",0.761904762,NA,NA,NA,NA,NA,NA,NA,NA,NA,0,0,0,NA,NA,NA
"2847","ENST00000530188.1","ENSG00000175573.7","OTTHUMG00000157153.3","OTTHUMT00000391173.1","C11orf68-203","C11orf68",1528,"protein_coding",892,54,0.977508187,"GAACT",0.685185185,NA,NA,NA,NA,NA,NA,NA,NA,NA,0,0,0,NA,NA,NA
"2848","ENST00000530188.1","ENSG00000175573.7","OTTHUMG00000157153.3","OTTHUMT00000391173.1","C11orf68-203","C11orf68",1528,"protein_coding",1050,73,0.952488422,"GAACT",0.643835616,NA,NA,NA,NA,NA,NA,NA,NA,NA,0,0,0,NA,NA,NA
"2849","ENST00000530188.1","ENSG00000175573.7","OTTHUMG00000157153.3","OTTHUMT00000391173.1","C11orf68-203","C11orf68",1528,"protein_coding",1414,88,0.917094529,"GGACA",0.545454545,NA,NA,NA,NA,NA,NA,NA,NA,NA,0,0,0,NA,NA,NA
"2850","ENST00000530191.6","ENSG00000104529.19","OTTHUMG00000165191.23","OTTHUMT00000386661.2","EEF1D-230","EEF1D",1143,"protein_coding",1139,95,0.91566509,"AGACT",0.463157895,NA,NA,NA,NA,NA,NA,NA,NA,NA,0,0,0,NA,NA,NA
"2851","ENST00000530445.6","ENSG00000104529.19","OTTHUMG00000165191.23","OTTHUMT00000386265.2","EEF1D-232","EEF1D",1621,"protein_coding",1617,58,0.918490708,"AGACT",0.482758621,NA,NA,NA,NA,NA,NA,NA,NA,NA,0,0,0,NA,NA,NA
"2852","ENST00000530584.5","ENSG00000175482.9","OTTHUMG00000167135.5","OTTHUMT00000393335.2","POLD4-206","POLD4",899,"protein_coding",775,78,0.962479532,"GGACA",0.717948718,NA,NA,NA,NA,NA,NA,NA,NA,NA,0,0,0,NA,NA,NA
"2853","ENST00000530584.5","ENSG00000175482.9","OTTHUMG00000167135.5","OTTHUMT00000393335.2","POLD4-206","POLD4",899,"protein_coding",834,73,0.972161949,"GGACT",0.712328767,NA,NA,NA,NA,NA,NA,NA,NA,NA,0,0,0,NA,NA,NA
"2854","ENST00000530650.5","ENSG00000149809.17","OTTHUMG00000165603.4","OTTHUMT00000385248.1","TM7SF2-217","TM7SF2",2094,"retained_intron",1999,113,0.978032827,"GGACT",0.778761062,NA,NA,NA,NA,NA,NA,NA,NA,NA,0,0,0,NA,NA,NA
"2855","ENST00000530704.6","ENSG00000131238.18","OTTHUMG00000004495.8","OTTHUMT00000385796.2","PPT1-210","PPT1",2340,"nonsense_mediated_decay",1296,25,0.910111904,"GAACT",0.6,NA,NA,NA,NA,NA,NA,NA,NA,NA,0,0,0,NA,NA,NA
"2856","ENST00000530705.6","ENSG00000133112.17","OTTHUMG00000016845.7","OTTHUMT00000044758.4","TPT1-212","TPT1",4548,"protein_coding",972,257,0.930738926,"GGACT",0.680933852,NA,NA,NA,NA,NA,NA,NA,NA,NA,0,0,0,NA,NA,NA
"2857","ENST00000530705.6","ENSG00000133112.17","OTTHUMG00000016845.7","OTTHUMT00000044758.4","TPT1-212","TPT1",4548,"protein_coding",1134,209,0.928881586,"AGACT",0.693779904,NA,NA,NA,NA,NA,NA,NA,NA,NA,0,0,0,NA,NA,NA
"2858","ENST00000530908.5","ENSG00000159228.13","OTTHUMG00000086618.3","OTTHUMT00000383517.1","CBR1-205","CBR1",1924,"protein_coding",1603,193,0.95383507,"GGACA",0.751295337,NA,NA,NA,NA,NA,NA,NA,NA,NA,0,0,0,NA,NA,NA
"2859","ENST00000531037.5","ENSG00000132254.13","OTTHUMG00000133406.6","OTTHUMT00000384234.1","ARFIP2-209","ARFIP2",1560,"nonsense_mediated_decay",1034,23,0.996686697,"AGACA",0.913043478,NA,NA,NA,NA,NA,NA,NA,NA,NA,0,0,0,NA,NA,NA
"2860","ENST00000531037.5","ENSG00000132254.13","OTTHUMG00000133406.6","OTTHUMT00000384234.1","ARFIP2-209","ARFIP2",1560,"nonsense_mediated_decay",1071,24,0.945259273,"GGACA",0.708333333,NA,NA,NA,NA,NA,NA,NA,NA,NA,0,0,0,NA,NA,NA
"2861","ENST00000531037.5","ENSG00000132254.13","OTTHUMG00000133406.6","OTTHUMT00000384234.1","ARFIP2-209","ARFIP2",1560,"nonsense_mediated_decay",1371,40,0.985671103,"GGACT",0.875,NA,NA,NA,NA,NA,NA,NA,NA,NA,0,0,0,NA,NA,NA
"2862","ENST00000531037.5","ENSG00000132254.13","OTTHUMG00000133406.6","OTTHUMT00000384234.1","ARFIP2-209","ARFIP2",1560,"nonsense_mediated_decay",1445,35,0.925478041,"GGACT",0.742857143,NA,NA,NA,NA,NA,NA,NA,NA,NA,0,0,0,NA,NA,NA
"2863","ENST00000531072.1","ENSG00000168061.17","OTTHUMG00000165594.6","OTTHUMT00000385155.2","SAC3D1-202","SAC3D1",1362,"protein_coding",1070,84,0.988871872,"GGACT",0.952380952,NA,NA,NA,NA,NA,NA,NA,NA,NA,0,0,0,NA,NA,NA
"2864","ENST00000531072.1","ENSG00000168061.17","OTTHUMG00000165594.6","OTTHUMT00000385155.2","SAC3D1-202","SAC3D1",1362,"protein_coding",1267,103,0.935440719,"GGACA",0.533980583,NA,NA,NA,NA,NA,NA,NA,NA,NA,0,0,0,NA,NA,NA
"2865","ENST00000531184.5","ENSG00000104518.11","OTTHUMG00000165132.8","OTTHUMT00000382049.2","GSDMD-211","GSDMD",2213,"retained_intron",2040,28,0.924381971,"GGACT",0.607142857,NA,NA,NA,NA,NA,NA,NA,NA,NA,0,0,0,NA,NA,NA
"2866","ENST00000531206.5","ENSG00000004897.12","OTTHUMG00000166429.8","OTTHUMT00000389745.1","CDC27-207","CDC27",3177,"protein_coding",2643,23,0.929455757,"TGACT",0.608695652,NA,NA,NA,NA,NA,NA,NA,NA,NA,0,0,0,NA,NA,NA
"2867","ENST00000531323.1","ENSG00000204922.5","OTTHUMG00000167546.4","OTTHUMT00000394992.2","UQCC3-202","UQCC3",2288,"protein_coding",992,268,0.990265131,"GGACT",0.847014925,NA,NA,NA,NA,NA,NA,NA,NA,NA,0,0,0,NA,NA,NA
"2868","ENST00000531323.1","ENSG00000204922.5","OTTHUMG00000167546.4","OTTHUMT00000394992.2","UQCC3-202","UQCC3",2288,"protein_coding",1052,257,0.919076145,"GAACT",0.517509728,NA,NA,NA,NA,NA,NA,NA,NA,NA,0,0,0,NA,NA,NA
"2869","ENST00000531383.5","ENSG00000149541.10","OTTHUMG00000167685.3","OTTHUMT00000395589.1","B3GAT3-202","B3GAT3",2056,"protein_coding",1913,20,0.971563339,"GGACC",0.7,NA,NA,NA,NA,NA,NA,NA,NA,NA,0,0,0,NA,NA,NA
"2870","ENST00000531745.1","ENSG00000171067.11","OTTHUMG00000167478.3","OTTHUMT00000394751.1","C11orf24-206","C11orf24",451,"protein_coding_CDS_not_defined",255,21,0.993002295,"GGACT",0.714285714,NA,NA,NA,NA,NA,NA,NA,NA,NA,0,0,0,NA,NA,NA
"2871","ENST00000532045.6","ENSG00000177697.19","OTTHUMG00000133311.10","OTTHUMT00000383114.3","CD151-220","CD151",1835,"retained_intron",917,119,0.953862429,"GGACT",0.638655462,NA,NA,NA,NA,NA,NA,NA,NA,NA,0,0,0,NA,NA,NA
"2872","ENST00000532074.5","ENSG00000163479.14","OTTHUMG00000017456.4","OTTHUMT00000392293.1","SSR2-218","SSR2",1008,"retained_intron",918,570,0.954430223,"AGACT",0.594736842,NA,NA,NA,NA,NA,NA,NA,NA,NA,0,0,0,NA,NA,NA
"2873","ENST00000532074.5","ENSG00000163479.14","OTTHUMG00000017456.4","OTTHUMT00000392293.1","SSR2-218","SSR2",1008,"retained_intron",991,498,0.989795804,"GGACT",0.843373494,NA,NA,NA,NA,NA,NA,NA,NA,NA,0,0,0,NA,NA,NA
"2874","ENST00000532091.1","ENSG00000109971.14","OTTHUMG00000166030.2","OTTHUMT00000387520.1","HSPA8-215","HSPA8",2301,"retained_intron",658,434,0.910089374,"GAACT",0.555299539,NA,NA,NA,NA,NA,NA,NA,NA,NA,0,0,0,NA,NA,NA
"2875","ENST00000532457.5","ENSG00000165912.16","OTTHUMG00000166870.6","OTTHUMT00000391633.1","PACSIN3-209","PACSIN3",1845,"nonsense_mediated_decay",1642,21,0.90686214,"GGACT",0.666666667,NA,NA,NA,NA,NA,NA,NA,NA,NA,0,0,0,NA,NA,NA
"2876","ENST00000532461.5","ENSG00000137710.17","OTTHUMG00000166574.8","OTTHUMT00000390579.1","RDX-211","RDX",3286,"retained_intron",2882,23,0.968298554,"GAACT",0.869565217,NA,NA,NA,NA,NA,NA,NA,NA,NA,0,0,0,NA,NA,NA
"2877","ENST00000532743.6","ENSG00000051180.17","OTTHUMG00000130067.10","OTTHUMT00000504042.1","RAD51-208","RAD51",1539,"protein_coding",1118,64,0.918239176,"AGACT",0.515625,NA,NA,NA,NA,NA,NA,NA,NA,NA,0,0,0,NA,NA,NA
"2878","ENST00000532830.5","ENSG00000175482.9","OTTHUMG00000167135.5","OTTHUMT00000393337.2","POLD4-208","POLD4",904,"protein_coding",780,74,0.953449667,"GGACA",0.689189189,NA,NA,NA,NA,NA,NA,NA,NA,NA,0,0,0,NA,NA,NA
"2879","ENST00000532830.5","ENSG00000175482.9","OTTHUMG00000167135.5","OTTHUMT00000393337.2","POLD4-208","POLD4",904,"protein_coding",839,70,0.977206826,"GGACT",0.742857143,NA,NA,NA,NA,NA,NA,NA,NA,NA,0,0,0,NA,NA,NA
"2880","ENST00000532896.5","ENSG00000254858.10","OTTHUMG00000165628.9","OTTHUMT00000385434.1","MPV17L2-201","MPV17L2",1676,"retained_intron",1155,30,0.961363018,"GGACT",0.7,NA,NA,NA,NA,NA,NA,NA,NA,NA,0,0,0,NA,NA,NA
"2881","ENST00000533063.5","ENSG00000104518.11","OTTHUMG00000165132.8","OTTHUMT00000382047.2","GSDMD-212","GSDMD",1800,"protein_coding",1620,58,0.928537369,"GGACT",0.603448276,NA,NA,NA,NA,NA,NA,NA,NA,NA,0,0,0,NA,NA,NA
"2882","ENST00000533086.5","ENSG00000105135.16","OTTHUMG00000165630.4","OTTHUMT00000385438.1","ILVBL-206","ILVBL",4248,"retained_intron",4022,60,0.961365223,"GGACT",0.666666667,NA,NA,NA,NA,NA,NA,NA,NA,NA,0,0,0,NA,NA,NA
"2883","ENST00000533086.5","ENSG00000105135.16","OTTHUMG00000165630.4","OTTHUMT00000385438.1","ILVBL-206","ILVBL",4248,"retained_intron",4172,26,0.918349564,"GGACC",0.346153846,NA,NA,NA,NA,NA,NA,NA,NA,NA,0,0,0,NA,NA,NA
"2884","ENST00000533118.5","ENSG00000124444.16","OTTHUMG00000165479.2","OTTHUMT00000384394.1","ZNF576-206","ZNF576",867,"protein_coding",569,21,0.959679425,"GGACT",0.80952381,NA,NA,NA,NA,NA,NA,NA,NA,NA,0,0,0,NA,NA,NA
"2885","ENST00000533123.5","ENSG00000166311.10","OTTHUMG00000165453.7","OTTHUMT00000384206.1","SMPD1-208","SMPD1",2211,"nonsense_mediated_decay",1957,25,0.924147487,"GGACC",0.6,NA,NA,NA,NA,NA,NA,NA,NA,NA,0,0,0,NA,NA,NA
"2886","ENST00000533177.5","ENSG00000108312.16","OTTHUMG00000167585.6","OTTHUMT00000395213.1","UBTF-213","UBTF",3011,"protein_coding",2814,21,0.935777724,"GAACT",0.714285714,NA,NA,NA,NA,NA,NA,NA,NA,NA,0,0,0,NA,NA,NA
"2887","ENST00000533277.5","ENSG00000173653.8","OTTHUMG00000167098.2","OTTHUMT00000393104.1","RCE1-207","RCE1",2719,"retained_intron",2558,57,0.967917383,"GGACT",0.789473684,NA,NA,NA,NA,NA,NA,NA,NA,NA,0,0,0,NA,NA,NA
"2888","ENST00000533290.5","ENSG00000123444.14","OTTHUMG00000166894.5","OTTHUMT00000391764.2","KBTBD4-209","KBTBD4",3079,"protein_coding",2368,20,0.946754277,"GAACT",0.55,NA,NA,NA,NA,NA,NA,NA,NA,NA,0,0,0,NA,NA,NA
"2889","ENST00000533290.5","ENSG00000123444.14","OTTHUMG00000166894.5","OTTHUMT00000391764.2","KBTBD4-209","KBTBD4",3079,"protein_coding",2540,23,0.943171263,"GAACT",0.608695652,NA,NA,NA,NA,NA,NA,NA,NA,NA,0,0,0,NA,NA,NA
"2890","ENST00000533310.5","ENSG00000171067.11","OTTHUMG00000167478.3","OTTHUMT00000394752.1","C11orf24-209","C11orf24",980,"protein_coding",930,45,0.992428005,"GGACT",0.822222222,NA,NA,NA,NA,NA,NA,NA,NA,NA,0,0,0,NA,NA,NA
"2891","ENST00000533429.1","ENSG00000175482.9","OTTHUMG00000167135.5","OTTHUMT00000393334.1","POLD4-209","POLD4",860,"retained_intron",736,62,0.94274354,"GGACA",0.677419355,NA,NA,NA,NA,NA,NA,NA,NA,NA,0,0,0,NA,NA,NA
"2892","ENST00000533429.1","ENSG00000175482.9","OTTHUMG00000167135.5","OTTHUMT00000393334.1","POLD4-209","POLD4",860,"retained_intron",795,60,0.969397426,"GGACT",0.733333333,NA,NA,NA,NA,NA,NA,NA,NA,NA,0,0,0,NA,NA,NA
"2893","ENST00000533494.6","ENSG00000104529.19","OTTHUMG00000165191.23","OTTHUMT00000386780.2","EEF1D-246","EEF1D",1155,"protein_coding",1151,47,0.933579087,"AGACT",0.446808511,NA,NA,NA,NA,NA,NA,NA,NA,NA,0,0,0,NA,NA,NA
"2894","ENST00000533544.6","ENSG00000175376.9","OTTHUMG00000166671.4","OTTHUMT00000391076.1","EIF1AD-211","EIF1AD",2916,"protein_coding",986,53,0.90439111,"GAACT",0.471698113,NA,NA,NA,NA,NA,NA,NA,NA,NA,0,0,0,NA,NA,NA
"2895","ENST00000533603.5","ENSG00000149257.16","OTTHUMG00000165362.7","OTTHUMT00000383605.2","SERPINH1-215","SERPINH1",2299,"protein_coding",1648,32,0.974204481,"AGACA",0.59375,NA,NA,NA,NA,NA,NA,NA,NA,NA,0,0,0,NA,NA,NA
"2896","ENST00000533608.7","ENSG00000151348.16","OTTHUMG00000166498.4","OTTHUMT00000390069.2","EXT2-208","EXT2",10037,"protein_coding",2399,20,0.991836429,"GGACA",0.75,NA,NA,NA,NA,NA,NA,NA,NA,NA,0,0,0,NA,NA,NA
"2897","ENST00000533655.6","ENSG00000165490.13","OTTHUMG00000166929.3","OTTHUMT00000391936.2","DDIAS-211","DDIAS",3524,"protein_coding",2914,21,0.937549233,"AAACT",0.476190476,NA,NA,NA,NA,NA,NA,NA,NA,NA,0,0,0,NA,NA,NA
"2898","ENST00000533655.6","ENSG00000165490.13","OTTHUMG00000166929.3","OTTHUMT00000391936.2","DDIAS-211","DDIAS",3524,"protein_coding",3318,25,0.992720604,"GGACT",0.96,NA,NA,NA,NA,NA,NA,NA,NA,NA,0,0,0,NA,NA,NA
"2899","ENST00000533662.2","ENSG00000185803.12","OTTHUMG00000165168.9","OTTHUMT00000382407.1","SLC52A2-211","SLC52A2",2294,"protein_coding",2011,21,0.964817286,"GGACT",0.714285714,NA,NA,NA,NA,NA,NA,NA,NA,NA,0,0,0,NA,NA,NA
"2900","ENST00000533682.2","ENSG00000172409.7","OTTHUMG00000167146.6","OTTHUMT00000393462.4","CLP1-205","CLP1",1828,"protein_coding",915,26,0.958811164,"GAACT",0.615384615,NA,NA,NA,NA,NA,NA,NA,NA,NA,0,0,0,NA,NA,NA
"2901","ENST00000533682.2","ENSG00000172409.7","OTTHUMG00000167146.6","OTTHUMT00000393462.4","CLP1-205","CLP1",1828,"protein_coding",992,42,0.948095441,"GGACT",0.666666667,NA,NA,NA,NA,NA,NA,NA,NA,NA,0,0,0,NA,NA,NA
"2902","ENST00000533682.2","ENSG00000172409.7","OTTHUMG00000167146.6","OTTHUMT00000393462.4","CLP1-205","CLP1",1828,"protein_coding",1477,82,0.988067985,"AGACT",0.914634146,NA,NA,NA,NA,NA,NA,NA,NA,NA,0,0,0,NA,NA,NA
"2903","ENST00000533682.2","ENSG00000172409.7","OTTHUMG00000167146.6","OTTHUMT00000393462.4","CLP1-205","CLP1",1828,"protein_coding",1595,81,0.975129783,"AGACT",0.728395062,NA,NA,NA,NA,NA,NA,NA,NA,NA,0,0,0,NA,NA,NA
"2904","ENST00000533729.1","ENSG00000213465.8","OTTHUMG00000165728.2","OTTHUMT00000385967.1","ARL2-206","ARL2",795,"protein_coding",317,56,0.947780132,"GGACT",0.678571429,NA,NA,NA,NA,NA,NA,NA,NA,NA,0,0,0,NA,NA,NA
"2905","ENST00000533807.3","ENSG00000254858.10","OTTHUMG00000165628.9","OTTHUMT00000385433.4","MPV17L2-202","MPV17L2",1941,"retained_intron",1214,33,0.950156987,"GGACT",0.696969697,NA,NA,NA,NA,NA,NA,NA,NA,NA,0,0,0,NA,NA,NA
"2906","ENST00000533820.5","ENSG00000014216.16","OTTHUMG00000165614.2","OTTHUMT00000385306.1","CAPN1-226","CAPN1",3083,"protein_coding",2582,20,0.96714586,"GGACT",0.65,NA,NA,NA,NA,NA,NA,NA,NA,NA,0,0,0,NA,NA,NA
"2907","ENST00000533898.5","ENSG00000049449.10","OTTHUMG00000166227.4","OTTHUMT00000388514.1","RCN1-207","RCN1",2416,"retained_intron",1355,69,0.926870108,"AGACA",0.536231884,NA,NA,NA,NA,NA,NA,NA,NA,NA,0,0,0,NA,NA,NA
"2908","ENST00000533898.5","ENSG00000049449.10","OTTHUMG00000166227.4","OTTHUMT00000388514.1","RCN1-207","RCN1",2416,"retained_intron",1518,49,0.990591168,"GGACA",0.755102041,NA,NA,NA,NA,NA,NA,NA,NA,NA,0,0,0,NA,NA,NA
"2909","ENST00000534378.5","ENSG00000105135.16","OTTHUMG00000165630.4","OTTHUMT00000385440.2","ILVBL-209","ILVBL",2067,"protein_coding",1873,105,0.960454345,"GGACT",0.723809524,NA,NA,NA,NA,NA,NA,NA,NA,NA,0,0,0,NA,NA,NA
"2910","ENST00000534380.6","ENSG00000104529.19","OTTHUMG00000165191.23","OTTHUMT00000386776.2","EEF1D-251","EEF1D",1118,"protein_coding",1114,54,0.958337486,"AGACT",0.444444444,NA,NA,NA,NA,NA,NA,NA,NA,NA,0,0,0,NA,NA,NA
"2911","ENST00000534405.5","ENSG00000166311.10","OTTHUMG00000165453.7","OTTHUMT00000386325.1","SMPD1-210","SMPD1",2446,"nonsense_mediated_decay",2199,25,0.927266717,"GGACC",0.6,NA,NA,NA,NA,NA,NA,NA,NA,NA,0,0,0,NA,NA,NA
"2912","ENST00000534515.1","ENSG00000175482.9","OTTHUMG00000167135.5","OTTHUMT00000393338.1","POLD4-210","POLD4",1793,"retained_intron",1674,21,0.965470195,"GGACA",0.761904762,NA,NA,NA,NA,NA,NA,NA,NA,NA,0,0,0,NA,NA,NA
"2913","ENST00000534515.1","ENSG00000175482.9","OTTHUMG00000167135.5","OTTHUMT00000393338.1","POLD4-210","POLD4",1793,"retained_intron",1733,20,0.970477164,"GGACT",0.7,NA,NA,NA,NA,NA,NA,NA,NA,NA,0,0,0,NA,NA,NA
"2914","ENST00000534650.5","ENSG00000172977.13","OTTHUMG00000166617.5","OTTHUMT00000390918.1","KAT5-216","KAT5",1875,"protein_coding",1562,21,0.905661047,"GGACA",0.285714286,NA,NA,NA,NA,NA,NA,NA,NA,NA,0,0,0,NA,NA,NA
"2915","ENST00000534749.5","ENSG00000110697.13","OTTHUMG00000167675.5","OTTHUMT00000395520.1","PITPNM1-216","PITPNM1",4189,"protein_coding",3941,22,0.909310281,"GGACC",0.409090909,NA,NA,NA,NA,NA,NA,NA,NA,NA,0,0,0,NA,NA,NA
"2916","ENST00000534842.1","ENSG00000182544.9","OTTHUMG00000170028.4","-","MFSD5-202","MFSD5",2038,"protein_coding",1895,50,0.952320516,"TGACT",0.7,NA,NA,NA,NA,NA,NA,NA,NA,NA,0,0,0,NA,NA,NA
"2917","ENST00000534842.1","ENSG00000182544.9","OTTHUMG00000170028.4","-","MFSD5-202","MFSD5",2038,"protein_coding",1907,47,0.954974413,"TGACT",0.808510638,NA,NA,NA,NA,NA,NA,NA,NA,NA,0,0,0,NA,NA,NA
"2918","ENST00000534843.1","ENSG00000178878.13","OTTHUMG00000153561.2","OTTHUMT00000400669.1","APOLD1-203","APOLD1",2375,"nonsense_mediated_decay",2034,192,0.98101306,"AGACT",0.760416667,NA,NA,NA,NA,NA,NA,NA,NA,NA,0,0,0,NA,NA,NA
"2919","ENST00000534843.1","ENSG00000178878.13","OTTHUMG00000153561.2","OTTHUMT00000400669.1","APOLD1-203","APOLD1",2375,"nonsense_mediated_decay",2143,189,0.948199689,"AGACT",0.64021164,NA,NA,NA,NA,NA,NA,NA,NA,NA,0,0,0,NA,NA,NA
"2920","ENST00000534885.5","ENSG00000067182.9","OTTHUMG00000168267.4","OTTHUMT00000399037.1","TNFRSF1A-205","TNFRSF1A",2069,"nonsense_mediated_decay",1965,28,0.954239488,"GAACT",0.714285714,NA,NA,NA,NA,NA,NA,NA,NA,NA,0,0,0,NA,NA,NA
"2921","ENST00000534885.5","ENSG00000067182.9","OTTHUMG00000168267.4","OTTHUMT00000399037.1","TNFRSF1A-205","TNFRSF1A",2069,"nonsense_mediated_decay",2021,23,0.971920967,"GGACT",0.956521739,NA,NA,NA,NA,NA,NA,NA,NA,NA,0,0,0,NA,NA,NA
"2922","ENST00000535007.5","ENSG00000115694.15","OTTHUMG00000133408.17","-","STK25-234","STK25",2459,"protein_coding",1566,50,0.933406889,"GAACT",0.62,NA,NA,NA,NA,NA,NA,NA,NA,NA,0,0,0,NA,NA,NA
"2923","ENST00000535035.6","ENSG00000116133.13","OTTHUMG00000009989.17","OTTHUMT00000501207.1","DHCR24-203","DHCR24",4225,"protein_coding",3170,20,0.984557986,"GGACA",0.85,NA,NA,NA,NA,NA,NA,NA,NA,NA,0,0,0,NA,NA,NA
"2924","ENST00000535095.5","ENSG00000111142.14","OTTHUMG00000170280.3","OTTHUMT00000408295.1","METAP2-203","METAP2",2431,"nonsense_mediated_decay",2092,134,0.938655436,"GGACC",0.507462687,NA,NA,NA,NA,NA,NA,NA,NA,NA,0,0,0,NA,NA,NA
"2925","ENST00000535183.5","ENSG00000132676.16","OTTHUMG00000035439.6","-","DAP3-225","DAP3",1894,"protein_coding",1289,232,0.921093524,"GGACT",0.698275862,91,729,1074,1,91,92,1164,1165,1893,0,0,1,NA,NA,0.170096021947874
"2926","ENST00000535296.5","ENSG00000168003.19","OTTHUMG00000074091.8","OTTHUMT00000398910.1","SLC3A2-206","SLC3A2",2084,"protein_coding",1918,186,0.902679682,"GGACC",0.419354839,NA,NA,NA,NA,NA,NA,NA,NA,NA,0,0,0,NA,NA,NA
"2927","ENST00000535407.1","ENSG00000172927.9","OTTHUMG00000167836.5","OTTHUMT00000396549.1","MYEOV-203","MYEOV",2306,"protein_coding",1095,21,0.916145265,"GGACT",0.714285714,NA,NA,NA,NA,NA,NA,NA,NA,NA,0,0,0,NA,NA,NA
"2928","ENST00000535407.1","ENSG00000172927.9","OTTHUMG00000167836.5","OTTHUMT00000396549.1","MYEOV-203","MYEOV",2306,"protein_coding",1252,24,0.902422488,"TGACT",0.541666667,NA,NA,NA,NA,NA,NA,NA,NA,NA,0,0,0,NA,NA,NA
"2929","ENST00000535424.5","ENSG00000182149.21","OTTHUMG00000137597.9","-","IST1-208","IST1",4082,"protein_coding",1452,20,0.995916367,"AGACT",0.85,NA,NA,NA,NA,NA,NA,NA,NA,NA,0,0,0,NA,NA,NA
"2930","ENST00000535425.5","ENSG00000284194.3","OTTHUMG00000191637.2","-","SCO2-203","SCO2",1002,"protein_coding",367,61,0.965860546,"GGACT",0.836065574,NA,NA,NA,NA,NA,NA,NA,NA,NA,0,0,0,NA,NA,NA
"2931","ENST00000535425.5","ENSG00000284194.3","OTTHUMG00000191637.2","-","SCO2-203","SCO2",1002,"protein_coding",718,104,0.981877565,"AGACT",0.692307692,NA,NA,NA,NA,NA,NA,NA,NA,NA,0,0,0,NA,NA,NA
"2932","ENST00000535482.1","ENSG00000089053.13","OTTHUMG00000169157.4","OTTHUMT00000402583.1","ANAPC5-208","ANAPC5",2077,"protein_coding",2000,325,0.913381338,"GGACT",0.603076923,NA,NA,NA,NA,NA,NA,NA,NA,NA,0,0,0,NA,NA,NA
"2933","ENST00000535617.5","ENSG00000155368.18","OTTHUMG00000131403.4","-","DBI-208","DBI",654,"protein_coding",590,709,0.905210853,"TGACT",0.582510578,NA,NA,NA,NA,NA,NA,NA,NA,NA,0,0,0,NA,NA,NA
"2934","ENST00000535653.1","ENSG00000172927.9","OTTHUMG00000167836.5","OTTHUMT00000396550.1","MYEOV-205","MYEOV",2468,"retained_intron",1257,21,0.915006101,"GGACT",0.714285714,NA,NA,NA,NA,NA,NA,NA,NA,NA,0,0,0,NA,NA,NA
"2935","ENST00000535653.1","ENSG00000172927.9","OTTHUMG00000167836.5","OTTHUMT00000396550.1","MYEOV-205","MYEOV",2468,"retained_intron",1414,24,0.907098413,"TGACT",0.541666667,NA,NA,NA,NA,NA,NA,NA,NA,NA,0,0,0,NA,NA,NA
"2936","ENST00000535757.5","ENSG00000155368.18","OTTHUMG00000131403.4","-","DBI-209","DBI",740,"protein_coding",676,683,0.906943262,"TGACT",0.578330893,NA,NA,NA,NA,NA,NA,NA,NA,NA,0,0,0,NA,NA,NA
"2937","ENST00000535958.2","ENSG00000067182.9","OTTHUMG00000168267.4","OTTHUMT00000399051.1","TNFRSF1A-207","TNFRSF1A",2135,"nonsense_mediated_decay",2065,20,0.953151345,"GAACT",0.6,NA,NA,NA,NA,NA,NA,NA,NA,NA,0,0,0,NA,NA,NA
"2938","ENST00000536140.5","ENSG00000110811.20","OTTHUMG00000168516.6","OTTHUMT00000399995.1","P3H3-202","P3H3",3226,"retained_intron",2997,25,0.970382571,"GGACT",0.8,NA,NA,NA,NA,NA,NA,NA,NA,NA,0,0,0,NA,NA,NA
"2939","ENST00000536140.5","ENSG00000110811.20","OTTHUMG00000168516.6","OTTHUMT00000399995.1","P3H3-202","P3H3",3226,"retained_intron",3006,24,0.964761317,"GGACA",0.708333333,NA,NA,NA,NA,NA,NA,NA,NA,NA,0,0,0,NA,NA,NA
"2940","ENST00000536140.5","ENSG00000110811.20","OTTHUMG00000168516.6","OTTHUMT00000399995.1","P3H3-202","P3H3",3226,"retained_intron",3070,20,0.952484012,"GGACC",0.55,NA,NA,NA,NA,NA,NA,NA,NA,NA,0,0,0,NA,NA,NA
"2941","ENST00000536140.5","ENSG00000110811.20","OTTHUMG00000168516.6","OTTHUMT00000399995.1","P3H3-202","P3H3",3226,"retained_intron",3084,24,0.991370082,"GGACA",0.958333333,NA,NA,NA,NA,NA,NA,NA,NA,NA,0,0,0,NA,NA,NA
"2942","ENST00000536329.5","ENSG00000165304.8","OTTHUMG00000019906.8","-","MELK-206","MELK",2283,"protein_coding",1994,21,0.976041853,"AGACT",0.666666667,NA,NA,NA,NA,NA,NA,NA,NA,NA,0,0,0,NA,NA,NA
"2943","ENST00000536364.6","ENSG00000184887.14","OTTHUMG00000029887.6","OTTHUMT00000409157.2","BTBD6-204","BTBD6",1991,"protein_coding",1205,25,0.947039366,"GGACA",0.8,NA,NA,NA,NA,NA,NA,NA,NA,NA,0,0,0,NA,NA,NA
"2944","ENST00000536364.6","ENSG00000184887.14","OTTHUMG00000029887.6","OTTHUMT00000409157.2","BTBD6-204","BTBD6",1991,"protein_coding",1313,26,0.984412253,"GAACT",0.615384615,NA,NA,NA,NA,NA,NA,NA,NA,NA,0,0,0,NA,NA,NA
"2945","ENST00000536364.6","ENSG00000184887.14","OTTHUMG00000029887.6","OTTHUMT00000409157.2","BTBD6-204","BTBD6",1991,"protein_coding",1522,54,0.933530509,"GGACT",0.722222222,NA,NA,NA,NA,NA,NA,NA,NA,NA,0,0,0,NA,NA,NA
"2946","ENST00000536831.5","ENSG00000052749.14","OTTHUMG00000018855.8","OTTHUMT00000049699.6","RRP12-211","RRP12",4476,"protein_coding",4187,33,0.901938379,"GGACT",0.727272727,NA,NA,NA,NA,NA,NA,NA,NA,NA,0,0,0,NA,NA,NA
"2947","ENST00000536844.5","ENSG00000003056.8","OTTHUMG00000168276.4","-","M6PR-202","M6PR",2305,"protein_coding",1988,197,0.92857343,"GGACT",0.654822335,NA,NA,NA,NA,NA,NA,NA,NA,NA,0,0,0,NA,NA,NA
"2948","ENST00000536860.5","ENSG00000165304.8","OTTHUMG00000019906.8","-","MELK-207","MELK",2342,"protein_coding",2053,42,0.972481191,"AGACT",0.69047619,NA,NA,NA,NA,NA,NA,NA,NA,NA,0,0,0,NA,NA,NA
"2949","ENST00000536981.6","ENSG00000168003.19","OTTHUMG00000074091.8","-","SLC3A2-208","SLC3A2",1413,"protein_coding",656,51,0.903334618,"TGACT",0.62745098,NA,NA,NA,NA,NA,NA,NA,NA,NA,0,0,0,NA,NA,NA
"2950","ENST00000537177.6","ENSG00000108094.17","OTTHUMG00000017950.5","-","CUL2-209","CUL2",4223,"protein_coding",2538,54,0.969388425,"GGACT",0.759259259,NA,NA,NA,NA,NA,NA,NA,NA,NA,0,0,0,NA,NA,NA
"2951","ENST00000537496.5","ENSG00000139428.12","OTTHUMG00000169255.6","OTTHUMT00000403130.1","MMAB-205","MMAB",1188,"nonsense_mediated_decay",856,153,0.92006892,"GGACT",0.620915033,NA,NA,NA,NA,NA,NA,NA,NA,NA,0,0,0,NA,NA,NA
"2952","ENST00000537496.5","ENSG00000139428.12","OTTHUMG00000169255.6","OTTHUMT00000403130.1","MMAB-205","MMAB",1188,"nonsense_mediated_decay",1031,163,0.936240196,"GGACT",0.779141104,NA,NA,NA,NA,NA,NA,NA,NA,NA,0,0,0,NA,NA,NA
"2953","ENST00000537716.6","ENSG00000167775.11","OTTHUMG00000182457.3","OTTHUMT00000461365.1","CD320-202","CD320",1119,"protein_coding",959,321,0.94454211,"GGACA",0.573208723,NA,NA,NA,NA,NA,NA,NA,NA,NA,0,0,0,NA,NA,NA
"2954","ENST00000537981.5","ENSG00000133318.14","OTTHUMG00000168056.4","OTTHUMT00000397849.1","RTN3-208","RTN3",2532,"protein_coding",1033,87,0.918223381,"GGACT",0.655172414,NA,NA,NA,NA,NA,NA,NA,NA,NA,0,0,0,NA,NA,NA
"2955","ENST00000538084.2","ENSG00000168003.19","OTTHUMG00000074091.8","OTTHUMT00000396042.2","SLC3A2-211","SLC3A2",2334,"protein_coding",2163,190,0.934897304,"GGACC",0.478947368,NA,NA,NA,NA,NA,NA,NA,NA,NA,0,0,0,NA,NA,NA
"2956","ENST00000538265.5","ENSG00000175832.13","OTTHUMG00000180884.2","-","ETV4-203","ETV4",2147,"protein_coding",1895,70,0.986347854,"GGACT",0.728571429,NA,NA,NA,NA,NA,NA,NA,NA,NA,0,0,0,NA,NA,NA
"2957","ENST00000538426.6","ENSG00000167770.13","OTTHUMG00000167786.2","OTTHUMT00000396277.1","OTUB1-208","OTUB1",1701,"protein_coding",1689,160,0.911546767,"GAACT",0.53125,NA,NA,NA,NA,NA,NA,NA,NA,NA,0,0,0,NA,NA,NA
"2958","ENST00000538577.5","ENSG00000157593.20","OTTHUMG00000014760.3","-","SLC35B2-205","SLC35B2",1909,"protein_coding",457,23,0.994925439,"GGACT",0.826086957,NA,NA,NA,NA,NA,NA,NA,NA,NA,0,0,0,NA,NA,NA
"2959","ENST00000538721.6","ENSG00000185813.11","OTTHUMG00000177956.4","OTTHUMT00000439941.1","PCYT2-202","PCYT2",1765,"protein_coding",1394,20,0.97124058,"GGACT",0.7,NA,NA,NA,NA,NA,NA,NA,NA,NA,0,0,0,NA,NA,NA
"2960","ENST00000538721.6","ENSG00000185813.11","OTTHUMG00000177956.4","OTTHUMT00000439941.1","PCYT2-202","PCYT2",1765,"protein_coding",1603,21,0.914037466,"TGACT",0.619047619,NA,NA,NA,NA,NA,NA,NA,NA,NA,0,0,0,NA,NA,NA
"2961","ENST00000538833.6","ENSG00000169718.18","OTTHUMG00000178525.4","OTTHUMT00000442350.1","DUS1L-203","DUS1L",1250,"protein_coding",1041,98,0.921894372,"GGACT",0.489795918,NA,NA,NA,NA,NA,NA,NA,NA,NA,0,0,0,NA,NA,NA
"2962","ENST00000538936.7","ENSG00000185813.11","OTTHUMG00000177956.4","OTTHUMT00000439939.1","PCYT2-203","PCYT2",5089,"protein_coding",1280,21,0.99669379,"GGACT",0.714285714,NA,NA,NA,NA,NA,NA,NA,NA,NA,0,0,0,NA,NA,NA
"2963","ENST00000538936.7","ENSG00000185813.11","OTTHUMG00000177956.4","OTTHUMT00000439939.1","PCYT2-203","PCYT2",5089,"protein_coding",1333,44,0.963518143,"GGACT",0.681818182,NA,NA,NA,NA,NA,NA,NA,NA,NA,0,0,0,NA,NA,NA
"2964","ENST00000538936.7","ENSG00000185813.11","OTTHUMG00000177956.4","OTTHUMT00000439939.1","PCYT2-203","PCYT2",5089,"protein_coding",1527,44,0.989202261,"GGACA",0.818181818,NA,NA,NA,NA,NA,NA,NA,NA,NA,0,0,0,NA,NA,NA
"2965","ENST00000539137.5","ENSG00000167881.15","OTTHUMG00000180054.3","OTTHUMT00000449491.1","SRP68-202","SRP68",2386,"protein_coding",1819,65,0.95403266,"TGACT",0.738461538,NA,NA,NA,NA,NA,NA,NA,NA,NA,0,0,0,NA,NA,NA
"2966","ENST00000539137.5","ENSG00000167881.15","OTTHUMG00000180054.3","OTTHUMT00000449491.1","SRP68-202","SRP68",2386,"protein_coding",2168,83,0.927195907,"GAACT",0.590361446,NA,NA,NA,NA,NA,NA,NA,NA,NA,0,0,0,NA,NA,NA
"2967","ENST00000539554.5","ENSG00000111196.10","OTTHUMG00000168407.3","OTTHUMT00000399613.2","MAGOHB-204","MAGOHB",666,"protein_coding",584,83,0.933734953,"GGACA",0.686746988,NA,NA,NA,NA,NA,NA,NA,NA,NA,0,0,0,NA,NA,NA
"2968","ENST00000539589.5","ENSG00000165912.16","OTTHUMG00000166870.6","-","PACSIN3-211","PACSIN3",2009,"protein_coding",1789,21,0.903571784,"GGACT",0.666666667,NA,NA,NA,NA,NA,NA,NA,NA,NA,0,0,0,NA,NA,NA
"2969","ENST00000539891.6","ENSG00000168003.19","OTTHUMG00000074091.8","-","SLC3A2-215","SLC3A2",1554,"protein_coding",1383,143,0.909799516,"GGACC",0.454545455,NA,NA,NA,NA,NA,NA,NA,NA,NA,0,0,0,NA,NA,NA
"2970","ENST00000540016.5","ENSG00000139428.12","OTTHUMG00000169255.6","OTTHUMT00000403129.2","MMAB-206","MMAB",945,"protein_coding",607,114,0.905721784,"GGACT",0.622807018,NA,NA,NA,NA,NA,NA,NA,NA,NA,0,0,0,NA,NA,NA
"2971","ENST00000540016.5","ENSG00000139428.12","OTTHUMG00000169255.6","OTTHUMT00000403129.2","MMAB-206","MMAB",945,"protein_coding",782,124,0.916376173,"GGACT",0.758064516,NA,NA,NA,NA,NA,NA,NA,NA,NA,0,0,0,NA,NA,NA
"2972","ENST00000540021.6","ENSG00000116062.19","OTTHUMG00000129129.13","OTTHUMT00000530163.1","MSH6-209","MSH6",3829,"protein_coding",2556,24,0.903286874,"GGACC",0.416666667,NA,NA,NA,NA,NA,NA,NA,NA,NA,0,0,0,NA,NA,NA
"2973","ENST00000540021.6","ENSG00000116062.19","OTTHUMG00000129129.13","OTTHUMT00000530163.1","MSH6-209","MSH6",3829,"protein_coding",2752,24,0.974397123,"GGACT",0.791666667,NA,NA,NA,NA,NA,NA,NA,NA,NA,0,0,0,NA,NA,NA
"2974","ENST00000540021.6","ENSG00000116062.19","OTTHUMG00000129129.13","OTTHUMT00000530163.1","MSH6-209","MSH6",3829,"protein_coding",2797,28,0.978964448,"GGACT",0.714285714,NA,NA,NA,NA,NA,NA,NA,NA,NA,0,0,0,NA,NA,NA
"2975","ENST00000540200.6","ENSG00000004142.12","OTTHUMG00000132065.9","OTTHUMT00000446163.5","POLDIP2-201","POLDIP2",2670,"protein_coding",1713,150,0.985146344,"GGACT",0.846666667,NA,NA,NA,NA,NA,NA,NA,NA,NA,0,0,0,NA,NA,NA
"2976","ENST00000540265.5","ENSG00000079739.17","OTTHUMG00000008968.5","-","PGM1-205","PGM1",2345,"protein_coding",1971,23,0.906169534,"GGACC",0.47826087,NA,NA,NA,NA,NA,NA,NA,NA,NA,0,0,0,NA,NA,NA
"2977","ENST00000540437.5","ENSG00000127054.22","OTTHUMG00000003330.13","-","INTS11-247","INTS11",2629,"protein_coding",2425,68,0.936928928,"GGACT",0.544117647,NA,NA,NA,NA,NA,NA,NA,NA,NA,0,0,0,NA,NA,NA
"2978","ENST00000541166.1","ENSG00000136045.12","OTTHUMG00000169913.3","OTTHUMT00000406544.1","PWP1-202","PWP1",1722,"protein_coding",1622,102,0.949428737,"TGACT",0.735294118,NA,NA,NA,NA,NA,NA,NA,NA,NA,0,0,0,NA,NA,NA
"2979","ENST00000541507.5","ENSG00000003056.8","OTTHUMG00000168276.4","OTTHUMT00000399129.1","M6PR-206","M6PR",2198,"nonsense_mediated_decay",1880,202,0.926187396,"GGACT",0.653465347,NA,NA,NA,NA,NA,NA,NA,NA,NA,0,0,0,NA,NA,NA
"2980","ENST00000541586.5","ENSG00000136280.17","OTTHUMG00000129246.5","-","CCM2-218","CCM2",1719,"protein_coding",1296,73,0.958971024,"GGACT",0.671232877,NA,NA,NA,NA,NA,NA,NA,NA,NA,0,0,0,NA,NA,NA
"2981","ENST00000541717.4","ENSG00000165304.8","OTTHUMG00000019906.8","-","MELK-209","MELK",2363,"protein_coding",2074,21,0.94314146,"AGACT",0.571428571,NA,NA,NA,NA,NA,NA,NA,NA,NA,0,0,0,NA,NA,NA
"2982","ENST00000541887.5","ENSG00000089053.13","OTTHUMG00000169157.4","OTTHUMT00000402581.1","ANAPC5-218","ANAPC5",2400,"protein_coding",2322,526,0.903830945,"GGACT",0.608365019,NA,NA,NA,NA,NA,NA,NA,NA,NA,0,0,0,NA,NA,NA
"2983","ENST00000541996.5","ENSG00000198492.16","OTTHUMG00000003648.6","OTTHUMT00000476529.1","YTHDF2-208","YTHDF2",2719,"protein_coding",1738,24,0.987723768,"GGACA",0.833333333,NA,NA,NA,NA,NA,NA,NA,NA,NA,0,0,0,NA,NA,NA
"2984","ENST00000542074.1","ENSG00000167985.7","OTTHUMG00000168279.2","OTTHUMT00000398439.2","SDHAF2-206","SDHAF2",835,"protein_coding",385,56,0.951642931,"TGACT",0.732142857,NA,NA,NA,NA,NA,NA,NA,NA,NA,0,0,0,NA,NA,NA
"2985","ENST00000542123.5","ENSG00000213782.7","OTTHUMG00000168709.2","OTTHUMT00000400677.1","DDX47-207","DDX47",2689,"retained_intron",2342,137,0.975009799,"AGACT",0.759124088,NA,NA,NA,NA,NA,NA,NA,NA,NA,0,0,0,NA,NA,NA
"2986","ENST00000542123.5","ENSG00000213782.7","OTTHUMG00000168709.2","OTTHUMT00000400677.1","DDX47-207","DDX47",2689,"retained_intron",2451,140,0.924821556,"AGACT",0.592857143,NA,NA,NA,NA,NA,NA,NA,NA,NA,0,0,0,NA,NA,NA
"2987","ENST00000542507.5","ENSG00000198492.16","OTTHUMG00000003648.6","-","YTHDF2-209","YTHDF2",2825,"protein_coding",1695,20,0.96942848,"GGACT",0.65,NA,NA,NA,NA,NA,NA,NA,NA,NA,0,0,0,NA,NA,NA
"2988","ENST00000542507.5","ENSG00000198492.16","OTTHUMG00000003648.6","-","YTHDF2-209","YTHDF2",2825,"protein_coding",1845,24,0.989484251,"GGACA",0.875,NA,NA,NA,NA,NA,NA,NA,NA,NA,0,0,0,NA,NA,NA
"2989","ENST00000542536.6","ENSG00000167881.15","OTTHUMG00000180054.3","OTTHUMT00000449489.1","SRP68-203","SRP68",1714,"protein_coding_CDS_not_defined",1147,55,0.959965467,"TGACT",0.763636364,NA,NA,NA,NA,NA,NA,NA,NA,NA,0,0,0,NA,NA,NA
"2990","ENST00000542536.6","ENSG00000167881.15","OTTHUMG00000180054.3","OTTHUMT00000449489.1","SRP68-203","SRP68",1714,"protein_coding_CDS_not_defined",1496,76,0.916239858,"GAACT",0.578947368,NA,NA,NA,NA,NA,NA,NA,NA,NA,0,0,0,NA,NA,NA
"2991","ENST00000542575.6","ENSG00000105281.12","OTTHUMG00000183434.3","OTTHUMT00000466630.1","SLC1A5-203","SLC1A5",2882,"protein_coding",2299,100,0.987266541,"GGACA",0.85,NA,NA,NA,NA,NA,NA,NA,NA,NA,0,0,0,NA,NA,NA
"2992","ENST00000542729.5","ENSG00000256269.11","OTTHUMG00000168295.13","OTTHUMT00000399191.1","HMBS-212","HMBS",1469,"protein_coding",1316,21,0.900691032,"GAACT",0.571428571,NA,NA,NA,NA,NA,NA,NA,NA,NA,0,0,0,NA,NA,NA
"2993","ENST00000542922.5","ENSG00000168003.19","OTTHUMG00000074091.8","OTTHUMT00000396177.1","SLC3A2-220","SLC3A2",2174,"retained_intron",2025,104,0.935349464,"GGACC",0.490384615,NA,NA,NA,NA,NA,NA,NA,NA,NA,0,0,0,NA,NA,NA
"2994","ENST00000542928.5","ENSG00000166200.15","OTTHUMG00000172324.4","OTTHUMT00000417842.1","COPS2-203","COPS2",1580,"protein_coding",1115,22,0.962686241,"GGACC",0.727272727,NA,NA,NA,NA,NA,NA,NA,NA,NA,0,0,0,NA,NA,NA
"2995","ENST00000542996.7","ENSG00000128595.17","OTTHUMG00000158274.4","OTTHUMT00000470111.1","CALU-206","CALU",6081,"protein_coding",1930,26,0.983556747,"AGACT",0.807692308,NA,NA,NA,NA,NA,NA,NA,NA,NA,0,0,0,NA,NA,NA
"2996","ENST00000543251.5","ENSG00000164338.10","OTTHUMG00000162453.4","-","UTP15-208","UTP15",4922,"protein_coding",1710,26,0.937072158,"AGACT",0.730769231,NA,NA,NA,NA,NA,NA,NA,NA,NA,0,0,0,NA,NA,NA
"2997","ENST00000543304.5","ENSG00000214530.10","OTTHUMG00000192625.1","OTTHUMT00000397253.1","STARD10-218","STARD10",1513,"protein_coding",1481,73,0.911347151,"GGACA",0.424657534,NA,NA,NA,NA,NA,NA,NA,NA,NA,0,0,0,NA,NA,NA
"2998","ENST00000543494.1","ENSG00000256514.1","OTTHUMG00000167774.2","OTTHUMT00000396213.2","ENST00000543494","ENSG00000256514",711,"protein_coding",611,26,0.965265155,"GGACA",0.730769231,NA,NA,NA,NA,NA,NA,NA,NA,NA,0,0,0,NA,NA,NA
"2999","ENST00000543494.1","ENSG00000256514.1","OTTHUMG00000167774.2","OTTHUMT00000396213.2","ENST00000543494","ENSG00000256514",711,"protein_coding",670,26,0.981775284,"GGACT",0.730769231,NA,NA,NA,NA,NA,NA,NA,NA,NA,0,0,0,NA,NA,NA
"3000","ENST00000543554.5","ENSG00000115694.15","OTTHUMG00000133408.17","-","STK25-235","STK25",2556,"protein_coding",1663,48,0.922480047,"GAACT",0.625,NA,NA,NA,NA,NA,NA,NA,NA,NA,0,0,0,NA,NA,NA
"3001","ENST00000543605.5","ENSG00000080189.15","OTTHUMG00000033050.5","OTTHUMT00000080361.2","SLC35C2-213","SLC35C2",5740,"protein_coding",1463,54,0.963932633,"GGACT",0.814814815,NA,NA,NA,NA,NA,NA,NA,NA,NA,0,0,0,NA,NA,NA
"3002","ENST00000543605.5","ENSG00000080189.15","OTTHUMG00000033050.5","OTTHUMT00000080361.2","SLC35C2-213","SLC35C2",5740,"protein_coding",1659,60,0.93050909,"GGACT",0.666666667,NA,NA,NA,NA,NA,NA,NA,NA,NA,0,0,0,NA,NA,NA
"3003","ENST00000543605.5","ENSG00000080189.15","OTTHUMG00000033050.5","OTTHUMT00000080361.2","SLC35C2-213","SLC35C2",5740,"protein_coding",1670,67,0.923820972,"GGACT",0.656716418,NA,NA,NA,NA,NA,NA,NA,NA,NA,0,0,0,NA,NA,NA
"3004","ENST00000543751.5","ENSG00000165304.8","OTTHUMG00000019906.8","-","MELK-210","MELK",2400,"protein_coding",2111,20,0.979720414,"AGACT",0.65,NA,NA,NA,NA,NA,NA,NA,NA,NA,0,0,0,NA,NA,NA
"3005","ENST00000543927.6","ENSG00000284194.3","OTTHUMG00000191637.2","OTTHUMT00000317092.3","SCO2-204","SCO2",1068,"protein_coding",438,66,0.963429451,"GGACT",0.818181818,NA,NA,NA,NA,NA,NA,NA,NA,NA,0,0,0,NA,NA,NA
"3006","ENST00000543927.6","ENSG00000284194.3","OTTHUMG00000191637.2","OTTHUMT00000317092.3","SCO2-204","SCO2",1068,"protein_coding",789,108,0.982109964,"AGACT",0.694444444,NA,NA,NA,NA,NA,NA,NA,NA,NA,0,0,0,NA,NA,NA
"3007","ENST00000543949.2","ENSG00000170619.10","OTTHUMG00000165251.6","-","COMMD5-207","COMMD5",1571,"protein_coding",772,48,0.95571053,"GGACT",0.791666667,NA,NA,NA,NA,NA,NA,NA,NA,NA,0,0,0,NA,NA,NA
"3008","ENST00000543949.2","ENSG00000170619.10","OTTHUMG00000165251.6","-","COMMD5-207","COMMD5",1571,"protein_coding",859,50,0.908940613,"TGACT",0.68,NA,NA,NA,NA,NA,NA,NA,NA,NA,0,0,0,NA,NA,NA
"3009","ENST00000543949.2","ENSG00000170619.10","OTTHUMG00000165251.6","-","COMMD5-207","COMMD5",1571,"protein_coding",1069,58,0.977228343,"GGACT",0.827586207,NA,NA,NA,NA,NA,NA,NA,NA,NA,0,0,0,NA,NA,NA
"3010","ENST00000544000.5","ENSG00000169813.17","OTTHUMG00000018029.3","-","HNRNPF-207","HNRNPF",2676,"protein_coding",505,21,0.909861326,"TGACT",0.571428571,NA,NA,NA,NA,NA,NA,NA,NA,NA,0,0,0,NA,NA,NA
"3011","ENST00000544000.5","ENSG00000169813.17","OTTHUMG00000018029.3","-","HNRNPF-207","HNRNPF",2676,"protein_coding",587,24,0.960732043,"GAACT",0.625,NA,NA,NA,NA,NA,NA,NA,NA,NA,0,0,0,NA,NA,NA
"3012","ENST00000544000.5","ENSG00000169813.17","OTTHUMG00000018029.3","-","HNRNPF-207","HNRNPF",2676,"protein_coding",644,21,0.985534191,"GGACA",0.476190476,NA,NA,NA,NA,NA,NA,NA,NA,NA,0,0,0,NA,NA,NA
"3013","ENST00000544000.5","ENSG00000169813.17","OTTHUMG00000018029.3","-","HNRNPF-207","HNRNPF",2676,"protein_coding",758,25,0.989271104,"GGACT",0.76,NA,NA,NA,NA,NA,NA,NA,NA,NA,0,0,0,NA,NA,NA
"3014","ENST00000544000.5","ENSG00000169813.17","OTTHUMG00000018029.3","-","HNRNPF-207","HNRNPF",2676,"protein_coding",1050,28,0.974259257,"GGACT",0.785714286,NA,NA,NA,NA,NA,NA,NA,NA,NA,0,0,0,NA,NA,NA
"3015","ENST00000544000.5","ENSG00000169813.17","OTTHUMG00000018029.3","-","HNRNPF-207","HNRNPF",2676,"protein_coding",1481,76,0.940462172,"GAACT",0.631578947,NA,NA,NA,NA,NA,NA,NA,NA,NA,0,0,0,NA,NA,NA
"3016","ENST00000544005.5","ENSG00000089737.19","OTTHUMG00000171301.3","OTTHUMT00000412862.1","DDX24-201","DDX24",2214,"protein_coding",1965,92,0.962122381,"TGACT",0.793478261,NA,NA,NA,NA,NA,NA,NA,NA,NA,0,0,0,NA,NA,NA
"3017","ENST00000544017.5","ENSG00000105197.11","OTTHUMG00000183066.6","-","TIMM50-201","TIMM50",2572,"protein_coding",1659,70,0.947297037,"GGACT",0.714285714,NA,NA,NA,NA,NA,NA,NA,NA,NA,0,0,0,NA,NA,NA
"3018","ENST00000544051.5","ENSG00000139428.12","OTTHUMG00000169255.6","OTTHUMT00000403131.1","MMAB-209","MMAB",1089,"nonsense_mediated_decay",805,91,0.902968884,"GGACT",0.615384615,NA,NA,NA,NA,NA,NA,NA,NA,NA,0,0,0,NA,NA,NA
"3019","ENST00000544051.5","ENSG00000139428.12","OTTHUMG00000169255.6","OTTHUMT00000403131.1","MMAB-209","MMAB",1089,"nonsense_mediated_decay",980,93,0.91261518,"GGACT",0.731182796,NA,NA,NA,NA,NA,NA,NA,NA,NA,0,0,0,NA,NA,NA
"3020","ENST00000544314.5","ENSG00000089053.13","OTTHUMG00000169157.4","OTTHUMT00000402584.2","ANAPC5-219","ANAPC5",1508,"protein_coding_CDS_not_defined",1431,355,0.910198927,"GGACT",0.602816901,NA,NA,NA,NA,NA,NA,NA,NA,NA,0,0,0,NA,NA,NA
"3021","ENST00000544363.5","ENSG00000136280.17","OTTHUMG00000129246.5","-","CCM2-219","CCM2",1620,"protein_coding",1152,25,0.933717668,"GGACA",0.44,NA,NA,NA,NA,NA,NA,NA,NA,NA,0,0,0,NA,NA,NA
"3022","ENST00000544363.5","ENSG00000136280.17","OTTHUMG00000129246.5","-","CCM2-219","CCM2",1620,"protein_coding",1197,49,0.95319581,"GGACT",0.591836735,NA,NA,NA,NA,NA,NA,NA,NA,NA,0,0,0,NA,NA,NA
"3023","ENST00000544484.6","ENSG00000111642.16","OTTHUMG00000169164.13","OTTHUMT00000402631.2","CHD4-207","CHD4",6555,"protein_coding",5927,21,0.93173635,"GAACC",0.714285714,NA,NA,NA,NA,NA,NA,NA,NA,NA,0,0,0,NA,NA,NA
"3024","ENST00000544551.5","ENSG00000137710.17","OTTHUMG00000166574.8","-","RDX-216","RDX",4117,"protein_coding",3706,23,0.967143953,"GAACT",0.869565217,NA,NA,NA,NA,NA,NA,NA,NA,NA,0,0,0,NA,NA,NA
"3025","ENST00000544619.1","ENSG00000111530.13","OTTHUMG00000169060.3","OTTHUMT00000402112.1","CAND1-207","CAND1",4091,"protein_coding",2302,20,0.974517822,"GGACA",0.85,NA,NA,NA,NA,NA,NA,NA,NA,NA,0,0,0,NA,NA,NA
"3026","ENST00000545008.5","ENSG00000165304.8","OTTHUMG00000019906.8","OTTHUMT00000482751.1","MELK-211","MELK",2236,"protein_coding",1949,21,0.982358038,"AGACT",0.714285714,NA,NA,NA,NA,NA,NA,NA,NA,NA,0,0,0,NA,NA,NA
"3027","ENST00000545038.5","ENSG00000213782.7","OTTHUMG00000168709.2","OTTHUMT00000400675.1","DDX47-212","DDX47",2357,"retained_intron",2012,146,0.976327121,"AGACT",0.760273973,NA,NA,NA,NA,NA,NA,NA,NA,NA,0,0,0,NA,NA,NA
"3028","ENST00000545038.5","ENSG00000213782.7","OTTHUMG00000168709.2","OTTHUMT00000400675.1","DDX47-212","DDX47",2357,"retained_intron",2121,147,0.93107605,"AGACT",0.605442177,NA,NA,NA,NA,NA,NA,NA,NA,NA,0,0,0,NA,NA,NA
"3029","ENST00000545054.6","ENSG00000100889.12","OTTHUMG00000028791.10","OTTHUMT00000416429.2","PCK2-203","PCK2",2505,"protein_coding",2317,47,0.920907199,"GGACT",0.659574468,NA,NA,NA,NA,NA,NA,NA,NA,NA,0,0,0,NA,NA,NA
"3030","ENST00000545297.5","ENSG00000148248.14","OTTHUMG00000020868.3","-","SURF4-207","SURF4",2863,"protein_coding",867,61,0.975720108,"GGACT",0.770491803,NA,NA,NA,NA,NA,NA,NA,NA,NA,0,0,0,NA,NA,NA
"3031","ENST00000545297.5","ENSG00000148248.14","OTTHUMG00000020868.3","-","SURF4-207","SURF4",2863,"protein_coding",956,71,0.95148313,"GAACT",0.577464789,NA,NA,NA,NA,NA,NA,NA,NA,NA,0,0,0,NA,NA,NA
"3032","ENST00000545297.5","ENSG00000148248.14","OTTHUMG00000020868.3","-","SURF4-207","SURF4",2863,"protein_coding",1831,69,0.957064748,"GGACA",0.710144928,NA,NA,NA,NA,NA,NA,NA,NA,NA,0,0,0,NA,NA,NA
"3033","ENST00000545495.5","ENSG00000158796.17","OTTHUMG00000033104.7","-","DEDD-212","DEDD",2329,"protein_coding",1184,20,0.987827778,"GGACT",0.85,NA,NA,NA,NA,NA,NA,NA,NA,NA,0,0,0,NA,NA,NA
"3034","ENST00000545507.6","ENSG00000172270.22","OTTHUMG00000177718.19","OTTHUMT00000438628.8","BSG-204","BSG",1795,"protein_coding",1540,431,0.932294548,"GGACT",0.526682135,NA,NA,NA,NA,NA,NA,NA,NA,NA,0,0,0,NA,NA,NA
"3035","ENST00000545578.5","ENSG00000127054.22","OTTHUMG00000003330.13","-","INTS11-248","INTS11",2263,"protein_coding",2059,54,0.919644892,"GGACT",0.5,NA,NA,NA,NA,NA,NA,NA,NA,NA,0,0,0,NA,NA,NA
"3036","ENST00000545606.6","ENSG00000111530.13","OTTHUMG00000169060.3","OTTHUMT00000402105.2","CAND1-208","CAND1",11176,"protein_coding",4042,43,0.969515383,"GGACA",0.76744186,NA,NA,NA,NA,NA,NA,NA,NA,NA,0,0,0,NA,NA,NA
"3037","ENST00000545664.5","ENSG00000141873.11","OTTHUMG00000180440.4","OTTHUMT00000451353.1","SLC39A3-203","SLC39A3",1219,"protein_coding",819,22,0.987819314,"AGACA",0.681818182,NA,NA,NA,NA,NA,NA,NA,NA,NA,0,0,0,NA,NA,NA
"3038","ENST00000545681.2","ENSG00000185651.16","OTTHUMG00000150823.2","-","UBE2L3-204","UBE2L3",2932,"protein_coding",641,242,0.958436549,"GGACT",0.607438017,NA,NA,NA,NA,NA,NA,NA,NA,NA,0,0,0,NA,NA,NA
"3039","ENST00000545681.2","ENSG00000185651.16","OTTHUMG00000150823.2","-","UBE2L3-204","UBE2L3",2932,"protein_coding",1603,32,0.979470432,"GGACT",0.8125,NA,NA,NA,NA,NA,NA,NA,NA,NA,0,0,0,NA,NA,NA
"3040","ENST00000545681.2","ENSG00000185651.16","OTTHUMG00000150823.2","-","UBE2L3-204","UBE2L3",2932,"protein_coding",1694,24,0.942043364,"GGACT",0.666666667,NA,NA,NA,NA,NA,NA,NA,NA,NA,0,0,0,NA,NA,NA
"3041","ENST00000545681.2","ENSG00000185651.16","OTTHUMG00000150823.2","-","UBE2L3-204","UBE2L3",2932,"protein_coding",1711,27,0.919907033,"GGACT",0.481481481,NA,NA,NA,NA,NA,NA,NA,NA,NA,0,0,0,NA,NA,NA
"3042","ENST00000545712.7","ENSG00000139428.12","OTTHUMG00000169255.6","OTTHUMT00000403128.3","MMAB-210","MMAB",4090,"protein_coding",770,157,0.915982068,"GGACT",0.624203822,NA,NA,NA,NA,NA,NA,NA,NA,NA,0,0,0,NA,NA,NA
"3043","ENST00000545712.7","ENSG00000139428.12","OTTHUMG00000169255.6","OTTHUMT00000403128.3","MMAB-210","MMAB",4090,"protein_coding",945,164,0.935683012,"GGACT",0.780487805,NA,NA,NA,NA,NA,NA,NA,NA,NA,0,0,0,NA,NA,NA
"3044","ENST00000545797.7","ENSG00000167657.14","OTTHUMG00000181825.4","OTTHUMT00000457817.3","DAPK3-202","DAPK3",2286,"protein_coding",2008,23,0.939730167,"GGACA",0.652173913,NA,NA,NA,NA,NA,NA,NA,NA,NA,0,0,0,NA,NA,NA
"3045","ENST00000545897.5","ENSG00000158882.15","OTTHUMG00000034345.2","-","TOMM40L-209","TOMM40L",2807,"protein_coding",2261,21,0.937966168,"GAACT",0.571428571,NA,NA,NA,NA,NA,NA,NA,NA,NA,0,0,0,NA,NA,NA
"3046","ENST00000545897.5","ENSG00000158882.15","OTTHUMG00000034345.2","-","TOMM40L-209","TOMM40L",2807,"protein_coding",2421,45,0.900436401,"AGACT",0.777777778,NA,NA,NA,NA,NA,NA,NA,NA,NA,0,0,0,NA,NA,NA
"3047","ENST00000545897.5","ENSG00000158882.15","OTTHUMG00000034345.2","-","TOMM40L-209","TOMM40L",2807,"protein_coding",2567,46,0.958712995,"GGACT",0.673913043,NA,NA,NA,NA,NA,NA,NA,NA,NA,0,0,0,NA,NA,NA
"3048","ENST00000546165.6","ENSG00000130713.17","OTTHUMG00000020811.5","OTTHUMT00000054675.3","EXOSC2-211","EXOSC2",1928,"protein_coding",838,61,0.952038944,"GGACT",0.737704918,NA,NA,NA,NA,NA,NA,NA,NA,NA,0,0,0,NA,NA,NA
"3049","ENST00000546165.6","ENSG00000130713.17","OTTHUMG00000020811.5","OTTHUMT00000054675.3","EXOSC2-211","EXOSC2",1928,"protein_coding",899,64,0.964411259,"AGACT",0.8125,NA,NA,NA,NA,NA,NA,NA,NA,NA,0,0,0,NA,NA,NA
"3050","ENST00000546165.6","ENSG00000130713.17","OTTHUMG00000020811.5","OTTHUMT00000054675.3","EXOSC2-211","EXOSC2",1928,"protein_coding",1242,46,0.988219976,"TGACT",0.826086957,NA,NA,NA,NA,NA,NA,NA,NA,NA,0,0,0,NA,NA,NA
"3051","ENST00000546165.6","ENSG00000130713.17","OTTHUMG00000020811.5","OTTHUMT00000054675.3","EXOSC2-211","EXOSC2",1928,"protein_coding",1561,50,0.964198411,"AGACT",0.64,NA,NA,NA,NA,NA,NA,NA,NA,NA,0,0,0,NA,NA,NA
"3052","ENST00000546477.1","ENSG00000089248.7","OTTHUMG00000169637.4","OTTHUMT00000405204.1","ERP29-203","ERP29",1698,"protein_coding",769,64,0.914132118,"GGACT",0.734375,NA,NA,NA,NA,NA,NA,NA,NA,NA,0,0,0,NA,NA,NA
"3053","ENST00000546753.5","ENSG00000111142.14","OTTHUMG00000170280.3","OTTHUMT00000408297.1","METAP2-205","METAP2",1862,"protein_coding",1566,138,0.934629142,"GGACC",0.5,NA,NA,NA,NA,NA,NA,NA,NA,NA,0,0,0,NA,NA,NA
"3054","ENST00000546954.2","ENSG00000170855.4","OTTHUMG00000047787.4","OTTHUMT00000108980.4","TRIAP1-202","TRIAP1",1151,"protein_coding",288,31,0.912523925,"GGACT",0.387096774,NA,NA,NA,NA,NA,NA,NA,NA,NA,0,0,0,NA,NA,NA
"3055","ENST00000546954.2","ENSG00000170855.4","OTTHUMG00000047787.4","OTTHUMT00000108980.4","TRIAP1-202","TRIAP1",1151,"protein_coding",404,55,0.942225218,"GAACT",0.727272727,NA,NA,NA,NA,NA,NA,NA,NA,NA,0,0,0,NA,NA,NA
"3056","ENST00000546954.2","ENSG00000170855.4","OTTHUMG00000047787.4","OTTHUMT00000108980.4","TRIAP1-202","TRIAP1",1151,"protein_coding",447,61,0.908601046,"GAACT",0.524590164,NA,NA,NA,NA,NA,NA,NA,NA,NA,0,0,0,NA,NA,NA
"3057","ENST00000547963.1","ENSG00000249550.8","OTTHUMG00000169644.11","OTTHUMT00000405246.1","LINC01234-202","LINC01234",2088,"lncRNA",1787,20,0.978443086,"GAACT",0.65,NA,NA,NA,NA,NA,NA,NA,NA,NA,0,0,0,NA,NA,NA
"3058","ENST00000547963.1","ENSG00000249550.8","OTTHUMG00000169644.11","OTTHUMT00000405246.1","LINC01234-202","LINC01234",2088,"lncRNA",1958,20,0.952487886,"GAACT",0.75,NA,NA,NA,NA,NA,NA,NA,NA,NA,0,0,0,NA,NA,NA
"3059","ENST00000548490.1","ENSG00000139131.13","OTTHUMG00000169454.3","OTTHUMT00000404154.1","YARS2-202","YARS2",1321,"nonsense_mediated_decay",1260,23,0.920722365,"GGACT",0.695652174,NA,NA,NA,NA,NA,NA,NA,NA,NA,0,0,0,NA,NA,NA
"3060","ENST00000548567.5","ENSG00000062485.19","OTTHUMG00000170344.9","OTTHUMT00000408589.1","CS-212","CS",3057,"protein_coding",1657,77,0.909045279,"GGACT",0.571428571,471,1383,1203,1,471,472,1673,1674,3056,0,1,0,NA,0.985868661679135,NA
"3061","ENST00000549143.5","ENSG00000062485.19","OTTHUMG00000170344.9","OTTHUMT00000408587.1","CS-215","CS",2811,"nonsense_mediated_decay",1409,76,0.910485327,"GGACT",0.578947368,NA,NA,NA,NA,NA,NA,NA,NA,NA,0,0,0,NA,NA,NA
"3062","ENST00000549338.5","ENSG00000075415.15","OTTHUMG00000170212.3","OTTHUMT00000407996.1","SLC25A3-211","SLC25A3",1285,"protein_coding",1159,740,0.909271002,"GGACT",0.637837838,NA,NA,NA,NA,NA,NA,NA,NA,NA,0,0,0,NA,NA,NA
"3063","ENST00000550147.5","ENSG00000139546.12","OTTHUMG00000169855.6","OTTHUMT00000406277.1","TARBP2-214","TARBP2",1855,"nonsense_mediated_decay",1433,21,0.930481017,"GGACT",0.571428571,NA,NA,NA,NA,NA,NA,NA,NA,NA,0,0,0,NA,NA,NA
"3064","ENST00000550777.5","ENSG00000111142.14","OTTHUMG00000170280.3","OTTHUMT00000408302.1","METAP2-209","METAP2",1779,"protein_coding",1453,138,0.9311167,"GGACC",0.492753623,NA,NA,NA,NA,NA,NA,NA,NA,NA,0,0,0,NA,NA,NA
"3065","ENST00000551840.5","ENSG00000111142.14","OTTHUMG00000170280.3","OTTHUMT00000408303.1","METAP2-210","METAP2",1874,"protein_coding",1551,138,0.932434678,"GGACC",0.492753623,NA,NA,NA,NA,NA,NA,NA,NA,NA,0,0,0,NA,NA,NA
"3066","ENST00000551917.5","ENSG00000075415.15","OTTHUMG00000170212.3","OTTHUMT00000407989.2","SLC25A3-215","SLC25A3",1359,"protein_coding",263,209,0.910593748,"TGACT",0.669856459,NA,NA,NA,NA,NA,NA,NA,NA,NA,0,0,0,NA,NA,NA
"3067","ENST00000551917.5","ENSG00000075415.15","OTTHUMG00000170212.3","OTTHUMT00000407989.2","SLC25A3-215","SLC25A3",1359,"protein_coding",297,265,0.960383713,"GGACT",0.796226415,NA,NA,NA,NA,NA,NA,NA,NA,NA,0,0,0,NA,NA,NA
"3068","ENST00000552918.6","ENSG00000123352.18","OTTHUMG00000169419.11","OTTHUMT00000404024.1","SPATS2-222","SPATS2",3240,"protein_coding",2062,27,0.92198813,"GAACT",0.518518519,NA,NA,NA,NA,NA,NA,NA,NA,NA,0,0,0,NA,NA,NA
"3069","ENST00000552918.6","ENSG00000123352.18","OTTHUMG00000169419.11","OTTHUMT00000404024.1","SPATS2-222","SPATS2",3240,"protein_coding",2125,27,0.936457992,"GGACT",0.740740741,NA,NA,NA,NA,NA,NA,NA,NA,NA,0,0,0,NA,NA,NA
"3070","ENST00000552951.7","ENSG00000151131.11","OTTHUMG00000169822.5","OTTHUMT00000406076.3","NOPCHAP1-204","NOPCHAP1",23524,"protein_coding",566,25,0.977580965,"GGACA",0.8,NA,NA,NA,NA,NA,NA,NA,NA,NA,0,0,0,NA,NA,NA
"3071","ENST00000553127.5","ENSG00000123352.18","OTTHUMG00000169419.11","OTTHUMT00000404023.2","SPATS2-223","SPATS2",3320,"protein_coding",2143,26,0.908645034,"GAACT",0.5,NA,NA,NA,NA,NA,NA,NA,NA,NA,0,0,0,NA,NA,NA
"3072","ENST00000553127.5","ENSG00000123352.18","OTTHUMG00000169419.11","OTTHUMT00000404023.2","SPATS2-223","SPATS2",3320,"protein_coding",2206,26,0.940224051,"GGACT",0.769230769,NA,NA,NA,NA,NA,NA,NA,NA,NA,0,0,0,NA,NA,NA
"3073","ENST00000553300.6","ENSG00000092199.19","OTTHUMG00000170757.3","OTTHUMT00000410236.1","HNRNPC-204","HNRNPC",3165,"protein_coding",250,103,0.91286552,"GAACT",0.553398058,NA,NA,NA,NA,NA,NA,NA,NA,NA,0,0,0,NA,NA,NA
"3074","ENST00000553400.1","ENSG00000089737.19","OTTHUMG00000171301.3","OTTHUMT00000412858.1","DDX24-202","DDX24",618,"protein_coding_CDS_not_defined",368,25,0.963847041,"TGACT",0.88,NA,NA,NA,NA,NA,NA,NA,NA,NA,0,0,0,NA,NA,NA
"3075","ENST00000553555.5","ENSG00000100823.12","OTTHUMG00000029544.7","OTTHUMT00000411059.1","APEX1-205","APEX1",1603,"retained_intron",1221,285,0.948418677,"GGACT",0.764912281,NA,NA,NA,NA,NA,NA,NA,NA,NA,0,0,0,NA,NA,NA
"3076","ENST00000553591.2","ENSG00000198805.13","OTTHUMG00000029546.4","OTTHUMT00000411083.2","PNP-203","PNP",1582,"protein_coding",1420,228,0.905850291,"GAACT",0.530701754,NA,NA,NA,NA,NA,NA,NA,NA,NA,0,0,0,NA,NA,NA
"3077","ENST00000553753.5","ENSG00000092199.19","OTTHUMG00000170757.3","OTTHUMT00000410227.1","HNRNPC-207","HNRNPC",1790,"protein_coding",211,22,0.914100826,"GAACT",0.545454545,NA,NA,NA,NA,NA,NA,NA,NA,NA,0,0,0,NA,NA,NA
"3078","ENST00000554101.5","ENSG00000100612.14","OTTHUMG00000140331.7","OTTHUMT00000411806.2","DHRS7-205","DHRS7",1361,"protein_coding",643,29,0.929731786,"GAACT",0.620689655,NA,NA,NA,NA,NA,NA,NA,NA,NA,0,0,0,NA,NA,NA
"3079","ENST00000554455.5","ENSG00000092199.19","OTTHUMG00000170757.3","OTTHUMT00000410225.1","HNRNPC-210","HNRNPC",1784,"protein_coding",233,100,0.928061426,"GAACT",0.58,NA,NA,NA,NA,NA,NA,NA,NA,NA,0,0,0,NA,NA,NA
"3080","ENST00000554969.5","ENSG00000092199.19","OTTHUMG00000170757.3","OTTHUMT00000410222.1","HNRNPC-213","HNRNPC",1924,"protein_coding",396,78,0.937950075,"GAACT",0.602564103,NA,NA,NA,NA,NA,NA,NA,NA,NA,0,0,0,NA,NA,NA
"3081","ENST00000555044.6","ENSG00000119725.21","OTTHUMG00000171257.5","OTTHUMT00000412597.1","ZNF410-211","ZNF410",2623,"protein_coding",1957,21,0.978962183,"TGACT",0.857142857,NA,NA,NA,NA,NA,NA,NA,NA,NA,0,0,0,NA,NA,NA
"3082","ENST00000555054.1","ENSG00000089737.19","OTTHUMG00000171301.3","OTTHUMT00000412863.1","DDX24-204","DDX24",2769,"protein_coding",2562,90,0.961561501,"TGACT",0.8,NA,NA,NA,NA,NA,NA,NA,NA,NA,0,0,0,NA,NA,NA
"3083","ENST00000555209.5","ENSG00000100461.18","OTTHUMG00000171467.10","OTTHUMT00000413548.2","RBM23-215","RBM23",2278,"protein_coding",1381,23,0.914668679,"GGACT",0.739130435,NA,NA,NA,NA,NA,NA,NA,NA,NA,0,0,0,NA,NA,NA
"3084","ENST00000555414.5","ENSG00000100823.12","OTTHUMG00000029544.7","OTTHUMT00000073640.4","APEX1-210","APEX1",1437,"protein_coding",1017,345,0.948994935,"GGACT",0.771014493,NA,NA,NA,NA,NA,NA,NA,NA,NA,0,0,0,NA,NA,NA
"3085","ENST00000555593.5","ENSG00000100575.14","OTTHUMG00000140322.8","OTTHUMT00000412060.1","TIMM9-206","TIMM9",796,"protein_coding",473,26,0.938020289,"GGACT",0.692307692,NA,NA,NA,NA,NA,NA,NA,NA,NA,0,0,0,NA,NA,NA
"3086","ENST00000555593.5","ENSG00000100575.14","OTTHUMG00000140322.8","OTTHUMT00000412060.1","TIMM9-206","TIMM9",796,"protein_coding",530,23,0.967719972,"TGACT",0.565217391,NA,NA,NA,NA,NA,NA,NA,NA,NA,0,0,0,NA,NA,NA
"3087","ENST00000555730.6","ENSG00000119725.21","OTTHUMG00000171257.5","OTTHUMT00000412584.3","ZNF410-214","ZNF410",2167,"protein_coding",1557,20,0.91854775,"AGACT",0.45,NA,NA,NA,NA,NA,NA,NA,NA,NA,0,0,0,NA,NA,NA
"3088","ENST00000555730.6","ENSG00000119725.21","OTTHUMG00000171257.5","OTTHUMT00000412584.3","ZNF410-214","ZNF410",2167,"protein_coding",1759,20,0.98878783,"TGACT",0.8,NA,NA,NA,NA,NA,NA,NA,NA,NA,0,0,0,NA,NA,NA
"3089","ENST00000555762.1","ENSG00000089737.19","OTTHUMG00000171301.3","OTTHUMT00000412857.1","DDX24-206","DDX24",5573,"retained_intron",5321,70,0.960210681,"TGACT",0.785714286,NA,NA,NA,NA,NA,NA,NA,NA,NA,0,0,0,NA,NA,NA
"3090","ENST00000555914.5","ENSG00000092199.19","OTTHUMG00000170757.3","OTTHUMT00000410228.1","HNRNPC-221","HNRNPC",1658,"protein_coding",212,63,0.911396265,"GAACT",0.507936508,NA,NA,NA,NA,NA,NA,NA,NA,NA,0,0,0,NA,NA,NA
"3091","ENST00000557054.1","ENSG00000100823.12","OTTHUMG00000029544.7","OTTHUMT00000411068.2","APEX1-214","APEX1",888,"protein_coding",473,104,0.930478632,"GGACT",0.711538462,NA,NA,NA,NA,NA,NA,NA,NA,NA,0,0,0,NA,NA,NA
"3092","ENST00000557159.5","ENSG00000100823.12","OTTHUMG00000029544.7","OTTHUMT00000411065.1","APEX1-216","APEX1",1803,"retained_intron",1417,304,0.948790669,"GGACT",0.763157895,NA,NA,NA,NA,NA,NA,NA,NA,NA,0,0,0,NA,NA,NA
"3093","ENST00000557682.6","ENSG00000272888.8","OTTHUMG00000149845.10","OTTHUMT00000415064.3","CHASERR-209","CHASERR",2683,"lncRNA",896,54,0.983228743,"GGACA",0.759259259,NA,NA,NA,NA,NA,NA,NA,NA,NA,0,0,0,NA,NA,NA
"3094","ENST00000557731.1","ENSG00000182512.5","OTTHUMG00000171636.2","OTTHUMT00000414551.1","GLRX5-203","GLRX5",1863,"protein_coding",1312,24,0.939161003,"AGACT",0.791666667,NA,NA,NA,NA,NA,NA,NA,NA,NA,0,0,0,NA,NA,NA
"3095","ENST00000557912.2","ENSG00000182117.7","OTTHUMG00000129440.3","OTTHUMT00000418023.1","NOP10-202","NOP10",491,"protein_coding",309,270,0.912052631,"GGACT",0.544444444,103,277,111,1,103,104,213,214,490,0,0,1,NA,NA,0.342960288808664
"3096","ENST00000558046.5","ENSG00000196497.17","OTTHUMG00000028801.7","OTTHUMT00000415602.1","IPO4-203","IPO4",3440,"nonsense_mediated_decay",3321,113,0.905407846,"AGACT",0.513274336,NA,NA,NA,NA,NA,NA,NA,NA,NA,0,0,0,NA,NA,NA
"3097","ENST00000558096.5","ENSG00000100889.12","OTTHUMG00000028791.10","OTTHUMT00000416428.1","PCK2-205","PCK2",2433,"protein_coding",2394,101,0.963005483,"AGACT",0.663366337,842,166,1425,1,842,843,2266,2267,2432,0,0,1,NA,NA,0.765060240963855
"3098","ENST00000558624.1","ENSG00000100897.18","OTTHUMG00000028793.9","OTTHUMT00000416444.1","DCAF11-212","DCAF11",2627,"retained_intron",2571,30,0.915434122,"GGACT",0.5,NA,NA,NA,NA,NA,NA,NA,NA,NA,0,0,0,NA,NA,NA
"3099","ENST00000558780.5","ENSG00000196497.17","OTTHUMG00000028801.7","OTTHUMT00000415601.1","IPO4-207","IPO4",3540,"nonsense_mediated_decay",3415,111,0.906673253,"AGACT",0.513513514,NA,NA,NA,NA,NA,NA,NA,NA,NA,0,0,0,NA,NA,NA
"3100","ENST00000559073.1","ENSG00000103855.18","OTTHUMG00000137585.9","OTTHUMT00000419136.1","CD276-206","CD276",1844,"nonsense_mediated_decay",1763,22,0.935049415,"GGACT",0.454545455,NA,NA,NA,NA,NA,NA,NA,NA,NA,0,0,0,NA,NA,NA
"3101","ENST00000559073.1","ENSG00000103855.18","OTTHUMG00000137585.9","OTTHUMT00000419136.1","CD276-206","CD276",1844,"nonsense_mediated_decay",1783,21,0.915771008,"GGACT",0.523809524,NA,NA,NA,NA,NA,NA,NA,NA,NA,0,0,0,NA,NA,NA
"3102","ENST00000559126.5","ENSG00000177082.13","OTTHUMG00000172375.2","OTTHUMT00000418198.1","WDR73-208","WDR73",2031,"retained_intron",1571,20,0.967471063,"GGACT",0.65,NA,NA,NA,NA,NA,NA,NA,NA,NA,0,0,0,NA,NA,NA
"3103","ENST00000559465.1","ENSG00000103855.18","OTTHUMG00000137585.9","OTTHUMT00000419137.1","CD276-207","CD276",1620,"retained_intron",1539,22,0.935668588,"GGACT",0.454545455,NA,NA,NA,NA,NA,NA,NA,NA,NA,0,0,0,NA,NA,NA
"3104","ENST00000559465.1","ENSG00000103855.18","OTTHUMG00000137585.9","OTTHUMT00000419137.1","CD276-207","CD276",1620,"retained_intron",1559,21,0.920986116,"GGACT",0.523809524,NA,NA,NA,NA,NA,NA,NA,NA,NA,0,0,0,NA,NA,NA
"3105","ENST00000559519.5","ENSG00000166803.14","OTTHUMG00000133017.5","OTTHUMT00000418698.1","PCLAF-207","PCLAF",749,"protein_coding",89,99,0.90069139,"AGACA",0.555555556,NA,NA,NA,NA,NA,NA,NA,NA,NA,0,0,0,NA,NA,NA
"3106","ENST00000559651.1","ENSG00000156381.9","OTTHUMG00000171777.6","OTTHUMT00000415845.2","ANKRD9-204","ANKRD9",1444,"protein_coding",1189,47,0.96776998,"GGACA",0.553191489,NA,NA,NA,NA,NA,NA,NA,NA,NA,0,0,0,NA,NA,NA
"3107","ENST00000559651.1","ENSG00000156381.9","OTTHUMG00000171777.6","OTTHUMT00000415845.2","ANKRD9-204","ANKRD9",1444,"protein_coding",1330,43,0.986213028,"GGACC",0.744186047,NA,NA,NA,NA,NA,NA,NA,NA,NA,0,0,0,NA,NA,NA
"3108","ENST00000559651.1","ENSG00000156381.9","OTTHUMG00000171777.6","OTTHUMT00000415845.2","ANKRD9-204","ANKRD9",1444,"protein_coding",1381,24,0.969350636,"GGACA",0.666666667,NA,NA,NA,NA,NA,NA,NA,NA,NA,0,0,0,NA,NA,NA
"3109","ENST00000560748.5","ENSG00000156381.9","OTTHUMG00000171777.6","OTTHUMT00000415846.1","ANKRD9-205","ANKRD9",1413,"protein_coding",1192,46,0.979323208,"GGACA",0.565217391,NA,NA,NA,NA,NA,NA,NA,NA,NA,0,0,0,NA,NA,NA
"3110","ENST00000560748.5","ENSG00000156381.9","OTTHUMG00000171777.6","OTTHUMT00000415846.1","ANKRD9-205","ANKRD9",1413,"protein_coding",1333,22,0.990070164,"GGACC",0.818181818,NA,NA,NA,NA,NA,NA,NA,NA,NA,0,0,0,NA,NA,NA
"3111","ENST00000560748.5","ENSG00000156381.9","OTTHUMG00000171777.6","OTTHUMT00000415846.1","ANKRD9-205","ANKRD9",1413,"protein_coding",1384,44,0.97230804,"GGACA",0.681818182,NA,NA,NA,NA,NA,NA,NA,NA,NA,0,0,0,NA,NA,NA
"3112","ENST00000560793.6","ENSG00000143418.20","OTTHUMG00000035064.8","OTTHUMT00000419187.2","CERS2-213","CERS2",1661,"protein_coding",681,75,0.95552057,"TGACT",0.52,NA,NA,NA,NA,NA,NA,NA,NA,NA,0,0,0,NA,NA,NA
"3113","ENST00000560798.5","ENSG00000196497.17","OTTHUMG00000028801.7","OTTHUMT00000415600.1","IPO4-214","IPO4",3581,"retained_intron",3456,113,0.903378785,"AGACT",0.513274336,NA,NA,NA,NA,NA,NA,NA,NA,NA,0,0,0,NA,NA,NA
"3114","ENST00000560981.5","ENSG00000128944.14","OTTHUMG00000172454.3","OTTHUMT00000418635.1","KNSTRN-212","KNSTRN",1598,"nonsense_mediated_decay",1112,67,0.988313556,"GGACT",0.835820896,NA,NA,NA,NA,NA,NA,NA,NA,NA,0,0,0,NA,NA,NA
"3115","ENST00000560981.5","ENSG00000128944.14","OTTHUMG00000172454.3","OTTHUMT00000418635.1","KNSTRN-212","KNSTRN",1598,"nonsense_mediated_decay",1158,88,0.982453048,"GGACA",0.647727273,NA,NA,NA,NA,NA,NA,NA,NA,NA,0,0,0,NA,NA,NA
"3116","ENST00000560981.5","ENSG00000128944.14","OTTHUMG00000172454.3","OTTHUMT00000418635.1","KNSTRN-212","KNSTRN",1598,"nonsense_mediated_decay",1308,96,0.949887455,"TGACT",0.666666667,NA,NA,NA,NA,NA,NA,NA,NA,NA,0,0,0,NA,NA,NA
"3117","ENST00000561048.2","ENSG00000166794.6","OTTHUMG00000133018.2","OTTHUMT00000418682.1","PPIB-203","PPIB",4064,"retained_intron",4013,356,0.925408542,"GGACT",0.634831461,NA,NA,NA,NA,NA,NA,NA,NA,NA,0,0,0,NA,NA,NA
"3118","ENST00000561078.5","ENSG00000090487.11","OTTHUMG00000133098.7","OTTHUMT00000418143.2","SPG21-213","SPG21",1520,"nonsense_mediated_decay",1087,71,0.908505976,"GGACT",0.535211268,NA,NA,NA,NA,NA,NA,NA,NA,NA,0,0,0,NA,NA,NA
"3119","ENST00000561090.5","ENSG00000196497.17","OTTHUMG00000028801.7","OTTHUMT00000415598.2","IPO4-217","IPO4",3632,"retained_intron",3506,110,0.911172271,"AGACT",0.527272727,NA,NA,NA,NA,NA,NA,NA,NA,NA,0,0,0,NA,NA,NA
"3120","ENST00000561169.5","ENSG00000128944.14","OTTHUMG00000172454.3","OTTHUMT00000418638.1","KNSTRN-213","KNSTRN",1388,"nonsense_mediated_decay",914,66,0.988826513,"GGACT",0.848484848,NA,NA,NA,NA,NA,NA,NA,NA,NA,0,0,0,NA,NA,NA
"3121","ENST00000561169.5","ENSG00000128944.14","OTTHUMG00000172454.3","OTTHUMT00000418638.1","KNSTRN-213","KNSTRN",1388,"nonsense_mediated_decay",960,87,0.981463492,"GGACA",0.655172414,NA,NA,NA,NA,NA,NA,NA,NA,NA,0,0,0,NA,NA,NA
"3122","ENST00000561169.5","ENSG00000128944.14","OTTHUMG00000172454.3","OTTHUMT00000418638.1","KNSTRN-213","KNSTRN",1388,"nonsense_mediated_decay",1110,95,0.948324263,"TGACT",0.663157895,NA,NA,NA,NA,NA,NA,NA,NA,NA,0,0,0,NA,NA,NA
"3123","ENST00000561286.5","ENSG00000100889.12","OTTHUMG00000028791.10","OTTHUMT00000416426.1","PCK2-216","PCK2",2012,"protein_coding",1979,72,0.948205829,"AGACT",0.611111111,NA,NA,NA,NA,NA,NA,NA,NA,NA,0,0,0,NA,NA,NA
"3124","ENST00000561462.5","ENSG00000196497.17","OTTHUMG00000028801.7","OTTHUMT00000415599.1","IPO4-220","IPO4",1864,"protein_coding",1739,104,0.911264539,"AGACT",0.528846154,0,222,1642,1,0,1,1641,1642,1863,0,0,1,NA,NA,0.436936936936937
"3125","ENST00000561491.1","ENSG00000125148.7","OTTHUMG00000133281.3","OTTHUMT00000434301.1","MT2A-202","MT2A",581,"protein_coding",448,738,0.902927101,"GGACA",0.524390244,NA,NA,NA,NA,NA,NA,NA,NA,NA,0,0,0,NA,NA,NA
"3126","ENST00000561573.1","ENSG00000261147.1","OTTHUMG00000177211.1","OTTHUMT00000435855.1","ENST00000561573","ENSG00000261147",3838,"nonsense_mediated_decay",3543,150,0.966380596,"GGACT",0.806666667,NA,NA,NA,NA,NA,NA,NA,NA,NA,0,0,0,NA,NA,NA
"3127","ENST00000561734.5","ENSG00000007376.8","OTTHUMG00000047840.5","OTTHUMT00000420620.1","RPUSD1-202","RPUSD1",2159,"protein_coding",1225,25,0.984288931,"GGACT",0.72,NA,NA,NA,NA,NA,NA,NA,NA,NA,0,0,0,NA,NA,NA
"3128","ENST00000561734.5","ENSG00000007376.8","OTTHUMG00000047840.5","OTTHUMT00000420620.1","RPUSD1-202","RPUSD1",2159,"protein_coding",1402,34,0.980994582,"GGACT",0.882352941,NA,NA,NA,NA,NA,NA,NA,NA,NA,0,0,0,NA,NA,NA
"3129","ENST00000561734.5","ENSG00000007376.8","OTTHUMG00000047840.5","OTTHUMT00000420620.1","RPUSD1-202","RPUSD1",2159,"protein_coding",1522,61,0.994664311,"GGACT",0.93442623,NA,NA,NA,NA,NA,NA,NA,NA,NA,0,0,0,NA,NA,NA
"3130","ENST00000561734.5","ENSG00000007376.8","OTTHUMG00000047840.5","OTTHUMT00000420620.1","RPUSD1-202","RPUSD1",2159,"protein_coding",2145,49,0.982941091,"TGACT",0.816326531,NA,NA,NA,NA,NA,NA,NA,NA,NA,0,0,0,NA,NA,NA
"3131","ENST00000562435.6","ENSG00000171208.10","OTTHUMG00000133101.5","OTTHUMT00000256766.3","NETO2-202","NETO2",7429,"protein_coding",1529,20,0.93887645,"GAACT",0.55,NA,NA,NA,NA,NA,NA,NA,NA,NA,0,0,0,NA,NA,NA
"3132","ENST00000562435.6","ENSG00000171208.10","OTTHUMG00000133101.5","OTTHUMT00000256766.3","NETO2-202","NETO2",7429,"protein_coding",2098,80,0.923699081,"GAACT",0.5,NA,NA,NA,NA,NA,NA,NA,NA,NA,0,0,0,NA,NA,NA
"3133","ENST00000562621.1","ENSG00000159322.18","OTTHUMG00000172777.3","OTTHUMT00000420435.1","ADPGK-204","ADPGK",4576,"retained_intron",4113,20,0.983824909,"GGACA",0.45,NA,NA,NA,NA,NA,NA,NA,NA,NA,0,0,0,NA,NA,NA
"3134","ENST00000562621.1","ENSG00000159322.18","OTTHUMG00000172777.3","OTTHUMT00000420435.1","ADPGK-204","ADPGK",4576,"retained_intron",4186,27,0.958350956,"GGACT",0.814814815,NA,NA,NA,NA,NA,NA,NA,NA,NA,0,0,0,NA,NA,NA
"3135","ENST00000562621.1","ENSG00000159322.18","OTTHUMG00000172777.3","OTTHUMT00000420435.1","ADPGK-204","ADPGK",4576,"retained_intron",4349,26,0.949623048,"AGACT",0.692307692,NA,NA,NA,NA,NA,NA,NA,NA,NA,0,0,0,NA,NA,NA
"3136","ENST00000562879.5","ENSG00000167526.14","OTTHUMG00000133770.8","OTTHUMT00000426172.1","RPL13-210","RPL13",958,"nonsense_mediated_decay",666,463,0.918288291,"AGACA",0.591792657,NA,NA,NA,NA,NA,NA,NA,NA,NA,0,0,0,NA,NA,NA
"3137","ENST00000562949.1","ENSG00000272617.3","OTTHUMG00000186023.2","OTTHUMT00000472063.2","ENST00000562949","ENSG00000272617",887,"protein_coding",692,23,0.93242377,"GGACA",0.608695652,NA,NA,NA,NA,NA,NA,NA,NA,NA,0,0,0,NA,NA,NA
"3138","ENST00000562949.1","ENSG00000272617.3","OTTHUMG00000186023.2","OTTHUMT00000472063.2","ENST00000562949","ENSG00000272617",887,"protein_coding",815,23,0.913639188,"GGACC",0.47826087,NA,NA,NA,NA,NA,NA,NA,NA,NA,0,0,0,NA,NA,NA
"3139","ENST00000563130.5","ENSG00000125107.19","OTTHUMG00000133487.12","OTTHUMT00000422263.1","CNOT1-204","CNOT1",2280,"retained_intron",2070,79,0.936028063,"TGACT",0.670886076,NA,NA,NA,NA,NA,NA,NA,NA,NA,0,0,0,NA,NA,NA
"3140","ENST00000563305.1","ENSG00000159720.13","OTTHUMG00000137515.7","OTTHUMT00000422217.1","ATP6V0D1-207","ATP6V0D1",1656,"retained_intron",1334,29,0.947362661,"AGACT",0.586206897,NA,NA,NA,NA,NA,NA,NA,NA,NA,0,0,0,NA,NA,NA
"3141","ENST00000563588.6","ENSG00000156873.16","OTTHUMG00000132400.7","OTTHUMT00000255531.4","PHKG2-204","PHKG2",5384,"protein_coding",1337,20,0.932608724,"GAACT",0.7,NA,NA,NA,NA,NA,NA,NA,NA,NA,0,0,0,NA,NA,NA
"3142","ENST00000563779.5","ENSG00000103121.9","OTTHUMG00000137625.6","OTTHUMT00000432281.1","CMC2-206","CMC2",2087,"retained_intron",1838,66,0.966404974,"AGACT",0.727272727,NA,NA,NA,NA,NA,NA,NA,NA,NA,0,0,0,NA,NA,NA
"3143","ENST00000563974.1","ENSG00000174109.5","OTTHUMG00000192232.2","OTTHUMT00000432503.1","UQCC4-202","UQCC4",1005,"retained_intron",505,24,0.909843743,"GAACT",0.541666667,NA,NA,NA,NA,NA,NA,NA,NA,NA,0,0,0,NA,NA,NA
"3144","ENST00000563985.1","ENSG00000125148.7","OTTHUMG00000133281.3","OTTHUMT00000434298.1","MT2A-204","MT2A",688,"protein_coding_CDS_not_defined",573,987,0.90508157,"GGACA",0.531914894,NA,NA,NA,NA,NA,NA,NA,NA,NA,0,0,0,NA,NA,NA
"3145","ENST00000564088.5","ENSG00000167965.18","OTTHUMG00000128827.6","OTTHUMT00000435063.1","MLST8-215","MLST8",1861,"protein_coding",1497,77,0.924038708,"GGACT",0.597402597,NA,NA,NA,NA,NA,NA,NA,NA,NA,0,0,0,NA,NA,NA
"3146","ENST00000564243.5","ENSG00000184110.15","OTTHUMG00000099443.4","OTTHUMT00000430997.1","EIF3C-204","EIF3C",2870,"protein_coding",1008,46,0.900886595,"GAACT",0.565217391,NA,NA,NA,NA,NA,NA,NA,NA,NA,0,0,0,NA,NA,NA
"3147","ENST00000564243.5","ENSG00000184110.15","OTTHUMG00000099443.4","OTTHUMT00000430997.1","EIF3C-204","EIF3C",2870,"protein_coding",1252,80,0.90655905,"GGACT",0.65,NA,NA,NA,NA,NA,NA,NA,NA,NA,0,0,0,NA,NA,NA
"3148","ENST00000564316.1","ENSG00000103266.11","OTTHUMG00000121140.7","OTTHUMT00000421437.1","STUB1-203","STUB1",729,"protein_coding",590,105,0.976448953,"GGACT",0.79047619,NA,NA,NA,NA,NA,NA,NA,NA,NA,0,0,0,NA,NA,NA
"3149","ENST00000564316.1","ENSG00000103266.11","OTTHUMG00000121140.7","OTTHUMT00000421437.1","STUB1-203","STUB1",729,"protein_coding",597,110,0.94438988,"GGACT",0.809090909,NA,NA,NA,NA,NA,NA,NA,NA,NA,0,0,0,NA,NA,NA
"3150","ENST00000564675.5","ENSG00000169371.14","OTTHUMG00000142833.6","OTTHUMT00000420333.1","SNUPN-206","SNUPN",1682,"protein_coding",1512,80,0.926843226,"GGACA",0.475,NA,NA,NA,NA,NA,NA,NA,NA,NA,0,0,0,NA,NA,NA
"3151","ENST00000564675.5","ENSG00000169371.14","OTTHUMG00000142833.6","OTTHUMT00000420333.1","SNUPN-206","SNUPN",1682,"protein_coding",1547,77,0.901224554,"GAACT",0.506493506,NA,NA,NA,NA,NA,NA,NA,NA,NA,0,0,0,NA,NA,NA
"3152","ENST00000564678.1","ENSG00000051108.15","OTTHUMG00000133276.10","OTTHUMT00000432317.1","HERPUD1-209","HERPUD1",2199,"retained_intron",1654,25,0.921531618,"GGACT",0.68,NA,NA,NA,NA,NA,NA,NA,NA,NA,0,0,0,NA,NA,NA
"3153","ENST00000564754.7","ENSG00000103994.18","OTTHUMG00000173244.7","OTTHUMT00000429960.3","ZNF106-202","ZNF106",10396,"protein_coding",10271,24,0.916718304,"TGACT",0.666666667,NA,NA,NA,NA,NA,NA,NA,NA,NA,0,0,0,NA,NA,NA
"3154","ENST00000565465.1","ENSG00000174446.13","OTTHUMG00000133195.5","OTTHUMT00000420729.2","SNAPC5-206","SNAPC5",1069,"nonsense_mediated_decay",868,43,0.947140455,"AGACT",0.720930233,NA,NA,NA,NA,NA,NA,NA,NA,NA,0,0,0,NA,NA,NA
"3155","ENST00000565677.5","ENSG00000103266.11","OTTHUMG00000121140.7","OTTHUMT00000421293.1","STUB1-205","STUB1",1560,"protein_coding",1421,192,0.979871154,"GGACT",0.822916667,NA,NA,NA,NA,NA,NA,NA,NA,NA,0,0,0,NA,NA,NA
"3156","ENST00000565677.5","ENSG00000103266.11","OTTHUMG00000121140.7","OTTHUMT00000421293.1","STUB1-205","STUB1",1560,"protein_coding",1428,189,0.960442066,"GGACT",0.841269841,NA,NA,NA,NA,NA,NA,NA,NA,NA,0,0,0,NA,NA,NA
"3157","ENST00000565698.5","ENSG00000169180.12","OTTHUMG00000176782.9","OTTHUMT00000433731.1","XPO6-208","XPO6",4255,"protein_coding",3720,33,0.903565109,"GGACT",0.606060606,NA,NA,NA,NA,NA,NA,NA,NA,NA,0,0,0,NA,NA,NA
"3158","ENST00000565698.5","ENSG00000169180.12","OTTHUMG00000176782.9","OTTHUMT00000433731.1","XPO6-208","XPO6",4255,"protein_coding",4022,71,0.978342652,"GGACA",0.591549296,NA,NA,NA,NA,NA,NA,NA,NA,NA,0,0,0,NA,NA,NA
"3159","ENST00000565698.5","ENSG00000169180.12","OTTHUMG00000176782.9","OTTHUMT00000433731.1","XPO6-208","XPO6",4255,"protein_coding",4081,67,0.947472751,"GAACT",0.641791045,NA,NA,NA,NA,NA,NA,NA,NA,NA,0,0,0,NA,NA,NA
"3160","ENST00000565698.5","ENSG00000169180.12","OTTHUMG00000176782.9","OTTHUMT00000433731.1","XPO6-208","XPO6",4255,"protein_coding",4159,73,0.967940092,"AGACT",0.945205479,NA,NA,NA,NA,NA,NA,NA,NA,NA,0,0,0,NA,NA,NA
"3161","ENST00000565758.1","ENSG00000179958.10","OTTHUMG00000132416.5","OTTHUMT00000434618.2","DCTPP1-202","DCTPP1",749,"protein_coding",512,20,0.96447134,"GGACA",0.6,NA,NA,NA,NA,NA,NA,NA,NA,NA,0,0,0,NA,NA,NA
"3162","ENST00000565809.5","ENSG00000007376.8","OTTHUMG00000047840.5","OTTHUMT00000420621.1","RPUSD1-207","RPUSD1",1918,"protein_coding",1001,25,0.984170794,"GGACT",0.72,NA,NA,NA,NA,NA,NA,NA,NA,NA,0,0,0,NA,NA,NA
"3163","ENST00000565809.5","ENSG00000007376.8","OTTHUMG00000047840.5","OTTHUMT00000420621.1","RPUSD1-207","RPUSD1",1918,"protein_coding",1178,34,0.980805874,"GGACT",0.882352941,NA,NA,NA,NA,NA,NA,NA,NA,NA,0,0,0,NA,NA,NA
"3164","ENST00000565809.5","ENSG00000007376.8","OTTHUMG00000047840.5","OTTHUMT00000420621.1","RPUSD1-207","RPUSD1",1918,"protein_coding",1298,61,0.994527221,"GGACT",0.93442623,NA,NA,NA,NA,NA,NA,NA,NA,NA,0,0,0,NA,NA,NA
"3165","ENST00000565932.5","ENSG00000184110.15","OTTHUMG00000099443.4","OTTHUMT00000431004.1","EIF3C-207","EIF3C",3957,"retained_intron",2340,27,0.92414397,"GGACT",0.777777778,NA,NA,NA,NA,NA,NA,NA,NA,NA,0,0,0,NA,NA,NA
"3166","ENST00000566157.6","ENSG00000087263.17","OTTHUMG00000133237.5","OTTHUMT00000256976.4","OGFOD1-207","OGFOD1",4587,"protein_coding",1662,44,0.966297686,"GGACT",0.818181818,NA,NA,NA,NA,NA,NA,NA,NA,NA,0,0,0,NA,NA,NA
"3167","ENST00000566157.6","ENSG00000087263.17","OTTHUMG00000133237.5","OTTHUMT00000256976.4","OGFOD1-207","OGFOD1",4587,"protein_coding",1825,48,0.959723055,"GGACT",0.583333333,NA,NA,NA,NA,NA,NA,NA,NA,NA,0,0,0,NA,NA,NA
"3168","ENST00000566525.5","ENSG00000103254.10","OTTHUMG00000121177.4","OTTHUMT00000421306.1","ANTKMT-205","ANTKMT",1686,"retained_intron",1672,52,0.920702815,"AGACT",0.480769231,NA,NA,NA,NA,NA,NA,NA,NA,NA,0,0,0,NA,NA,NA
"3169","ENST00000566574.5","ENSG00000168872.17","OTTHUMG00000137579.6","OTTHUMT00000435161.1","DDX19A-209","DDX19A",5007,"retained_intron",4533,20,0.93344301,"GGACA",0.65,NA,NA,NA,NA,NA,NA,NA,NA,NA,0,0,0,NA,NA,NA
"3170","ENST00000566605.5","ENSG00000089280.19","OTTHUMG00000132395.5","OTTHUMT00000433550.1","FUS-209","FUS",1787,"nonsense_mediated_decay",995,23,0.991327703,"GGACA",0.869565217,NA,NA,NA,NA,NA,NA,NA,NA,NA,0,0,0,NA,NA,NA
"3171","ENST00000566756.5","ENSG00000140931.20","OTTHUMG00000137503.9","OTTHUMT00000421025.2","CMTM3-213","CMTM3",1950,"nonsense_mediated_decay",1397,22,0.94749552,"AGACT",0.636363636,NA,NA,NA,NA,NA,NA,NA,NA,NA,0,0,0,NA,NA,NA
"3172","ENST00000566835.5","ENSG00000167965.18","OTTHUMG00000128827.6","OTTHUMT00000435084.1","MLST8-226","MLST8",1565,"nonsense_mediated_decay",1181,24,0.908739448,"GGACT",0.583333333,NA,NA,NA,NA,NA,NA,NA,NA,NA,0,0,0,NA,NA,NA
"3173","ENST00000566860.1","ENSG00000091651.9","OTTHUMG00000132539.5","OTTHUMT00000430607.1","ORC6-204","ORC6",1699,"protein_coding",1008,31,0.996062458,"AGACT",0.903225806,NA,NA,NA,NA,NA,NA,NA,NA,NA,0,0,0,NA,NA,NA
"3174","ENST00000567007.5","ENSG00000205250.9","OTTHUMG00000172975.3","OTTHUMT00000421567.1","E2F4-208","E2F4",2615,"retained_intron",2019,29,0.973105192,"GGACT",0.75862069,NA,NA,NA,NA,NA,NA,NA,NA,NA,0,0,0,NA,NA,NA
"3175","ENST00000567072.5","ENSG00000088682.14","OTTHUMG00000176582.5","OTTHUMT00000432601.1","COQ9-210","COQ9",1482,"protein_coding",980,81,0.984249711,"GGACT",0.802469136,NA,NA,NA,NA,NA,NA,NA,NA,NA,0,0,0,NA,NA,NA
"3176","ENST00000567114.5","ENSG00000007376.8","OTTHUMG00000047840.5","OTTHUMT00000420622.1","RPUSD1-208","RPUSD1",1835,"protein_coding",941,24,0.982479632,"GGACT",0.708333333,NA,NA,NA,NA,NA,NA,NA,NA,NA,0,0,0,NA,NA,NA
"3177","ENST00000567114.5","ENSG00000007376.8","OTTHUMG00000047840.5","OTTHUMT00000420622.1","RPUSD1-208","RPUSD1",1835,"protein_coding",1118,33,0.980383158,"GGACT",0.878787879,NA,NA,NA,NA,NA,NA,NA,NA,NA,0,0,0,NA,NA,NA
"3178","ENST00000567114.5","ENSG00000007376.8","OTTHUMG00000047840.5","OTTHUMT00000420622.1","RPUSD1-208","RPUSD1",1835,"protein_coding",1238,60,0.994423866,"GGACT",0.933333333,NA,NA,NA,NA,NA,NA,NA,NA,NA,0,0,0,NA,NA,NA
"3179","ENST00000567188.5","ENSG00000125107.19","OTTHUMG00000133487.12","OTTHUMT00000422264.1","CNOT1-211","CNOT1",7830,"nonsense_mediated_decay",7642,59,0.9489398,"TGACT",0.711864407,NA,NA,NA,NA,NA,NA,NA,NA,NA,0,0,0,NA,NA,NA
"3180","ENST00000567221.2","ENSG00000231169.4","OTTHUMG00000172676.2","OTTHUMT00000419833.2","EEF1B2P1-201","EEF1B2P1",672,"processed_pseudogene",512,27,0.99754554,"GGACT",0.888888889,NA,NA,NA,NA,NA,NA,NA,NA,NA,0,0,0,NA,NA,NA
"3181","ENST00000567300.1","ENSG00000125148.7","OTTHUMG00000133281.3","OTTHUMT00000434302.1","MT2A-205","MT2A",416,"protein_coding_CDS_not_defined",280,1391,0.906886995,"GGACA",0.539180446,NA,NA,NA,NA,NA,NA,NA,NA,NA,0,0,0,NA,NA,NA
"3182","ENST00000567351.5","ENSG00000261408.7","OTTHUMG00000170136.4","OTTHUMT00000407610.1","TEN1-CDK3-201","TEN1-CDK3",3897,"retained_intron",879,151,0.922091722,"AGACT",0.536423841,NA,NA,NA,NA,NA,NA,NA,NA,NA,0,0,0,NA,NA,NA
"3183","ENST00000567572.6","ENSG00000140931.20","OTTHUMG00000137503.9","OTTHUMT00000421022.2","CMTM3-214","CMTM3",1901,"protein_coding",1310,48,0.944752574,"AGACT",0.625,NA,NA,NA,NA,NA,NA,NA,NA,NA,0,0,0,NA,NA,NA
"3184","ENST00000567941.5","ENSG00000159322.18","OTTHUMG00000172777.3","OTTHUMT00000420432.1","ADPGK-210","ADPGK",2716,"nonsense_mediated_decay",2250,21,0.981079757,"GGACA",0.428571429,NA,NA,NA,NA,NA,NA,NA,NA,NA,0,0,0,NA,NA,NA
"3185","ENST00000567941.5","ENSG00000159322.18","OTTHUMG00000172777.3","OTTHUMT00000420432.1","ADPGK-210","ADPGK",2716,"nonsense_mediated_decay",2323,28,0.950800121,"GGACT",0.821428571,NA,NA,NA,NA,NA,NA,NA,NA,NA,0,0,0,NA,NA,NA
"3186","ENST00000567941.5","ENSG00000159322.18","OTTHUMG00000172777.3","OTTHUMT00000420432.1","ADPGK-210","ADPGK",2716,"nonsense_mediated_decay",2486,26,0.951544285,"AGACT",0.692307692,NA,NA,NA,NA,NA,NA,NA,NA,NA,0,0,0,NA,NA,NA
"3187","ENST00000567983.1","ENSG00000179958.10","OTTHUMG00000132416.5","OTTHUMT00000434615.1","DCTPP1-203","DCTPP1",801,"protein_coding",228,90,0.959401369,"GGACA",0.655555556,NA,NA,NA,NA,NA,NA,NA,NA,NA,0,0,0,NA,NA,NA
"3188","ENST00000568065.5","ENSG00000169180.12","OTTHUMG00000176782.9","OTTHUMT00000433767.1","XPO6-213","XPO6",942,"protein_coding",725,58,0.977579415,"GGACA",0.568965517,NA,NA,NA,NA,NA,NA,NA,NA,NA,0,0,0,NA,NA,NA
"3189","ENST00000568065.5","ENSG00000169180.12","OTTHUMG00000176782.9","OTTHUMT00000433767.1","XPO6-213","XPO6",942,"protein_coding",784,54,0.931252062,"GAACT",0.592592593,NA,NA,NA,NA,NA,NA,NA,NA,NA,0,0,0,NA,NA,NA
"3190","ENST00000568065.5","ENSG00000169180.12","OTTHUMG00000176782.9","OTTHUMT00000433767.1","XPO6-213","XPO6",942,"protein_coding",862,58,0.961809695,"AGACT",0.948275862,NA,NA,NA,NA,NA,NA,NA,NA,NA,0,0,0,NA,NA,NA
"3191","ENST00000568194.5","ENSG00000167965.18","OTTHUMG00000128827.6","OTTHUMT00000435077.1","MLST8-230","MLST8",2116,"retained_intron",1751,81,0.915498734,"GGACT",0.604938272,NA,NA,NA,NA,NA,NA,NA,NA,NA,0,0,0,NA,NA,NA
"3192","ENST00000568434.1","ENSG00000179958.10","OTTHUMG00000132416.5","OTTHUMT00000434616.2","DCTPP1-204","DCTPP1",853,"protein_coding",496,20,0.960184574,"GGACA",0.55,NA,NA,NA,NA,NA,NA,NA,NA,NA,0,0,0,NA,NA,NA
"3193","ENST00000568513.5","ENSG00000065057.9","OTTHUMG00000128744.4","OTTHUMT00000434461.2","NTHL1-209","NTHL1",837,"nonsense_mediated_decay",634,26,0.958707273,"GGACT",0.653846154,NA,NA,NA,NA,NA,NA,NA,NA,NA,0,0,0,NA,NA,NA
"3194","ENST00000568578.5","ENSG00000147274.14","OTTHUMG00000022517.2","OTTHUMT00000420445.1","RBMX-212","RBMX",4887,"nonsense_mediated_decay",1867,55,0.918490231,"GGACT",0.563636364,NA,NA,NA,NA,NA,NA,NA,NA,NA,0,0,0,NA,NA,NA
"3195","ENST00000568620.5","ENSG00000159720.13","OTTHUMG00000137515.7","OTTHUMT00000422216.1","ATP6V0D1-217","ATP6V0D1",3390,"retained_intron",3045,91,0.918206453,"AGACT",0.571428571,NA,NA,NA,NA,NA,NA,NA,NA,NA,0,0,0,NA,NA,NA
"3196","ENST00000568685.1","ENSG00000089280.19","OTTHUMG00000132395.5","OTTHUMT00000433552.1","FUS-210","FUS",1785,"protein_coding",1020,23,0.991549432,"GGACA",0.869565217,NA,NA,NA,NA,NA,NA,NA,NA,NA,0,0,0,NA,NA,NA
"3197","ENST00000568717.1","ENSG00000103035.11","OTTHUMG00000137601.4","OTTHUMT00000434672.1","PSMD7-206","PSMD7",1395,"nonsense_mediated_decay",864,91,0.918090105,"GGACT",0.747252747,NA,NA,NA,NA,NA,NA,NA,NA,NA,0,0,0,NA,NA,NA
"3198","ENST00000568875.1","ENSG00000174446.13","OTTHUMG00000133195.5","OTTHUMT00000420728.1","SNAPC5-208","SNAPC5",1741,"nonsense_mediated_decay",1164,28,0.964434445,"AGACT",0.785714286,49,1440,252,1,49,50,300,301,1740,0,0,1,NA,NA,0.599305555555556
"3199","ENST00000568916.1","ENSG00000103254.10","OTTHUMG00000121177.4","OTTHUMT00000421311.1","ANTKMT-206","ANTKMT",454,"protein_coding",439,25,0.92453903,"AGACT",0.52,NA,NA,NA,NA,NA,NA,NA,NA,NA,0,0,0,NA,NA,NA
"3200","ENST00000569187.5","ENSG00000103121.9","OTTHUMG00000137625.6","OTTHUMT00000432286.1","CMC2-220","CMC2",612,"protein_coding_CDS_not_defined",366,21,0.900809109,"AGACT",0.571428571,NA,NA,NA,NA,NA,NA,NA,NA,NA,0,0,0,NA,NA,NA
"3201","ENST00000569240.5","ENSG00000125107.19","OTTHUMG00000133487.12","OTTHUMT00000422244.1","CNOT1-216","CNOT1",7660,"protein_coding",7461,85,0.942265987,"TGACT",0.670588235,NA,NA,NA,NA,NA,NA,NA,NA,NA,0,0,0,NA,NA,NA
"3202","ENST00000569284.1","ENSG00000261408.7","OTTHUMG00000170136.4","OTTHUMT00000407611.2","TEN1-CDK3-202","TEN1-CDK3",3287,"retained_intron",850,151,0.924024403,"AGACT",0.536423841,NA,NA,NA,NA,NA,NA,NA,NA,NA,0,0,0,NA,NA,NA
"3203","ENST00000569417.6","ENSG00000167965.18","OTTHUMG00000128827.6","OTTHUMT00000250763.3","MLST8-232","MLST8",1671,"protein_coding",1250,81,0.927655399,"GGACT",0.62962963,NA,NA,NA,NA,NA,NA,NA,NA,NA,0,0,0,NA,NA,NA
"3204","ENST00000569466.1","ENSG00000169217.9","OTTHUMG00000132397.3","OTTHUMT00000434111.1","CD2BP2-203","CD2BP2",1417,"protein_coding",1319,132,0.964102805,"GGACT",0.75,NA,NA,NA,NA,NA,NA,NA,NA,NA,0,0,0,NA,NA,NA
"3205","ENST00000569529.6","ENSG00000103254.10","OTTHUMG00000121177.4","OTTHUMT00000241667.3","ANTKMT-207","ANTKMT",870,"protein_coding",855,260,0.932121336,"AGACT",0.55,NA,NA,NA,NA,NA,NA,NA,NA,NA,0,0,0,NA,NA,NA
"3206","ENST00000569534.5","ENSG00000159322.18","OTTHUMG00000172777.3","OTTHUMT00000420433.1","ADPGK-213","ADPGK",2262,"nonsense_mediated_decay",1796,20,0.983459473,"GGACA",0.45,NA,NA,NA,NA,NA,NA,NA,NA,NA,0,0,0,NA,NA,NA
"3207","ENST00000569534.5","ENSG00000159322.18","OTTHUMG00000172777.3","OTTHUMT00000420433.1","ADPGK-213","ADPGK",2262,"nonsense_mediated_decay",1869,27,0.957016587,"GGACT",0.814814815,NA,NA,NA,NA,NA,NA,NA,NA,NA,0,0,0,NA,NA,NA
"3208","ENST00000569534.5","ENSG00000159322.18","OTTHUMG00000172777.3","OTTHUMT00000420433.1","ADPGK-213","ADPGK",2262,"nonsense_mediated_decay",2032,25,0.966274858,"AGACT",0.76,NA,NA,NA,NA,NA,NA,NA,NA,NA,0,0,0,NA,NA,NA
"3209","ENST00000569693.5","ENSG00000159322.18","OTTHUMG00000172777.3","OTTHUMT00000420431.2","ADPGK-214","ADPGK",1820,"nonsense_mediated_decay",1354,20,0.982205927,"GGACA",0.45,NA,NA,NA,NA,NA,NA,NA,NA,NA,0,0,0,NA,NA,NA
"3210","ENST00000569693.5","ENSG00000159322.18","OTTHUMG00000172777.3","OTTHUMT00000420431.2","ADPGK-214","ADPGK",1820,"nonsense_mediated_decay",1427,27,0.958396614,"GGACT",0.814814815,NA,NA,NA,NA,NA,NA,NA,NA,NA,0,0,0,NA,NA,NA
"3211","ENST00000569693.5","ENSG00000159322.18","OTTHUMG00000172777.3","OTTHUMT00000420431.2","ADPGK-214","ADPGK",1820,"nonsense_mediated_decay",1590,26,0.949831545,"AGACT",0.692307692,NA,NA,NA,NA,NA,NA,NA,NA,NA,0,0,0,NA,NA,NA
"3212","ENST00000569771.5","ENSG00000168872.17","OTTHUMG00000137579.6","OTTHUMT00000435152.1","DDX19A-214","DDX19A",3067,"nonsense_mediated_decay",2588,20,0.932987571,"GGACA",0.65,NA,NA,NA,NA,NA,NA,NA,NA,NA,0,0,0,NA,NA,NA
"3213","ENST00000569980.1","ENSG00000088682.14","OTTHUMG00000176582.5","OTTHUMT00000432603.1","COQ9-216","COQ9",1118,"retained_intron",588,45,0.967138529,"GGACT",0.8,NA,NA,NA,NA,NA,NA,NA,NA,NA,0,0,0,NA,NA,NA
"3214","ENST00000570064.5","ENSG00000140943.18","OTTHUMG00000137639.8","OTTHUMT00000432627.1","MBTPS1-216","MBTPS1",3086,"retained_intron",2814,22,0.905195534,"AGACT",0.636363636,NA,NA,NA,NA,NA,NA,NA,NA,NA,0,0,0,NA,NA,NA
"3215","ENST00000570237.1","ENSG00000103254.10","OTTHUMG00000121177.4","OTTHUMT00000421463.1","ANTKMT-208","ANTKMT",475,"retained_intron",460,27,0.919181406,"AGACT",0.592592593,NA,NA,NA,NA,NA,NA,NA,NA,NA,0,0,0,NA,NA,NA
"3216","ENST00000570382.2","ENSG00000184009.13","OTTHUMG00000177955.9","OTTHUMT00000439922.4","ACTG1-201","ACTG1",2052,"protein_coding",670,134,0.99961704,"GGACT",0.917910448,NA,NA,NA,NA,NA,NA,NA,NA,NA,0,0,0,NA,NA,NA
"3217","ENST00000570382.2","ENSG00000184009.13","OTTHUMG00000177955.9","OTTHUMT00000439922.4","ACTG1-201","ACTG1",2052,"protein_coding",1342,291,0.959705055,"GGACT",0.690721649,NA,NA,NA,NA,NA,NA,NA,NA,NA,0,0,0,NA,NA,NA
"3218","ENST00000570477.6","ENSG00000108963.19","OTTHUMG00000177724.8","OTTHUMT00000438666.2","DPH1-203","DPH1",2680,"protein_coding",1731,49,0.915876508,"GGACA",0.469387755,NA,NA,NA,NA,NA,NA,NA,NA,NA,0,0,0,NA,NA,NA
"3219","ENST00000570646.6","ENSG00000103415.12","OTTHUMG00000129473.4","OTTHUMT00000251636.3","HMOX2-208","HMOX2",1673,"protein_coding",680,38,0.928031802,"GGACC",0.552631579,NA,NA,NA,NA,NA,NA,NA,NA,NA,0,0,0,NA,NA,NA
"3220","ENST00000570646.6","ENSG00000103415.12","OTTHUMG00000129473.4","OTTHUMT00000251636.3","HMOX2-208","HMOX2",1673,"protein_coding",708,27,0.965654612,"GGACA",0.592592593,NA,NA,NA,NA,NA,NA,NA,NA,NA,0,0,0,NA,NA,NA
"3221","ENST00000570699.1","ENSG00000167695.15","OTTHUMG00000177491.6","OTTHUMT00000437158.1","TLCD3A-203","TLCD3A",2386,"nonsense_mediated_decay",2241,21,0.984027088,"AGACT",0.80952381,NA,NA,NA,NA,NA,NA,NA,NA,NA,0,0,0,NA,NA,NA
"3222","ENST00000570828.5","ENSG00000175826.12","OTTHUMG00000102180.7","OTTHUMT00000440495.1","CTDNEP1-205","CTDNEP1",986,"protein_coding",681,21,0.945608616,"GGACT",0.666666667,NA,NA,NA,NA,NA,NA,NA,NA,NA,0,0,0,NA,NA,NA
"3223","ENST00000571100.2","ENSG00000171246.7","OTTHUMG00000177607.2","OTTHUMT00000438052.1","NPTX1-203","NPTX1",4605,"protein_coding",1167,20,0.969975114,"GGACT",0.75,NA,NA,NA,NA,NA,NA,NA,NA,NA,0,0,0,NA,NA,NA
"3224","ENST00000571133.6","ENSG00000171490.13","OTTHUMG00000129824.6","OTTHUMT00000252059.4","RSL1D1-204","RSL1D1",5440,"protein_coding",1608,401,0.950092256,"GGACT",0.753117207,NA,NA,NA,NA,NA,NA,NA,NA,NA,0,0,0,NA,NA,NA
"3225","ENST00000571362.5","ENSG00000040633.13","OTTHUMG00000177972.6","OTTHUMT00000440048.1","PHF23-205","PHF23",1768,"protein_coding",1192,24,0.979031205,"GAACT",0.541666667,NA,NA,NA,NA,NA,NA,NA,NA,NA,0,0,0,NA,NA,NA
"3226","ENST00000571362.5","ENSG00000040633.13","OTTHUMG00000177972.6","OTTHUMT00000440048.1","PHF23-205","PHF23",1768,"protein_coding",1355,51,0.93722862,"GGACT",0.68627451,NA,NA,NA,NA,NA,NA,NA,NA,NA,0,0,0,NA,NA,NA
"3227","ENST00000571735.3","ENSG00000172270.22","OTTHUMG00000177718.19","OTTHUMT00000438639.6","BSG-205","BSG",2141,"retained_intron",1887,446,0.925865352,"GGACT",0.524663677,NA,NA,NA,NA,NA,NA,NA,NA,NA,0,0,0,NA,NA,NA
"3228","ENST00000572105.7","ENSG00000184009.13","OTTHUMG00000177955.9","OTTHUMT00000439932.3","ACTG1-204","ACTG1",2005,"nonsense_mediated_decay",625,62,0.999642968,"GGACT",0.887096774,NA,NA,NA,NA,NA,NA,NA,NA,NA,0,0,0,NA,NA,NA
"3229","ENST00000572105.7","ENSG00000184009.13","OTTHUMG00000177955.9","OTTHUMT00000439932.3","ACTG1-204","ACTG1",2005,"nonsense_mediated_decay",1297,136,0.965662777,"GGACT",0.735294118,NA,NA,NA,NA,NA,NA,NA,NA,NA,0,0,0,NA,NA,NA
"3230","ENST00000572355.5","ENSG00000103145.11","OTTHUMG00000177450.1","OTTHUMT00000436973.1","HCFC1R1-203","HCFC1R1",610,"protein_coding",386,104,0.90384376,"GGACA",0.480769231,NA,NA,NA,NA,NA,NA,NA,NA,NA,0,0,0,NA,NA,NA
"3231","ENST00000572447.6","ENSG00000129195.16","OTTHUMG00000177832.6","OTTHUMT00000439158.3","PIMREG-205","PIMREG",1908,"protein_coding",972,32,0.900141001,"TGACT",0.71875,NA,NA,NA,NA,NA,NA,NA,NA,NA,0,0,0,NA,NA,NA
"3232","ENST00000572447.6","ENSG00000129195.16","OTTHUMG00000177832.6","OTTHUMT00000439158.3","PIMREG-205","PIMREG",1908,"protein_coding",1049,33,0.953478158,"GGACT",0.757575758,NA,NA,NA,NA,NA,NA,NA,NA,NA,0,0,0,NA,NA,NA
"3233","ENST00000572595.6","ENSG00000129195.16","OTTHUMG00000177832.6","OTTHUMT00000439151.2","PIMREG-206","PIMREG",1551,"protein_coding",1106,29,0.954452515,"GGACT",0.75862069,NA,NA,NA,NA,NA,NA,NA,NA,NA,0,0,0,NA,NA,NA
"3234","ENST00000572887.5","ENSG00000102967.12","OTTHUMG00000178093.7","OTTHUMT00000440470.3","DHODH-205","DHODH",4824,"protein_coding",1441,63,0.948629916,"GGACT",0.555555556,NA,NA,NA,NA,NA,NA,NA,NA,NA,0,0,0,NA,NA,NA
"3235","ENST00000573283.7","ENSG00000184009.13","OTTHUMG00000177955.9","OTTHUMT00000495511.2","ACTG1-205","ACTG1",1919,"protein_coding",532,154,0.999592304,"GGACT",0.915584416,NA,NA,NA,NA,NA,NA,NA,NA,NA,0,0,0,NA,NA,NA
"3236","ENST00000573283.7","ENSG00000184009.13","OTTHUMG00000177955.9","OTTHUMT00000495511.2","ACTG1-205","ACTG1",1919,"protein_coding",1204,315,0.959543824,"GGACT",0.698412698,NA,NA,NA,NA,NA,NA,NA,NA,NA,0,0,0,NA,NA,NA
"3237","ENST00000573314.5","ENSG00000138614.16","OTTHUMG00000133159.12","OTTHUMT00000256861.3","INTS14-217","INTS14",2615,"nonsense_mediated_decay",2430,54,0.953648567,"GAACT",0.518518519,NA,NA,NA,NA,NA,NA,NA,NA,NA,0,0,0,NA,NA,NA
"3238","ENST00000573600.5","ENSG00000175826.12","OTTHUMG00000102180.7","OTTHUMT00000440215.1","CTDNEP1-208","CTDNEP1",1724,"protein_coding",696,65,0.93811363,"TGACT",0.723076923,NA,NA,NA,NA,NA,NA,NA,NA,NA,0,0,0,NA,NA,NA
"3239","ENST00000573600.5","ENSG00000175826.12","OTTHUMG00000102180.7","OTTHUMT00000440215.1","CTDNEP1-208","CTDNEP1",1724,"protein_coding",1246,190,0.900660038,"GGACT",0.510526316,NA,NA,NA,NA,NA,NA,NA,NA,NA,0,0,0,NA,NA,NA
"3240","ENST00000573600.5","ENSG00000175826.12","OTTHUMG00000102180.7","OTTHUMT00000440215.1","CTDNEP1-208","CTDNEP1",1724,"protein_coding",1321,182,0.969681859,"GGACA",0.697802198,NA,NA,NA,NA,NA,NA,NA,NA,NA,0,0,0,NA,NA,NA
"3241","ENST00000573635.1","ENSG00000103226.19","OTTHUMG00000177317.23","OTTHUMT00000436259.1","NOMO3-210","NOMO3",1898,"retained_intron",1593,86,0.965377569,"GGACC",0.709302326,NA,NA,NA,NA,NA,NA,NA,NA,NA,0,0,0,NA,NA,NA
"3242","ENST00000573784.6","ENSG00000172270.22","OTTHUMG00000177718.19","OTTHUMT00000438636.3","BSG-208","BSG",1587,"protein_coding",1331,451,0.921506822,"GGACT",0.527716186,NA,NA,NA,NA,NA,NA,NA,NA,NA,0,0,0,NA,NA,NA
"3243","ENST00000574049.1","ENSG00000132383.12","OTTHUMG00000090579.4","OTTHUMT00000437468.1","RPA1-207","RPA1",3849,"protein_coding",1058,24,0.972306132,"GGACT",0.833333333,NA,NA,NA,NA,NA,NA,NA,NA,NA,0,0,0,NA,NA,NA
"3244","ENST00000574110.5","ENSG00000105176.18","OTTHUMG00000177923.6","OTTHUMT00000439757.1","URI1-206","URI1",2495,"nonsense_mediated_decay",253,32,0.917440653,"GGACT",0.5625,NA,NA,NA,NA,NA,NA,NA,NA,NA,0,0,0,NA,NA,NA
"3245","ENST00000574121.1","ENSG00000105173.14","OTTHUMG00000177626.4","OTTHUMT00000438142.1","CCNE1-204","CCNE1",1295,"retained_intron",816,20,0.974187136,"AGACA",0.55,NA,NA,NA,NA,NA,NA,NA,NA,NA,0,0,0,NA,NA,NA
"3246","ENST00000574121.1","ENSG00000105173.14","OTTHUMG00000177626.4","OTTHUMT00000438142.1","CCNE1-204","CCNE1",1295,"retained_intron",1071,31,0.975701809,"GGACT",0.677419355,NA,NA,NA,NA,NA,NA,NA,NA,NA,0,0,0,NA,NA,NA
"3247","ENST00000574151.5","ENSG00000103145.11","OTTHUMG00000177450.1","OTTHUMT00000436970.1","HCFC1R1-206","HCFC1R1",618,"protein_coding",390,95,0.91353333,"GGACA",0.515789474,NA,NA,NA,NA,NA,NA,NA,NA,NA,0,0,0,NA,NA,NA
"3248","ENST00000574190.5","ENSG00000225663.8","OTTHUMG00000177915.2","OTTHUMT00000439686.1","MCRIP1-207","MCRIP1",2775,"protein_coding",2409,40,0.92351234,"GGACA",0.475,NA,NA,NA,NA,NA,NA,NA,NA,NA,0,0,0,NA,NA,NA
"3249","ENST00000574205.5","ENSG00000175826.12","OTTHUMG00000102180.7","OTTHUMT00000440218.2","CTDNEP1-209","CTDNEP1",1506,"nonsense_mediated_decay",660,35,0.971449614,"TGACT",0.742857143,NA,NA,NA,NA,NA,NA,NA,NA,NA,0,0,0,NA,NA,NA
"3250","ENST00000574205.5","ENSG00000175826.12","OTTHUMG00000102180.7","OTTHUMT00000440218.2","CTDNEP1-209","CTDNEP1",1506,"nonsense_mediated_decay",1260,60,0.921719134,"GGACT",0.616666667,NA,NA,NA,NA,NA,NA,NA,NA,NA,0,0,0,NA,NA,NA
"3251","ENST00000574322.6","ENSG00000175826.12","OTTHUMG00000102180.7","OTTHUMT00000220030.5","CTDNEP1-210","CTDNEP1",1767,"protein_coding",712,65,0.939786911,"TGACT",0.723076923,NA,NA,NA,NA,NA,NA,NA,NA,NA,0,0,0,NA,NA,NA
"3252","ENST00000574322.6","ENSG00000175826.12","OTTHUMG00000102180.7","OTTHUMT00000220030.5","CTDNEP1-210","CTDNEP1",1767,"protein_coding",1337,182,0.969111264,"GGACA",0.703296703,NA,NA,NA,NA,NA,NA,NA,NA,NA,0,0,0,NA,NA,NA
"3253","ENST00000574322.6","ENSG00000175826.12","OTTHUMG00000102180.7","OTTHUMT00000220030.5","CTDNEP1-210","CTDNEP1",1767,"protein_coding",1462,200,0.90373075,"GGACT",0.53,NA,NA,NA,NA,NA,NA,NA,NA,NA,0,0,0,NA,NA,NA
"3254","ENST00000574428.6","ENSG00000123472.13","OTTHUMG00000007988.4","OTTHUMT00000476200.1","ATPAF1-211","ATPAF1",4068,"protein_coding",695,21,0.940728009,"GAACT",0.476190476,NA,NA,NA,NA,NA,NA,NA,NA,NA,0,0,0,NA,NA,NA
"3255","ENST00000574428.6","ENSG00000123472.13","OTTHUMG00000007988.4","OTTHUMT00000476200.1","ATPAF1-211","ATPAF1",4068,"protein_coding",995,30,0.953463137,"GAACT",0.633333333,NA,NA,NA,NA,NA,NA,NA,NA,NA,0,0,0,NA,NA,NA
"3256","ENST00000574671.6","ENSG00000184009.13","OTTHUMG00000177955.9","OTTHUMT00000439925.1","ACTG1-206","ACTG1",2241,"retained_intron",1532,197,0.938054681,"GGACT",0.654822335,NA,NA,NA,NA,NA,NA,NA,NA,NA,0,0,0,NA,NA,NA
"3257","ENST00000574980.5","ENSG00000103145.11","OTTHUMG00000177450.1","OTTHUMT00000436976.1","HCFC1R1-207","HCFC1R1",845,"protein_coding",668,49,0.902036846,"GGACA",0.489795918,NA,NA,NA,NA,NA,NA,NA,NA,NA,0,0,0,NA,NA,NA
"3258","ENST00000575087.5","ENSG00000184009.13","OTTHUMG00000177955.9","OTTHUMT00000439928.2","ACTG1-207","ACTG1",2001,"protein_coding",651,28,0.999307692,"GGACT",0.857142857,NA,NA,NA,NA,NA,NA,NA,NA,NA,0,0,0,NA,NA,NA
"3259","ENST00000575087.5","ENSG00000184009.13","OTTHUMG00000177955.9","OTTHUMT00000439928.2","ACTG1-207","ACTG1",2001,"protein_coding",1323,36,0.964988291,"GGACT",0.722222222,NA,NA,NA,NA,NA,NA,NA,NA,NA,0,0,0,NA,NA,NA
"3260","ENST00000575158.5","ENSG00000197879.17","OTTHUMG00000090323.17","OTTHUMT00000438694.2","MYO1C-214","MYO1C",4804,"protein_coding",3337,20,0.956410289,"AGACT",0.75,NA,NA,NA,NA,NA,NA,NA,NA,NA,0,0,0,NA,NA,NA
"3261","ENST00000575158.5","ENSG00000197879.17","OTTHUMG00000090323.17","OTTHUMT00000438694.2","MYO1C-214","MYO1C",4804,"protein_coding",3623,24,0.912385106,"GGACA",0.458333333,NA,NA,NA,NA,NA,NA,NA,NA,NA,0,0,0,NA,NA,NA
"3262","ENST00000575667.6","ENSG00000108963.19","OTTHUMG00000177724.8","OTTHUMT00000438661.2","DPH1-213","DPH1",2518,"nonsense_mediated_decay",1569,30,0.915785968,"GGACA",0.533333333,NA,NA,NA,NA,NA,NA,NA,NA,NA,0,0,0,NA,NA,NA
"3263","ENST00000575842.5","ENSG00000184009.13","OTTHUMG00000177955.9","OTTHUMT00000439935.2","ACTG1-209","ACTG1",2256,"protein_coding",887,66,0.999412835,"GGACT",0.878787879,NA,NA,NA,NA,NA,NA,NA,NA,NA,0,0,0,NA,NA,NA
"3264","ENST00000575842.5","ENSG00000184009.13","OTTHUMG00000177955.9","OTTHUMT00000439935.2","ACTG1-209","ACTG1",2256,"protein_coding",1559,103,0.960184455,"GGACT",0.708737864,NA,NA,NA,NA,NA,NA,NA,NA,NA,0,0,0,NA,NA,NA
"3265","ENST00000575963.1","ENSG00000204237.5","OTTHUMG00000178063.3","OTTHUMT00000440381.1","OXLD1-206","OXLD1",1600,"retained_intron",1304,27,0.911664188,"GGACA",0.333333333,NA,NA,NA,NA,NA,NA,NA,NA,NA,0,0,0,NA,NA,NA
"3266","ENST00000576209.5","ENSG00000184009.13","OTTHUMG00000177955.9","OTTHUMT00000439926.1","ACTG1-211","ACTG1",1698,"retained_intron",1017,26,0.908282936,"GGACT",0.615384615,NA,NA,NA,NA,NA,NA,NA,NA,NA,0,0,0,NA,NA,NA
"3267","ENST00000576370.5","ENSG00000166260.13","OTTHUMG00000177838.2","OTTHUMT00000439175.1","COX11-209","COX11",2663,"nonsense_mediated_decay",1241,30,0.949932992,"GAACT",0.5,NA,NA,NA,NA,NA,NA,NA,NA,NA,0,0,0,NA,NA,NA
"3268","ENST00000576409.5","ENSG00000123472.13","OTTHUMG00000007988.4","OTTHUMT00000021920.2","ATPAF1-212","ATPAF1",4158,"protein_coding",785,21,0.938628197,"GAACT",0.476190476,NA,NA,NA,NA,NA,NA,NA,NA,NA,0,0,0,NA,NA,NA
"3269","ENST00000576409.5","ENSG00000123472.13","OTTHUMG00000007988.4","OTTHUMT00000021920.2","ATPAF1-212","ATPAF1",4158,"protein_coding",1085,30,0.954373956,"GAACT",0.633333333,NA,NA,NA,NA,NA,NA,NA,NA,NA,0,0,0,NA,NA,NA
"3270","ENST00000576778.1","ENSG00000179409.11","OTTHUMG00000177495.5","OTTHUMT00000437182.1","GEMIN4-207","GEMIN4",4729,"protein_coding",4348,22,0.944138944,"AGACT",0.727272727,NA,NA,NA,NA,NA,NA,NA,NA,NA,0,0,0,NA,NA,NA
"3271","ENST00000576778.1","ENSG00000179409.11","OTTHUMG00000177495.5","OTTHUMT00000437182.1","GEMIN4-207","GEMIN4",4729,"protein_coding",4614,42,0.938729882,"GGACT",0.833333333,NA,NA,NA,NA,NA,NA,NA,NA,NA,0,0,0,NA,NA,NA
"3272","ENST00000576892.8","ENSG00000262919.8","OTTHUMG00000024206.8","OTTHUMT00000060992.5","CCNQ-204","CCNQ",1253,"protein_coding",920,129,0.90775001,"GGACT",0.565891473,NA,NA,NA,NA,NA,NA,NA,NA,NA,0,0,0,NA,NA,NA
"3273","ENST00000576892.8","ENSG00000262919.8","OTTHUMG00000024206.8","OTTHUMT00000060992.5","CCNQ-204","CCNQ",1253,"protein_coding",1152,143,0.922341287,"AGACT",0.594405594,NA,NA,NA,NA,NA,NA,NA,NA,NA,0,0,0,NA,NA,NA
"3274","ENST00000576917.5","ENSG00000184009.13","OTTHUMG00000177955.9","OTTHUMT00000439924.1","ACTG1-214","ACTG1",1958,"retained_intron",513,30,0.999685287,"GGACT",0.833333333,NA,NA,NA,NA,NA,NA,NA,NA,NA,0,0,0,NA,NA,NA
"3275","ENST00000576917.5","ENSG00000184009.13","OTTHUMG00000177955.9","OTTHUMT00000439924.1","ACTG1-214","ACTG1",1958,"retained_intron",1264,42,0.953812718,"GGACT",0.714285714,NA,NA,NA,NA,NA,NA,NA,NA,NA,0,0,0,NA,NA,NA
"3276","ENST00000576955.5","ENSG00000040633.13","OTTHUMG00000177972.6","OTTHUMT00000440049.1","PHF23-212","PHF23",1944,"protein_coding",1377,25,0.986616313,"GAACT",0.56,NA,NA,NA,NA,NA,NA,NA,NA,NA,0,0,0,NA,NA,NA
"3277","ENST00000576955.5","ENSG00000040633.13","OTTHUMG00000177972.6","OTTHUMT00000440049.1","PHF23-212","PHF23",1944,"protein_coding",1540,52,0.93948245,"GGACT",0.692307692,NA,NA,NA,NA,NA,NA,NA,NA,NA,0,0,0,NA,NA,NA
"3278","ENST00000576984.3","ENSG00000172270.22","OTTHUMG00000177718.19","OTTHUMT00000438638.4","BSG-211","BSG",1666,"protein_coding",1411,422,0.93697691,"GGACT",0.545023697,NA,NA,NA,NA,NA,NA,NA,NA,NA,0,0,0,NA,NA,NA
"3279","ENST00000577035.5","ENSG00000170296.10","OTTHUMG00000102156.4","OTTHUMT00000440079.1","GABARAP-206","GABARAP",762,"protein_coding",750,23,0.966888666,"GAACT",0.608695652,NA,NA,NA,NA,NA,NA,NA,NA,NA,0,0,0,NA,NA,NA
"3280","ENST00000577335.2","ENSG00000133028.12","OTTHUMG00000130364.9","OTTHUMT00000440329.2","SCO1-202","SCO1",3108,"nonsense_mediated_decay",1221,56,0.97035718,"GAACT",0.75,NA,NA,NA,NA,NA,NA,NA,NA,NA,0,0,0,NA,NA,NA
"3281","ENST00000577335.2","ENSG00000133028.12","OTTHUMG00000130364.9","OTTHUMT00000440329.2","SCO1-202","SCO1",3108,"nonsense_mediated_decay",1424,60,0.984461427,"GGACT",0.883333333,NA,NA,NA,NA,NA,NA,NA,NA,NA,0,0,0,NA,NA,NA
"3282","ENST00000577419.5","ENSG00000178307.10","OTTHUMG00000178971.3","OTTHUMT00000444148.1","TMEM11-202","TMEM11",1246,"protein_coding_CDS_not_defined",726,57,0.964276731,"AAACT",0.789473684,NA,NA,NA,NA,NA,NA,NA,NA,NA,0,0,0,NA,NA,NA
"3283","ENST00000577419.5","ENSG00000178307.10","OTTHUMG00000178971.3","OTTHUMT00000444148.1","TMEM11-202","TMEM11",1246,"protein_coding_CDS_not_defined",807,68,0.929809928,"AGACT",0.588235294,NA,NA,NA,NA,NA,NA,NA,NA,NA,0,0,0,NA,NA,NA
"3284","ENST00000577427.1","ENSG00000133028.12","OTTHUMG00000130364.9","OTTHUMT00000252730.2","SCO1-203","SCO1",1601,"protein_coding",1018,54,0.968960702,"GAACT",0.740740741,NA,NA,NA,NA,NA,NA,NA,NA,NA,0,0,0,NA,NA,NA
"3285","ENST00000577427.1","ENSG00000133028.12","OTTHUMG00000130364.9","OTTHUMT00000252730.2","SCO1-203","SCO1",1601,"protein_coding",1221,57,0.983691871,"GGACT",0.877192982,NA,NA,NA,NA,NA,NA,NA,NA,NA,0,0,0,NA,NA,NA
"3286","ENST00000577620.6","ENSG00000087111.22","OTTHUMG00000132604.7","OTTHUMT00000446011.1","PIGS-209","PIGS",3094,"retained_intron",2564,20,0.968396306,"GGACT",0.7,NA,NA,NA,NA,NA,NA,NA,NA,NA,0,0,0,NA,NA,NA
"3287","ENST00000577886.5","ENSG00000221926.13","OTTHUMG00000059067.8","OTTHUMT00000448131.1","TRIM16-211","TRIM16",1979,"protein_coding",1177,70,0.928978741,"TGACT",0.742857143,NA,NA,NA,NA,NA,NA,NA,NA,NA,0,0,0,NA,NA,NA
"3288","ENST00000577886.5","ENSG00000221926.13","OTTHUMG00000059067.8","OTTHUMT00000448131.1","TRIM16-211","TRIM16",1979,"protein_coding",1312,36,0.935706198,"GGACT",0.583333333,NA,NA,NA,NA,NA,NA,NA,NA,NA,0,0,0,NA,NA,NA
"3289","ENST00000578237.5","ENSG00000221926.13","OTTHUMG00000059067.8","OTTHUMT00000130700.2","TRIM16-212","TRIM16",3206,"protein_coding",2404,69,0.932479143,"TGACT",0.768115942,NA,NA,NA,NA,NA,NA,NA,NA,NA,0,0,0,NA,NA,NA
"3290","ENST00000578237.5","ENSG00000221926.13","OTTHUMG00000059067.8","OTTHUMT00000130700.2","TRIM16-212","TRIM16",3206,"protein_coding",2539,36,0.925958395,"GGACT",0.611111111,NA,NA,NA,NA,NA,NA,NA,NA,NA,0,0,0,NA,NA,NA
"3291","ENST00000578501.5","ENSG00000141551.15","OTTHUMG00000178601.2","OTTHUMT00000442637.1","CSNK1D-208","CSNK1D",1124,"retained_intron",954,20,0.901576877,"GAACT",0.5,NA,NA,NA,NA,NA,NA,NA,NA,NA,0,0,0,NA,NA,NA
"3292","ENST00000578846.5","ENSG00000169718.18","OTTHUMG00000178525.4","OTTHUMT00000442349.1","DUS1L-210","DUS1L",4456,"retained_intron",4245,28,0.930665731,"GGACT",0.428571429,NA,NA,NA,NA,NA,NA,NA,NA,NA,0,0,0,NA,NA,NA
"3293","ENST00000579387.5","ENSG00000140829.12","OTTHUMG00000137596.7","OTTHUMT00000423176.2","DHX38-214","DHX38",2258,"nonsense_mediated_decay",1948,26,0.947383344,"GGACT",0.653846154,NA,NA,NA,NA,NA,NA,NA,NA,NA,0,0,0,NA,NA,NA
"3294","ENST00000579520.5","ENSG00000169689.15","OTTHUMG00000132129.3","OTTHUMT00000441992.1","CENPX-204","CENPX",702,"protein_coding",364,144,0.9478333,"GGACT",0.652777778,NA,NA,NA,NA,NA,NA,NA,NA,NA,0,0,0,NA,NA,NA
"3295","ENST00000579520.5","ENSG00000169689.15","OTTHUMG00000132129.3","OTTHUMT00000441992.1","CENPX-204","CENPX",702,"protein_coding",456,125,0.911843181,"GGACA",0.504,NA,NA,NA,NA,NA,NA,NA,NA,NA,0,0,0,NA,NA,NA
"3296","ENST00000579624.1","ENSG00000133313.15","OTTHUMG00000132853.6","OTTHUMT00000444345.1","CNDP2-208","CNDP2",1176,"protein_coding",792,57,0.953341901,"GGACA",0.754385965,NA,NA,NA,NA,NA,NA,NA,NA,NA,0,0,0,NA,NA,NA
"3297","ENST00000579847.5","ENSG00000133313.15","OTTHUMG00000132853.6","OTTHUMT00000444323.1","CNDP2-209","CNDP2",2653,"protein_coding",2242,65,0.95132947,"GGACA",0.738461538,NA,NA,NA,NA,NA,NA,NA,NA,NA,0,0,0,NA,NA,NA
"3298","ENST00000579854.5","ENSG00000169718.18","OTTHUMG00000178525.4","OTTHUMT00000442352.1","DUS1L-212","DUS1L",657,"retained_intron",471,64,0.924450874,"GGACT",0.453125,NA,NA,NA,NA,NA,NA,NA,NA,NA,0,0,0,NA,NA,NA
"3299","ENST00000580435.5","ENSG00000169689.15","OTTHUMG00000132129.3","OTTHUMT00000441994.1","CENPX-206","CENPX",710,"protein_coding",373,148,0.945570946,"GGACT",0.648648649,NA,NA,NA,NA,NA,NA,NA,NA,NA,0,0,0,NA,NA,NA
"3300","ENST00000580601.5","ENSG00000161526.15","OTTHUMG00000179798.3","OTTHUMT00000448245.1","SAP30BP-214","SAP30BP",2786,"retained_intron",2552,42,0.912265003,"GGACT",0.523809524,NA,NA,NA,NA,NA,NA,NA,NA,NA,0,0,0,NA,NA,NA
"3301","ENST00000580611.5","ENSG00000131748.16","OTTHUMG00000133213.13","OTTHUMT00000444971.1","STARD3-219","STARD3",1989,"protein_coding",1561,20,0.918439448,"TGACT",0.55,NA,NA,NA,NA,NA,NA,NA,NA,NA,0,0,0,NA,NA,NA
"3302","ENST00000580611.5","ENSG00000131748.16","OTTHUMG00000133213.13","OTTHUMT00000444971.1","STARD3-219","STARD3",1989,"protein_coding",1590,20,0.989074945,"GGACT",0.9,NA,NA,NA,NA,NA,NA,NA,NA,NA,0,0,0,NA,NA,NA
"3303","ENST00000581120.1","ENSG00000136463.9","OTTHUMG00000178904.2","OTTHUMT00000443863.1","TACO1-202","TACO1",2304,"retained_intron",2202,30,0.929976046,"AGACT",0.633333333,NA,NA,NA,NA,NA,NA,NA,NA,NA,0,0,0,NA,NA,NA
"3304","ENST00000581166.5","ENSG00000213246.7","OTTHUMG00000178926.5","OTTHUMT00000443999.3","SUPT4H1-205","SUPT4H1",1401,"protein_coding_CDS_not_defined",494,213,0.902588308,"GGACT",0.539906103,NA,NA,NA,NA,NA,NA,NA,NA,NA,0,0,0,NA,NA,NA
"3305","ENST00000581777.2","ENSG00000125457.15","OTTHUMG00000179485.4","-","MIF4GD-213","MIF4GD",1400,"protein_coding",1289,25,0.905695021,"GGACA",0.48,NA,NA,NA,NA,NA,NA,NA,NA,NA,0,0,0,NA,NA,NA
"3306","ENST00000581882.5","ENSG00000087191.14","OTTHUMG00000179013.4","OTTHUMT00000444417.1","PSMC5-212","PSMC5",1474,"protein_coding",1461,303,0.901316047,"GGACA",0.518151815,NA,NA,NA,NA,NA,NA,NA,NA,NA,0,0,0,NA,NA,NA
"3307","ENST00000582022.5","ENSG00000161526.15","OTTHUMG00000179798.3","OTTHUMT00000448241.2","SAP30BP-217","SAP30BP",2409,"nonsense_mediated_decay",887,75,0.912391424,"GGACT",0.52,NA,NA,NA,NA,NA,NA,NA,NA,NA,0,0,0,NA,NA,NA
"3308","ENST00000582022.5","ENSG00000161526.15","OTTHUMG00000179798.3","OTTHUMT00000448241.2","SAP30BP-217","SAP30BP",2409,"nonsense_mediated_decay",953,50,0.989861429,"GGACT",0.9,NA,NA,NA,NA,NA,NA,NA,NA,NA,0,0,0,NA,NA,NA
"3309","ENST00000582900.5","ENSG00000169738.8","OTTHUMG00000178483.5","OTTHUMT00000442158.3","DCXR-218","DCXR",676,"protein_coding",672,25,0.994182229,"TGACC",0.76,NA,NA,NA,NA,NA,NA,NA,NA,NA,0,0,0,NA,NA,NA
"3310","ENST00000584432.5","ENSG00000178307.10","OTTHUMG00000178971.3","OTTHUMT00000444147.1","TMEM11-205","TMEM11",1648,"protein_coding_CDS_not_defined",1124,57,0.964281738,"AAACT",0.789473684,NA,NA,NA,NA,NA,NA,NA,NA,NA,0,0,0,NA,NA,NA
"3311","ENST00000584432.5","ENSG00000178307.10","OTTHUMG00000178971.3","OTTHUMT00000444147.1","TMEM11-205","TMEM11",1648,"protein_coding_CDS_not_defined",1205,68,0.930715203,"AGACT",0.588235294,NA,NA,NA,NA,NA,NA,NA,NA,NA,0,0,0,NA,NA,NA
"3312","ENST00000584514.5","ENSG00000169689.15","OTTHUMG00000132129.3","OTTHUMT00000441995.1","CENPX-209","CENPX",882,"protein_coding_CDS_not_defined",558,147,0.94114238,"GGACT",0.639455782,NA,NA,NA,NA,NA,NA,NA,NA,NA,0,0,0,NA,NA,NA
"3313","ENST00000584514.5","ENSG00000169689.15","OTTHUMG00000132129.3","OTTHUMT00000441995.1","CENPX-209","CENPX",882,"protein_coding_CDS_not_defined",650,126,0.915617704,"GGACA",0.515873016,NA,NA,NA,NA,NA,NA,NA,NA,NA,0,0,0,NA,NA,NA
"3314","ENST00000584581.5","ENSG00000133313.15","OTTHUMG00000132853.6","OTTHUMT00000444343.1","CNDP2-226","CNDP2",4523,"retained_intron",4122,61,0.953634262,"GGACA",0.737704918,NA,NA,NA,NA,NA,NA,NA,NA,NA,0,0,0,NA,NA,NA
"3315","ENST00000584600.5","ENSG00000169689.15","OTTHUMG00000132129.3","OTTHUMT00000441993.1","CENPX-210","CENPX",730,"protein_coding",393,145,0.944525898,"GGACT",0.655172414,NA,NA,NA,NA,NA,NA,NA,NA,NA,0,0,0,NA,NA,NA
"3316","ENST00000584600.5","ENSG00000169689.15","OTTHUMG00000132129.3","OTTHUMT00000441993.1","CENPX-210","CENPX",730,"protein_coding",485,125,0.90489918,"GGACA",0.496,NA,NA,NA,NA,NA,NA,NA,NA,NA,0,0,0,NA,NA,NA
"3317","ENST00000584667.6","ENSG00000161526.15","OTTHUMG00000179798.3","OTTHUMT00000448227.2","SAP30BP-225","SAP30BP",2500,"protein_coding",981,80,0.906354189,"GGACT",0.5,NA,NA,NA,NA,NA,NA,NA,NA,NA,0,0,0,NA,NA,NA
"3318","ENST00000584667.6","ENSG00000161526.15","OTTHUMG00000179798.3","OTTHUMT00000448227.2","SAP30BP-225","SAP30BP",2500,"protein_coding",1047,73,0.987449288,"GGACT",0.863013699,NA,NA,NA,NA,NA,NA,NA,NA,NA,0,0,0,NA,NA,NA
"3319","ENST00000585089.5","ENSG00000109083.14","OTTHUMG00000179412.5","OTTHUMT00000446152.1","IFT20-214","IFT20",1071,"protein_coding",748,20,0.937143683,"GAACT",0.75,NA,NA,NA,NA,NA,NA,NA,NA,NA,0,0,0,NA,NA,NA
"3320","ENST00000585318.6","ENSG00000130159.15","OTTHUMG00000178590.6","OTTHUMT00000442604.2","ECSIT-204","ECSIT",1510,"protein_coding",1317,76,0.984818459,"GGACT",0.907894737,NA,NA,NA,NA,NA,NA,NA,NA,NA,0,0,0,NA,NA,NA
"3321","ENST00000585485.2","ENSG00000071626.17","OTTHUMG00000180058.9","OTTHUMT00000449529.1","DAZAP1-203","DAZAP1",3943,"retained_intron",3328,83,0.918561637,"GGACT",0.734939759,NA,NA,NA,NA,NA,NA,NA,NA,NA,0,0,0,NA,NA,NA
"3322","ENST00000585603.6","ENSG00000105171.10","OTTHUMG00000182020.4","OTTHUMT00000458710.2","POP4-202","POP4",2556,"protein_coding",744,283,0.949486375,"GGACA",0.572438163,NA,NA,NA,NA,NA,NA,NA,NA,NA,0,0,0,NA,NA,NA
"3323","ENST00000585603.6","ENSG00000105171.10","OTTHUMG00000182020.4","OTTHUMT00000458710.2","POP4-202","POP4",2556,"protein_coding",1082,102,0.957490742,"GGACA",0.568627451,NA,NA,NA,NA,NA,NA,NA,NA,NA,0,0,0,NA,NA,NA
"3324","ENST00000585605.1","ENSG00000174917.9","OTTHUMG00000180503.2","OTTHUMT00000451654.1","MICOS13-202","MICOS13",586,"protein_coding_CDS_not_defined",573,23,0.934625089,"GGACT",0.652173913,NA,NA,NA,NA,NA,NA,NA,NA,NA,0,0,0,NA,NA,NA
"3325","ENST00000585716.3","ENSG00000228300.14","OTTHUMG00000153928.8","OTTHUMT00000450061.3","FAM174C-204","FAM174C",558,"protein_coding_CDS_not_defined",401,120,0.958056033,"TGACT",0.683333333,NA,NA,NA,NA,NA,NA,NA,NA,NA,0,0,0,NA,NA,NA
"3326","ENST00000585749.5","ENSG00000132581.10","OTTHUMG00000132681.6","OTTHUMT00000255968.1","SDF2-203","SDF2",823,"protein_coding_CDS_not_defined",644,30,0.953401208,"GGACT",0.733333333,NA,NA,NA,NA,NA,NA,NA,NA,NA,0,0,0,NA,NA,NA
"3327","ENST00000585749.5","ENSG00000132581.10","OTTHUMG00000132681.6","OTTHUMT00000255968.1","SDF2-203","SDF2",823,"protein_coding_CDS_not_defined",753,31,0.93621248,"GGACT",0.741935484,NA,NA,NA,NA,NA,NA,NA,NA,NA,0,0,0,NA,NA,NA
"3328","ENST00000585809.6","ENSG00000065268.11","OTTHUMG00000181903.9","OTTHUMT00000458225.3","WDR18-202","WDR18",1521,"protein_coding",1403,237,0.943761587,"GGACT",0.687763713,NA,NA,NA,NA,NA,NA,NA,NA,NA,0,0,0,NA,NA,NA
"3329","ENST00000585933.2","ENSG00000153879.9","OTTHUMG00000180469.5","OTTHUMT00000451428.2","CEBPG-202","CEBPG",3845,"protein_coding",844,191,0.988682508,"GGACA",0.670157068,NA,NA,NA,NA,NA,NA,NA,NA,NA,0,0,0,NA,NA,NA
"3330","ENST00000585933.2","ENSG00000153879.9","OTTHUMG00000180469.5","OTTHUMT00000451428.2","CEBPG-202","CEBPG",3845,"protein_coding",950,203,0.939833581,"TGACT",0.571428571,NA,NA,NA,NA,NA,NA,NA,NA,NA,0,0,0,NA,NA,NA
"3331","ENST00000586040.5","ENSG00000175387.16","OTTHUMG00000132652.5","OTTHUMT00000450572.1","SMAD2-205","SMAD2",1971,"protein_coding",1397,57,0.900148034,"AGACT",0.684210526,NA,NA,NA,NA,NA,NA,NA,NA,NA,0,0,0,NA,NA,NA
"3332","ENST00000586040.5","ENSG00000175387.16","OTTHUMG00000132652.5","OTTHUMT00000450572.1","SMAD2-205","SMAD2",1971,"protein_coding",1446,53,0.95572722,"GGACT",0.773584906,NA,NA,NA,NA,NA,NA,NA,NA,NA,0,0,0,NA,NA,NA
"3333","ENST00000586171.3","ENSG00000160877.7","OTTHUMG00000180748.5","OTTHUMT00000452878.4","NACC1-203","NACC1",4524,"protein_coding",4284,80,0.913697124,"AGACT",0.5125,NA,NA,NA,NA,NA,NA,NA,NA,NA,0,0,0,NA,NA,NA
"3334","ENST00000586276.5","ENSG00000108883.13","OTTHUMG00000179865.4","OTTHUMT00000448674.1","EFTUD2-205","EFTUD2",3678,"retained_intron",3222,114,0.964791298,"GGACT",0.736842105,NA,NA,NA,NA,NA,NA,NA,NA,NA,0,0,0,NA,NA,NA
"3335","ENST00000586283.6","ENSG00000099804.9","OTTHUMG00000180558.11","OTTHUMT00000474894.3","CDC34-202","CDC34",1147,"protein_coding",650,47,0.910986841,"GGACC",0.425531915,0,707,440,1,0,1,439,440,1146,0,0,1,NA,NA,0.297029702970297
"3336","ENST00000586283.6","ENSG00000099804.9","OTTHUMG00000180558.11","OTTHUMT00000474894.3","CDC34-202","CDC34",1147,"protein_coding",910,77,0.929998755,"GGACT",0.688311688,0,707,440,1,0,1,439,440,1146,0,0,1,NA,NA,0.664780763790665
"3337","ENST00000586544.1","ENSG00000129351.18","OTTHUMG00000180587.2","OTTHUMT00000452084.1","ILF3-204","ILF3",3859,"protein_coding_CDS_not_defined",963,54,0.967590332,"GGACT",0.759259259,NA,NA,NA,NA,NA,NA,NA,NA,NA,0,0,0,NA,NA,NA
"3338","ENST00000586544.1","ENSG00000129351.18","OTTHUMG00000180587.2","OTTHUMT00000452084.1","ILF3-204","ILF3",3859,"protein_coding_CDS_not_defined",3648,27,0.968006968,"GGACT",0.703703704,NA,NA,NA,NA,NA,NA,NA,NA,NA,0,0,0,NA,NA,NA
"3339","ENST00000586544.1","ENSG00000129351.18","OTTHUMG00000180587.2","OTTHUMT00000452084.1","ILF3-204","ILF3",3859,"protein_coding_CDS_not_defined",3762,25,0.938010514,"AGACT",0.52,NA,NA,NA,NA,NA,NA,NA,NA,NA,0,0,0,NA,NA,NA
"3340","ENST00000586738.5","ENSG00000181038.14","OTTHUMG00000180371.3","OTTHUMT00000450996.1","METTL23-203","METTL23",1059,"protein_coding",903,22,0.979377925,"GGACA",0.727272727,NA,NA,NA,NA,NA,NA,NA,NA,NA,0,0,0,NA,NA,NA
"3341","ENST00000586942.7","ENSG00000163597.17","OTTHUMG00000132201.6","OTTHUMT00000450646.2","SNHG16-204","SNHG16",993,"lncRNA",755,48,0.963661849,"GGACT",0.8125,NA,NA,NA,NA,NA,NA,NA,NA,NA,0,0,0,NA,NA,NA
"3342","ENST00000587001.6","ENSG00000065268.11","OTTHUMG00000181903.9","OTTHUMT00000458226.3","WDR18-204","WDR18",1465,"protein_coding",1347,166,0.94801861,"GGACT",0.710843373,NA,NA,NA,NA,NA,NA,NA,NA,NA,0,0,0,NA,NA,NA
"3343","ENST00000587079.5","ENSG00000071626.17","OTTHUMG00000180058.9","OTTHUMT00000473520.2","DAZAP1-205","DAZAP1",2086,"protein_coding",1472,95,0.927010894,"GGACT",0.789473684,NA,NA,NA,NA,NA,NA,NA,NA,NA,0,0,0,NA,NA,NA
"3344","ENST00000587252.5","ENSG00000171425.10","OTTHUMG00000180869.5","OTTHUMT00000453430.1","ZNF581-203","ZNF581",1324,"protein_coding",899,45,0.951798856,"GGACT",0.755555556,NA,NA,NA,NA,NA,NA,NA,NA,NA,0,0,0,NA,NA,NA
"3345","ENST00000587252.5","ENSG00000171425.10","OTTHUMG00000180869.5","OTTHUMT00000453430.1","ZNF581-203","ZNF581",1324,"protein_coding",1136,54,0.922719717,"TGACT",0.648148148,NA,NA,NA,NA,NA,NA,NA,NA,NA,0,0,0,NA,NA,NA
"3346","ENST00000587252.5","ENSG00000171425.10","OTTHUMG00000180869.5","OTTHUMT00000453430.1","ZNF581-203","ZNF581",1324,"protein_coding",1291,49,0.973891854,"AGACT",0.693877551,NA,NA,NA,NA,NA,NA,NA,NA,NA,0,0,0,NA,NA,NA
"3347","ENST00000587670.2","ENSG00000136448.13","OTTHUMG00000180003.4","OTTHUMT00000449240.1","NMT1-206","NMT1",4756,"nonsense_mediated_decay",1521,53,0.910966814,"GAACT",0.566037736,NA,NA,NA,NA,NA,NA,NA,NA,NA,0,0,0,NA,NA,NA
"3348","ENST00000587928.5","ENSG00000129351.18","OTTHUMG00000180587.2","OTTHUMT00000452059.1","ILF3-207","ILF3",4230,"retained_intron",3885,62,0.97347486,"GGACT",0.790322581,NA,NA,NA,NA,NA,NA,NA,NA,NA,0,0,0,NA,NA,NA
"3349","ENST00000587950.5","ENSG00000174917.9","OTTHUMG00000180503.2","OTTHUMT00000451655.1","MICOS13-204","MICOS13",655,"protein_coding",643,282,0.932140529,"GGACT",0.659574468,NA,NA,NA,NA,NA,NA,NA,NA,NA,0,0,0,NA,NA,NA
"3350","ENST00000587962.6","ENSG00000104886.12","OTTHUMG00000180425.5","OTTHUMT00000451259.2","PLEKHJ1-206","PLEKHJ1",1311,"protein_coding",798,61,0.985079765,"GGACT",0.852459016,NA,NA,NA,NA,NA,NA,NA,NA,NA,0,0,0,NA,NA,NA
"3351","ENST00000588202.5","ENSG00000257949.7","OTTHUMG00000132686.6","OTTHUMT00000449358.1","TEN1-204","TEN1",862,"protein_coding",481,67,0.927795887,"AGACA",0.71641791,NA,NA,NA,NA,NA,NA,NA,NA,NA,0,0,0,NA,NA,NA
"3352","ENST00000588202.5","ENSG00000257949.7","OTTHUMG00000132686.6","OTTHUMT00000449358.1","TEN1-204","TEN1",862,"protein_coding",823,122,0.904011607,"AGACT",0.508196721,NA,NA,NA,NA,NA,NA,NA,NA,NA,0,0,0,NA,NA,NA
"3353","ENST00000588213.1","ENSG00000123144.11","OTTHUMG00000180347.2","OTTHUMT00000450857.1","TRIR-202","TRIR",841,"protein_coding",670,420,0.942606688,"GGACT",0.638095238,NA,NA,NA,NA,NA,NA,NA,NA,NA,0,0,0,NA,NA,NA
"3354","ENST00000588282.5","ENSG00000108639.8","OTTHUMG00000177457.4","OTTHUMT00000437011.2","SYNGR2-203","SYNGR2",1553,"protein_coding",822,122,0.955698073,"GGACT",0.655737705,NA,NA,NA,NA,NA,NA,NA,NA,NA,0,0,0,NA,NA,NA
"3355","ENST00000588282.5","ENSG00000108639.8","OTTHUMG00000177457.4","OTTHUMT00000437011.2","SYNGR2-203","SYNGR2",1553,"protein_coding",1161,342,0.978829861,"AGACT",0.798245614,NA,NA,NA,NA,NA,NA,NA,NA,NA,0,0,0,NA,NA,NA
"3356","ENST00000588302.5","ENSG00000181038.14","OTTHUMG00000180371.3","OTTHUMT00000451000.1","METTL23-205","METTL23",925,"protein_coding",720,22,0.978421509,"GGACA",0.681818182,NA,NA,NA,NA,NA,NA,NA,NA,NA,0,0,0,NA,NA,NA
"3357","ENST00000588302.5","ENSG00000181038.14","OTTHUMG00000180371.3","OTTHUMT00000451000.1","METTL23-205","METTL23",925,"protein_coding",755,47,0.955060363,"GGACA",0.638297872,NA,NA,NA,NA,NA,NA,NA,NA,NA,0,0,0,NA,NA,NA
"3358","ENST00000588450.1","ENSG00000104886.12","OTTHUMG00000180425.5","OTTHUMT00000451254.1","PLEKHJ1-208","PLEKHJ1",2858,"retained_intron",2350,28,0.974978447,"GGACT",0.892857143,NA,NA,NA,NA,NA,NA,NA,NA,NA,0,0,0,NA,NA,NA
"3359","ENST00000588454.6","ENSG00000179218.15","OTTHUMG00000180574.3","OTTHUMT00000451954.2","CALR-206","CALR",1661,"protein_coding",1107,584,0.944649279,"GGACT",0.679794521,NA,NA,NA,NA,NA,NA,NA,NA,NA,0,0,0,NA,NA,NA
"3360","ENST00000588537.1","ENSG00000171425.10","OTTHUMG00000180869.5","OTTHUMT00000453588.1","ZNF581-204","ZNF581",1100,"protein_coding",676,45,0.955222428,"GGACT",0.755555556,NA,NA,NA,NA,NA,NA,NA,NA,NA,0,0,0,NA,NA,NA
"3361","ENST00000588537.1","ENSG00000171425.10","OTTHUMG00000180869.5","OTTHUMT00000453588.1","ZNF581-204","ZNF581",1100,"protein_coding",913,54,0.919977009,"TGACT",0.648148148,NA,NA,NA,NA,NA,NA,NA,NA,NA,0,0,0,NA,NA,NA
"3362","ENST00000588537.1","ENSG00000171425.10","OTTHUMG00000180869.5","OTTHUMT00000453588.1","ZNF581-204","ZNF581",1100,"protein_coding",1068,49,0.973380148,"AGACT",0.693877551,NA,NA,NA,NA,NA,NA,NA,NA,NA,0,0,0,NA,NA,NA
"3363","ENST00000588538.5","ENSG00000099624.8","OTTHUMG00000180143.5","OTTHUMT00000449961.1","ATP5F1D-203","ATP5F1D",1393,"retained_intron",1351,81,0.95513761,"GAACT",0.555555556,NA,NA,NA,NA,NA,NA,NA,NA,NA,0,0,0,NA,NA,NA
"3364","ENST00000588598.5","ENSG00000129968.17","OTTHUMG00000171872.6","OTTHUMT00000449218.2","ABHD17A-203","ABHD17A",5425,"retained_intron",5247,69,0.96507144,"GGACC",0.579710145,NA,NA,NA,NA,NA,NA,NA,NA,NA,0,0,0,NA,NA,NA
"3365","ENST00000588657.6","ENSG00000129351.18","OTTHUMG00000180587.2","OTTHUMT00000452073.2","ILF3-209","ILF3",6017,"protein_coding",3119,65,0.975460172,"GGACT",0.784615385,NA,NA,NA,NA,NA,NA,NA,NA,NA,0,0,0,NA,NA,NA
"3366","ENST00000588657.6","ENSG00000129351.18","OTTHUMG00000180587.2","OTTHUMT00000452073.2","ILF3-209","ILF3",6017,"protein_coding",5804,28,0.970809639,"GGACT",0.714285714,NA,NA,NA,NA,NA,NA,NA,NA,NA,0,0,0,NA,NA,NA
"3367","ENST00000588657.6","ENSG00000129351.18","OTTHUMG00000180587.2","OTTHUMT00000452073.2","ILF3-209","ILF3",6017,"protein_coding",5918,26,0.932113171,"AGACT",0.5,NA,NA,NA,NA,NA,NA,NA,NA,NA,0,0,0,NA,NA,NA
"3368","ENST00000588692.5","ENSG00000123136.15","OTTHUMG00000182181.5","OTTHUMT00000459879.1","DDX39A-208","DDX39A",1478,"nonsense_mediated_decay",181,122,0.96246475,"GGACT",0.672131148,NA,NA,NA,NA,NA,NA,NA,NA,NA,0,0,0,NA,NA,NA
"3369","ENST00000588734.5","ENSG00000167900.12","OTTHUMG00000150674.6","OTTHUMT00000437051.1","TK1-203","TK1",1681,"protein_coding",951,20,0.922397494,"GAACT",0.65,NA,NA,NA,NA,NA,NA,NA,NA,NA,0,0,0,NA,NA,NA
"3370","ENST00000588783.5","ENSG00000181038.14","OTTHUMG00000180371.3","OTTHUMT00000450997.1","METTL23-207","METTL23",1184,"protein_coding",923,43,0.996920049,"GGACA",0.813953488,NA,NA,NA,NA,NA,NA,NA,NA,NA,0,0,0,NA,NA,NA
"3371","ENST00000588783.5","ENSG00000181038.14","OTTHUMG00000180371.3","OTTHUMT00000450997.1","METTL23-207","METTL23",1184,"protein_coding",958,47,0.972283721,"GGACA",0.680851064,NA,NA,NA,NA,NA,NA,NA,NA,NA,0,0,0,NA,NA,NA
"3372","ENST00000588841.1","ENSG00000104979.9","OTTHUMG00000180914.2","OTTHUMT00000453624.1","C19orf53-203","C19orf53",499,"nonsense_mediated_decay",418,110,0.9140082,"GAACT",0.454545455,NA,NA,NA,NA,NA,NA,NA,NA,NA,0,0,0,NA,NA,NA
"3373","ENST00000588998.5","ENSG00000130159.15","OTTHUMG00000178590.6","OTTHUMT00000458842.1","ECSIT-207","ECSIT",818,"protein_coding",609,41,0.96560818,"GGACT",0.926829268,NA,NA,NA,NA,NA,NA,NA,NA,NA,0,0,0,NA,NA,NA
"3374","ENST00000589097.6","ENSG00000104886.12","OTTHUMG00000180425.5","OTTHUMT00000530176.1","PLEKHJ1-211","PLEKHJ1",2250,"protein_coding",1742,63,0.984751165,"GGACT",0.841269841,NA,NA,NA,NA,NA,NA,NA,NA,NA,0,0,0,NA,NA,NA
"3375","ENST00000589168.1","ENSG00000108639.8","OTTHUMG00000177457.4","OTTHUMT00000437012.2","SYNGR2-204","SYNGR2",2125,"protein_coding",586,138,0.957338095,"GGACT",0.68115942,NA,NA,NA,NA,NA,NA,NA,NA,NA,0,0,0,NA,NA,NA
"3376","ENST00000589168.1","ENSG00000108639.8","OTTHUMG00000177457.4","OTTHUMT00000437012.2","SYNGR2-204","SYNGR2",2125,"protein_coding",925,365,0.97886622,"AGACT",0.8,NA,NA,NA,NA,NA,NA,NA,NA,NA,0,0,0,NA,NA,NA
"3377","ENST00000589318.5","ENSG00000123136.15","OTTHUMG00000182181.5","OTTHUMT00000459878.1","DDX39A-209","DDX39A",1903,"retained_intron",214,104,0.900784075,"GGACT",0.634615385,NA,NA,NA,NA,NA,NA,NA,NA,NA,0,0,0,NA,NA,NA
"3378","ENST00000589318.5","ENSG00000123136.15","OTTHUMG00000182181.5","OTTHUMT00000459878.1","DDX39A-209","DDX39A",1903,"retained_intron",253,116,0.960504353,"GGACT",0.663793103,NA,NA,NA,NA,NA,NA,NA,NA,NA,0,0,0,NA,NA,NA
"3379","ENST00000589478.1","ENSG00000099624.8","OTTHUMG00000180143.5","OTTHUMT00000449963.1","ATP5F1D-204","ATP5F1D",640,"retained_intron",598,22,0.964405596,"GAACT",0.636363636,NA,NA,NA,NA,NA,NA,NA,NA,NA,0,0,0,NA,NA,NA
"3380","ENST00000589484.5","ENSG00000071626.17","OTTHUMG00000180058.9","OTTHUMT00000449527.3","DAZAP1-207","DAZAP1",3414,"retained_intron",2796,90,0.915931106,"GGACT",0.777777778,NA,NA,NA,NA,NA,NA,NA,NA,NA,0,0,0,NA,NA,NA
"3381","ENST00000589590.1","ENSG00000123144.11","OTTHUMG00000180347.2","OTTHUMT00000450858.1","TRIR-203","TRIR",930,"retained_intron",766,181,0.91899085,"GGACT",0.629834254,NA,NA,NA,NA,NA,NA,NA,NA,NA,0,0,0,NA,NA,NA
"3382","ENST00000589711.1","ENSG00000108639.8","OTTHUMG00000177457.4","OTTHUMT00000437010.2","SYNGR2-206","SYNGR2",2041,"protein_coding",502,84,0.96832937,"GGACT",0.714285714,NA,NA,NA,NA,NA,NA,NA,NA,NA,0,0,0,NA,NA,NA
"3383","ENST00000589711.1","ENSG00000108639.8","OTTHUMG00000177457.4","OTTHUMT00000437010.2","SYNGR2-206","SYNGR2",2041,"protein_coding",841,284,0.977377057,"AGACT",0.799295775,NA,NA,NA,NA,NA,NA,NA,NA,NA,0,0,0,NA,NA,NA
"3384","ENST00000589791.5","ENSG00000104886.12","OTTHUMG00000180425.5","OTTHUMT00000451256.2","PLEKHJ1-212","PLEKHJ1",1329,"protein_coding_CDS_not_defined",822,61,0.983964741,"GGACT",0.836065574,NA,NA,NA,NA,NA,NA,NA,NA,NA,0,0,0,NA,NA,NA
"3385","ENST00000589797.5","ENSG00000141699.11","OTTHUMG00000180275.3","OTTHUMT00000450535.1","RETREG3-208","RETREG3",4149,"nonsense_mediated_decay",4098,20,0.925788522,"GAACT",0.6,NA,NA,NA,NA,NA,NA,NA,NA,NA,0,0,0,NA,NA,NA
"3386","ENST00000589874.2","ENSG00000071626.17","OTTHUMG00000180058.9","OTTHUMT00000449531.2","DAZAP1-208","DAZAP1",3642,"retained_intron",3027,44,0.909388423,"GGACT",0.75,NA,NA,NA,NA,NA,NA,NA,NA,NA,0,0,0,NA,NA,NA
"3387","ENST00000590201.1","ENSG00000108639.8","OTTHUMG00000177457.4","OTTHUMT00000438291.1","SYNGR2-207","SYNGR2",2239,"protein_coding",700,127,0.957282841,"GGACT",0.661417323,NA,NA,NA,NA,NA,NA,NA,NA,NA,0,0,0,NA,NA,NA
"3388","ENST00000590201.1","ENSG00000108639.8","OTTHUMG00000177457.4","OTTHUMT00000438291.1","SYNGR2-207","SYNGR2",2239,"protein_coding",1039,350,0.976884842,"AGACT",0.794285714,NA,NA,NA,NA,NA,NA,NA,NA,NA,0,0,0,NA,NA,NA
"3389","ENST00000590261.5","ENSG00000129351.18","OTTHUMG00000180587.2","OTTHUMT00000452074.1","ILF3-218","ILF3",3219,"protein_coding",2875,63,0.975801051,"GGACT",0.793650794,NA,NA,NA,NA,NA,NA,NA,NA,NA,0,0,0,NA,NA,NA
"3390","ENST00000590265.5","ENSG00000099624.8","OTTHUMG00000180143.5","OTTHUMT00000449960.1","ATP5F1D-205","ATP5F1D",1144,"retained_intron",1102,220,0.947757661,"GAACT",0.540909091,NA,NA,NA,NA,NA,NA,NA,NA,NA,0,0,0,NA,NA,NA
"3391","ENST00000590278.1","ENSG00000130881.14","OTTHUMG00000180343.9","OTTHUMT00000450845.2","LRP3-203","LRP3",3278,"retained_intron",2867,78,0.953588009,"GGACA",0.653846154,NA,NA,NA,NA,NA,NA,NA,NA,NA,0,0,0,NA,NA,NA
"3392","ENST00000590354.3","ENSG00000065268.11","OTTHUMG00000181903.9","OTTHUMT00000474030.3","WDR18-205","WDR18",678,"nonsense_mediated_decay",560,169,0.928261697,"GGACT",0.662721893,NA,NA,NA,NA,NA,NA,NA,NA,NA,0,0,0,NA,NA,NA
"3393","ENST00000590367.5","ENSG00000108883.13","OTTHUMG00000179865.4","OTTHUMT00000448676.1","EFTUD2-218","EFTUD2",3638,"retained_intron",3288,112,0.964168012,"GGACT",0.741071429,NA,NA,NA,NA,NA,NA,NA,NA,NA,0,0,0,NA,NA,NA
"3394","ENST00000590550.6","ENSG00000071655.18","OTTHUMG00000180081.9","OTTHUMT00000473640.2","MBD3-207","MBD3",2782,"protein_coding",1591,43,0.992365956,"AGACT",0.697674419,NA,NA,NA,NA,NA,NA,NA,NA,NA,0,0,0,NA,NA,NA
"3395","ENST00000590550.6","ENSG00000071655.18","OTTHUMG00000180081.9","OTTHUMT00000473640.2","MBD3-207","MBD3",2782,"protein_coding",1716,74,0.994091332,"GGACT",0.932432432,NA,NA,NA,NA,NA,NA,NA,NA,NA,0,0,0,NA,NA,NA
"3396","ENST00000590550.6","ENSG00000071655.18","OTTHUMG00000180081.9","OTTHUMT00000473640.2","MBD3-207","MBD3",2782,"protein_coding",1937,118,0.904448509,"GGACT",0.627118644,NA,NA,NA,NA,NA,NA,NA,NA,NA,0,0,0,NA,NA,NA
"3397","ENST00000590550.6","ENSG00000071655.18","OTTHUMG00000180081.9","OTTHUMT00000473640.2","MBD3-207","MBD3",2782,"protein_coding",2219,185,0.983449996,"GGACT",0.886486486,NA,NA,NA,NA,NA,NA,NA,NA,NA,0,0,0,NA,NA,NA
"3398","ENST00000590550.6","ENSG00000071655.18","OTTHUMG00000180081.9","OTTHUMT00000473640.2","MBD3-207","MBD3",2782,"protein_coding",2390,255,0.916484892,"GGACT",0.650980392,NA,NA,NA,NA,NA,NA,NA,NA,NA,0,0,0,NA,NA,NA
"3399","ENST00000590550.6","ENSG00000071655.18","OTTHUMG00000180081.9","OTTHUMT00000473640.2","MBD3-207","MBD3",2782,"protein_coding",2420,272,0.975007951,"GGACT",0.856617647,NA,NA,NA,NA,NA,NA,NA,NA,NA,0,0,0,NA,NA,NA
"3400","ENST00000590661.1","ENSG00000129968.17","OTTHUMG00000171872.6","OTTHUMT00000449220.3","ABHD17A-204","ABHD17A",1079,"protein_coding",903,66,0.967323661,"GGACC",0.560606061,NA,NA,NA,NA,NA,NA,NA,NA,NA,0,0,0,NA,NA,NA
"3401","ENST00000590753.1","ENSG00000108861.9","OTTHUMG00000180889.2","OTTHUMT00000453504.1","DUSP3-203","DUSP3",1019,"protein_coding",902,21,0.903286755,"GGACA",0.428571429,NA,NA,NA,NA,NA,NA,NA,NA,NA,0,0,0,NA,NA,NA
"3402","ENST00000590921.1","ENSG00000063241.8","OTTHUMG00000180830.3","OTTHUMT00000453178.1","ISOC2-207","ISOC2",2283,"retained_intron",2141,27,0.974633396,"AGACT",0.851851852,NA,NA,NA,NA,NA,NA,NA,NA,NA,0,0,0,NA,NA,NA
"3403","ENST00000590964.5","ENSG00000181038.14","OTTHUMG00000180371.3","OTTHUMT00000451001.1","METTL23-212","METTL23",1006,"protein_coding",803,49,0.997472882,"GGACA",0.816326531,NA,NA,NA,NA,NA,NA,NA,NA,NA,0,0,0,NA,NA,NA
"3404","ENST00000590964.5","ENSG00000181038.14","OTTHUMG00000180371.3","OTTHUMT00000451001.1","METTL23-212","METTL23",1006,"protein_coding",838,57,0.975117862,"GGACA",0.701754386,NA,NA,NA,NA,NA,NA,NA,NA,NA,0,0,0,NA,NA,NA
"3405","ENST00000590977.5","ENSG00000108883.13","OTTHUMG00000179865.4","OTTHUMT00000448678.1","EFTUD2-219","EFTUD2",2422,"retained_intron",2073,104,0.960730612,"GGACT",0.730769231,NA,NA,NA,NA,NA,NA,NA,NA,NA,0,0,0,NA,NA,NA
"3406","ENST00000591099.6","ENSG00000104886.12","OTTHUMG00000180425.5","OTTHUMT00000451261.3","PLEKHJ1-213","PLEKHJ1",1092,"protein_coding",583,62,0.985430896,"GGACT",0.85483871,NA,NA,NA,NA,NA,NA,NA,NA,NA,0,0,0,NA,NA,NA
"3407","ENST00000591208.1","ENSG00000176014.13","OTTHUMG00000131692.4","OTTHUMT00000452807.1","TUBB6-211","TUBB6",1492,"protein_coding",1453,110,0.928200305,"AGACT",0.781818182,NA,NA,NA,NA,NA,NA,NA,NA,NA,0,0,0,NA,NA,NA
"3408","ENST00000591249.5","ENSG00000099624.8","OTTHUMG00000180143.5","OTTHUMT00000473910.1","ATP5F1D-206","ATP5F1D",405,"protein_coding",363,75,0.925728738,"GAACT",0.453333333,NA,NA,NA,NA,NA,NA,NA,NA,NA,0,0,0,NA,NA,NA
"3409","ENST00000591254.1","ENSG00000123144.11","OTTHUMG00000180347.2","OTTHUMT00000450854.1","TRIR-204","TRIR",988,"nonsense_mediated_decay",815,191,0.925759792,"GGACT",0.623036649,NA,NA,NA,NA,NA,NA,NA,NA,NA,0,0,0,NA,NA,NA
"3410","ENST00000591351.5","ENSG00000129968.17","OTTHUMG00000171872.6","OTTHUMT00000449219.2","ABHD17A-205","ABHD17A",4647,"retained_intron",4469,69,0.961606205,"GGACC",0.579710145,NA,NA,NA,NA,NA,NA,NA,NA,NA,0,0,0,NA,NA,NA
"3411","ENST00000591382.5","ENSG00000108883.13","OTTHUMG00000179865.4","OTTHUMT00000448677.1","EFTUD2-220","EFTUD2",3675,"protein_coding",3325,142,0.960698187,"GGACT",0.73943662,NA,NA,NA,NA,NA,NA,NA,NA,NA,0,0,0,NA,NA,NA
"3412","ENST00000591607.1","ENSG00000142252.11","OTTHUMG00000181768.2","OTTHUMT00000457531.1","GEMIN7-203","GEMIN7",848,"protein_coding",626,23,0.982640743,"GGACT",0.913043478,NA,NA,NA,NA,NA,NA,NA,NA,NA,0,0,0,NA,NA,NA
"3413","ENST00000591607.1","ENSG00000142252.11","OTTHUMG00000181768.2","OTTHUMT00000457531.1","GEMIN7-203","GEMIN7",848,"protein_coding",715,25,0.947013915,"GAACT",0.68,NA,NA,NA,NA,NA,NA,NA,NA,NA,0,0,0,NA,NA,NA
"3414","ENST00000591649.5","ENSG00000129351.18","OTTHUMG00000180587.2","OTTHUMT00000452083.1","ILF3-220","ILF3",2579,"retained_intron",2234,59,0.971712112,"GGACT",0.779661017,NA,NA,NA,NA,NA,NA,NA,NA,NA,0,0,0,NA,NA,NA
"3415","ENST00000591715.5","ENSG00000152240.13","OTTHUMG00000132638.6","OTTHUMT00000445235.1","HAUS1-208","HAUS1",1098,"nonsense_mediated_decay",859,63,0.918429136,"GAACT",0.555555556,NA,NA,NA,NA,NA,NA,NA,NA,NA,0,0,0,NA,NA,NA
"3416","ENST00000591899.8","ENSG00000127540.12","OTTHUMG00000180084.6","OTTHUMT00000449668.6","UQCR11-203","UQCR11",1299,"protein_coding",463,21,0.982568502,"TGACT",0.952380952,NA,NA,NA,NA,NA,NA,NA,NA,NA,0,0,0,NA,NA,NA
"3417","ENST00000591985.6","ENSG00000065268.11","OTTHUMG00000181903.9","OTTHUMT00000458227.3","WDR18-209","WDR18",1498,"nonsense_mediated_decay",1383,224,0.946986318,"GGACT",0.696428571,NA,NA,NA,NA,NA,NA,NA,NA,NA,0,0,0,NA,NA,NA
"3418","ENST00000592012.5","ENSG00000071655.18","OTTHUMG00000180081.9","OTTHUMT00000473835.1","MBD3-209","MBD3",2379,"nonsense_mediated_decay",1188,81,0.985496163,"AGACT",0.666666667,NA,NA,NA,NA,NA,NA,NA,NA,NA,0,0,0,NA,NA,NA
"3419","ENST00000592012.5","ENSG00000071655.18","OTTHUMG00000180081.9","OTTHUMT00000473835.1","MBD3-209","MBD3",2379,"nonsense_mediated_decay",1313,119,0.99411279,"GGACT",0.941176471,NA,NA,NA,NA,NA,NA,NA,NA,NA,0,0,0,NA,NA,NA
"3420","ENST00000592012.5","ENSG00000071655.18","OTTHUMG00000180081.9","OTTHUMT00000473835.1","MBD3-209","MBD3",2379,"nonsense_mediated_decay",1534,159,0.909456253,"GGACT",0.628930818,NA,NA,NA,NA,NA,NA,NA,NA,NA,0,0,0,NA,NA,NA
"3421","ENST00000592012.5","ENSG00000071655.18","OTTHUMG00000180081.9","OTTHUMT00000473835.1","MBD3-209","MBD3",2379,"nonsense_mediated_decay",1816,227,0.983022451,"GGACT",0.881057269,NA,NA,NA,NA,NA,NA,NA,NA,NA,0,0,0,NA,NA,NA
"3422","ENST00000592012.5","ENSG00000071655.18","OTTHUMG00000180081.9","OTTHUMT00000473835.1","MBD3-209","MBD3",2379,"nonsense_mediated_decay",1987,297,0.924401402,"GGACT",0.65993266,NA,NA,NA,NA,NA,NA,NA,NA,NA,0,0,0,NA,NA,NA
"3423","ENST00000592012.5","ENSG00000071655.18","OTTHUMG00000180081.9","OTTHUMT00000473835.1","MBD3-209","MBD3",2379,"nonsense_mediated_decay",2017,316,0.974096,"GGACT",0.851265823,NA,NA,NA,NA,NA,NA,NA,NA,NA,0,0,0,NA,NA,NA
"3424","ENST00000592250.5","ENSG00000132581.10","OTTHUMG00000132681.6","OTTHUMT00000255967.1","SDF2-210","SDF2",1025,"protein_coding_CDS_not_defined",405,76,0.914618909,"GGACC",0.5,NA,NA,NA,NA,NA,NA,NA,NA,NA,0,0,0,NA,NA,NA
"3425","ENST00000592250.5","ENSG00000132581.10","OTTHUMG00000132681.6","OTTHUMT00000255967.1","SDF2-210","SDF2",1025,"protein_coding_CDS_not_defined",846,137,0.938118875,"GGACT",0.737226277,NA,NA,NA,NA,NA,NA,NA,NA,NA,0,0,0,NA,NA,NA
"3426","ENST00000592250.5","ENSG00000132581.10","OTTHUMG00000132681.6","OTTHUMT00000255967.1","SDF2-210","SDF2",1025,"protein_coding_CDS_not_defined",955,128,0.931018054,"GGACT",0.6640625,NA,NA,NA,NA,NA,NA,NA,NA,NA,0,0,0,NA,NA,NA
"3427","ENST00000592273.5","ENSG00000123144.11","OTTHUMG00000180347.2","OTTHUMT00000450855.1","TRIR-205","TRIR",783,"protein_coding",610,288,0.945726097,"GGACT",0.649305556,NA,NA,NA,NA,NA,NA,NA,NA,NA,0,0,0,NA,NA,NA
"3428","ENST00000592456.1","ENSG00000108639.8","OTTHUMG00000177457.4","OTTHUMT00000437013.1","SYNGR2-209","SYNGR2",3036,"protein_coding_CDS_not_defined",2305,79,0.958281696,"GGACT",0.683544304,NA,NA,NA,NA,NA,NA,NA,NA,NA,0,0,0,NA,NA,NA
"3429","ENST00000592456.1","ENSG00000108639.8","OTTHUMG00000177457.4","OTTHUMT00000437013.1","SYNGR2-209","SYNGR2",3036,"protein_coding_CDS_not_defined",2644,278,0.977282822,"AGACT",0.798561151,NA,NA,NA,NA,NA,NA,NA,NA,NA,0,0,0,NA,NA,NA
"3430","ENST00000592478.5","ENSG00000079999.14","OTTHUMG00000180579.5","OTTHUMT00000452001.1","KEAP1-210","KEAP1",1044,"protein_coding",503,41,0.987722635,"GAACT",0.707317073,NA,NA,NA,NA,NA,NA,NA,NA,NA,0,0,0,NA,NA,NA
"3431","ENST00000592478.5","ENSG00000079999.14","OTTHUMG00000180579.5","OTTHUMT00000452001.1","KEAP1-210","KEAP1",1044,"protein_coding",586,69,0.929626584,"GGACT",0.724637681,NA,NA,NA,NA,NA,NA,NA,NA,NA,0,0,0,NA,NA,NA
"3432","ENST00000592478.5","ENSG00000079999.14","OTTHUMG00000180579.5","OTTHUMT00000452001.1","KEAP1-210","KEAP1",1044,"protein_coding",599,79,0.9133991,"AGACA",0.46835443,NA,NA,NA,NA,NA,NA,NA,NA,NA,0,0,0,NA,NA,NA
"3433","ENST00000592506.2","ENSG00000105612.10","OTTHUMG00000180535.3","OTTHUMT00000451792.2","DNASE2-204","DNASE2",1482,"protein_coding",1139,27,0.967170537,"GAACT",0.555555556,NA,NA,NA,NA,NA,NA,NA,NA,NA,0,0,0,NA,NA,NA
"3434","ENST00000592506.2","ENSG00000105612.10","OTTHUMG00000180535.3","OTTHUMT00000451792.2","DNASE2-204","DNASE2",1482,"protein_coding",1271,24,0.967000008,"AGACT",0.75,NA,NA,NA,NA,NA,NA,NA,NA,NA,0,0,0,NA,NA,NA
"3435","ENST00000592522.5","ENSG00000071626.17","OTTHUMG00000180058.9","OTTHUMT00000473519.2","DAZAP1-211","DAZAP1",2157,"protein_coding",1539,96,0.921705306,"GGACT",0.760416667,NA,NA,NA,NA,NA,NA,NA,NA,NA,0,0,0,NA,NA,NA
"3436","ENST00000592540.6","ENSG00000161888.12","OTTHUMG00000180798.2","OTTHUMT00000453059.1","SPC24-206","SPC24",2290,"protein_coding",1689,54,0.92186451,"GGACA",0.5,NA,NA,NA,NA,NA,NA,NA,NA,NA,0,0,0,NA,NA,NA
"3437","ENST00000592540.6","ENSG00000161888.12","OTTHUMG00000180798.2","OTTHUMT00000453059.1","SPC24-206","SPC24",2290,"protein_coding",1712,62,0.944407165,"GGACT",0.709677419,NA,NA,NA,NA,NA,NA,NA,NA,NA,0,0,0,NA,NA,NA
"3438","ENST00000592571.1","ENSG00000130159.15","OTTHUMG00000178590.6","OTTHUMT00000458844.2","ECSIT-212","ECSIT",941,"nonsense_mediated_decay",761,44,0.979685903,"GGACT",0.863636364,NA,NA,NA,NA,NA,NA,NA,NA,NA,0,0,0,NA,NA,NA
"3439","ENST00000592576.5","ENSG00000108883.13","OTTHUMG00000179865.4","OTTHUMT00000448675.1","EFTUD2-223","EFTUD2",3364,"protein_coding",2964,142,0.961922109,"GGACT",0.73943662,67,408,2889,1,67,68,2955,2956,3363,0,0,1,NA,NA,0.0196078431372549
"3440","ENST00000592654.3","ENSG00000136448.13","OTTHUMG00000180003.4","OTTHUMT00000449244.2","NMT1-211","NMT1",1939,"protein_coding",1707,54,0.931074083,"GAACT",0.611111111,NA,NA,NA,NA,NA,NA,NA,NA,NA,0,0,0,NA,NA,NA
"3441","ENST00000592737.5","ENSG00000125912.11","OTTHUMG00000180687.5","OTTHUMT00000452549.1","NCLN-208","NCLN",2735,"protein_coding",1018,63,0.99400115,"AGACT",0.904761905,NA,NA,NA,NA,NA,NA,NA,NA,NA,0,0,0,NA,NA,NA
"3442","ENST00000592737.5","ENSG00000125912.11","OTTHUMG00000180687.5","OTTHUMT00000452549.1","NCLN-208","NCLN",2735,"protein_coding",1103,74,0.913275778,"GGACT",0.662162162,NA,NA,NA,NA,NA,NA,NA,NA,NA,0,0,0,NA,NA,NA
"3443","ENST00000592737.5","ENSG00000125912.11","OTTHUMG00000180687.5","OTTHUMT00000452549.1","NCLN-208","NCLN",2735,"protein_coding",2499,88,0.950558007,"AGACT",0.579545455,NA,NA,NA,NA,NA,NA,NA,NA,NA,0,0,0,NA,NA,NA
"3444","ENST00000592782.5","ENSG00000136448.13","OTTHUMG00000180003.4","OTTHUMT00000449239.1","NMT1-212","NMT1",4999,"protein_coding",1737,60,0.94821167,"GAACT",0.6,NA,NA,NA,NA,NA,NA,NA,NA,NA,0,0,0,NA,NA,NA
"3445","ENST00000592837.1","ENSG00000141759.15","OTTHUMG00000180376.3","OTTHUMT00000451043.1","TXNL4A-211","TXNL4A",611,"protein_coding",466,23,0.901450574,"GGACT",0.434782609,NA,NA,NA,NA,NA,NA,NA,NA,NA,0,0,0,NA,NA,NA
"3446","ENST00000593032.6","ENSG00000167468.20","OTTHUMG00000181874.11","OTTHUMT00000458054.4","GPX4-209","GPX4",826,"protein_coding",454,24,0.994573116,"AGACA",0.833333333,NA,NA,NA,NA,NA,NA,NA,NA,NA,0,0,0,NA,NA,NA
"3447","ENST00000593442.5","ENSG00000042753.12","OTTHUMG00000183437.2","OTTHUMT00000466642.1","AP2S1-203","AP2S1",636,"protein_coding",217,214,0.934862077,"GAACT",0.607476636,NA,NA,NA,NA,NA,NA,NA,NA,NA,0,0,0,NA,NA,NA
"3448","ENST00000593445.5","ENSG00000269858.6","OTTHUMG00000182703.6","OTTHUMT00000463920.1","EGLN2-204","EGLN2",3034,"retained_intron",2935,63,0.934894681,"GGACT",0.73015873,NA,NA,NA,NA,NA,NA,NA,NA,NA,0,0,0,NA,NA,NA
"3449","ENST00000593477.1","ENSG00000269858.6","OTTHUMG00000182703.6","OTTHUMT00000463226.1","EGLN2-205","EGLN2",1391,"retained_intron",1292,33,0.946996689,"GGACT",0.696969697,NA,NA,NA,NA,NA,NA,NA,NA,NA,0,0,0,NA,NA,NA
"3450","ENST00000593726.5","ENSG00000269858.6","OTTHUMG00000182703.6","OTTHUMT00000463218.1","EGLN2-207","EGLN2",2821,"protein_coding",2721,77,0.948060274,"GGACT",0.766233766,NA,NA,NA,NA,NA,NA,NA,NA,NA,0,0,0,NA,NA,NA
"3451","ENST00000593829.6","ENSG00000130520.11","OTTHUMG00000183357.11","OTTHUMT00000466321.1","LSM4-203","LSM4",1704,"protein_coding",866,560,0.948923945,"GGACT",0.721428571,NA,NA,NA,NA,NA,NA,NA,NA,NA,0,0,0,NA,NA,NA
"3452","ENST00000594001.5","ENSG00000105402.8","OTTHUMG00000183294.4","OTTHUMT00000466050.1","NAPA-205","NAPA",1417,"nonsense_mediated_decay",986,49,0.99328053,"GGACA",0.714285714,NA,NA,NA,NA,NA,NA,NA,NA,NA,0,0,0,NA,NA,NA
"3453","ENST00000594099.6","ENSG00000132002.9","OTTHUMG00000183289.4","OTTHUMT00000465994.3","DNAJB1-203","DNAJB1",2600,"protein_coding",2228,21,0.933886111,"GGACT",0.761904762,NA,NA,NA,NA,NA,NA,NA,NA,NA,0,0,0,NA,NA,NA
"3454","ENST00000594136.2","ENSG00000171570.11","OTTHUMG00000182702.4","OTTHUMT00000464583.3","RAB4B-EGLN2-201","RAB4B-EGLN2",2774,"nonsense_mediated_decay",2689,31,0.945552707,"GGACT",0.806451613,NA,NA,NA,NA,NA,NA,NA,NA,NA,0,0,0,NA,NA,NA
"3455","ENST00000594665.2","ENSG00000104880.19","OTTHUMG00000177342.5","OTTHUMT00000436341.1","ARHGEF18-203","ARHGEF18",5368,"protein_coding",4918,21,0.971591651,"TGACT",0.666666667,NA,NA,NA,NA,NA,NA,NA,NA,NA,0,0,0,NA,NA,NA
"3456","ENST00000594665.2","ENSG00000104880.19","OTTHUMG00000177342.5","OTTHUMT00000436341.1","ARHGEF18-203","ARHGEF18",5368,"protein_coding",5339,23,0.938843966,"GAACT",0.47826087,NA,NA,NA,NA,NA,NA,NA,NA,NA,0,0,0,NA,NA,NA
"3457","ENST00000594991.5","ENSG00000105281.12","OTTHUMG00000183434.3","OTTHUMT00000466632.1","SLC1A5-205","SLC1A5",2031,"protein_coding",1450,92,0.987218261,"GGACA",0.869565217,NA,NA,NA,NA,NA,NA,NA,NA,NA,0,0,0,NA,NA,NA
"3458","ENST00000595227.5","ENSG00000105402.8","OTTHUMG00000183294.4","OTTHUMT00000466049.1","NAPA-210","NAPA",1460,"protein_coding",1028,57,0.993064702,"GGACA",0.736842105,NA,NA,NA,NA,NA,NA,NA,NA,NA,0,0,0,NA,NA,NA
"3459","ENST00000595279.1","ENSG00000167657.14","OTTHUMG00000181825.4","OTTHUMT00000457878.1","DAPK3-205","DAPK3",2058,"retained_intron",1785,23,0.938086033,"GGACA",0.652173913,NA,NA,NA,NA,NA,NA,NA,NA,NA,0,0,0,NA,NA,NA
"3460","ENST00000595961.5","ENSG00000105197.11","OTTHUMG00000183066.6","OTTHUMT00000464948.1","TIMM50-205","TIMM50",2576,"retained_intron",1321,34,0.935290039,"GGACT",0.735294118,NA,NA,NA,NA,NA,NA,NA,NA,NA,0,0,0,NA,NA,NA
"3461","ENST00000596002.5","ENSG00000167775.11","OTTHUMG00000182457.3","OTTHUMT00000461364.1","CD320-203","CD320",1729,"nonsense_mediated_decay",1569,260,0.940320611,"GGACA",0.573076923,NA,NA,NA,NA,NA,NA,NA,NA,NA,0,0,0,NA,NA,NA
"3462","ENST00000596075.2","ENSG00000132002.9","OTTHUMG00000183289.4","OTTHUMT00000465997.3","DNAJB1-206","DNAJB1",2278,"protein_coding",1899,22,0.982460439,"GGACT",0.772727273,NA,NA,NA,NA,NA,NA,NA,NA,NA,0,0,0,NA,NA,NA
"3463","ENST00000596287.6","ENSG00000293495.1","-","OTTHUMT00000464125.2","C19orf48P-204","C19orf48P",1364,"lncRNA",496,41,0.975542009,"GGACA",0.731707317,NA,NA,NA,NA,NA,NA,NA,NA,NA,0,0,0,NA,NA,NA
"3464","ENST00000596287.6","ENSG00000293495.1","-","OTTHUMT00000464125.2","C19orf48P-204","C19orf48P",1364,"lncRNA",887,162,0.90376842,"GGACA",0.574074074,NA,NA,NA,NA,NA,NA,NA,NA,NA,0,0,0,NA,NA,NA
"3465","ENST00000596502.1","ENSG00000105671.12","OTTHUMG00000182994.4","OTTHUMT00000464605.1","DDX49-205","DDX49",594,"retained_intron",401,23,0.912750125,"TGACT",0.565217391,NA,NA,NA,NA,NA,NA,NA,NA,NA,0,0,0,NA,NA,NA
"3466","ENST00000596657.1","ENSG00000125652.8","OTTHUMG00000180792.3","OTTHUMT00000453037.1","ALKBH7-202","ALKBH7",603,"protein_coding",598,85,0.996584654,"GGACA",0.764705882,NA,NA,NA,NA,NA,NA,NA,NA,NA,0,0,0,NA,NA,NA
"3467","ENST00000596853.6","ENSG00000132002.9","OTTHUMG00000183289.4","OTTHUMT00000465992.3","DNAJB1-207","DNAJB1",2137,"protein_coding",1765,21,0.93784523,"GGACT",0.761904762,NA,NA,NA,NA,NA,NA,NA,NA,NA,0,0,0,NA,NA,NA
"3468","ENST00000597017.5","ENSG00000105438.9","OTTHUMG00000183215.3","OTTHUMT00000465709.1","KDELR1-203","KDELR1",1594,"protein_coding",801,62,0.969973385,"AGACA",0.822580645,NA,NA,NA,NA,NA,NA,NA,NA,NA,0,0,0,NA,NA,NA
"3469","ENST00000597020.5","ENSG00000042753.12","OTTHUMG00000183437.2","OTTHUMT00000466645.1","AP2S1-204","AP2S1",707,"protein_coding",302,485,0.939011574,"GAACT",0.618556701,NA,NA,NA,NA,NA,NA,NA,NA,NA,0,0,0,NA,NA,NA
"3470","ENST00000597493.7","ENSG00000293495.1","-","OTTHUMT00000464127.2","C19orf48P-207","C19orf48P",1575,"lncRNA",716,105,0.97079879,"GGACA",0.733333333,NA,NA,NA,NA,NA,NA,NA,NA,NA,0,0,0,NA,NA,NA
"3471","ENST00000597493.7","ENSG00000293495.1","-","OTTHUMT00000464127.2","C19orf48P-207","C19orf48P",1575,"lncRNA",778,133,0.901380897,"GGACA",0.496240602,NA,NA,NA,NA,NA,NA,NA,NA,NA,0,0,0,NA,NA,NA
"3472","ENST00000597493.7","ENSG00000293495.1","-","OTTHUMT00000464127.2","C19orf48P-207","C19orf48P",1575,"lncRNA",1107,243,0.931647718,"GGACA",0.572016461,NA,NA,NA,NA,NA,NA,NA,NA,NA,0,0,0,NA,NA,NA
"3473","ENST00000597705.7","ENSG00000293495.1","-","OTTHUMT00000464126.2","C19orf48P-208","C19orf48P",1411,"lncRNA",540,44,0.970511794,"GGACA",0.704545455,NA,NA,NA,NA,NA,NA,NA,NA,NA,0,0,0,NA,NA,NA
"3474","ENST00000598188.6","ENSG00000105393.16","OTTHUMG00000182755.3","OTTHUMT00000463469.2","BABAM1-208","BABAM1",1377,"protein_coding",1168,164,0.974514544,"GGACC",0.548780488,NA,NA,NA,NA,NA,NA,NA,NA,NA,0,0,0,NA,NA,NA
"3475","ENST00000598463.5","ENSG00000293495.1","-","OTTHUMT00000464107.1","C19orf48P-209","C19orf48P",1844,"lncRNA",990,100,0.969452262,"GGACA",0.73,NA,NA,NA,NA,NA,NA,NA,NA,NA,0,0,0,NA,NA,NA
"3476","ENST00000598463.5","ENSG00000293495.1","-","OTTHUMT00000464107.1","C19orf48P-209","C19orf48P",1844,"lncRNA",1052,136,0.900066614,"GGACA",0.492647059,NA,NA,NA,NA,NA,NA,NA,NA,NA,0,0,0,NA,NA,NA
"3477","ENST00000598463.5","ENSG00000293495.1","-","OTTHUMT00000464107.1","C19orf48P-209","C19orf48P",1844,"lncRNA",1381,232,0.937740624,"GGACA",0.577586207,NA,NA,NA,NA,NA,NA,NA,NA,NA,0,0,0,NA,NA,NA
"3478","ENST00000599255.5","ENSG00000142227.11","OTTHUMG00000183196.3","OTTHUMT00000465617.1","EMP3-208","EMP3",667,"nonsense_mediated_decay",267,95,0.96595645,"GGACT",0.747368421,NA,NA,NA,NA,NA,NA,NA,NA,NA,0,0,0,NA,NA,NA
"3479","ENST00000599579.5","ENSG00000269858.6","OTTHUMG00000182703.6","OTTHUMT00000463225.1","EGLN2-216","EGLN2",3894,"retained_intron",3795,40,0.926947713,"GGACT",0.75,NA,NA,NA,NA,NA,NA,NA,NA,NA,0,0,0,NA,NA,NA
"3480","ENST00000599612.3","ENSG00000254858.10","OTTHUMG00000165628.9","OTTHUMT00000466294.3","MPV17L2-204","MPV17L2",1578,"protein_coding",851,34,0.957414031,"GGACT",0.705882353,NA,NA,NA,NA,NA,NA,NA,NA,NA,0,0,0,NA,NA,NA
"3481","ENST00000599672.6","ENSG00000126749.17","OTTHUMG00000188247.3","OTTHUMT00000401804.6","EMG1-202","EMG1",4873,"protein_coding",843,372,0.963876486,"AGACT",0.61827957,NA,NA,NA,NA,NA,NA,NA,NA,NA,0,0,0,NA,NA,NA
"3482","ENST00000599794.5","ENSG00000105197.11","OTTHUMG00000183066.6","OTTHUMT00000464937.2","TIMM50-212","TIMM50",786,"protein_coding",642,27,0.910301983,"GGACT",0.740740741,NA,NA,NA,NA,NA,NA,NA,NA,NA,0,0,0,NA,NA,NA
"3483","ENST00000599849.1","ENSG00000125652.8","OTTHUMG00000180792.3","OTTHUMT00000453038.1","ALKBH7-203","ALKBH7",556,"protein_coding",547,94,0.900903165,"GGACA",0.542553191,NA,NA,NA,NA,NA,NA,NA,NA,NA,0,0,0,NA,NA,NA
"3484","ENST00000599990.5","ENSG00000042753.12","OTTHUMG00000183437.2","OTTHUMT00000466641.1","AP2S1-207","AP2S1",829,"protein_coding",410,507,0.937002778,"GAACT",0.619329389,105,289,435,1,105,106,539,540,828,0,1,0,NA,0.701149425287356,NA
"3485","ENST00000600252.5","ENSG00000105137.13","OTTHUMG00000183207.4","OTTHUMT00000465668.1","SYDE1-203","SYDE1",3832,"protein_coding",3341,46,0.966576993,"GGACA",0.673913043,NA,NA,NA,NA,NA,NA,NA,NA,NA,0,0,0,NA,NA,NA
"3486","ENST00000600252.5","ENSG00000105137.13","OTTHUMG00000183207.4","OTTHUMT00000465668.1","SYDE1-203","SYDE1",3832,"protein_coding",3618,71,0.908819199,"GGACT",0.450704225,NA,NA,NA,NA,NA,NA,NA,NA,NA,0,0,0,NA,NA,NA
"3487","ENST00000600289.6","ENSG00000130520.11","OTTHUMG00000183357.11","OTTHUMT00000466323.2","LSM4-206","LSM4",1113,"nonsense_mediated_decay",955,375,0.93675977,"GGACT",0.704,NA,NA,NA,NA,NA,NA,NA,NA,NA,0,0,0,NA,NA,NA
"3488","ENST00000600440.5","ENSG00000105137.13","OTTHUMG00000183207.4","OTTHUMT00000465667.1","SYDE1-204","SYDE1",3058,"protein_coding",2556,49,0.968792379,"GGACA",0.673469388,NA,NA,NA,NA,NA,NA,NA,NA,NA,0,0,0,NA,NA,NA
"3489","ENST00000600440.5","ENSG00000105137.13","OTTHUMG00000183207.4","OTTHUMT00000465667.1","SYDE1-204","SYDE1",3058,"protein_coding",2833,74,0.917635679,"GGACT",0.459459459,NA,NA,NA,NA,NA,NA,NA,NA,NA,0,0,0,NA,NA,NA
"3490","ENST00000600806.5","ENSG00000099783.13","OTTHUMG00000182383.7","OTTHUMT00000460933.2","HNRNPM-214","HNRNPM",2373,"nonsense_mediated_decay",1248,89,0.939160824,"GGACC",0.662921348,NA,NA,NA,NA,NA,NA,NA,NA,NA,0,0,0,NA,NA,NA
"3491","ENST00000600964.1","ENSG00000042753.12","OTTHUMG00000183437.2","OTTHUMT00000466644.1","AP2S1-208","AP2S1",458,"retained_intron",53,47,0.921078324,"GAACT",0.617021277,NA,NA,NA,NA,NA,NA,NA,NA,NA,0,0,0,NA,NA,NA
"3492","ENST00000601015.5","ENSG00000142546.14","OTTHUMG00000183169.4","OTTHUMT00000465420.2","NOSIP-214","NOSIP",697,"non_stop_decay",540,22,0.911129892,"TGACT",0.590909091,NA,NA,NA,NA,NA,NA,NA,NA,NA,0,0,0,NA,NA,NA
"3493","ENST00000601043.5","ENSG00000105393.16","OTTHUMG00000182755.3","OTTHUMT00000463475.1","BABAM1-213","BABAM1",1366,"protein_coding",1157,164,0.975646377,"GGACC",0.548780488,NA,NA,NA,NA,NA,NA,NA,NA,NA,0,0,0,NA,NA,NA
"3494","ENST00000601232.1","ENSG00000105393.16","OTTHUMG00000182755.3","OTTHUMT00000463485.1","BABAM1-215","BABAM1",690,"nonsense_mediated_decay",476,77,0.967510104,"GGACC",0.545454545,NA,NA,NA,NA,NA,NA,NA,NA,NA,0,0,0,NA,NA,NA
"3495","ENST00000601252.1","ENSG00000105197.11","OTTHUMG00000183066.6","OTTHUMT00000464950.1","TIMM50-214","TIMM50",1737,"nonsense_mediated_decay",468,24,0.90188098,"GGACT",0.708333333,NA,NA,NA,NA,NA,NA,NA,NA,NA,0,0,0,NA,NA,NA
"3496","ENST00000601340.5","ENSG00000142546.14","OTTHUMG00000183169.4","OTTHUMT00000465424.1","NOSIP-216","NOSIP",2197,"retained_intron",2042,23,0.921514511,"TGACT",0.608695652,NA,NA,NA,NA,NA,NA,NA,NA,NA,0,0,0,NA,NA,NA
"3497","ENST00000601498.5","ENSG00000042753.12","OTTHUMG00000183437.2","OTTHUMT00000466640.1","AP2S1-209","AP2S1",898,"protein_coding",479,509,0.942505896,"GAACT",0.620825147,NA,NA,NA,NA,NA,NA,NA,NA,NA,0,0,0,NA,NA,NA
"3498","ENST00000601723.5","ENSG00000011422.12","OTTHUMG00000182778.3","OTTHUMT00000463570.1","PLAUR-214","PLAUR",1205,"protein_coding",855,43,0.90291518,"TGACT",0.395348837,NA,NA,NA,NA,NA,NA,NA,NA,NA,0,0,0,NA,NA,NA
"3499","ENST00000602720.5","ENSG00000167881.15","OTTHUMG00000180054.3","-","SRP68-212","SRP68",2037,"protein_coding",1139,60,0.961002588,"TGACT",0.766666667,NA,NA,NA,NA,NA,NA,NA,NA,NA,0,0,0,NA,NA,NA
"3500","ENST00000602720.5","ENSG00000167881.15","OTTHUMG00000180054.3","-","SRP68-212","SRP68",2037,"protein_coding",1488,82,0.924551964,"GAACT",0.573170732,NA,NA,NA,NA,NA,NA,NA,NA,NA,0,0,0,NA,NA,NA
"3501","ENST00000602748.5","ENSG00000055130.18","OTTHUMG00000152776.7","OTTHUMT00000467784.1","CUL1-203","CUL1",3054,"protein_coding",2629,49,0.927024662,"TGACT",0.489795918,NA,NA,NA,NA,NA,NA,NA,NA,NA,0,0,0,NA,NA,NA
"3502","ENST00000602748.5","ENSG00000055130.18","OTTHUMG00000152776.7","OTTHUMT00000467784.1","CUL1-203","CUL1",3054,"protein_coding",2810,42,0.939684212,"GGACA",0.619047619,NA,NA,NA,NA,NA,NA,NA,NA,NA,0,0,0,NA,NA,NA
"3503","ENST00000602775.5","ENSG00000213523.12","OTTHUMG00000163569.4","OTTHUMT00000374261.2","SRA1-205","SRA1",1466,"retained_intron",919,226,0.962916434,"AGACT",0.761061947,NA,NA,NA,NA,NA,NA,NA,NA,NA,0,0,0,NA,NA,NA
"3504","ENST00000602795.6","ENSG00000101158.15","OTTHUMG00000032861.8","-","NELFCD-213","NELFCD",2303,"protein_coding",592,36,0.917908549,"GAACT",0.5,NA,NA,NA,NA,NA,NA,NA,NA,NA,0,0,0,NA,NA,NA
"3505","ENST00000602845.2","ENSG00000270170.2","OTTHUMG00000184107.3","OTTHUMT00000468038.3","NCBP2AS2-201","NCBP2AS2",870,"protein_coding",647,81,0.977624357,"GGACT",0.827160494,NA,NA,NA,NA,NA,NA,NA,NA,NA,0,0,0,NA,NA,NA
"3506","ENST00000602845.2","ENSG00000270170.2","OTTHUMG00000184107.3","OTTHUMT00000468038.3","NCBP2AS2-201","NCBP2AS2",870,"protein_coding",679,90,0.980883241,"TGACT",0.733333333,NA,NA,NA,NA,NA,NA,NA,NA,NA,0,0,0,NA,NA,NA
"3507","ENST00000602845.2","ENSG00000270170.2","OTTHUMG00000184107.3","OTTHUMT00000468038.3","NCBP2AS2-201","NCBP2AS2",870,"protein_coding",693,84,0.989129663,"GGACA",0.726190476,NA,NA,NA,NA,NA,NA,NA,NA,NA,0,0,0,NA,NA,NA
"3508","ENST00000602875.5","ENSG00000213523.12","OTTHUMG00000163569.4","OTTHUMT00000468009.1","SRA1-206","SRA1",769,"retained_intron",706,49,0.938632905,"AGACT",0.693877551,NA,NA,NA,NA,NA,NA,NA,NA,NA,0,0,0,NA,NA,NA
"3509","ENST00000605895.6","ENSG00000157916.20","OTTHUMG00000001403.6","OTTHUMT00000004061.3","RER1-209","RER1",3028,"protein_coding",1165,120,0.916367948,"GAACT",0.475,NA,NA,NA,NA,NA,NA,NA,NA,NA,0,0,0,NA,NA,NA
"3510","ENST00000606065.3","ENSG00000099804.9","OTTHUMG00000180558.11","OTTHUMT00000471238.3","CDC34-205","CDC34",1062,"protein_coding",570,45,0.920612693,"GGACC",0.422222222,NA,NA,NA,NA,NA,NA,NA,NA,NA,0,0,0,NA,NA,NA
"3511","ENST00000606065.3","ENSG00000099804.9","OTTHUMG00000180558.11","OTTHUMT00000471238.3","CDC34-205","CDC34",1062,"protein_coding",830,75,0.936767578,"GGACT",0.693333333,NA,NA,NA,NA,NA,NA,NA,NA,NA,0,0,0,NA,NA,NA
"3512","ENST00000606162.6","ENSG00000122378.14","OTTHUMG00000018614.4","OTTHUMT00000049074.3","PRXL2A-205","PRXL2A",5801,"protein_coding",967,70,0.919358373,"AGACT",0.614285714,NA,NA,NA,NA,NA,NA,NA,NA,NA,0,0,0,NA,NA,NA
"3513","ENST00000606400.3","ENSG00000099804.9","OTTHUMG00000180558.11","OTTHUMT00000457366.5","CDC34-206","CDC34",899,"retained_intron",712,67,0.934084117,"GGACT",0.686567164,NA,NA,NA,NA,NA,NA,NA,NA,NA,0,0,0,NA,NA,NA
"3514","ENST00000606719.6","ENSG00000113712.19","OTTHUMG00000163463.7","OTTHUMT00000504788.1","CSNK1A1-210","CSNK1A1",2476,"protein_coding",195,54,0.915976942,"TGACT",0.648148148,NA,NA,NA,NA,NA,NA,NA,NA,NA,0,0,0,NA,NA,NA
"3515","ENST00000607440.5","ENSG00000065268.11","OTTHUMG00000181903.9","OTTHUMT00000474026.1","WDR18-211","WDR18",1397,"protein_coding",1279,237,0.942085326,"GGACT",0.691983122,NA,NA,NA,NA,NA,NA,NA,NA,NA,0,0,0,NA,NA,NA
"3516","ENST00000607471.5","ENSG00000175221.16","OTTHUMG00000181841.12","OTTHUMT00000471274.1","MED16-210","MED16",2004,"protein_coding",1677,21,0.974771261,"GGACT",0.904761905,NA,NA,NA,NA,NA,NA,NA,NA,NA,0,0,0,NA,NA,NA
"3517","ENST00000607714.6","ENSG00000105197.11","OTTHUMG00000183066.6","OTTHUMT00000470728.3","TIMM50-219","TIMM50",5037,"protein_coding",1233,70,0.947464108,"GGACT",0.714285714,NA,NA,NA,NA,NA,NA,NA,NA,NA,0,0,0,NA,NA,NA
"3518","ENST00000607978.2","ENSG00000272831.2","OTTHUMG00000186261.2","OTTHUMT00000472516.2","ENST00000607978","ENSG00000272831",814,"lncRNA",515,20,0.966906369,"GGACA",0.6,NA,NA,NA,NA,NA,NA,NA,NA,NA,0,0,0,NA,NA,NA
"3519","ENST00000608100.5","ENSG00000128944.14","OTTHUMG00000172454.3","OTTHUMT00000473005.1","KNSTRN-216","KNSTRN",1495,"protein_coding",935,68,0.987346172,"GGACT",0.838235294,NA,NA,NA,NA,NA,NA,NA,NA,NA,0,0,0,NA,NA,NA
"3520","ENST00000608100.5","ENSG00000128944.14","OTTHUMG00000172454.3","OTTHUMT00000473005.1","KNSTRN-216","KNSTRN",1495,"protein_coding",981,89,0.980648577,"GGACA",0.640449438,NA,NA,NA,NA,NA,NA,NA,NA,NA,0,0,0,NA,NA,NA
"3521","ENST00000608100.5","ENSG00000128944.14","OTTHUMG00000172454.3","OTTHUMT00000473005.1","KNSTRN-216","KNSTRN",1495,"protein_coding",1131,97,0.946868062,"TGACT",0.659793814,NA,NA,NA,NA,NA,NA,NA,NA,NA,0,0,0,NA,NA,NA
"3522","ENST00000608478.1","ENSG00000138685.18","OTTHUMG00000039506.5","OTTHUMT00000472102.1","FGF2-202","FGF2",3880,"protein_coding",731,25,0.946775615,"GAACT",0.72,344,3068,468,1,344,345,811,812,3879,0,1,0,NA,0.826923076923077,NA
"3523","ENST00000608703.1","ENSG00000204389.10","OTTHUMG00000031201.4","OTTHUMT00000268464.2","HSPA1A-202","HSPA1A",1909,"protein_coding",1545,220,0.989877939,"GGACT",0.859090909,NA,NA,NA,NA,NA,NA,NA,NA,NA,0,0,0,NA,NA,NA
"3524","ENST00000610179.7","ENSG00000125779.24","OTTHUMG00000031768.7","OTTHUMT00000473149.1","PANK2-207","PANK2",8020,"protein_coding",1512,20,0.954894722,"TGACT",0.5,NA,NA,NA,NA,NA,NA,NA,NA,NA,0,0,0,NA,NA,NA
"3525","ENST00000610520.5","ENSG00000156508.19","OTTHUMG00000015031.7","-","EEF1A1-211","EEF1A1",3503,"protein_coding",1502,2903,0.926349163,"GAACT",0.624526352,NA,NA,NA,NA,NA,NA,NA,NA,NA,0,0,0,NA,NA,NA
"3526","ENST00000610520.5","ENSG00000156508.19","OTTHUMG00000015031.7","-","EEF1A1-211","EEF1A1",3503,"protein_coding",1543,2753,0.94839102,"AGACT",0.591718126,NA,NA,NA,NA,NA,NA,NA,NA,NA,0,0,0,NA,NA,NA
"3527","ENST00000611400.4","ENSG00000164081.13","OTTHUMG00000156901.2","-","TEX264-215","TEX264",1488,"protein_coding",1374,183,0.936451316,"GGACT",0.601092896,NA,NA,NA,NA,NA,NA,NA,NA,NA,0,0,0,NA,NA,NA
"3528","ENST00000611959.2","ENSG00000026297.17","OTTHUMG00000016009.8","-","RNASET2-213","RNASET2",2234,"nonsense_mediated_decay",962,52,0.906743526,"GAACT",0.576923077,NA,NA,NA,NA,NA,NA,NA,NA,NA,0,0,0,NA,NA,NA
"3529","ENST00000612048.4","ENSG00000110811.20","OTTHUMG00000168516.6","OTTHUMT00000399997.1","P3H3-211","P3H3",2129,"retained_intron",1900,27,0.975337148,"GGACT",0.814814815,NA,NA,NA,NA,NA,NA,NA,NA,NA,0,0,0,NA,NA,NA
"3530","ENST00000612048.4","ENSG00000110811.20","OTTHUMG00000168516.6","OTTHUMT00000399997.1","P3H3-211","P3H3",2129,"retained_intron",1909,26,0.970556855,"GGACA",0.692307692,NA,NA,NA,NA,NA,NA,NA,NA,NA,0,0,0,NA,NA,NA
"3531","ENST00000612048.4","ENSG00000110811.20","OTTHUMG00000168516.6","OTTHUMT00000399997.1","P3H3-211","P3H3",2129,"retained_intron",1973,20,0.957110226,"GGACC",0.55,NA,NA,NA,NA,NA,NA,NA,NA,NA,0,0,0,NA,NA,NA
"3532","ENST00000612048.4","ENSG00000110811.20","OTTHUMG00000168516.6","OTTHUMT00000399997.1","P3H3-211","P3H3",2129,"retained_intron",1987,26,0.993385971,"GGACA",0.961538462,NA,NA,NA,NA,NA,NA,NA,NA,NA,0,0,0,NA,NA,NA
"3533","ENST00000612130.4","ENSG00000184182.19","OTTHUMG00000133341.4","-","UBE2F-223","UBE2F",2135,"protein_coding",718,61,0.949051619,"GGACT",0.786885246,NA,NA,NA,NA,NA,NA,NA,NA,NA,0,0,0,NA,NA,NA
"3534","ENST00000612152.4","ENSG00000000003.16","OTTHUMG00000022002.2","-","TSPAN6-204","TSPAN6",3796,"protein_coding",536,21,0.904006958,"GAACT",0.619047619,NA,NA,NA,NA,NA,NA,NA,NA,NA,0,0,0,NA,NA,NA
"3535","ENST00000612553.5","ENSG00000165688.14","OTTHUMG00000020926.5","OTTHUMT00000477903.1","PMPCA-207","PMPCA",3490,"retained_intron",2321,27,0.969080508,"GAACT",0.740740741,NA,NA,NA,NA,NA,NA,NA,NA,NA,0,0,0,NA,NA,NA
"3536","ENST00000612553.5","ENSG00000165688.14","OTTHUMG00000020926.5","OTTHUMT00000477903.1","PMPCA-207","PMPCA",3490,"retained_intron",2553,57,0.986366808,"GGACT",0.754385965,NA,NA,NA,NA,NA,NA,NA,NA,NA,0,0,0,NA,NA,NA
"3537","ENST00000613102.5","ENSG00000278311.5","OTTHUMG00000193344.2","OTTHUMT00000477246.2","GGNBP2-212","GGNBP2",2816,"protein_coding",2168,25,0.906763017,"GAACT",0.48,NA,NA,NA,NA,NA,NA,NA,NA,NA,0,0,0,NA,NA,NA
"3538","ENST00000613129.4","ENSG00000148248.14","OTTHUMG00000020868.3","-","SURF4-208","SURF4",3148,"protein_coding",1152,28,0.96760565,"GGACT",0.678571429,NA,NA,NA,NA,NA,NA,NA,NA,NA,0,0,0,NA,NA,NA
"3539","ENST00000613129.4","ENSG00000148248.14","OTTHUMG00000020868.3","-","SURF4-208","SURF4",3148,"protein_coding",1241,50,0.939458132,"GAACT",0.56,NA,NA,NA,NA,NA,NA,NA,NA,NA,0,0,0,NA,NA,NA
"3540","ENST00000613129.4","ENSG00000148248.14","OTTHUMG00000020868.3","-","SURF4-208","SURF4",3148,"protein_coding",2009,80,0.90107733,"GGACT",0.4625,NA,NA,NA,NA,NA,NA,NA,NA,NA,0,0,0,NA,NA,NA
"3541","ENST00000613129.4","ENSG00000148248.14","OTTHUMG00000020868.3","-","SURF4-208","SURF4",3148,"protein_coding",2116,60,0.941537023,"GGACA",0.666666667,NA,NA,NA,NA,NA,NA,NA,NA,NA,0,0,0,NA,NA,NA
"3542","ENST00000613183.1","ENSG00000066697.15","OTTHUMG00000020365.3","-","MSANTD3-206","MSANTD3",1755,"protein_coding",1011,83,0.942175925,"AGACT",0.831325301,NA,NA,NA,NA,NA,NA,NA,NA,NA,0,0,0,NA,NA,NA
"3543","ENST00000613183.1","ENSG00000066697.15","OTTHUMG00000020365.3","-","MSANTD3-206","MSANTD3",1755,"protein_coding",1070,109,0.91135484,"GGACT",0.733944954,NA,NA,NA,NA,NA,NA,NA,NA,NA,0,0,0,NA,NA,NA
"3544","ENST00000613205.4","ENSG00000137497.19","OTTHUMG00000167697.4","-","NUMA1-232","NUMA1",3940,"protein_coding",3709,21,0.962837338,"GGACT",0.666666667,NA,NA,NA,NA,NA,NA,NA,NA,NA,0,0,0,NA,NA,NA
"3545","ENST00000613322.4","ENSG00000042286.15","OTTHUMG00000018398.3","-","AIFM2-204","AIFM2",3247,"protein_coding",1384,191,0.955287993,"GGACT",0.701570681,NA,NA,NA,NA,NA,NA,NA,NA,NA,0,0,0,NA,NA,NA
"3546","ENST00000613459.4","ENSG00000113716.13","OTTHUMG00000163493.2","-","HMGXB3-206","HMGXB3",5567,"protein_coding",4739,20,0.982453525,"GGACT",0.95,NA,NA,NA,NA,NA,NA,NA,NA,NA,0,0,0,NA,NA,NA
"3547","ENST00000613496.4","ENSG00000115756.13","OTTHUMG00000090451.6","-","HPCAL1-206","HPCAL1",1547,"protein_coding",1122,104,0.947865009,"TGACT",0.75,NA,NA,NA,NA,NA,NA,NA,NA,NA,0,0,0,NA,NA,NA
"3548","ENST00000613537.5","ENSG00000011007.13","OTTHUMG00000002957.3","OTTHUMT00000008230.2","ELOA-204","ELOA",4838,"protein_coding",2401,21,0.967652738,"GGACA",0.619047619,NA,NA,NA,NA,NA,NA,NA,NA,NA,0,0,0,NA,NA,NA
"3549","ENST00000613659.1","ENSG00000276023.5","OTTHUMG00000188472.2","OTTHUMT00000477362.1","DUSP14-204","DUSP14",1559,"protein_coding",604,21,0.980297446,"GGACT",0.857142857,NA,NA,NA,NA,NA,NA,NA,NA,NA,0,0,0,NA,NA,NA
"3550","ENST00000613675.5","ENSG00000278845.5","OTTHUMG00000188489.2","OTTHUMT00000477410.2","MRPL45-203","MRPL45",1553,"protein_coding",1133,103,0.969983816,"GGACA",0.737864078,NA,NA,NA,NA,NA,NA,NA,NA,NA,0,0,0,NA,NA,NA
"3551","ENST00000614067.4","ENSG00000164081.13","OTTHUMG00000156901.2","-","TEX264-216","TEX264",1174,"protein_coding",755,23,0.919090569,"GGACT",0.695652174,NA,NA,NA,NA,NA,NA,NA,NA,NA,0,0,0,NA,NA,NA
"3552","ENST00000614067.4","ENSG00000164081.13","OTTHUMG00000156901.2","-","TEX264-216","TEX264",1174,"protein_coding",802,48,0.92610544,"GGACT",0.666666667,NA,NA,NA,NA,NA,NA,NA,NA,NA,0,0,0,NA,NA,NA
"3553","ENST00000614067.4","ENSG00000164081.13","OTTHUMG00000156901.2","-","TEX264-216","TEX264",1174,"protein_coding",1060,93,0.912465692,"GGACT",0.569892473,NA,NA,NA,NA,NA,NA,NA,NA,NA,0,0,0,NA,NA,NA
"3554","ENST00000614256.4","ENSG00000160679.14","OTTHUMG00000037052.2","-","CHTOP-207","CHTOP",1840,"protein_coding",923,20,0.936413825,"GGACT",0.8,NA,NA,NA,NA,NA,NA,NA,NA,NA,0,0,0,NA,NA,NA
"3555","ENST00000614314.4","ENSG00000132254.13","OTTHUMG00000133406.6","-","ARFIP2-210","ARFIP2",3846,"protein_coding",1449,21,0.997008979,"AGACA",0.904761905,NA,NA,NA,NA,NA,NA,NA,NA,NA,0,0,0,NA,NA,NA
"3556","ENST00000614314.4","ENSG00000132254.13","OTTHUMG00000133406.6","-","ARFIP2-210","ARFIP2",3846,"protein_coding",1486,23,0.952573955,"GGACA",0.739130435,NA,NA,NA,NA,NA,NA,NA,NA,NA,0,0,0,NA,NA,NA
"3557","ENST00000614314.4","ENSG00000132254.13","OTTHUMG00000133406.6","-","ARFIP2-210","ARFIP2",3846,"protein_coding",1786,62,0.971064687,"GGACT",0.758064516,NA,NA,NA,NA,NA,NA,NA,NA,NA,0,0,0,NA,NA,NA
"3558","ENST00000614363.4","ENSG00000204387.14","OTTHUMG00000031175.4","-","SNHG32-209","SNHG32",748,"lncRNA",573,201,0.929120839,"GAACT",0.492537313,NA,NA,NA,NA,NA,NA,NA,NA,NA,0,0,0,NA,NA,NA
"3559","ENST00000614411.1","ENSG00000276023.5","OTTHUMG00000188472.2","OTTHUMT00000477363.1","DUSP14-205","DUSP14",2207,"protein_coding",1238,21,0.979493678,"GGACT",0.857142857,978,632,597,1,978,979,1574,1575,2206,0,1,0,NA,0.435510887772194,NA
"3560","ENST00000614428.4","ENSG00000278540.5","OTTHUMG00000188463.3","OTTHUMT00000477314.1","ACACA-231","ACACA",9554,"protein_coding",9477,24,0.903769612,"GGACA",0.583333333,191,2322,7041,1,191,192,7231,7232,9553,0,0,1,NA,NA,0.966838931955211
"3561","ENST00000614445.5","ENSG00000167085.14","OTTHUMG00000134271.10","OTTHUMT00000258827.4","PHB1-214","PHB1",1908,"protein_coding",1648,47,0.97776109,"GGACT",0.829787234,NA,NA,NA,NA,NA,NA,NA,NA,NA,0,0,0,NA,NA,NA
"3562","ENST00000614499.5","ENSG00000119977.22","OTTHUMG00000018814.7","-","TCTN3-207","TCTN3",2552,"protein_coding",1762,21,0.941926897,"GGACT",0.714285714,NA,NA,NA,NA,NA,NA,NA,NA,NA,0,0,0,NA,NA,NA
"3563","ENST00000614731.4","ENSG00000196072.12","OTTHUMG00000018908.3","-","BLOC1S2-205","BLOC1S2",2634,"protein_coding",179,21,0.9299739,"TGACT",0.619047619,NA,NA,NA,NA,NA,NA,NA,NA,NA,0,0,0,NA,NA,NA
"3564","ENST00000614731.4","ENSG00000196072.12","OTTHUMG00000018908.3","-","BLOC1S2-205","BLOC1S2",2634,"protein_coding",606,69,0.913491189,"GGACT",0.623188406,NA,NA,NA,NA,NA,NA,NA,NA,NA,0,0,0,NA,NA,NA
"3565","ENST00000614731.4","ENSG00000196072.12","OTTHUMG00000018908.3","-","BLOC1S2-205","BLOC1S2",2634,"protein_coding",709,78,0.967422009,"AGACT",0.833333333,NA,NA,NA,NA,NA,NA,NA,NA,NA,0,0,0,NA,NA,NA
"3566","ENST00000614851.4","ENSG00000262919.8","OTTHUMG00000024206.8","OTTHUMT00000060990.5","CCNQ-206","CCNQ",1006,"nonsense_mediated_decay",907,114,0.924869895,"AGACT",0.587719298,NA,NA,NA,NA,NA,NA,NA,NA,NA,0,0,0,NA,NA,NA
"3567","ENST00000614867.2","ENSG00000172270.22","OTTHUMG00000177718.19","OTTHUMT00000474399.1","BSG-214","BSG",960,"protein_coding",711,300,0.919882834,"GGACT",0.52,NA,NA,NA,NA,NA,NA,NA,NA,NA,0,0,0,NA,NA,NA
"3568","ENST00000615060.5","ENSG00000156508.19","OTTHUMG00000015031.7","-","EEF1A1-212","EEF1A1",3694,"protein_coding",1708,2898,0.925782681,"GAACT",0.62284334,NA,NA,NA,NA,NA,NA,NA,NA,NA,0,0,0,NA,NA,NA
"3569","ENST00000615060.5","ENSG00000156508.19","OTTHUMG00000015031.7","-","EEF1A1-212","EEF1A1",3694,"protein_coding",1749,2740,0.941883683,"AGACT",0.590875912,NA,NA,NA,NA,NA,NA,NA,NA,NA,0,0,0,NA,NA,NA
"3570","ENST00000615116.1","ENSG00000171222.11","OTTHUMG00000032370.2","-","SCAND1-203","SCAND1",1371,"protein_coding",1285,237,0.982289076,"GGACT",0.734177215,NA,NA,NA,NA,NA,NA,NA,NA,NA,0,0,0,NA,NA,NA
"3571","ENST00000615337.4","ENSG00000157593.20","OTTHUMG00000014760.3","-","SLC35B2-206","SLC35B2",2014,"protein_coding",562,24,0.994160354,"GGACT",0.791666667,NA,NA,NA,NA,NA,NA,NA,NA,NA,0,0,0,NA,NA,NA
"3572","ENST00000615544.5","ENSG00000184009.13","OTTHUMG00000177955.9","-","ACTG1-215","ACTG1",1895,"protein_coding",513,129,0.999619603,"GGACT",0.937984496,NA,NA,NA,NA,NA,NA,NA,NA,NA,0,0,0,NA,NA,NA
"3573","ENST00000615544.5","ENSG00000184009.13","OTTHUMG00000177955.9","-","ACTG1-215","ACTG1",1895,"protein_coding",1185,300,0.95875746,"GGACT",0.7,NA,NA,NA,NA,NA,NA,NA,NA,NA,0,0,0,NA,NA,NA
"3574","ENST00000615554.4","ENSG00000122378.14","OTTHUMG00000018614.4","-","PRXL2A-206","PRXL2A",2213,"protein_coding",1498,70,0.919556439,"AGACT",0.614285714,NA,NA,NA,NA,NA,NA,NA,NA,NA,0,0,0,NA,NA,NA
"3575","ENST00000615879.4","ENSG00000058600.16","OTTHUMG00000094779.4","-","POLR3E-219","POLR3E",3655,"protein_coding",2397,23,0.974065065,"GGACA",0.782608696,NA,NA,NA,NA,NA,NA,NA,NA,NA,0,0,0,NA,NA,NA
"3576","ENST00000615984.4","ENSG00000181038.14","OTTHUMG00000180371.3","-","METTL23-215","METTL23",1171,"protein_coding",967,20,0.985176742,"GGACA",0.75,NA,NA,NA,NA,NA,NA,NA,NA,NA,0,0,0,NA,NA,NA
"3577","ENST00000615984.4","ENSG00000181038.14","OTTHUMG00000180371.3","-","METTL23-215","METTL23",1171,"protein_coding",1002,42,0.970266104,"GGACA",0.69047619,NA,NA,NA,NA,NA,NA,NA,NA,NA,0,0,0,NA,NA,NA
"3578","ENST00000616317.5","ENSG00000278540.5","OTTHUMG00000188463.3","OTTHUMT00000477312.2","ACACA-237","ACACA",10013,"protein_coding",9934,24,0.90318507,"GGACA",0.583333333,NA,NA,NA,NA,NA,NA,NA,NA,NA,0,0,0,NA,NA,NA
"3579","ENST00000616395.4","ENSG00000054116.12","OTTHUMG00000007664.4","-","TRAPPC3-209","TRAPPC3",1336,"protein_coding",955,45,0.93790859,"GGACT",0.6,NA,NA,NA,NA,NA,NA,NA,NA,NA,0,0,0,NA,NA,NA
"3580","ENST00000616640.1","ENSG00000152464.15","OTTHUMG00000017728.4","-","RPP38-207","RPP38",1537,"protein_coding",745,22,0.956348002,"GGACA",0.454545455,NA,NA,NA,NA,NA,NA,NA,NA,NA,0,0,0,NA,NA,NA
"3581","ENST00000616640.1","ENSG00000152464.15","OTTHUMG00000017728.4","-","RPP38-207","RPP38",1537,"protein_coding",1159,54,0.907277882,"TGACT",0.666666667,NA,NA,NA,NA,NA,NA,NA,NA,NA,0,0,0,NA,NA,NA
"3582","ENST00000616640.1","ENSG00000152464.15","OTTHUMG00000017728.4","-","RPP38-207","RPP38",1537,"protein_coding",1257,60,0.909199357,"AGACT",0.666666667,NA,NA,NA,NA,NA,NA,NA,NA,NA,0,0,0,NA,NA,NA
"3583","ENST00000616640.1","ENSG00000152464.15","OTTHUMG00000017728.4","-","RPP38-207","RPP38",1537,"protein_coding",1294,61,0.984827995,"GGACA",0.754098361,NA,NA,NA,NA,NA,NA,NA,NA,NA,0,0,0,NA,NA,NA
"3584","ENST00000616640.1","ENSG00000152464.15","OTTHUMG00000017728.4","-","RPP38-207","RPP38",1537,"protein_coding",1488,52,0.937474489,"GGACA",0.461538462,NA,NA,NA,NA,NA,NA,NA,NA,NA,0,0,0,NA,NA,NA
"3585","ENST00000616743.1","ENSG00000176788.9","OTTHUMG00000131061.8","-","BASP1-203","BASP1",1711,"protein_coding",534,27,0.993156612,"AGACT",0.777777778,NA,NA,NA,NA,NA,NA,NA,NA,NA,0,0,0,NA,NA,NA
"3586","ENST00000616743.1","ENSG00000176788.9","OTTHUMG00000131061.8","-","BASP1-203","BASP1",1711,"protein_coding",595,29,0.97987175,"AGACT",0.724137931,NA,NA,NA,NA,NA,NA,NA,NA,NA,0,0,0,NA,NA,NA
"3587","ENST00000616743.1","ENSG00000176788.9","OTTHUMG00000131061.8","-","BASP1-203","BASP1",1711,"protein_coding",773,22,0.997510493,"GGACA",0.772727273,NA,NA,NA,NA,NA,NA,NA,NA,NA,0,0,0,NA,NA,NA
"3588","ENST00000616852.1","ENSG00000087995.16","OTTHUMG00000164527.3","-","METTL2A-204","METTL2A",3150,"protein_coding",260,23,0.995321572,"GGACT",0.956521739,NA,NA,NA,NA,NA,NA,NA,NA,NA,0,0,0,NA,NA,NA
"3589","ENST00000616852.1","ENSG00000087995.16","OTTHUMG00000164527.3","-","METTL2A-204","METTL2A",3150,"protein_coding",579,54,0.900171995,"GAACT",0.611111111,NA,NA,NA,NA,NA,NA,NA,NA,NA,0,0,0,NA,NA,NA
"3590","ENST00000617119.4","ENSG00000244687.13","OTTHUMG00000152626.6","-","UBE2V1-222","UBE2V1",2432,"protein_coding",769,20,0.980911553,"GGACA",0.65,NA,NA,NA,NA,NA,NA,NA,NA,NA,0,0,0,NA,NA,NA
"3591","ENST00000617316.2","ENSG00000276045.4","OTTHUMG00000169073.3","-","ORAI1-202","ORAI1",1496,"protein_coding",1176,35,0.947274148,"GGACA",0.771428571,NA,NA,NA,NA,NA,NA,NA,NA,NA,0,0,0,NA,NA,NA
"3592","ENST00000617316.2","ENSG00000276045.4","OTTHUMG00000169073.3","-","ORAI1-202","ORAI1",1496,"protein_coding",1262,26,0.926302671,"AAACT",0.576923077,NA,NA,NA,NA,NA,NA,NA,NA,NA,0,0,0,NA,NA,NA
"3593","ENST00000617412.1","ENSG00000145632.15","OTTHUMG00000097047.3","-","PLK2-215","PLK2",2792,"protein_coding",2199,82,0.93021667,"AGACT",0.817073171,NA,NA,NA,NA,NA,NA,NA,NA,NA,0,0,0,NA,NA,NA
"3594","ENST00000617412.1","ENSG00000145632.15","OTTHUMG00000097047.3","-","PLK2-215","PLK2",2792,"protein_coding",2212,70,0.916087747,"GGACC",0.471428571,NA,NA,NA,NA,NA,NA,NA,NA,NA,0,0,0,NA,NA,NA
"3595","ENST00000617412.1","ENSG00000145632.15","OTTHUMG00000097047.3","-","PLK2-215","PLK2",2792,"protein_coding",2222,80,0.938242912,"GGACT",0.5875,NA,NA,NA,NA,NA,NA,NA,NA,NA,0,0,0,NA,NA,NA
"3596","ENST00000617412.1","ENSG00000145632.15","OTTHUMG00000097047.3","-","PLK2-215","PLK2",2792,"protein_coding",2380,59,0.983145356,"GGACA",0.762711864,NA,NA,NA,NA,NA,NA,NA,NA,NA,0,0,0,NA,NA,NA
"3597","ENST00000617428.4","ENSG00000104880.19","OTTHUMG00000177342.5","OTTHUMT00000458961.2","ARHGEF18-205","ARHGEF18",5514,"protein_coding",5055,21,0.970780551,"TGACT",0.666666667,NA,NA,NA,NA,NA,NA,NA,NA,NA,0,0,0,NA,NA,NA
"3598","ENST00000617428.4","ENSG00000104880.19","OTTHUMG00000177342.5","OTTHUMT00000458961.2","ARHGEF18-205","ARHGEF18",5514,"protein_coding",5476,23,0.935164213,"GAACT",0.47826087,NA,NA,NA,NA,NA,NA,NA,NA,NA,0,0,0,NA,NA,NA
"3599","ENST00000617516.5","ENSG00000276023.5","OTTHUMG00000188472.2","OTTHUMT00000477361.2","DUSP14-206","DUSP14",1474,"protein_coding",508,21,0.980148554,"GGACT",0.857142857,NA,NA,NA,NA,NA,NA,NA,NA,NA,0,0,0,NA,NA,NA
"3600","ENST00000617716.4","ENSG00000275464.6","OTTHUMG00000189361.4","OTTHUMT00000479444.2","ENST00000617716","ENSG00000275464",3188,"artifact",3059,46,0.928380609,"GAACT",0.52173913,NA,NA,NA,NA,NA,NA,NA,NA,NA,0,0,0,NA,NA,NA
"3601","ENST00000617768.5","ENSG00000128965.13","OTTHUMG00000130208.11","OTTHUMT00000252526.9","CHAC1-203","CHAC1",1520,"protein_coding",1027,20,0.918425441,"GGACA",0.7,NA,NA,NA,NA,NA,NA,NA,NA,NA,0,0,0,NA,NA,NA
"3602","ENST00000617768.5","ENSG00000128965.13","OTTHUMG00000130208.11","OTTHUMT00000252526.9","CHAC1-203","CHAC1",1520,"protein_coding",1259,47,0.937870741,"GGACT",0.617021277,NA,NA,NA,NA,NA,NA,NA,NA,NA,0,0,0,NA,NA,NA
"3603","ENST00000617874.5","ENSG00000167085.14","OTTHUMG00000134271.10","OTTHUMT00000364810.3","PHB1-215","PHB1",1885,"protein_coding",1625,50,0.954135597,"GGACT",0.76,NA,NA,NA,NA,NA,NA,NA,NA,NA,0,0,0,NA,NA,NA
"3604","ENST00000617904.4","ENSG00000054116.12","OTTHUMG00000007664.4","-","TRAPPC3-210","TRAPPC3",1305,"protein_coding",924,45,0.938382328,"GGACT",0.6,NA,NA,NA,NA,NA,NA,NA,NA,NA,0,0,0,NA,NA,NA
"3605","ENST00000617987.1","ENSG00000122783.17","OTTHUMG00000155447.5","-","CYREN-213","CYREN",1727,"protein_coding",905,22,0.952706397,"AAACT",0.727272727,NA,NA,NA,NA,NA,NA,NA,NA,NA,0,0,0,NA,NA,NA
"3606","ENST00000617987.1","ENSG00000122783.17","OTTHUMG00000155447.5","-","CYREN-213","CYREN",1727,"protein_coding",1106,20,0.991320193,"GGACT",0.9,NA,NA,NA,NA,NA,NA,NA,NA,NA,0,0,0,NA,NA,NA
"3607","ENST00000617987.1","ENSG00000122783.17","OTTHUMG00000155447.5","-","CYREN-213","CYREN",1727,"protein_coding",1259,48,0.97527796,"AGACA",0.75,NA,NA,NA,NA,NA,NA,NA,NA,NA,0,0,0,NA,NA,NA
"3608","ENST00000618006.4","ENSG00000172270.22","OTTHUMG00000177718.19","OTTHUMT00000474398.3","BSG-215","BSG",1329,"protein_coding",1080,395,0.921824813,"GGACT",0.524050633,NA,NA,NA,NA,NA,NA,NA,NA,NA,0,0,0,NA,NA,NA
"3609","ENST00000618048.2","ENSG00000156113.25","OTTHUMG00000018543.33","OTTHUMT00000492570.1","KCNMA1-224","KCNMA1",1269,"protein_coding",1258,24,0.924531877,"GAACT",0.625,NA,NA,NA,NA,NA,NA,NA,NA,NA,0,0,0,NA,NA,NA
"3610","ENST00000618229.4","ENSG00000148248.14","OTTHUMG00000020868.3","-","SURF4-209","SURF4",3200,"protein_coding",1204,35,0.963782668,"GGACT",0.685714286,NA,NA,NA,NA,NA,NA,NA,NA,NA,0,0,0,NA,NA,NA
"3611","ENST00000618229.4","ENSG00000148248.14","OTTHUMG00000020868.3","-","SURF4-209","SURF4",3200,"protein_coding",1293,59,0.952801943,"GAACT",0.576271186,NA,NA,NA,NA,NA,NA,NA,NA,NA,0,0,0,NA,NA,NA
"3612","ENST00000618229.4","ENSG00000148248.14","OTTHUMG00000020868.3","-","SURF4-209","SURF4",3200,"protein_coding",2061,85,0.903595805,"GGACT",0.447058824,NA,NA,NA,NA,NA,NA,NA,NA,NA,0,0,0,NA,NA,NA
"3613","ENST00000618229.4","ENSG00000148248.14","OTTHUMG00000020868.3","-","SURF4-209","SURF4",3200,"protein_coding",2168,63,0.953363597,"GGACA",0.682539683,NA,NA,NA,NA,NA,NA,NA,NA,NA,0,0,0,NA,NA,NA
"3614","ENST00000618655.2","ENSG00000136213.10","OTTHUMG00000023849.9","OTTHUMT00000504138.2","CHST12-204","CHST12",15985,"protein_coding",1275,22,0.944767356,"GGACT",0.727272727,NA,NA,NA,NA,NA,NA,NA,NA,NA,0,0,0,NA,NA,NA
"3615","ENST00000618655.2","ENSG00000136213.10","OTTHUMG00000023849.9","OTTHUMT00000504138.2","CHST12-204","CHST12",15985,"protein_coding",1380,25,0.993598163,"AGACT",0.92,NA,NA,NA,NA,NA,NA,NA,NA,NA,0,0,0,NA,NA,NA
"3616","ENST00000618916.4","ENSG00000196072.12","OTTHUMG00000018908.3","-","BLOC1S2-206","BLOC1S2",2470,"protein_coding",442,54,0.927353084,"GGACT",0.666666667,NA,NA,NA,NA,NA,NA,NA,NA,NA,0,0,0,NA,NA,NA
"3617","ENST00000618916.4","ENSG00000196072.12","OTTHUMG00000018908.3","-","BLOC1S2-206","BLOC1S2",2470,"protein_coding",545,63,0.962262094,"AGACT",0.80952381,NA,NA,NA,NA,NA,NA,NA,NA,NA,0,0,0,NA,NA,NA
"3618","ENST00000619304.4","ENSG00000101447.15","OTTHUMG00000032462.4","OTTHUMT00000079211.2","FAM83D-201","FAM83D",2475,"protein_coding",1460,23,0.925501704,"AGACT",0.782608696,NA,NA,NA,NA,NA,NA,NA,NA,NA,0,0,0,NA,NA,NA
"3619","ENST00000619304.4","ENSG00000101447.15","OTTHUMG00000032462.4","OTTHUMT00000079211.2","FAM83D-201","FAM83D",2475,"protein_coding",1681,26,0.932126164,"GAACT",0.576923077,NA,NA,NA,NA,NA,NA,NA,NA,NA,0,0,0,NA,NA,NA
"3620","ENST00000619304.4","ENSG00000101447.15","OTTHUMG00000032462.4","OTTHUMT00000079211.2","FAM83D-201","FAM83D",2475,"protein_coding",1695,28,0.959654689,"TGACT",0.821428571,NA,NA,NA,NA,NA,NA,NA,NA,NA,0,0,0,NA,NA,NA
"3621","ENST00000619304.4","ENSG00000101447.15","OTTHUMG00000032462.4","OTTHUMT00000079211.2","FAM83D-201","FAM83D",2475,"protein_coding",1933,28,0.955703378,"GGACA",0.714285714,NA,NA,NA,NA,NA,NA,NA,NA,NA,0,0,0,NA,NA,NA
"3622","ENST00000619360.6","ENSG00000146232.17","OTTHUMG00000014762.9","OTTHUMT00000040733.6","NFKBIE-204","NFKBIE",2344,"protein_coding",1399,46,0.928533494,"GGACT",0.695652174,NA,NA,NA,NA,NA,NA,NA,NA,NA,0,0,0,NA,NA,NA
"3623","ENST00000619360.6","ENSG00000146232.17","OTTHUMG00000014762.9","OTTHUMT00000040733.6","NFKBIE-204","NFKBIE",2344,"protein_coding",1637,52,0.980049074,"GGACT",0.942307692,NA,NA,NA,NA,NA,NA,NA,NA,NA,0,0,0,NA,NA,NA
"3624","ENST00000619360.6","ENSG00000146232.17","OTTHUMG00000014762.9","OTTHUMT00000040733.6","NFKBIE-204","NFKBIE",2344,"protein_coding",1657,59,0.976498187,"AGACT",0.796610169,NA,NA,NA,NA,NA,NA,NA,NA,NA,0,0,0,NA,NA,NA
"3625","ENST00000619360.6","ENSG00000146232.17","OTTHUMG00000014762.9","OTTHUMT00000040733.6","NFKBIE-204","NFKBIE",2344,"protein_coding",1737,57,0.93160218,"AGACT",0.736842105,NA,NA,NA,NA,NA,NA,NA,NA,NA,0,0,0,NA,NA,NA
"3626","ENST00000619528.4","ENSG00000103415.12","OTTHUMG00000129473.4","-","HMOX2-217","HMOX2",1829,"protein_coding",837,29,0.964878798,"GGACC",0.620689655,NA,NA,NA,NA,NA,NA,NA,NA,NA,0,0,0,NA,NA,NA
"3627","ENST00000619528.4","ENSG00000103415.12","OTTHUMG00000129473.4","-","HMOX2-217","HMOX2",1829,"protein_coding",865,20,0.972829938,"GGACA",0.65,NA,NA,NA,NA,NA,NA,NA,NA,NA,0,0,0,NA,NA,NA
"3628","ENST00000619546.4","ENSG00000278540.5","OTTHUMG00000188463.3","OTTHUMT00000477315.1","ACACA-245","ACACA",5315,"protein_coding",5242,24,0.900393009,"GGACA",0.583333333,NA,NA,NA,NA,NA,NA,NA,NA,NA,0,0,0,NA,NA,NA
"3629","ENST00000619548.1","ENSG00000278845.5","OTTHUMG00000188489.2","-","MRPL45-204","MRPL45",1554,"protein_coding",1128,99,0.970554948,"GGACA",0.727272727,NA,NA,NA,NA,NA,NA,NA,NA,NA,0,0,0,NA,NA,NA
"3630","ENST00000619735.4","ENSG00000100109.17","OTTHUMG00000150883.5","-","TFIP11-217","TFIP11",3402,"protein_coding",2614,23,0.919696271,"GAACT",0.52173913,NA,NA,NA,NA,NA,NA,NA,NA,NA,0,0,0,NA,NA,NA
"3631","ENST00000619796.4","ENSG00000146963.18","OTTHUMG00000185163.3","-","LUC7L2-210","LUC7L2",2783,"protein_coding",1809,22,0.907485723,"GAACT",0.590909091,NA,NA,NA,NA,NA,NA,NA,NA,NA,0,0,0,NA,NA,NA
"3632","ENST00000619850.2","ENSG00000101447.15","OTTHUMG00000032462.4","OTTHUMT00000476201.2","FAM83D-202","FAM83D",2370,"protein_coding",1355,23,0.926498473,"AGACT",0.782608696,NA,NA,NA,NA,NA,NA,NA,NA,NA,0,0,0,NA,NA,NA
"3633","ENST00000619850.2","ENSG00000101447.15","OTTHUMG00000032462.4","OTTHUMT00000476201.2","FAM83D-202","FAM83D",2370,"protein_coding",1576,26,0.93306154,"GAACT",0.576923077,NA,NA,NA,NA,NA,NA,NA,NA,NA,0,0,0,NA,NA,NA
"3634","ENST00000619850.2","ENSG00000101447.15","OTTHUMG00000032462.4","OTTHUMT00000476201.2","FAM83D-202","FAM83D",2370,"protein_coding",1590,28,0.959507704,"TGACT",0.821428571,NA,NA,NA,NA,NA,NA,NA,NA,NA,0,0,0,NA,NA,NA
"3635","ENST00000619850.2","ENSG00000101447.15","OTTHUMG00000032462.4","OTTHUMT00000476201.2","FAM83D-202","FAM83D",2370,"protein_coding",1828,28,0.95622021,"GGACA",0.714285714,NA,NA,NA,NA,NA,NA,NA,NA,NA,0,0,0,NA,NA,NA
"3636","ENST00000619913.4","ENSG00000103415.12","OTTHUMG00000129473.4","-","HMOX2-218","HMOX2",1908,"protein_coding",916,37,0.913901508,"GGACC",0.567567568,NA,NA,NA,NA,NA,NA,NA,NA,NA,0,0,0,NA,NA,NA
"3637","ENST00000619913.4","ENSG00000103415.12","OTTHUMG00000129473.4","-","HMOX2-218","HMOX2",1908,"protein_coding",944,25,0.965053797,"GGACA",0.64,NA,NA,NA,NA,NA,NA,NA,NA,NA,0,0,0,NA,NA,NA
"3638","ENST00000620088.4","ENSG00000262919.8","OTTHUMG00000024206.8","OTTHUMT00000060987.4","CCNQ-207","CCNQ",1160,"nonsense_mediated_decay",834,121,0.909088075,"GGACT",0.570247934,NA,NA,NA,NA,NA,NA,NA,NA,NA,0,0,0,NA,NA,NA
"3639","ENST00000620088.4","ENSG00000262919.8","OTTHUMG00000024206.8","OTTHUMT00000060987.4","CCNQ-207","CCNQ",1160,"nonsense_mediated_decay",1066,136,0.914261222,"AGACT",0.588235294,NA,NA,NA,NA,NA,NA,NA,NA,NA,0,0,0,NA,NA,NA
"3640","ENST00000620138.4","ENSG00000205531.14","OTTHUMG00000011009.12","-","NAP1L4-222","NAP1L4",2479,"protein_coding",1693,50,0.984302878,"GGACT",0.88,NA,NA,NA,NA,NA,NA,NA,NA,NA,0,0,0,NA,NA,NA
"3641","ENST00000620384.1","ENSG00000189057.11","OTTHUMG00000167279.5","-","FAM111B-206","FAM111B",3405,"protein_coding",3191,49,0.95165199,"GGACA",0.653061224,NA,NA,NA,NA,NA,NA,NA,NA,NA,0,0,0,NA,NA,NA
"3642","ENST00000620384.1","ENSG00000189057.11","OTTHUMG00000167279.5","-","FAM111B-206","FAM111B",3405,"protein_coding",3364,26,0.957072377,"GGACT",0.769230769,NA,NA,NA,NA,NA,NA,NA,NA,NA,0,0,0,NA,NA,NA
"3643","ENST00000620440.4","ENSG00000185164.15","OTTHUMG00000131366.2","-","NOMO2-210","NOMO2",1360,"protein_coding",1055,115,0.970017791,"GGACC",0.713043478,NA,NA,NA,NA,NA,NA,NA,NA,NA,0,0,0,NA,NA,NA
"3644","ENST00000620528.5","ENSG00000280071.5","OTTHUMG00000189357.4","OTTHUMT00000479432.2","ENST00000620528","ENSG00000280071",1584,"artifact",1233,59,0.940427244,"GGACC",0.610169492,NA,NA,NA,NA,NA,NA,NA,NA,NA,0,0,0,NA,NA,NA
"3645","ENST00000620566.4","ENSG00000137497.19","OTTHUMG00000167697.4","-","NUMA1-233","NUMA1",7012,"protein_coding",6781,21,0.946363986,"GGACT",0.571428571,NA,NA,NA,NA,NA,NA,NA,NA,NA,0,0,0,NA,NA,NA
"3646","ENST00000620709.4","ENSG00000101017.15","OTTHUMG00000033053.4","-","CD40-207","CD40",1522,"nonsense_mediated_decay",1005,24,0.949325323,"TGACT",0.666666667,NA,NA,NA,NA,NA,NA,NA,NA,NA,0,0,0,NA,NA,NA
"3647","ENST00000620771.4","ENSG00000115756.13","OTTHUMG00000090451.6","-","HPCAL1-207","HPCAL1",1941,"protein_coding",1516,103,0.946770728,"TGACT",0.747572816,NA,NA,NA,NA,NA,NA,NA,NA,NA,0,0,0,NA,NA,NA
"3648","ENST00000620897.4","ENSG00000122783.17","OTTHUMG00000155447.5","-","CYREN-214","CYREN",1349,"protein_coding",881,22,0.976512551,"AGACA",0.681818182,NA,NA,NA,NA,NA,NA,NA,NA,NA,0,0,0,NA,NA,NA
"3649","ENST00000620915.4","ENSG00000171302.17","OTTHUMG00000177570.9","-","CANT1-216","CANT1",3337,"protein_coding",2443,41,0.9099828,"TGACT",0.707317073,NA,NA,NA,NA,NA,NA,NA,NA,NA,0,0,0,NA,NA,NA
"3650","ENST00000621096.4","ENSG00000110047.18","OTTHUMG00000066832.18","-","EHD1-213","EHD1",3336,"protein_coding",1823,25,0.986655056,"AGACT",0.88,NA,NA,NA,NA,NA,NA,NA,NA,NA,0,0,0,NA,NA,NA
"3651","ENST00000621096.4","ENSG00000110047.18","OTTHUMG00000066832.18","-","EHD1-213","EHD1",3336,"protein_coding",1938,27,0.923677027,"GAACT",0.62962963,NA,NA,NA,NA,NA,NA,NA,NA,NA,0,0,0,NA,NA,NA
"3652","ENST00000621096.4","ENSG00000110047.18","OTTHUMG00000066832.18","-","EHD1-213","EHD1",3336,"protein_coding",3321,65,0.92274636,"GAACT",0.615384615,NA,NA,NA,NA,NA,NA,NA,NA,NA,0,0,0,NA,NA,NA
"3653","ENST00000621097.4","ENSG00000049541.11","OTTHUMG00000023239.8","-","RFC2-213","RFC2",1635,"protein_coding",1135,24,0.989801705,"TGACT",0.708333333,NA,NA,NA,NA,NA,NA,NA,NA,NA,0,0,0,NA,NA,NA
"3654","ENST00000621420.5","ENSG00000153037.15","OTTHUMG00000186064.6","OTTHUMT00000488541.2","SRP19-212","SRP19",1270,"protein_coding",522,250,0.924386501,"GAACT",0.648,NA,NA,NA,NA,NA,NA,NA,NA,NA,0,0,0,NA,NA,NA
"3655","ENST00000621420.5","ENSG00000153037.15","OTTHUMG00000186064.6","OTTHUMT00000488541.2","SRP19-212","SRP19",1270,"protein_coding",670,197,0.915286005,"GGACA",0.568527919,NA,NA,NA,NA,NA,NA,NA,NA,NA,0,0,0,NA,NA,NA
"3656","ENST00000621420.5","ENSG00000153037.15","OTTHUMG00000186064.6","OTTHUMT00000488541.2","SRP19-212","SRP19",1270,"protein_coding",677,259,0.928898335,"GGACT",0.71042471,NA,NA,NA,NA,NA,NA,NA,NA,NA,0,0,0,NA,NA,NA
"3657","ENST00000621469.5","ENSG00000114738.11","OTTHUMG00000156850.13","OTTHUMT00000504324.2","MAPKAPK3-208","MAPKAPK3",2537,"protein_coding",2018,21,0.965216517,"GAACT",0.714285714,NA,NA,NA,NA,NA,NA,NA,NA,NA,0,0,0,NA,NA,NA
"3658","ENST00000621507.1","ENSG00000125779.24","OTTHUMG00000031768.7","-","PANK2-209","PANK2",1763,"protein_coding",1287,20,0.959642947,"TGACT",0.55,NA,NA,NA,NA,NA,NA,NA,NA,NA,0,0,0,NA,NA,NA
"3659","ENST00000621592.8","ENSG00000136997.22","OTTHUMG00000128475.10","OTTHUMT00000250277.8","MYC-206","MYC",3721,"protein_coding",1360,48,0.920168459,"GGACT",0.479166667,NA,NA,NA,NA,NA,NA,NA,NA,NA,0,0,0,NA,NA,NA
"3660","ENST00000621592.8","ENSG00000136997.22","OTTHUMG00000128475.10","OTTHUMT00000250277.8","MYC-206","MYC",3721,"protein_coding",1840,121,0.926372945,"AGACT",0.545454545,NA,NA,NA,NA,NA,NA,NA,NA,NA,0,0,0,NA,NA,NA
"3661","ENST00000621592.8","ENSG00000136997.22","OTTHUMG00000128475.10","OTTHUMT00000250277.8","MYC-206","MYC",3721,"protein_coding",1880,118,0.911220074,"GGACT",0.754237288,NA,NA,NA,NA,NA,NA,NA,NA,NA,0,0,0,NA,NA,NA
"3662","ENST00000621629.4","ENSG00000262919.8","OTTHUMG00000024206.8","OTTHUMT00000060996.2","CCNQ-208","CCNQ",1220,"nonsense_mediated_decay",894,129,0.909801066,"GGACT",0.565891473,NA,NA,NA,NA,NA,NA,NA,NA,NA,0,0,0,NA,NA,NA
"3663","ENST00000621629.4","ENSG00000262919.8","OTTHUMG00000024206.8","OTTHUMT00000060996.2","CCNQ-208","CCNQ",1220,"nonsense_mediated_decay",1126,144,0.923820913,"AGACT",0.590277778,NA,NA,NA,NA,NA,NA,NA,NA,NA,0,0,0,NA,NA,NA
"3664","ENST00000621632.5","ENSG00000089737.19","OTTHUMG00000171301.3","OTTHUMT00000412861.3","DDX24-208","DDX24",5573,"protein_coding",2688,96,0.96033901,"TGACT",0.802083333,NA,NA,NA,NA,NA,NA,NA,NA,NA,0,0,0,NA,NA,NA
"3665","ENST00000621846.4","ENSG00000117448.14","OTTHUMG00000007740.4","-","AKR1A1-214","AKR1A1",1360,"protein_coding",176,20,0.900320649,"GAACT",0.5,NA,NA,NA,NA,NA,NA,NA,NA,NA,0,0,0,NA,NA,NA
"3666","ENST00000621943.4","ENSG00000066322.15","OTTHUMG00000007422.3","-","ELOVL1-216","ELOVL1",1625,"protein_coding",1147,87,0.988608658,"GGACT",0.804597701,NA,NA,NA,NA,NA,NA,NA,NA,NA,0,0,0,NA,NA,NA
"3667","ENST00000621943.4","ENSG00000066322.15","OTTHUMG00000007422.3","-","ELOVL1-216","ELOVL1",1625,"protein_coding",1218,119,0.910589695,"GGACT",0.705882353,NA,NA,NA,NA,NA,NA,NA,NA,NA,0,0,0,NA,NA,NA
"3668","ENST00000622018.4","ENSG00000115756.13","OTTHUMG00000090451.6","-","HPCAL1-208","HPCAL1",1535,"protein_coding",1110,103,0.945401728,"TGACT",0.747572816,NA,NA,NA,NA,NA,NA,NA,NA,NA,0,0,0,NA,NA,NA
"3669","ENST00000622277.4","ENSG00000147164.12","OTTHUMG00000021786.3","-","SNX12-207","SNX12",2422,"protein_coding",1742,55,0.92633909,"GAACT",0.545454545,NA,NA,NA,NA,NA,NA,NA,NA,NA,0,0,0,NA,NA,NA
"3670","ENST00000622306.5","ENSG00000185164.15","OTTHUMG00000131366.2","-","NOMO2-212","NOMO2",4235,"protein_coding",3932,132,0.957730353,"GGACC",0.689393939,NA,NA,NA,NA,NA,NA,NA,NA,NA,0,0,0,NA,NA,NA
"3671","ENST00000622558.4","ENSG00000188130.14","OTTHUMG00000030145.5","-","MAPK12-211","MAPK12",1779,"protein_coding",1416,26,0.965560257,"GGACC",0.538461538,NA,NA,NA,NA,NA,NA,NA,NA,NA,0,0,0,NA,NA,NA
"3672","ENST00000622558.4","ENSG00000188130.14","OTTHUMG00000030145.5","-","MAPK12-211","MAPK12",1779,"protein_coding",1633,62,0.945995867,"GGACA",0.5,NA,NA,NA,NA,NA,NA,NA,NA,NA,0,0,0,NA,NA,NA
"3673","ENST00000622602.2","ENSG00000256537.5","OTTHUMG00000168565.4","OTTHUMT00000474483.3","SMIM10L1-201","SMIM10L1",4823,"protein_coding",745,150,0.924516499,"GGACT",0.593333333,NA,NA,NA,NA,NA,NA,NA,NA,NA,0,0,0,NA,NA,NA
"3674","ENST00000622602.2","ENSG00000256537.5","OTTHUMG00000168565.4","OTTHUMT00000474483.3","SMIM10L1-201","SMIM10L1",4823,"protein_coding",874,188,0.933385074,"AAACT",0.643617021,NA,NA,NA,NA,NA,NA,NA,NA,NA,0,0,0,NA,NA,NA
"3675","ENST00000622639.4","ENSG00000066697.15","OTTHUMG00000020365.3","-","MSANTD3-207","MSANTD3",1748,"protein_coding",1004,82,0.940811276,"AGACT",0.829268293,NA,NA,NA,NA,NA,NA,NA,NA,NA,0,0,0,NA,NA,NA
"3676","ENST00000622639.4","ENSG00000066697.15","OTTHUMG00000020365.3","-","MSANTD3-207","MSANTD3",1748,"protein_coding",1063,109,0.912978649,"GGACT",0.733944954,NA,NA,NA,NA,NA,NA,NA,NA,NA,0,0,0,NA,NA,NA
"3677","ENST00000622841.1","ENSG00000128311.14","OTTHUMG00000150533.5","-","TST-204","TST",1105,"protein_coding",106,48,0.990220189,"GGACT",0.8125,NA,NA,NA,NA,NA,NA,NA,NA,NA,0,0,0,NA,NA,NA
"3678","ENST00000623113.3","ENSG00000131943.20","OTTHUMG00000149838.6","OTTHUMT00000313509.2","C19orf12-208","C19orf12",3726,"protein_coding",1176,24,0.912144423,"GGACT",0.666666667,NA,NA,NA,NA,NA,NA,NA,NA,NA,0,0,0,NA,NA,NA
"3679","ENST00000624186.1","ENSG00000141568.21","OTTHUMG00000140374.7","OTTHUMT00000439988.1","FOXK2-212","FOXK2",4244,"TEC",3338,20,0.913627863,"GGACT",0.65,NA,NA,NA,NA,NA,NA,NA,NA,NA,0,0,0,NA,NA,NA
"3680","ENST00000626257.2","ENSG00000146574.16","OTTHUMG00000152441.3","-","CCZ1B-215","CCZ1B",2211,"protein_coding",2009,343,0.936108172,"GGACT",0.618075802,NA,NA,NA,NA,NA,NA,NA,NA,NA,0,0,0,NA,NA,NA
"3681","ENST00000628813.2","ENSG00000122674.12","OTTHUMG00000155502.2","-","CCZ1-207","CCZ1",2218,"protein_coding",1436,343,0.937338769,"GGACT",0.635568513,NA,NA,NA,NA,NA,NA,NA,NA,NA,0,0,0,NA,NA,NA
"3682","ENST00000630236.2","ENSG00000136877.15","OTTHUMG00000020716.6","-","FPGS-221","FPGS",2160,"protein_coding",1740,44,0.921195984,"GAACT",0.409090909,NA,NA,NA,NA,NA,NA,NA,NA,NA,0,0,0,NA,NA,NA
"3683","ENST00000630287.2","ENSG00000117394.24","OTTHUMG00000007657.12","OTTHUMT00000481667.1","SLC2A1-208","SLC2A1",2398,"nonsense_mediated_decay",1927,23,0.921325684,"GAACT",0.608695652,NA,NA,NA,NA,NA,NA,NA,NA,NA,0,0,0,NA,NA,NA
"3684","ENST00000630539.1","ENSG00000049656.14","OTTHUMG00000131015.5","-","CLPTM1L-216","CLPTM1L",2032,"protein_coding",1670,203,0.963472784,"GGACA",0.729064039,NA,NA,NA,NA,NA,NA,NA,NA,NA,0,0,0,NA,NA,NA
"3685","ENST00000630539.1","ENSG00000049656.14","OTTHUMG00000131015.5","-","CLPTM1L-216","CLPTM1L",2032,"protein_coding",1957,244,0.97697264,"GGACT",0.860655738,NA,NA,NA,NA,NA,NA,NA,NA,NA,0,0,0,NA,NA,NA
"3686","ENST00000630925.1","ENSG00000137575.12","OTTHUMG00000164303.3","-","SDCBP-213","SDCBP",2076,"protein_coding",1542,60,0.902402639,"GAACT",0.6,NA,NA,NA,NA,NA,NA,NA,NA,NA,0,0,0,NA,NA,NA
"3687","ENST00000635031.2","ENSG00000170846.17","OTTHUMG00000125505.7","OTTHUMT00000488307.3","MRFAP1L2-203","MRFAP1L2",1973,"protein_coding",1646,49,0.953552246,"TGACT",0.714285714,NA,NA,NA,NA,NA,NA,NA,NA,NA,0,0,0,NA,NA,NA
"3688","ENST00000635031.2","ENSG00000170846.17","OTTHUMG00000125505.7","OTTHUMT00000488307.3","MRFAP1L2-203","MRFAP1L2",1973,"protein_coding",1823,53,0.926205218,"AGACT",0.716981132,NA,NA,NA,NA,NA,NA,NA,NA,NA,0,0,0,NA,NA,NA
"3689","ENST00000635110.1","ENSG00000078237.7","OTTHUMG00000168124.5","OTTHUMT00000488774.1","TIGAR-204","TIGAR",3633,"protein_coding",1756,20,0.92888087,"GGACT",0.75,NA,NA,NA,NA,NA,NA,NA,NA,NA,0,0,0,NA,NA,NA
"3690","ENST00000635110.1","ENSG00000078237.7","OTTHUMG00000168124.5","OTTHUMT00000488774.1","TIGAR-204","TIGAR",3633,"protein_coding",1928,20,0.954241633,"GGACA",0.6,NA,NA,NA,NA,NA,NA,NA,NA,NA,0,0,0,NA,NA,NA
"3691","ENST00000635647.1","ENSG00000011304.22","OTTHUMG00000181789.13","OTTHUMT00000488051.1","PTBP1-220","PTBP1",3691,"protein_coding",2393,21,0.961419582,"TGACT",0.714285714,NA,NA,NA,NA,NA,NA,NA,NA,NA,0,0,0,NA,NA,NA
"3692","ENST00000635909.1","ENSG00000007541.17","OTTHUMG00000168047.10","OTTHUMT00000490602.1","PIGQ-218","PIGQ",2212,"nonsense_mediated_decay",2169,20,0.931191623,"GGACT",0.75,NA,NA,NA,NA,NA,NA,NA,NA,NA,0,0,0,NA,NA,NA
"3693","ENST00000635918.2","ENSG00000236444.5","OTTHUMG00000016669.4","OTTHUMT00000044355.4","UBE2L5-202","UBE2L5",2731,"protein_coding",1502,70,0.975943029,"GGACT",0.585714286,NA,NA,NA,NA,NA,NA,NA,NA,NA,0,0,0,NA,NA,NA
"3694","ENST00000636018.1","ENSG00000172053.18","OTTHUMG00000156774.13","OTTHUMT00000490699.1","QARS1-247","QARS1",2171,"nonsense_mediated_decay",2060,30,0.908266902,"GAACT",0.466666667,NA,NA,NA,NA,NA,NA,NA,NA,NA,0,0,0,NA,NA,NA
"3695","ENST00000636657.1","ENSG00000007541.17","OTTHUMG00000168047.10","OTTHUMT00000490601.1","PIGQ-221","PIGQ",2841,"nonsense_mediated_decay",2787,21,0.940133095,"GGACT",0.80952381,NA,NA,NA,NA,NA,NA,NA,NA,NA,0,0,0,NA,NA,NA
"3696","ENST00000638475.1","ENSG00000153187.21","OTTHUMG00000040396.17","OTTHUMT00000492377.1","HNRNPU-214","HNRNPU",2698,"protein_coding",2204,98,0.947039783,"GAACT",0.663265306,NA,NA,NA,NA,NA,NA,NA,NA,NA,0,0,0,NA,NA,NA
"3697","ENST00000638716.1","ENSG00000153187.21","OTTHUMG00000040396.17","OTTHUMT00000492369.1","HNRNPU-216","HNRNPU",2640,"protein_coding",1674,154,0.925209045,"GAACT",0.590909091,NA,NA,NA,NA,NA,NA,NA,NA,NA,0,0,0,NA,NA,NA
"3698","ENST00000638952.1","ENSG00000153187.21","OTTHUMG00000040396.17","OTTHUMT00000492372.2","HNRNPU-217","HNRNPU",5678,"retained_intron",4712,147,0.929819584,"GAACT",0.585034014,NA,NA,NA,NA,NA,NA,NA,NA,NA,0,0,0,NA,NA,NA
"3699","ENST00000639083.1","ENSG00000120948.19","OTTHUMG00000185649.2","OTTHUMT00000491482.1","TARDBP-236","TARDBP",2269,"protein_coding",1673,20,0.911839604,"GAACT",0.55,NA,NA,NA,NA,NA,NA,NA,NA,NA,0,0,0,NA,NA,NA
"3700","ENST00000639083.1","ENSG00000120948.19","OTTHUMG00000185649.2","OTTHUMT00000491482.1","TARDBP-236","TARDBP",2269,"protein_coding",2085,21,0.962522924,"GAACT",0.761904762,NA,NA,NA,NA,NA,NA,NA,NA,NA,0,0,0,NA,NA,NA
"3701","ENST00000639083.1","ENSG00000120948.19","OTTHUMG00000185649.2","OTTHUMT00000491482.1","TARDBP-236","TARDBP",2269,"protein_coding",2171,21,0.944907606,"AGACT",0.761904762,NA,NA,NA,NA,NA,NA,NA,NA,NA,0,0,0,NA,NA,NA
"3702","ENST00000639628.2","ENSG00000153187.21","OTTHUMG00000040396.17","OTTHUMT00000097165.3","HNRNPU-219","HNRNPU",7674,"protein_coding",3538,132,0.935268164,"GAACT",0.590909091,NA,NA,NA,NA,NA,NA,NA,NA,NA,0,0,0,NA,NA,NA
"3703","ENST00000639880.1","ENSG00000153187.21","OTTHUMG00000040396.17","OTTHUMT00000492370.1","HNRNPU-222","HNRNPU",4239,"nonsense_mediated_decay",3502,106,0.936335921,"GAACT",0.641509434,NA,NA,NA,NA,NA,NA,NA,NA,NA,0,0,0,NA,NA,NA
"3704","ENST00000640218.2","ENSG00000153187.21","OTTHUMG00000040396.17","OTTHUMT00000097163.5","HNRNPU-226","HNRNPU",6867,"protein_coding",2731,166,0.951868534,"GAACT",0.638554217,NA,NA,NA,NA,NA,NA,NA,NA,NA,0,0,0,NA,NA,NA
"3705","ENST00000641098.1","ENSG00000105443.17","OTTHUMG00000150245.7","OTTHUMT00000492896.1","CYTH2-213","CYTH2",2721,"protein_coding",1036,25,0.964994013,"GAACT",0.76,NA,NA,NA,NA,NA,NA,NA,NA,NA,0,0,0,NA,NA,NA
"3706","ENST00000641834.2","ENSG00000293495.1","-","OTTHUMT00000464108.1","C19orf48P-214","C19orf48P",1735,"lncRNA",864,100,0.972250283,"GGACA",0.73,NA,NA,NA,NA,NA,NA,NA,NA,NA,0,0,0,NA,NA,NA
"3707","ENST00000641834.2","ENSG00000293495.1","-","OTTHUMT00000464108.1","C19orf48P-214","C19orf48P",1735,"lncRNA",1255,241,0.933661878,"GGACA",0.580912863,NA,NA,NA,NA,NA,NA,NA,NA,NA,0,0,0,NA,NA,NA
"3708","ENST00000641936.1","ENSG00000291110.1","-","OTTHUMT00000440707.1","TRIM16L-215","TRIM16L",2048,"lncRNA",1243,41,0.949353516,"TGACT",0.780487805,NA,NA,NA,NA,NA,NA,NA,NA,NA,0,0,0,NA,NA,NA
"3709","ENST00000641936.1","ENSG00000291110.1","-","OTTHUMT00000440707.1","TRIM16L-215","TRIM16L",2048,"lncRNA",1378,31,0.940357149,"GGACT",0.612903226,NA,NA,NA,NA,NA,NA,NA,NA,NA,0,0,0,NA,NA,NA
"3710","ENST00000642025.1","ENSG00000116661.11","OTTHUMG00000002072.6","OTTHUMT00000493417.1","FBXO2-206","FBXO2",2215,"nonsense_mediated_decay",1029,20,0.964657664,"GGACT",0.8,NA,NA,NA,NA,NA,NA,NA,NA,NA,0,0,0,NA,NA,NA
"3711","ENST00000642675.1","ENSG00000168724.18","OTTHUMG00000074103.7","OTTHUMT00000497040.1","DNAJC21-206","DNAJC21",2338,"protein_coding",1908,21,0.951896489,"TGACT",0.666666667,NA,NA,NA,NA,NA,NA,NA,NA,NA,0,0,0,NA,NA,NA
"3712","ENST00000642675.1","ENSG00000168724.18","OTTHUMG00000074103.7","OTTHUMT00000497040.1","DNAJC21-206","DNAJC21",2338,"protein_coding",1940,21,0.923799932,"GAACT",0.666666667,NA,NA,NA,NA,NA,NA,NA,NA,NA,0,0,0,NA,NA,NA
"3713","ENST00000642810.1","ENSG00000111642.16","OTTHUMG00000169164.13","OTTHUMT00000496865.1","CHD4-214","CHD4",6630,"nonsense_mediated_decay",6008,20,0.914559066,"GAACC",0.7,NA,NA,NA,NA,NA,NA,NA,NA,NA,0,0,0,NA,NA,NA
"3714","ENST00000642851.1","ENSG00000168724.18","OTTHUMG00000074103.7","OTTHUMT00000497039.1","DNAJC21-207","DNAJC21",2788,"protein_coding",1659,24,0.940200508,"TGACT",0.625,NA,NA,NA,NA,NA,NA,NA,NA,NA,0,0,0,NA,NA,NA
"3715","ENST00000642900.1","ENSG00000174780.17","OTTHUMG00000128843.17","OTTHUMT00000496472.1","SRP72-205","SRP72",3855,"protein_coding",2248,94,0.955945015,"GGACT",0.617021277,NA,NA,NA,NA,NA,NA,NA,NA,NA,0,0,0,NA,NA,NA
"3716","ENST00000642970.1","ENSG00000112855.17","OTTHUMG00000129500.19","OTTHUMT00000372871.3","HARS2-215","HARS2",2436,"protein_coding",2299,21,0.919706225,"GAACT",0.428571429,NA,NA,NA,NA,NA,NA,NA,NA,NA,0,0,0,NA,NA,NA
"3717","ENST00000643029.1","ENSG00000257524.6","OTTHUMG00000169436.5","OTTHUMT00000497417.1","ENST00000643029","ENSG00000257524",3578,"nonsense_mediated_decay",3557,59,0.959788501,"GGACA",0.627118644,NA,NA,NA,NA,NA,NA,NA,NA,NA,0,0,0,NA,NA,NA
"3718","ENST00000643068.1","ENSG00000184508.12","OTTHUMG00000141260.6","OTTHUMT00000495390.1","HDDC3-209","HDDC3",4477,"retained_intron",3640,23,0.970904529,"AGACT",0.826086957,NA,NA,NA,NA,NA,NA,NA,NA,NA,0,0,0,NA,NA,NA
"3719","ENST00000643338.1","ENSG00000257524.6","OTTHUMG00000169436.5","OTTHUMT00000497418.1","ENST00000643338","ENSG00000257524",3418,"nonsense_mediated_decay",3399,58,0.958818913,"GGACA",0.637931034,NA,NA,NA,NA,NA,NA,NA,NA,NA,0,0,0,NA,NA,NA
"3720","ENST00000643589.1","ENSG00000222041.13","OTTHUMG00000130273.15","OTTHUMT00000496077.1","CYTOR-222","CYTOR",594,"lncRNA",465,88,0.911683857,"GGACT",0.670454545,NA,NA,NA,NA,NA,NA,NA,NA,NA,0,0,0,NA,NA,NA
"3721","ENST00000644112.2","ENSG00000126953.8","OTTHUMG00000022028.6","OTTHUMT00000057555.3","TIMM8A-202","TIMM8A",2951,"protein_coding",2108,26,0.917998672,"TGACT",0.615384615,NA,NA,NA,NA,NA,NA,NA,NA,NA,0,0,0,NA,NA,NA
"3722","ENST00000644144.2","ENSG00000106992.19","OTTHUMG00000020722.11","OTTHUMT00000054307.2","AK1-206","AK1",2192,"protein_coding",807,60,0.952737927,"GGACA",0.566666667,NA,NA,NA,NA,NA,NA,NA,NA,NA,0,0,0,NA,NA,NA
"3723","ENST00000644480.2","ENSG00000285238.2","OTTHUMG00000192596.2","OTTHUMT00000496963.2","ENST00000644480","ENSG00000285238",8502,"nonsense_mediated_decay",8038,27,0.9248752,"TGACT",0.666666667,NA,NA,NA,NA,NA,NA,NA,NA,NA,0,0,0,NA,NA,NA
"3724","ENST00000644480.2","ENSG00000285238.2","OTTHUMG00000192596.2","OTTHUMT00000496963.2","ENST00000644480","ENSG00000285238",8502,"nonsense_mediated_decay",8186,51,0.905549705,"GGACC",0.411764706,NA,NA,NA,NA,NA,NA,NA,NA,NA,0,0,0,NA,NA,NA
"3725","ENST00000644715.2","ENSG00000099810.21","OTTHUMG00000019690.10","OTTHUMT00000496176.2","MTAP-213","MTAP",6032,"protein_coding",1322,24,0.93430531,"GGACT",0.666666667,NA,NA,NA,NA,NA,NA,NA,NA,NA,0,0,0,NA,NA,NA
"3726","ENST00000644866.2","ENSG00000138685.18","OTTHUMG00000039506.5","OTTHUMT00000497113.1","FGF2-203","FGF2",6652,"protein_coding",731,25,0.948188245,"GAACT",0.72,NA,NA,NA,NA,NA,NA,NA,NA,NA,0,0,0,NA,NA,NA
"3727","ENST00000645429.1","ENSG00000170846.17","OTTHUMG00000125505.7","OTTHUMT00000495425.1","MRFAP1L2-204","MRFAP1L2",2057,"protein_coding_CDS_not_defined",1022,28,0.974812865,"TGACT",0.714285714,NA,NA,NA,NA,NA,NA,NA,NA,NA,0,0,0,NA,NA,NA
"3728","ENST00000645429.1","ENSG00000170846.17","OTTHUMG00000125505.7","OTTHUMT00000495425.1","MRFAP1L2-204","MRFAP1L2",2057,"protein_coding_CDS_not_defined",1199,50,0.937326908,"AGACT",0.76,NA,NA,NA,NA,NA,NA,NA,NA,NA,0,0,0,NA,NA,NA
"3729","ENST00000645495.2","ENSG00000137710.17","OTTHUMG00000166574.8","OTTHUMT00000496388.1","RDX-219","RDX",4392,"protein_coding",3979,23,0.967239141,"GAACT",0.869565217,NA,NA,NA,NA,NA,NA,NA,NA,NA,0,0,0,NA,NA,NA
"3730","ENST00000645673.2","ENSG00000051180.17","OTTHUMG00000130067.10","OTTHUMT00000387938.2","RAD51-211","RAD51",2439,"protein_coding",1272,66,0.920968115,"AGACT",0.53030303,NA,NA,NA,NA,NA,NA,NA,NA,NA,0,0,0,NA,NA,NA
"3731","ENST00000645878.1","ENSG00000177697.19","OTTHUMG00000133311.10","OTTHUMT00000494212.1","CD151-223","CD151",1857,"retained_intron",944,119,0.958640516,"GGACT",0.613445378,NA,NA,NA,NA,NA,NA,NA,NA,NA,0,0,0,NA,NA,NA
"3732","ENST00000645953.1","ENSG00000134480.17","OTTHUMG00000119077.6","OTTHUMT00000496170.1","CCNH-212","CCNH",1664,"nonsense_mediated_decay",840,25,0.962694466,"GAACT",0.64,NA,NA,NA,NA,NA,NA,NA,NA,NA,0,0,0,NA,NA,NA
"3733","ENST00000646150.1","ENSG00000249624.10","OTTHUMG00000162031.4","OTTHUMT00000494892.1","IFNAR2-IL10RB-203","IFNAR2-IL10RB",3770,"nonsense_mediated_decay",3670,21,0.921608448,"GGACT",0.666666667,NA,NA,NA,NA,NA,NA,NA,NA,NA,0,0,0,NA,NA,NA
"3734","ENST00000646188.1","ENSG00000171453.20","OTTHUMG00000014739.13","OTTHUMT00000495091.1","POLR1C-214","POLR1C",1221,"protein_coding",1217,102,0.971796274,"TGACT",0.470588235,258,87,876,1,258,259,1133,1134,1220,0,0,1,NA,NA,0.954022988505747
"3735","ENST00000646468.1","ENSG00000112855.17","OTTHUMG00000129500.19","OTTHUMT00000372873.3","HARS2-219","HARS2",2469,"protein_coding",2332,21,0.937343299,"GAACT",0.523809524,NA,NA,NA,NA,NA,NA,NA,NA,NA,0,0,0,NA,NA,NA
"3736","ENST00000646620.1","ENSG00000184508.12","OTTHUMG00000141260.6","OTTHUMT00000495391.1","HDDC3-210","HDDC3",1309,"protein_coding",1078,22,0.971209764,"AGACT",0.818181818,NA,NA,NA,NA,NA,NA,NA,NA,NA,0,0,0,NA,NA,NA
"3737","ENST00000646714.1","ENSG00000168724.18","OTTHUMG00000074103.7","OTTHUMT00000497033.1","DNAJC21-209","DNAJC21",2989,"nonsense_mediated_decay",1849,21,0.961461604,"TGACT",0.714285714,NA,NA,NA,NA,NA,NA,NA,NA,NA,0,0,0,NA,NA,NA
"3738","ENST00000646735.1","ENSG00000100983.12","OTTHUMG00000032315.8","OTTHUMT00000494816.3","GSS-226","GSS",1554,"protein_coding",1473,32,0.914583027,"GGACT",0.53125,NA,NA,NA,NA,NA,NA,NA,NA,NA,0,0,0,NA,NA,NA
"3739","ENST00000646827.1","ENSG00000276045.4","OTTHUMG00000169073.3","OTTHUMT00000402151.3","ORAI1-203","ORAI1",2138,"protein_coding_CDS_not_defined",1181,36,0.943012536,"GGACA",0.777777778,NA,NA,NA,NA,NA,NA,NA,NA,NA,0,0,0,NA,NA,NA
"3740","ENST00000646827.1","ENSG00000276045.4","OTTHUMG00000169073.3","OTTHUMT00000402151.3","ORAI1-203","ORAI1",2138,"protein_coding_CDS_not_defined",1267,27,0.924002171,"AAACT",0.555555556,NA,NA,NA,NA,NA,NA,NA,NA,NA,0,0,0,NA,NA,NA
"3741","ENST00000647636.1","ENSG00000145191.15","OTTHUMG00000156840.21","OTTHUMT00000501413.1","EIF2B5-215","EIF2B5",2596,"nonsense_mediated_decay",2353,20,0.931295156,"AGACT",0.5,NA,NA,NA,NA,NA,NA,NA,NA,NA,0,0,0,NA,NA,NA
"3742","ENST00000647636.1","ENSG00000145191.15","OTTHUMG00000156840.21","OTTHUMT00000501413.1","EIF2B5-215","EIF2B5",2596,"nonsense_mediated_decay",2422,21,0.906067371,"TGACT",0.523809524,NA,NA,NA,NA,NA,NA,NA,NA,NA,0,0,0,NA,NA,NA
"3743","ENST00000647897.1","ENSG00000171135.15","OTTHUMG00000128523.4","OTTHUMT00000501325.1","JAGN1-202","JAGN1",1637,"protein_coding",286,28,0.922559261,"GGACA",0.5,NA,NA,NA,NA,NA,NA,NA,NA,NA,0,0,0,NA,NA,NA
"3744","ENST00000647897.1","ENSG00000171135.15","OTTHUMG00000128523.4","OTTHUMT00000501325.1","JAGN1-202","JAGN1",1637,"protein_coding",436,30,0.983646631,"GGACT",0.933333333,NA,NA,NA,NA,NA,NA,NA,NA,NA,0,0,0,NA,NA,NA
"3745","ENST00000647897.1","ENSG00000171135.15","OTTHUMG00000128523.4","OTTHUMT00000501325.1","JAGN1-202","JAGN1",1637,"protein_coding",624,61,0.942991614,"AGACT",0.672131148,NA,NA,NA,NA,NA,NA,NA,NA,NA,0,0,0,NA,NA,NA
"3746","ENST00000647912.1","ENSG00000116133.13","OTTHUMG00000009989.17","OTTHUMT00000501203.1","DHCR24-205","DHCR24",4314,"nonsense_mediated_decay",3249,20,0.984499395,"GGACA",0.85,NA,NA,NA,NA,NA,NA,NA,NA,NA,0,0,0,NA,NA,NA
"3747","ENST00000647960.1","ENSG00000285854.1","OTTHUMG00000193384.2","OTTHUMT00000501285.1","ENST00000647960","ENSG00000285854",3765,"nonsense_mediated_decay",312,132,0.975071907,"TGACT",0.795454545,54,2865,846,1,54,55,899,900,3764,0,1,0,NA,0.304964539007092,NA
"3748","ENST00000648100.1","ENSG00000285901.2","OTTHUMG00000193358.1","OTTHUMT00000500924.1","ENST00000648100","ENSG00000285901",3435,"nonsense_mediated_decay",1761,20,0.929248393,"GGACT",0.75,NA,NA,NA,NA,NA,NA,NA,NA,NA,0,0,0,NA,NA,NA
"3749","ENST00000648100.1","ENSG00000285901.2","OTTHUMG00000193358.1","OTTHUMT00000500924.1","ENST00000648100","ENSG00000285901",3435,"nonsense_mediated_decay",1933,20,0.954576552,"GGACA",0.6,NA,NA,NA,NA,NA,NA,NA,NA,NA,0,0,0,NA,NA,NA
"3750","ENST00000648124.1","ENSG00000178105.12","OTTHUMG00000166540.4","OTTHUMT00000499469.2","DDX10-209","DDX10",3400,"nonsense_mediated_decay",2822,23,0.952652931,"GGACA",0.652173913,NA,NA,NA,NA,NA,NA,NA,NA,NA,0,0,0,NA,NA,NA
"3751","ENST00000648161.1","ENSG00000100138.15","OTTHUMG00000151189.9","OTTHUMT00000497945.1","SNU13-208","SNU13",1340,"protein_coding_CDS_not_defined",1181,119,0.906673968,"GGACT",0.68907563,NA,NA,NA,NA,NA,NA,NA,NA,NA,0,0,0,NA,NA,NA
"3752","ENST00000648179.1","ENSG00000196715.7","OTTHUMG00000129449.5","-","VKORC1L1-203","VKORC1L1",5895,"protein_coding",547,24,0.930378735,"GAACT",0.458333333,NA,NA,NA,NA,NA,NA,NA,NA,NA,0,0,0,NA,NA,NA
"3753","ENST00000648179.1","ENSG00000196715.7","OTTHUMG00000129449.5","-","VKORC1L1-203","VKORC1L1",5895,"protein_coding",5654,21,0.973275125,"GGACT",0.857142857,NA,NA,NA,NA,NA,NA,NA,NA,NA,0,0,0,NA,NA,NA
"3754","ENST00000648187.1","ENSG00000196715.7","OTTHUMG00000129449.5","OTTHUMT00000500833.1","VKORC1L1-204","VKORC1L1",6000,"protein_coding",651,24,0.929591954,"GAACT",0.458333333,NA,NA,NA,NA,NA,NA,NA,NA,NA,0,0,0,NA,NA,NA
"3755","ENST00000648187.1","ENSG00000196715.7","OTTHUMG00000129449.5","OTTHUMT00000500833.1","VKORC1L1-204","VKORC1L1",6000,"protein_coding",5758,21,0.973695397,"GGACT",0.857142857,NA,NA,NA,NA,NA,NA,NA,NA,NA,0,0,0,NA,NA,NA
"3756","ENST00000648267.1","ENSG00000143612.21","OTTHUMG00000035981.5","OTTHUMT00000498735.2","C1orf43-211","C1orf43",1760,"nonsense_mediated_decay",1015,192,0.976906955,"GGACT",0.755208333,NA,NA,NA,NA,NA,NA,NA,NA,NA,0,0,0,NA,NA,NA
"3757","ENST00000648446.1","ENSG00000197879.17","OTTHUMG00000090323.17","OTTHUMT00000496219.1","MYO1C-219","MYO1C",4724,"protein_coding",3257,20,0.956782579,"AGACT",0.75,NA,NA,NA,NA,NA,NA,NA,NA,NA,0,0,0,NA,NA,NA
"3758","ENST00000648446.1","ENSG00000197879.17","OTTHUMG00000090323.17","OTTHUMT00000496219.1","MYO1C-219","MYO1C",4724,"protein_coding",3543,24,0.916729867,"GGACA",0.458333333,NA,NA,NA,NA,NA,NA,NA,NA,NA,0,0,0,NA,NA,NA
"3759","ENST00000648651.1","ENSG00000197879.17","OTTHUMG00000090323.17","OTTHUMT00000496220.1","MYO1C-220","MYO1C",4931,"protein_coding",3750,24,0.919152796,"GGACA",0.458333333,NA,NA,NA,NA,NA,NA,NA,NA,NA,0,0,0,NA,NA,NA
"3760","ENST00000648677.1","ENSG00000204387.14","OTTHUMG00000031175.4","OTTHUMT00000076333.1","SNHG32-210","SNHG32",712,"lncRNA",542,172,0.923115671,"GAACT",0.470930233,NA,NA,NA,NA,NA,NA,NA,NA,NA,0,0,0,NA,NA,NA
"3761","ENST00000648712.1","ENSG00000116133.13","OTTHUMG00000009989.17","OTTHUMT00000501205.1","DHCR24-209","DHCR24",4238,"protein_coding_CDS_not_defined",3204,20,0.984872758,"GGACA",0.85,NA,NA,NA,NA,NA,NA,NA,NA,NA,0,0,0,NA,NA,NA
"3762","ENST00000648817.1","ENSG00000168724.18","OTTHUMG00000074103.7","OTTHUMT00000157337.2","DNAJC21-210","DNAJC21",6107,"protein_coding",1881,21,0.952472985,"TGACT",0.619047619,NA,NA,NA,NA,NA,NA,NA,NA,NA,0,0,0,NA,NA,NA
"3763","ENST00000648873.1","ENSG00000285897.1","OTTHUMG00000179077.3","OTTHUMT00000499362.2","ENST00000648873","ENSG00000285897",5828,"nonsense_mediated_decay",4952,145,0.903625071,"GGACT",0.544827586,NA,NA,NA,NA,NA,NA,NA,NA,NA,0,0,0,NA,NA,NA
"3764","ENST00000648890.1","ENSG00000145191.15","OTTHUMG00000156840.21","OTTHUMT00000346178.2","EIF2B5-225","EIF2B5",2552,"nonsense_mediated_decay",2302,31,0.959349871,"AGACT",0.548387097,NA,NA,NA,NA,NA,NA,NA,NA,NA,0,0,0,NA,NA,NA
"3765","ENST00000648915.2","ENSG00000145191.15","OTTHUMG00000156840.21","OTTHUMT00000501436.1","EIF2B5-226","EIF2B5",2562,"protein_coding",2303,29,0.966216505,"AGACT",0.551724138,NA,NA,NA,NA,NA,NA,NA,NA,NA,0,0,0,NA,NA,NA
"3766","ENST00000649124.2","ENSG00000171793.17","OTTHUMG00000005712.13","OTTHUMT00000500756.1","CTPS1-214","CTPS1",2972,"protein_coding",2025,55,0.947215915,"GAACT",0.581818182,NA,NA,NA,NA,NA,NA,NA,NA,NA,0,0,0,NA,NA,NA
"3767","ENST00000649185.1","ENSG00000180198.17","OTTHUMG00000003645.13","OTTHUMT00000499015.2","RCC1-213","RCC1",2686,"protein_coding",1708,21,0.992588341,"GGACA",0.571428571,NA,NA,NA,NA,NA,NA,NA,NA,NA,0,0,0,NA,NA,NA
"3768","ENST00000649191.2","ENSG00000221926.13","OTTHUMG00000059067.8","OTTHUMT00000499008.2","TRIM16-226","TRIM16",3358,"protein_coding",2562,67,0.924433947,"TGACT",0.76119403,NA,NA,NA,NA,NA,NA,NA,NA,NA,0,0,0,NA,NA,NA
"3769","ENST00000649191.2","ENSG00000221926.13","OTTHUMG00000059067.8","OTTHUMT00000499008.2","TRIM16-226","TRIM16",3358,"protein_coding",2697,29,0.910910428,"GGACT",0.620689655,NA,NA,NA,NA,NA,NA,NA,NA,NA,0,0,0,NA,NA,NA
"3770","ENST00000649899.1","ENSG00000153187.21","OTTHUMG00000040396.17","OTTHUMT00000500955.1","HNRNPU-231","HNRNPU",13084,"retained_intron",2662,190,0.944794416,"GAACT",0.657894737,NA,NA,NA,NA,NA,NA,NA,NA,NA,0,0,0,NA,NA,NA
"3771","ENST00000650046.1","ENSG00000111605.18","OTTHUMG00000169340.4","OTTHUMT00000499018.2","CPSF6-208","CPSF6",7525,"nonsense_mediated_decay",2955,24,0.96579206,"GAACT",0.625,NA,NA,NA,NA,NA,NA,NA,NA,NA,0,0,0,NA,NA,NA
"3772","ENST00000650070.2","ENSG00000171793.17","OTTHUMG00000005712.13","OTTHUMT00000500784.2","CTPS1-217","CTPS1",2840,"protein_coding",1892,59,0.949508965,"GAACT",0.627118644,NA,NA,NA,NA,NA,NA,NA,NA,NA,0,0,0,NA,NA,NA
"3773","ENST00000650182.1","ENSG00000163956.13","OTTHUMG00000090299.8","OTTHUMT00000206659.6","LRPAP1-205","LRPAP1",10446,"protein_coding",1298,269,0.938434482,"TGACT",0.553903346,NA,NA,NA,NA,NA,NA,NA,NA,NA,0,0,0,NA,NA,NA
"3774","ENST00000650389.1","ENSG00000124783.14","OTTHUMG00000014202.6","OTTHUMT00000499631.2","SSR1-211","SSR1",1640,"protein_coding",626,22,0.901119709,"GAACT",0.545454545,NA,NA,NA,NA,NA,NA,NA,NA,NA,0,0,0,NA,NA,NA
"3775","ENST00000650599.1","ENSG00000055211.14","OTTHUMG00000015789.3","OTTHUMT00000498342.1","GINM1-203","GINM1",2026,"nonsense_mediated_decay",1136,26,0.978932977,"GGACT",0.846153846,NA,NA,NA,NA,NA,NA,NA,NA,NA,0,0,0,NA,NA,NA
"3776","ENST00000651235.1","ENSG00000286192.1","OTTHUMG00000193455.1","OTTHUMT00000501769.1","ENST00000651235","ENSG00000286192",5697,"nonsense_mediated_decay",1823,44,0.959284425,"GGACA",0.545454545,NA,NA,NA,NA,NA,NA,NA,NA,NA,0,0,0,NA,NA,NA
"3777","ENST00000651235.1","ENSG00000286192.1","OTTHUMG00000193455.1","OTTHUMT00000501769.1","ENST00000651235","ENSG00000286192",5697,"nonsense_mediated_decay",2059,60,0.909233749,"GGACT",0.616666667,NA,NA,NA,NA,NA,NA,NA,NA,NA,0,0,0,NA,NA,NA
"3778","ENST00000651235.1","ENSG00000286192.1","OTTHUMG00000193455.1","OTTHUMT00000501769.1","ENST00000651235","ENSG00000286192",5697,"nonsense_mediated_decay",2073,62,0.966924906,"AGACT",0.822580645,NA,NA,NA,NA,NA,NA,NA,NA,NA,0,0,0,NA,NA,NA
"3779","ENST00000651428.1","ENSG00000112759.19","OTTHUMG00000014759.5","OTTHUMT00000501703.1","SLC29A1-222","SLC29A1",2358,"protein_coding",1935,120,0.976578236,"GGACA",0.725,NA,NA,NA,NA,NA,NA,NA,NA,NA,0,0,0,NA,NA,NA
"3780","ENST00000651500.1","ENSG00000196290.17","OTTHUMG00000154588.5","OTTHUMT00000500061.2","NIF3L1-209","NIF3L1",1821,"protein_coding",1531,59,0.965349972,"AGACT",0.711864407,NA,NA,NA,NA,NA,NA,NA,NA,NA,0,0,0,NA,NA,NA
"3781","ENST00000651500.1","ENSG00000196290.17","OTTHUMG00000154588.5","OTTHUMT00000500061.2","NIF3L1-209","NIF3L1",1821,"protein_coding",1636,56,0.94151926,"GGACT",0.732142857,NA,NA,NA,NA,NA,NA,NA,NA,NA,0,0,0,NA,NA,NA
"3782","ENST00000651570.2","ENSG00000065057.9","OTTHUMG00000128744.4","OTTHUMT00000250656.2","NTHL1-212","NTHL1",1030,"protein_coding",826,62,0.920630574,"GGACT",0.564516129,NA,NA,NA,NA,NA,NA,NA,NA,NA,0,0,0,NA,NA,NA
"3783","ENST00000651626.1","ENSG00000136997.22","OTTHUMG00000128475.10","OTTHUMT00000502391.1","MYC-209","MYC",1957,"protein_coding",1593,108,0.905611813,"AGACT",0.509259259,NA,NA,NA,NA,NA,NA,NA,NA,NA,0,0,0,NA,NA,NA
"3784","ENST00000651779.1","ENSG00000122644.13","OTTHUMG00000023374.7","OTTHUMT00000504446.2","ARL4A-207","ARL4A",2889,"protein_coding",270,21,0.987153053,"GGACT",0.952380952,NA,NA,NA,NA,NA,NA,NA,NA,NA,0,0,0,NA,NA,NA
"3785","ENST00000651779.1","ENSG00000122644.13","OTTHUMG00000023374.7","OTTHUMT00000504446.2","ARL4A-207","ARL4A",2889,"protein_coding",486,26,0.980090916,"GGACT",0.769230769,NA,NA,NA,NA,NA,NA,NA,NA,NA,0,0,0,NA,NA,NA
"3786","ENST00000651779.1","ENSG00000122644.13","OTTHUMG00000023374.7","OTTHUMT00000504446.2","ARL4A-207","ARL4A",2889,"protein_coding",526,28,0.907897353,"GAACT",0.464285714,NA,NA,NA,NA,NA,NA,NA,NA,NA,0,0,0,NA,NA,NA
"3787","ENST00000652001.1","ENSG00000214717.12","OTTHUMG00000021069.10","OTTHUMT00000504213.2","ZBED1-206","ZBED1",4498,"protein_coding",4225,22,0.996357143,"GGACA",0.818181818,NA,NA,NA,NA,NA,NA,NA,NA,NA,0,0,0,NA,NA,NA
"3788","ENST00000652001.1","ENSG00000214717.12","OTTHUMG00000021069.10","OTTHUMT00000504213.2","ZBED1-206","ZBED1",4498,"protein_coding",4469,20,0.957181633,"GGACT",0.8,NA,NA,NA,NA,NA,NA,NA,NA,NA,0,0,0,NA,NA,NA
"3789","ENST00000652107.1","ENSG00000116062.19","OTTHUMG00000129129.13","OTTHUMT00000470706.3","MSH6-211","MSH6",7669,"protein_coding",3152,23,0.974281609,"AGACT",0.782608696,NA,NA,NA,NA,NA,NA,NA,NA,NA,0,0,0,NA,NA,NA
"3790","ENST00000652107.1","ENSG00000116062.19","OTTHUMG00000129129.13","OTTHUMT00000470706.3","MSH6-211","MSH6",7669,"protein_coding",3157,24,0.926589608,"GGACT",0.833333333,NA,NA,NA,NA,NA,NA,NA,NA,NA,0,0,0,NA,NA,NA
"3791","ENST00000652107.1","ENSG00000116062.19","OTTHUMG00000129129.13","OTTHUMT00000470706.3","MSH6-211","MSH6",7669,"protein_coding",3474,26,0.985700905,"GGACT",0.807692308,NA,NA,NA,NA,NA,NA,NA,NA,NA,0,0,0,NA,NA,NA
"3792","ENST00000652107.1","ENSG00000116062.19","OTTHUMG00000129129.13","OTTHUMT00000470706.3","MSH6-211","MSH6",7669,"protein_coding",3519,27,0.972095788,"GGACT",0.62962963,NA,NA,NA,NA,NA,NA,NA,NA,NA,0,0,0,NA,NA,NA
"3793","ENST00000652272.2","ENSG00000101158.15","OTTHUMG00000032861.8","OTTHUMT00000079909.6","NELFCD-214","NELFCD",2237,"protein_coding",544,36,0.923352063,"GAACT",0.5,NA,NA,NA,NA,NA,NA,NA,NA,NA,0,0,0,NA,NA,NA
"3794","ENST00000652288.1","ENSG00000136997.22","OTTHUMG00000128475.10","OTTHUMT00000502392.1","MYC-210","MYC",1877,"protein_coding",1513,98,0.928732395,"AGACT",0.540816327,NA,NA,NA,NA,NA,NA,NA,NA,NA,0,0,0,NA,NA,NA
"3795","ENST00000652288.1","ENSG00000136997.22","OTTHUMG00000128475.10","OTTHUMT00000502392.1","MYC-210","MYC",1877,"protein_coding",1553,99,0.908733964,"GGACT",0.727272727,NA,NA,NA,NA,NA,NA,NA,NA,NA,0,0,0,NA,NA,NA
"3796","ENST00000652332.1","ENSG00000155660.11","OTTHUMG00000150248.4","OTTHUMT00000317077.2","PDIA4-204","PDIA4",2767,"protein_coding",2211,179,0.986402333,"TGACT",0.720670391,NA,NA,NA,NA,NA,NA,NA,NA,NA,0,0,0,NA,NA,NA
"3797","ENST00000652388.1","ENSG00000138614.16","OTTHUMG00000133159.12","-","INTS14-218","INTS14",2175,"protein_coding",1997,56,0.962762535,"GAACT",0.535714286,NA,NA,NA,NA,NA,NA,NA,NA,NA,0,0,0,NA,NA,NA
"3798","ENST00000652489.1","ENSG00000168061.17","OTTHUMG00000165594.6","OTTHUMT00000504423.3","SAC3D1-204","SAC3D1",1261,"protein_coding",414,34,0.91529274,"GGACC",0.441176471,NA,NA,NA,NA,NA,NA,NA,NA,NA,0,0,0,NA,NA,NA
"3799","ENST00000652489.1","ENSG00000168061.17","OTTHUMG00000165594.6","OTTHUMT00000504423.3","SAC3D1-204","SAC3D1",1261,"protein_coding",940,87,0.988829195,"GGACT",0.954022989,NA,NA,NA,NA,NA,NA,NA,NA,NA,0,0,0,NA,NA,NA
"3800","ENST00000652489.1","ENSG00000168061.17","OTTHUMG00000165594.6","OTTHUMT00000504423.3","SAC3D1-204","SAC3D1",1261,"protein_coding",1137,107,0.935478508,"GGACA",0.53271028,NA,NA,NA,NA,NA,NA,NA,NA,NA,0,0,0,NA,NA,NA
"3801","ENST00000652630.1","ENSG00000153879.9","OTTHUMG00000180469.5","OTTHUMT00000498796.2","CEBPG-203","CEBPG",2810,"nonsense_mediated_decay",753,214,0.99218756,"GGACA",0.682242991,NA,NA,NA,NA,NA,NA,NA,NA,NA,0,0,0,NA,NA,NA
"3802","ENST00000652630.1","ENSG00000153879.9","OTTHUMG00000180469.5","OTTHUMT00000498796.2","CEBPG-203","CEBPG",2810,"nonsense_mediated_decay",859,227,0.937729239,"TGACT",0.568281938,NA,NA,NA,NA,NA,NA,NA,NA,NA,0,0,0,NA,NA,NA
"3803","ENST00000653677.2","ENSG00000163597.17","OTTHUMG00000132201.6","OTTHUMT00000526038.1","SNHG16-209","SNHG16",2536,"lncRNA",532,87,0.97591871,"GGACT",0.827586207,NA,NA,NA,NA,NA,NA,NA,NA,NA,0,0,0,NA,NA,NA
"3804","ENST00000655514.1","ENSG00000249550.8","OTTHUMG00000169644.11","OTTHUMT00000405247.3","LINC01234-208","LINC01234",3402,"lncRNA",1964,20,0.978253663,"GAACT",0.65,NA,NA,NA,NA,NA,NA,NA,NA,NA,0,0,0,NA,NA,NA
"3805","ENST00000655514.1","ENSG00000249550.8","OTTHUMG00000169644.11","OTTHUMT00000405247.3","LINC01234-208","LINC01234",3402,"lncRNA",2135,20,0.95159483,"GAACT",0.75,NA,NA,NA,NA,NA,NA,NA,NA,NA,0,0,0,NA,NA,NA
"3806","ENST00000656001.1","ENSG00000055130.18","OTTHUMG00000152776.7","OTTHUMT00000504817.1","CUL1-205","CUL1",3040,"nonsense_mediated_decay",2773,40,0.909222662,"GGACT",0.6,NA,NA,NA,NA,NA,NA,NA,NA,NA,0,0,0,NA,NA,NA
"3807","ENST00000657001.1","ENSG00000113712.19","OTTHUMG00000163463.7","OTTHUMT00000373582.2","CSNK1A1-212","CSNK1A1",4902,"protein_coding",250,58,0.931230605,"TGACT",0.672413793,NA,NA,NA,NA,NA,NA,NA,NA,NA,0,0,0,NA,NA,NA
"3808","ENST00000659032.1","ENSG00000249550.8","OTTHUMG00000169644.11","OTTHUMT00000506410.1","LINC01234-210","LINC01234",2115,"lncRNA",1812,20,0.97911948,"GAACT",0.65,NA,NA,NA,NA,NA,NA,NA,NA,NA,0,0,0,NA,NA,NA
"3809","ENST00000659032.1","ENSG00000249550.8","OTTHUMG00000169644.11","OTTHUMT00000506410.1","LINC01234-210","LINC01234",2115,"lncRNA",1983,20,0.954244614,"GAACT",0.75,NA,NA,NA,NA,NA,NA,NA,NA,NA,0,0,0,NA,NA,NA
"3810","ENST00000661348.3","ENSG00000163597.17","OTTHUMG00000132201.6","OTTHUMT00000255259.3","SNHG16-210","SNHG16",2481,"lncRNA",468,77,0.976405323,"GGACT",0.792207792,NA,NA,NA,NA,NA,NA,NA,NA,NA,0,0,0,NA,NA,NA
"3811","ENST00000661952.1","ENSG00000113712.19","OTTHUMG00000163463.7","OTTHUMT00000504789.1","CSNK1A1-215","CSNK1A1",2413,"nonsense_mediated_decay",324,48,0.91691047,"TGACT",0.666666667,NA,NA,NA,NA,NA,NA,NA,NA,NA,0,0,0,NA,NA,NA
"3812","ENST00000662132.1","ENSG00000055130.18","OTTHUMG00000152776.7","OTTHUMT00000504814.1","CUL1-208","CUL1",3080,"protein_coding",2592,49,0.918966234,"TGACT",0.489795918,NA,NA,NA,NA,NA,NA,NA,NA,NA,0,0,0,NA,NA,NA
"3813","ENST00000662132.1","ENSG00000055130.18","OTTHUMG00000152776.7","OTTHUMT00000504814.1","CUL1-208","CUL1",3080,"protein_coding",2773,48,0.948304296,"GGACA",0.604166667,NA,NA,NA,NA,NA,NA,NA,NA,NA,0,0,0,NA,NA,NA
"3814","ENST00000662465.1","ENSG00000249550.8","OTTHUMG00000169644.11","OTTHUMT00000525010.1","LINC01234-214","LINC01234",3173,"lncRNA",1952,20,0.978582561,"GAACT",0.65,NA,NA,NA,NA,NA,NA,NA,NA,NA,0,0,0,NA,NA,NA
"3815","ENST00000662465.1","ENSG00000249550.8","OTTHUMG00000169644.11","OTTHUMT00000525010.1","LINC01234-214","LINC01234",3173,"lncRNA",2123,20,0.953458786,"GAACT",0.75,NA,NA,NA,NA,NA,NA,NA,NA,NA,0,0,0,NA,NA,NA
"3816","ENST00000662670.1","ENSG00000055130.18","OTTHUMG00000152776.7","OTTHUMT00000504818.1","CUL1-209","CUL1",3056,"nonsense_mediated_decay",2632,20,0.930172741,"TGACT",0.6,NA,NA,NA,NA,NA,NA,NA,NA,NA,0,0,0,NA,NA,NA
"3817","ENST00000662670.1","ENSG00000055130.18","OTTHUMG00000152776.7","OTTHUMT00000504818.1","CUL1-209","CUL1",3056,"nonsense_mediated_decay",2813,20,0.968745351,"GGACA",0.7,NA,NA,NA,NA,NA,NA,NA,NA,NA,0,0,0,NA,NA,NA
"3818","ENST00000663044.1","ENSG00000055130.18","OTTHUMG00000152776.7","OTTHUMT00000504811.1","CUL1-212","CUL1",3054,"protein_coding",2630,45,0.925127566,"TGACT",0.511111111,NA,NA,NA,NA,NA,NA,NA,NA,NA,0,0,0,NA,NA,NA
"3819","ENST00000663835.1","ENSG00000055130.18","OTTHUMG00000152776.7","OTTHUMT00000504812.1","CUL1-213","CUL1",3038,"protein_coding",2732,20,0.949037492,"GGACA",0.7,NA,NA,NA,NA,NA,NA,NA,NA,NA,0,0,0,NA,NA,NA
"3820","ENST00000667091.1","ENSG00000163597.17","OTTHUMG00000132201.6","OTTHUMT00000526037.1","SNHG16-211","SNHG16",3059,"lncRNA",1065,46,0.963851035,"GGACT",0.804347826,NA,NA,NA,NA,NA,NA,NA,NA,NA,0,0,0,NA,NA,NA
"3821","ENST00000668164.2","ENSG00000104880.19","OTTHUMG00000177342.5","-","ARHGEF18-206","ARHGEF18",6681,"protein_coding",6220,21,0.96954751,"TGACT",0.666666667,NA,NA,NA,NA,NA,NA,NA,NA,NA,0,0,0,NA,NA,NA
"3822","ENST00000668164.2","ENSG00000104880.19","OTTHUMG00000177342.5","-","ARHGEF18-206","ARHGEF18",6681,"protein_coding",6641,23,0.935164213,"GAACT",0.47826087,NA,NA,NA,NA,NA,NA,NA,NA,NA,0,0,0,NA,NA,NA
"3823","ENST00000668511.1","ENSG00000163597.17","OTTHUMG00000132201.6","OTTHUMT00000526040.1","SNHG16-212","SNHG16",3081,"lncRNA",1087,28,0.97253114,"GGACT",0.785714286,NA,NA,NA,NA,NA,NA,NA,NA,NA,0,0,0,NA,NA,NA
"3824","ENST00000668667.1","ENSG00000143933.20","OTTHUMG00000128850.11","OTTHUMT00000504556.1","CALM2-213","CALM2",1321,"protein_coding",315,68,0.912355125,"TGACT",0.676470588,NA,NA,NA,NA,NA,NA,NA,NA,NA,0,0,0,NA,NA,NA
"3825","ENST00000670737.3","ENSG00000163597.17","OTTHUMG00000132201.6","OTTHUMT00000516713.1","SNHG16-213","SNHG16",2564,"lncRNA",559,88,0.971325636,"GGACT",0.806818182,NA,NA,NA,NA,NA,NA,NA,NA,NA,0,0,0,NA,NA,NA
"3826","ENST00000672937.2","ENSG00000123505.19","OTTHUMG00000015369.8","OTTHUMT00000505304.2","AMD1-209","AMD1",6589,"protein_coding",1737,21,0.9049595,"GGACT",0.428571429,NA,NA,NA,NA,NA,NA,NA,NA,NA,0,0,0,NA,NA,NA
"3827","ENST00000673047.2","ENSG00000111716.14","OTTHUMG00000133760.5","OTTHUMT00000505307.1","LDHB-211","LDHB",1303,"protein_coding",356,1043,0.96578002,"TGACT",0.760306807,NA,NA,NA,NA,NA,NA,NA,NA,NA,0,0,0,NA,NA,NA
"3828","ENST00000673524.1","ENSG00000100997.20","OTTHUMG00000032121.7","OTTHUMT00000529246.1","ABHD12-224","ABHD12",1390,"nonsense_mediated_decay",1098,44,0.974256098,"GGACT",0.681818182,NA,NA,NA,NA,NA,NA,NA,NA,NA,0,0,0,NA,NA,NA
"3829","ENST00000674184.1","ENSG00000168061.17","OTTHUMG00000165594.6","OTTHUMT00000385159.3","SAC3D1-205","SAC3D1",1366,"protein_coding",379,29,0.919935942,"GGACC",0.448275862,NA,NA,NA,NA,NA,NA,NA,NA,NA,0,0,0,NA,NA,NA
"3830","ENST00000674184.1","ENSG00000168061.17","OTTHUMG00000165594.6","OTTHUMT00000385159.3","SAC3D1-205","SAC3D1",1366,"protein_coding",1045,29,0.989097297,"GGACT",0.965517241,NA,NA,NA,NA,NA,NA,NA,NA,NA,0,0,0,NA,NA,NA
"3831","ENST00000674184.1","ENSG00000168061.17","OTTHUMG00000165594.6","OTTHUMT00000385159.3","SAC3D1-205","SAC3D1",1366,"protein_coding",1242,33,0.914949834,"GGACA",0.545454545,NA,NA,NA,NA,NA,NA,NA,NA,NA,0,0,0,NA,NA,NA
"3832","ENST00000674200.2","ENSG00000108963.19","OTTHUMG00000177724.8","-","DPH1-218","DPH1",2662,"protein_coding",1713,52,0.923994899,"GGACA",0.519230769,NA,NA,NA,NA,NA,NA,NA,NA,NA,0,0,0,NA,NA,NA
"3833","ENST00000674523.1","ENSG00000170445.16","OTTHUMG00000129502.12","-","HARS1-217","HARS1",2900,"nonsense_mediated_decay",1710,58,0.985981464,"GGACT",0.793103448,NA,NA,NA,NA,NA,NA,NA,NA,NA,0,0,0,NA,NA,NA
"3834","ENST00000674629.1","ENSG00000134684.13","OTTHUMG00000003933.2","-","YARS1-211","YARS1",2075,"nonsense_mediated_decay",1491,69,0.990237772,"GGACT",0.913043478,NA,NA,NA,NA,NA,NA,NA,NA,NA,0,0,0,NA,NA,NA
"3835","ENST00000674654.1","ENSG00000134684.13","OTTHUMG00000003933.2","-","YARS1-212","YARS1",2784,"nonsense_mediated_decay",2190,59,0.987434208,"GGACT",0.881355932,NA,NA,NA,NA,NA,NA,NA,NA,NA,0,0,0,NA,NA,NA
"3836","ENST00000674691.1","ENSG00000090861.17","OTTHUMG00000177042.7","-","AARS1-210","AARS1",3494,"protein_coding",3125,47,0.990048051,"GGACC",0.829787234,NA,NA,NA,NA,NA,NA,NA,NA,NA,0,0,0,NA,NA,NA
"3837","ENST00000674743.1","ENSG00000142871.18","OTTHUMG00000010577.2","-","CCN1-203","CCN1",2446,"retained_intron",1740,209,0.913198233,"GGACA",0.545454545,NA,NA,NA,NA,NA,NA,NA,NA,NA,0,0,0,NA,NA,NA
"3838","ENST00000674748.1","ENSG00000075785.14","OTTHUMG00000159812.3","-","RAB7A-211","RAB7A",2122,"protein_coding",81,22,0.936227202,"GAACT",0.636363636,NA,NA,NA,NA,NA,NA,NA,NA,NA,0,0,0,NA,NA,NA
"3839","ENST00000674811.1","ENSG00000090861.17","OTTHUMG00000177042.7","-","AARS1-212","AARS1",2656,"nonsense_mediated_decay",2322,20,0.968386889,"GGACC",0.8,NA,NA,NA,NA,NA,NA,NA,NA,NA,0,0,0,NA,NA,NA
"3840","ENST00000674818.1","ENSG00000142871.18","OTTHUMG00000010577.2","-","CCN1-204","CCN1",3080,"retained_intron",1715,235,0.933141828,"GGACA",0.574468085,NA,NA,NA,NA,NA,NA,NA,NA,NA,0,0,0,NA,NA,NA
"3841","ENST00000674963.1","ENSG00000090861.17","OTTHUMG00000177042.7","-","AARS1-215","AARS1",3717,"protein_coding",3061,45,0.984274745,"GGACC",0.8,NA,NA,NA,NA,NA,NA,NA,NA,NA,0,0,0,NA,NA,NA
"3842","ENST00000675083.1","ENSG00000142871.18","OTTHUMG00000010577.2","-","CCN1-205","CCN1",1868,"nonsense_mediated_decay",1162,226,0.923148036,"GGACA",0.561946903,NA,NA,NA,NA,NA,NA,NA,NA,NA,0,0,0,NA,NA,NA
"3843","ENST00000675121.1","ENSG00000185803.12","OTTHUMG00000165168.9","-","SLC52A2-219","SLC52A2",1740,"protein_coding",1457,21,0.976873398,"GGACT",0.761904762,NA,NA,NA,NA,NA,NA,NA,NA,NA,0,0,0,NA,NA,NA
"3844","ENST00000675292.1","ENSG00000185803.12","OTTHUMG00000165168.9","-","SLC52A2-221","SLC52A2",2099,"protein_coding",1816,21,0.970935941,"GGACT",0.714285714,NA,NA,NA,NA,NA,NA,NA,NA,NA,0,0,0,NA,NA,NA
"3845","ENST00000675355.1","ENSG00000170445.16","OTTHUMG00000129502.12","-","HARS1-222","HARS1",2537,"protein_coding_CDS_not_defined",1347,24,0.973582387,"GGACT",0.791666667,NA,NA,NA,NA,NA,NA,NA,NA,NA,0,0,0,NA,NA,NA
"3846","ENST00000675643.1","ENSG00000090861.17","OTTHUMG00000177042.7","-","AARS1-228","AARS1",3768,"protein_coding",3112,22,0.980146825,"GGACC",0.772727273,123,738,2907,1,123,124,3029,3030,3767,0,0,1,NA,NA,0.111111111111111
"3847","ENST00000675698.1","ENSG00000170445.16","OTTHUMG00000129502.12","-","HARS1-224","HARS1",2595,"protein_coding",1405,48,0.981551468,"GGACT",0.75,NA,NA,NA,NA,NA,NA,NA,NA,NA,0,0,0,NA,NA,NA
"3848","ENST00000675763.1","ENSG00000170445.16","OTTHUMG00000129502.12","-","HARS1-225","HARS1",4659,"retained_intron",3437,42,0.904527724,"GAACT",0.547619048,NA,NA,NA,NA,NA,NA,NA,NA,NA,0,0,0,NA,NA,NA
"3849","ENST00000675785.2","ENSG00000134684.13","OTTHUMG00000003933.2","-","YARS1-213","YARS1",2899,"protein_coding",2341,65,0.990569115,"GGACT",0.892307692,787,672,1440,1,787,788,2226,2227,2898,0,0,1,NA,NA,0.169642857142857
"3850","ENST00000675898.1","ENSG00000170445.16","OTTHUMG00000129502.12","-","HARS1-228","HARS1",4570,"retained_intron",3348,21,0.930764794,"GAACT",0.571428571,NA,NA,NA,NA,NA,NA,NA,NA,NA,0,0,0,NA,NA,NA
"3851","ENST00000675898.1","ENSG00000170445.16","OTTHUMG00000129502.12","-","HARS1-228","HARS1",4570,"retained_intron",3380,20,0.994979024,"GGACT",0.9,NA,NA,NA,NA,NA,NA,NA,NA,NA,0,0,0,NA,NA,NA
"3852","ENST00000675917.1","ENSG00000090861.17","OTTHUMG00000177042.7","-","AARS1-232","AARS1",3897,"retained_intron",3286,20,0.982585311,"GGACC",0.7,NA,NA,NA,NA,NA,NA,NA,NA,NA,0,0,0,NA,NA,NA
"3853","ENST00000676254.1","ENSG00000117394.24","OTTHUMG00000007657.12","-","SLC2A1-215","SLC2A1",2795,"retained_intron",2342,23,0.920213759,"GAACT",0.608695652,NA,NA,NA,NA,NA,NA,NA,NA,NA,0,0,0,NA,NA,NA
"3854","ENST00000676297.1","ENSG00000134684.13","OTTHUMG00000003933.2","-","YARS1-214","YARS1",3263,"nonsense_mediated_decay",2657,67,0.987172425,"GGACT",0.895522388,125,2481,657,1,125,126,781,782,3262,0,0,1,NA,NA,0.755743651753325
"3855","ENST00000676327.1","ENSG00000170445.16","OTTHUMG00000129502.12","-","HARS1-230","HARS1",2729,"protein_coding",1539,20,0.958160996,"GGACT",0.7,NA,NA,NA,NA,NA,NA,NA,NA,NA,0,0,0,NA,NA,NA
"3856","ENST00000676425.1","ENSG00000075785.14","OTTHUMG00000159812.3","-","RAB7A-218","RAB7A",2308,"protein_coding",128,22,0.936245024,"GAACT",0.636363636,NA,NA,NA,NA,NA,NA,NA,NA,NA,0,0,0,NA,NA,NA
"3857","ENST00000676453.1","ENSG00000114867.22","OTTHUMG00000156784.21","-","EIF4G1-240","EIF4G1",4590,"nonsense_mediated_decay",4181,23,0.943753541,"GGACA",0.652173913,NA,NA,NA,NA,NA,NA,NA,NA,NA,0,0,0,NA,NA,NA
"3858","ENST00000676453.1","ENSG00000114867.22","OTTHUMG00000156784.21","-","EIF4G1-240","EIF4G1",4590,"nonsense_mediated_decay",4210,27,0.949556828,"GGACT",0.703703704,NA,NA,NA,NA,NA,NA,NA,NA,NA,0,0,0,NA,NA,NA
"3859","ENST00000676496.1","ENSG00000215021.10","OTTHUMG00000168519.5","-","PHB2-215","PHB2",1391,"nonsense_mediated_decay",799,156,0.995599627,"GGACT",0.878205128,NA,NA,NA,NA,NA,NA,NA,NA,NA,0,0,0,NA,NA,NA
"3860","ENST00000676496.1","ENSG00000215021.10","OTTHUMG00000168519.5","-","PHB2-215","PHB2",1391,"nonsense_mediated_decay",824,596,0.99070859,"GGACA",0.654362416,NA,NA,NA,NA,NA,NA,NA,NA,NA,0,0,0,NA,NA,NA
"3861","ENST00000676514.1","ENSG00000115053.17","OTTHUMG00000153866.4","-","NCL-211","NCL",3235,"retained_intron",2833,57,0.926072776,"GGACT",0.631578947,NA,NA,NA,NA,NA,NA,NA,NA,NA,0,0,0,NA,NA,NA
"3862","ENST00000676550.1","ENSG00000103226.19","OTTHUMG00000177317.23","-","NOMO3-218","NOMO3",4060,"protein_coding",3765,62,0.970621347,"GGACC",0.677419355,NA,NA,NA,NA,NA,NA,NA,NA,NA,0,0,0,NA,NA,NA
"3863","ENST00000676552.1","ENSG00000247596.10","OTTHUMG00000158105.4","-","TWF2-204","TWF2",2139,"retained_intron",1769,22,0.956775129,"GGACT",0.818181818,NA,NA,NA,NA,NA,NA,NA,NA,NA,0,0,0,NA,NA,NA
"3864","ENST00000676686.1","ENSG00000129968.17","OTTHUMG00000171872.6","-","ABHD17A-207","ABHD17A",1781,"protein_coding",1436,86,0.958390653,"GGACC",0.546511628,NA,NA,NA,NA,NA,NA,NA,NA,NA,0,0,0,NA,NA,NA
"3865","ENST00000676710.1","ENSG00000156508.19","OTTHUMG00000015031.7","-","EEF1A1-214","EEF1A1",1790,"protein_coding",1554,2913,0.927200198,"GAACT",0.624098867,NA,NA,NA,NA,NA,NA,NA,NA,NA,0,0,0,NA,NA,NA
"3866","ENST00000676710.1","ENSG00000156508.19","OTTHUMG00000015031.7","-","EEF1A1-214","EEF1A1",1790,"protein_coding",1595,2748,0.938311517,"AGACT",0.57496361,NA,NA,NA,NA,NA,NA,NA,NA,NA,0,0,0,NA,NA,NA
"3867","ENST00000676753.1","ENSG00000136448.13","OTTHUMG00000180003.4","-","NMT1-213","NMT1",5192,"nonsense_mediated_decay",1957,64,0.92463094,"GAACT",0.625,NA,NA,NA,NA,NA,NA,NA,NA,NA,0,0,0,NA,NA,NA
"3868","ENST00000676829.1","ENSG00000164615.6","OTTHUMG00000129116.4","-","CAMLG-204","CAMLG",1470,"protein_coding",480,52,0.903168559,"GAACT",0.538461538,NA,NA,NA,NA,NA,NA,NA,NA,NA,0,0,0,NA,NA,NA
"3869","ENST00000676846.1","ENSG00000103226.19","OTTHUMG00000177317.23","-","NOMO3-219","NOMO3",5231,"nonsense_mediated_decay",4036,47,0.970835924,"GGACC",0.70212766,NA,NA,NA,NA,NA,NA,NA,NA,NA,0,0,0,NA,NA,NA
"3870","ENST00000676984.1","ENSG00000104969.11","OTTHUMG00000180474.5","-","SGTA-208","SGTA",2128,"protein_coding",1457,44,0.913110137,"GAACT",0.590909091,NA,NA,NA,NA,NA,NA,NA,NA,NA,0,0,0,NA,NA,NA
"3871","ENST00000676989.1","ENSG00000247596.10","OTTHUMG00000158105.4","-","TWF2-207","TWF2",1579,"nonsense_mediated_decay",1207,111,0.952225208,"GGACT",0.693693694,NA,NA,NA,NA,NA,NA,NA,NA,NA,0,0,0,NA,NA,NA
"3872","ENST00000677054.1","ENSG00000204386.12","OTTHUMG00000031284.5","-","NEU1-210","NEU1",3047,"retained_intron",2623,46,0.955425143,"GGACT",0.608695652,NA,NA,NA,NA,NA,NA,NA,NA,NA,0,0,0,NA,NA,NA
"3873","ENST00000677054.1","ENSG00000204386.12","OTTHUMG00000031284.5","-","NEU1-210","NEU1",3047,"retained_intron",2677,49,0.955258667,"AGACA",0.653061224,NA,NA,NA,NA,NA,NA,NA,NA,NA,0,0,0,NA,NA,NA
"3874","ENST00000677054.1","ENSG00000204386.12","OTTHUMG00000031284.5","-","NEU1-210","NEU1",3047,"retained_intron",2752,64,0.97614634,"GGACT",0.78125,NA,NA,NA,NA,NA,NA,NA,NA,NA,0,0,0,NA,NA,NA
"3875","ENST00000677054.1","ENSG00000204386.12","OTTHUMG00000031284.5","-","NEU1-210","NEU1",3047,"retained_intron",3043,58,0.947768331,"TGACT",0.568965517,NA,NA,NA,NA,NA,NA,NA,NA,NA,0,0,0,NA,NA,NA
"3876","ENST00000677090.1","ENSG00000106636.9","OTTHUMG00000129089.4","OTTHUMT00000343173.2","YKT6-208","YKT6",1085,"protein_coding",823,78,0.904871941,"GAACT",0.512820513,NA,NA,NA,NA,NA,NA,NA,NA,NA,0,0,0,NA,NA,NA
"3877","ENST00000677236.1","ENSG00000156508.19","OTTHUMG00000015031.7","-","EEF1A1-216","EEF1A1",1823,"protein_coding",1591,2913,0.924743414,"GAACT",0.625128733,NA,NA,NA,NA,NA,NA,NA,NA,NA,0,0,0,NA,NA,NA
"3878","ENST00000677236.1","ENSG00000156508.19","OTTHUMG00000015031.7","-","EEF1A1-216","EEF1A1",1823,"protein_coding",1632,2739,0.941693246,"AGACT",0.582329317,NA,NA,NA,NA,NA,NA,NA,NA,NA,0,0,0,NA,NA,NA
"3879","ENST00000677260.1","ENSG00000103226.19","OTTHUMG00000177317.23","-","NOMO3-221","NOMO3",4129,"protein_coding",3834,60,0.977208078,"GGACC",0.766666667,NA,NA,NA,NA,NA,NA,NA,NA,NA,0,0,0,NA,NA,NA
"3880","ENST00000677342.1","ENSG00000071553.18","OTTHUMG00000033291.11","-","ATP6AP1-212","ATP6AP1",2318,"nonsense_mediated_decay",951,23,0.967297137,"TGACT",0.782608696,NA,NA,NA,NA,NA,NA,NA,NA,NA,0,0,0,NA,NA,NA
"3881","ENST00000677342.1","ENSG00000071553.18","OTTHUMG00000033291.11","-","ATP6AP1-212","ATP6AP1",2318,"nonsense_mediated_decay",1799,42,0.93145746,"GAACT",0.619047619,NA,NA,NA,NA,NA,NA,NA,NA,NA,0,0,0,NA,NA,NA
"3882","ENST00000677415.1","ENSG00000164733.23","OTTHUMG00000090799.10","-","CTSB-239","CTSB",3080,"protein_coding",1086,23,0.907187641,"TGACT",0.434782609,NA,NA,NA,NA,NA,NA,NA,NA,NA,0,0,0,NA,NA,NA
"3883","ENST00000677415.1","ENSG00000164733.23","OTTHUMG00000090799.10","-","CTSB-239","CTSB",3080,"protein_coding",1304,26,0.975832164,"GGACT",0.769230769,NA,NA,NA,NA,NA,NA,NA,NA,NA,0,0,0,NA,NA,NA
"3884","ENST00000677415.1","ENSG00000164733.23","OTTHUMG00000090799.10","-","CTSB-239","CTSB",3080,"protein_coding",1469,27,0.93339479,"TGACT",0.62962963,NA,NA,NA,NA,NA,NA,NA,NA,NA,0,0,0,NA,NA,NA
"3885","ENST00000677459.1","ENSG00000137563.13","OTTHUMG00000164365.4","-","GGH-210","GGH",1500,"nonsense_mediated_decay",579,68,0.905173242,"GAACT",0.602941176,NA,NA,NA,NA,NA,NA,NA,NA,NA,0,0,0,NA,NA,NA
"3886","ENST00000677482.1","ENSG00000137563.13","OTTHUMG00000164365.4","-","GGH-211","GGH",1449,"protein_coding",586,65,0.912352562,"GAACT",0.615384615,NA,NA,NA,NA,NA,NA,NA,NA,NA,0,0,0,NA,NA,NA
"3887","ENST00000677512.1","ENSG00000204386.12","OTTHUMG00000031284.5","-","NEU1-211","NEU1",1973,"retained_intron",1561,62,0.953375638,"GGACT",0.693548387,NA,NA,NA,NA,NA,NA,NA,NA,NA,0,0,0,NA,NA,NA
"3888","ENST00000677512.1","ENSG00000204386.12","OTTHUMG00000031284.5","-","NEU1-211","NEU1",1973,"retained_intron",1615,61,0.966716707,"AGACA",0.639344262,NA,NA,NA,NA,NA,NA,NA,NA,NA,0,0,0,NA,NA,NA
"3889","ENST00000677512.1","ENSG00000204386.12","OTTHUMG00000031284.5","-","NEU1-211","NEU1",1973,"retained_intron",1690,67,0.972394884,"GGACT",0.746268657,NA,NA,NA,NA,NA,NA,NA,NA,NA,0,0,0,NA,NA,NA
"3890","ENST00000677661.1","ENSG00000109861.17","OTTHUMG00000167290.4","-","CTSC-215","CTSC",2468,"nonsense_mediated_decay",1905,27,0.903465211,"TGACT",0.62962963,NA,NA,NA,NA,NA,NA,NA,NA,NA,0,0,0,NA,NA,NA
"3891","ENST00000677781.1","ENSG00000103226.19","OTTHUMG00000177317.23","-","NOMO3-223","NOMO3",4063,"nonsense_mediated_decay",3768,61,0.974431753,"GGACC",0.737704918,NA,NA,NA,NA,NA,NA,NA,NA,NA,0,0,0,NA,NA,NA
"3892","ENST00000677868.1","ENSG00000129968.17","OTTHUMG00000171872.6","-","ABHD17A-208","ABHD17A",1679,"protein_coding",1334,91,0.961015165,"GGACC",0.538461538,NA,NA,NA,NA,NA,NA,NA,NA,NA,0,0,0,NA,NA,NA
"3893","ENST00000677912.1","ENSG00000103226.19","OTTHUMG00000177317.23","-","NOMO3-224","NOMO3",4390,"nonsense_mediated_decay",4084,87,0.970385373,"GGACC",0.712643678,NA,NA,NA,NA,NA,NA,NA,NA,NA,0,0,0,NA,NA,NA
"3894","ENST00000678009.1","ENSG00000132002.9","OTTHUMG00000183289.4","OTTHUMT00000465993.3","DNAJB1-221","DNAJB1",2147,"protein_coding",1775,20,0.952911019,"GGACT",0.85,NA,NA,NA,NA,NA,NA,NA,NA,NA,0,0,0,NA,NA,NA
"3895","ENST00000678016.1","ENSG00000179958.10","OTTHUMG00000132416.5","-","DCTPP1-206","DCTPP1",1024,"protein_coding",451,224,0.969929636,"GGACA",0.660714286,NA,NA,NA,NA,NA,NA,NA,NA,NA,0,0,0,NA,NA,NA
"3896","ENST00000678109.1","ENSG00000104969.11","OTTHUMG00000180474.5","-","SGTA-214","SGTA",2316,"nonsense_mediated_decay",1645,55,0.915076137,"GAACT",0.636363636,NA,NA,NA,NA,NA,NA,NA,NA,NA,0,0,0,NA,NA,NA
"3897","ENST00000678116.1","ENSG00000105889.16","OTTHUMG00000193419.2","-","STEAP1B-210","STEAP1B",1261,"protein_coding",1081,137,0.905414462,"GGACT",0.554744526,NA,NA,NA,NA,NA,NA,NA,NA,NA,0,0,0,NA,NA,NA
"3898","ENST00000678148.1","ENSG00000103226.19","OTTHUMG00000177317.23","-","NOMO3-226","NOMO3",3834,"protein_coding_CDS_not_defined",3539,59,0.963678002,"GGACC",0.661016949,NA,NA,NA,NA,NA,NA,NA,NA,NA,0,0,0,NA,NA,NA
"3899","ENST00000678332.1","ENSG00000136448.13","OTTHUMG00000180003.4","-","NMT1-216","NMT1",4918,"nonsense_mediated_decay",1683,59,0.95484668,"GAACT",0.677966102,NA,NA,NA,NA,NA,NA,NA,NA,NA,0,0,0,NA,NA,NA
"3900","ENST00000678352.1","ENSG00000247596.10","OTTHUMG00000158105.4","-","TWF2-211","TWF2",1531,"retained_intron",1138,134,0.948719144,"GGACT",0.708955224,NA,NA,NA,NA,NA,NA,NA,NA,NA,0,0,0,NA,NA,NA
"3901","ENST00000678375.1","ENSG00000139168.9","OTTHUMG00000169382.2","-","ZCRB1-208","ZCRB1",4085,"retained_intron",3362,20,0.918644905,"GGACT",0.6,NA,NA,NA,NA,NA,NA,NA,NA,NA,0,0,0,NA,NA,NA
"3902","ENST00000678431.1","ENSG00000122566.22","OTTHUMG00000023471.4","-","HNRNPA2B1-232","HNRNPA2B1",3522,"nonsense_mediated_decay",1069,68,0.909674942,"TAACT",0.470588235,NA,NA,NA,NA,NA,NA,NA,NA,NA,0,0,0,NA,NA,NA
"3903","ENST00000678508.1","ENSG00000156508.19","OTTHUMG00000015031.7","-","EEF1A1-219","EEF1A1",1778,"protein_coding",1542,2905,0.921016872,"GAACT",0.623407917,NA,NA,NA,NA,NA,NA,NA,NA,NA,0,0,0,NA,NA,NA
"3904","ENST00000678508.1","ENSG00000156508.19","OTTHUMG00000015031.7","-","EEF1A1-219","EEF1A1",1778,"protein_coding",1583,2729,0.935284138,"AGACT",0.577500916,NA,NA,NA,NA,NA,NA,NA,NA,NA,0,0,0,NA,NA,NA
"3905","ENST00000678549.1","ENSG00000247596.10","OTTHUMG00000158105.4","-","TWF2-212","TWF2",1558,"nonsense_mediated_decay",1186,107,0.943921566,"GGACT",0.691588785,NA,NA,NA,NA,NA,NA,NA,NA,NA,0,0,0,NA,NA,NA
"3906","ENST00000678598.1","ENSG00000164733.23","OTTHUMG00000090799.10","-","CTSB-252","CTSB",3786,"protein_coding",1455,21,0.904482424,"TGACT",0.523809524,NA,NA,NA,NA,NA,NA,NA,NA,NA,0,0,0,NA,NA,NA
"3907","ENST00000678650.1","ENSG00000165280.18","OTTHUMG00000019855.5","-","VCP-212","VCP",4362,"protein_coding",3478,23,0.97301513,"AGACT",0.782608696,NA,NA,NA,NA,NA,NA,NA,NA,NA,0,0,0,NA,NA,NA
"3908","ENST00000678702.1","ENSG00000156508.19","OTTHUMG00000015031.7","-","EEF1A1-221","EEF1A1",1821,"protein_coding",1589,2912,0.929099083,"GAACT",0.621222527,NA,NA,NA,NA,NA,NA,NA,NA,NA,0,0,0,NA,NA,NA
"3909","ENST00000678702.1","ENSG00000156508.19","OTTHUMG00000015031.7","-","EEF1A1-221","EEF1A1",1821,"protein_coding",1630,2727,0.935294211,"AGACT",0.569123579,NA,NA,NA,NA,NA,NA,NA,NA,NA,0,0,0,NA,NA,NA
"3910","ENST00000678703.1","ENSG00000156508.19","OTTHUMG00000015031.7","-","EEF1A1-222","EEF1A1",1731,"protein_coding",1502,2919,0.91620481,"GAACT",0.60911271,NA,NA,NA,NA,NA,NA,NA,NA,NA,0,0,0,NA,NA,NA
"3911","ENST00000678703.1","ENSG00000156508.19","OTTHUMG00000015031.7","-","EEF1A1-222","EEF1A1",1731,"protein_coding",1543,2759,0.943706334,"AGACT",0.583182312,NA,NA,NA,NA,NA,NA,NA,NA,NA,0,0,0,NA,NA,NA
"3912","ENST00000678828.1","ENSG00000115053.17","OTTHUMG00000153866.4","-","NCL-222","NCL",2666,"protein_coding",2265,75,0.905032516,"GGACT",0.546666667,NA,NA,NA,NA,NA,NA,NA,NA,NA,0,0,0,NA,NA,NA
"3913","ENST00000678829.1","ENSG00000215021.10","OTTHUMG00000168519.5","-","PHB2-219","PHB2",1282,"nonsense_mediated_decay",302,135,0.954572558,"GGACA",0.555555556,NA,NA,NA,NA,NA,NA,NA,NA,NA,0,0,0,NA,NA,NA
"3914","ENST00000678829.1","ENSG00000215021.10","OTTHUMG00000168519.5","-","PHB2-219","PHB2",1282,"nonsense_mediated_decay",659,71,0.987699091,"GGACT",0.788732394,NA,NA,NA,NA,NA,NA,NA,NA,NA,0,0,0,NA,NA,NA
"3915","ENST00000678829.1","ENSG00000215021.10","OTTHUMG00000168519.5","-","PHB2-219","PHB2",1282,"nonsense_mediated_decay",684,348,0.992293954,"GGACA",0.672413793,NA,NA,NA,NA,NA,NA,NA,NA,NA,0,0,0,NA,NA,NA
"3916","ENST00000678838.1","ENSG00000247596.10","OTTHUMG00000158105.4","-","TWF2-215","TWF2",1426,"protein_coding",1033,85,0.945275962,"GGACT",0.717647059,NA,NA,NA,NA,NA,NA,NA,NA,NA,0,0,0,NA,NA,NA
"3917","ENST00000678869.1","ENSG00000204386.12","OTTHUMG00000031284.5","-","NEU1-212","NEU1",2338,"retained_intron",1872,92,0.950836897,"GGACT",0.673913043,NA,NA,NA,NA,NA,NA,NA,NA,NA,0,0,0,NA,NA,NA
"3918","ENST00000678869.1","ENSG00000204386.12","OTTHUMG00000031284.5","-","NEU1-212","NEU1",2338,"retained_intron",1926,96,0.968900621,"AGACA",0.666666667,NA,NA,NA,NA,NA,NA,NA,NA,NA,0,0,0,NA,NA,NA
"3919","ENST00000678869.1","ENSG00000204386.12","OTTHUMG00000031284.5","-","NEU1-212","NEU1",2338,"retained_intron",2001,149,0.969861209,"GGACT",0.738255034,NA,NA,NA,NA,NA,NA,NA,NA,NA,0,0,0,NA,NA,NA
"3920","ENST00000678882.1","ENSG00000247596.10","OTTHUMG00000158105.4","-","TWF2-216","TWF2",1503,"protein_coding_CDS_not_defined",1131,110,0.962986946,"GGACT",0.7,NA,NA,NA,NA,NA,NA,NA,NA,NA,0,0,0,NA,NA,NA
"3921","ENST00000678938.1","ENSG00000136448.13","OTTHUMG00000180003.4","-","NMT1-219","NMT1",4781,"protein_coding",1546,59,0.931674004,"GAACT",0.593220339,NA,NA,NA,NA,NA,NA,NA,NA,NA,0,0,0,NA,NA,NA
"3922","ENST00000678943.1","ENSG00000150093.20","OTTHUMG00000017928.11","-","ITGB1-233","ITGB1",4001,"protein_coding",2138,21,0.926133275,"TGACT",0.571428571,NA,NA,NA,NA,NA,NA,NA,NA,NA,0,0,0,NA,NA,NA
"3923","ENST00000679114.1","ENSG00000011304.22","OTTHUMG00000181789.13","OTTHUMT00000457610.3","PTBP1-224","PTBP1",3233,"protein_coding",1987,21,0.934285581,"TGACT",0.714285714,NA,NA,NA,NA,NA,NA,NA,NA,NA,0,0,0,NA,NA,NA
"3924","ENST00000679149.1","ENSG00000135047.16","OTTHUMG00000020149.2","OTTHUMT00000052941.1","CTSL-241","CTSL",2129,"protein_coding",947,65,0.902370691,"GAACT",0.615384615,NA,NA,NA,NA,NA,NA,NA,NA,NA,0,0,0,NA,NA,NA
"3925","ENST00000679180.1","ENSG00000247596.10","OTTHUMG00000158105.4","OTTHUMT00000350200.1","TWF2-217","TWF2",1499,"retained_intron",1127,59,0.902701199,"GGACT",0.694915254,NA,NA,NA,NA,NA,NA,NA,NA,NA,0,0,0,NA,NA,NA
"3926","ENST00000679241.1","ENSG00000071553.18","OTTHUMG00000033291.11","-","ATP6AP1-214","ATP6AP1",2111,"nonsense_mediated_decay",907,30,0.953979552,"TGACT",0.733333333,NA,NA,NA,NA,NA,NA,NA,NA,NA,0,0,0,NA,NA,NA
"3927","ENST00000679296.1","ENSG00000247596.10","OTTHUMG00000158105.4","-","TWF2-218","TWF2",1536,"protein_coding",1164,95,0.950652719,"GGACT",0.726315789,NA,NA,NA,NA,NA,NA,NA,NA,NA,0,0,0,NA,NA,NA
"3928","ENST00000679326.1","ENSG00000137563.13","OTTHUMG00000164365.4","-","GGH-215","GGH",1835,"nonsense_mediated_decay",1126,58,0.90725702,"GAACT",0.586206897,NA,NA,NA,NA,NA,NA,NA,NA,NA,0,0,0,NA,NA,NA
"3929","ENST00000679348.1","ENSG00000115053.17","OTTHUMG00000153866.4","-","NCL-224","NCL",2653,"protein_coding",2311,29,0.969448864,"GGACT",0.724137931,NA,NA,NA,NA,NA,NA,NA,NA,NA,0,0,0,NA,NA,NA
"3930","ENST00000679355.1","ENSG00000044574.9","OTTHUMG00000020672.2","-","HSPA5-202","HSPA5",4052,"retained_intron",2358,278,0.982202411,"GGACT",0.866906475,NA,NA,NA,NA,NA,NA,NA,NA,NA,0,0,0,NA,NA,NA
"3931","ENST00000679355.1","ENSG00000044574.9","OTTHUMG00000020672.2","-","HSPA5-202","HSPA5",4052,"retained_intron",2366,334,0.927865207,"GAACT",0.502994012,NA,NA,NA,NA,NA,NA,NA,NA,NA,0,0,0,NA,NA,NA
"3932","ENST00000679355.1","ENSG00000044574.9","OTTHUMG00000020672.2","-","HSPA5-202","HSPA5",4052,"retained_intron",2392,331,0.954345584,"GAACT",0.555891239,NA,NA,NA,NA,NA,NA,NA,NA,NA,0,0,0,NA,NA,NA
"3933","ENST00000679400.1","ENSG00000137267.7","OTTHUMG00000014135.2","-","TUBB2A-203","TUBB2A",1760,"protein_coding_CDS_not_defined",1427,94,0.909450889,"GAACT",0.468085106,NA,NA,NA,NA,NA,NA,NA,NA,NA,0,0,0,NA,NA,NA
"3934","ENST00000679429.1","ENSG00000182173.14","OTTHUMG00000179684.3","OTTHUMT00000447620.1","TSEN54-213","TSEN54",1921,"nonsense_mediated_decay",1808,49,0.953246355,"GGACT",0.632653061,NA,NA,NA,NA,NA,NA,NA,NA,NA,0,0,0,NA,NA,NA
"3935","ENST00000679475.1","ENSG00000044574.9","OTTHUMG00000020672.2","-","HSPA5-203","HSPA5",4281,"retained_intron",2587,351,0.985703647,"GGACT",0.888888889,NA,NA,NA,NA,NA,NA,NA,NA,NA,0,0,0,NA,NA,NA
"3936","ENST00000679475.1","ENSG00000044574.9","OTTHUMG00000020672.2","-","HSPA5-203","HSPA5",4281,"retained_intron",2595,421,0.935512424,"GAACT",0.505938242,NA,NA,NA,NA,NA,NA,NA,NA,NA,0,0,0,NA,NA,NA
"3937","ENST00000679475.1","ENSG00000044574.9","OTTHUMG00000020672.2","-","HSPA5-203","HSPA5",4281,"retained_intron",2621,423,0.955487967,"GAACT",0.560283688,NA,NA,NA,NA,NA,NA,NA,NA,NA,0,0,0,NA,NA,NA
"3938","ENST00000679480.1","ENSG00000184009.13","OTTHUMG00000177955.9","-","ACTG1-218","ACTG1",1919,"protein_coding",537,132,0.999429345,"GGACT",0.916666667,NA,NA,NA,NA,NA,NA,NA,NA,NA,0,0,0,NA,NA,NA
"3939","ENST00000679480.1","ENSG00000184009.13","OTTHUMG00000177955.9","-","ACTG1-218","ACTG1",1919,"protein_coding",1209,285,0.961220682,"GGACT",0.705263158,NA,NA,NA,NA,NA,NA,NA,NA,NA,0,0,0,NA,NA,NA
"3940","ENST00000679519.1","ENSG00000131043.13","OTTHUMG00000032380.3","-","AAR2-204","AAR2",2602,"protein_coding",2446,56,0.904807627,"AAACT",0.589285714,NA,NA,NA,NA,NA,NA,NA,NA,NA,0,0,0,NA,NA,NA
"3941","ENST00000679535.1","ENSG00000184009.13","OTTHUMG00000177955.9","-","ACTG1-219","ACTG1",2141,"retained_intron",1433,84,0.957865715,"GGACT",0.726190476,NA,NA,NA,NA,NA,NA,NA,NA,NA,0,0,0,NA,NA,NA
"3942","ENST00000679594.1","ENSG00000168003.19","OTTHUMG00000074091.8","OTTHUMT00000396053.1","SLC3A2-224","SLC3A2",1512,"retained_intron",1376,88,0.92097801,"GGACC",0.443181818,NA,NA,NA,NA,NA,NA,NA,NA,NA,0,0,0,NA,NA,NA
"3943","ENST00000679667.1","ENSG00000131043.13","OTTHUMG00000032380.3","-","AAR2-205","AAR2",2952,"protein_coding",2796,55,0.90922302,"AAACT",0.545454545,NA,NA,NA,NA,NA,NA,NA,NA,NA,0,0,0,NA,NA,NA
"3944","ENST00000679907.1","ENSG00000137267.7","OTTHUMG00000014135.2","-","TUBB2A-204","TUBB2A",1912,"retained_intron",1759,90,0.912433147,"GAACT",0.477777778,NA,NA,NA,NA,NA,NA,NA,NA,NA,0,0,0,NA,NA,NA
"3945","ENST00000679984.1","ENSG00000119977.22","OTTHUMG00000018814.7","-","TCTN3-210","TCTN3",2364,"nonsense_mediated_decay",1739,22,0.902709007,"AGACT",0.772727273,NA,NA,NA,NA,NA,NA,NA,NA,NA,0,0,0,NA,NA,NA
"3946","ENST00000680002.1","ENSG00000168003.19","OTTHUMG00000074091.8","-","SLC3A2-226","SLC3A2",2491,"nonsense_mediated_decay",2320,136,0.912034452,"GGACC",0.411764706,NA,NA,NA,NA,NA,NA,NA,NA,NA,0,0,0,NA,NA,NA
"3947","ENST00000680036.1","ENSG00000137267.7","OTTHUMG00000014135.2","-","TUBB2A-205","TUBB2A",2284,"retained_intron",2153,86,0.92070049,"GAACT",0.453488372,NA,NA,NA,NA,NA,NA,NA,NA,NA,0,0,0,NA,NA,NA
"3948","ENST00000680065.1","ENSG00000172270.22","OTTHUMG00000177718.19","-","BSG-218","BSG",1630,"protein_coding",1406,226,0.902848005,"GGACT",0.486725664,NA,NA,NA,NA,NA,NA,NA,NA,NA,0,0,0,NA,NA,NA
"3949","ENST00000680134.1","ENSG00000168003.19","OTTHUMG00000074091.8","-","SLC3A2-227","SLC3A2",1869,"nonsense_mediated_decay",1737,127,0.943286538,"GGACC",0.480314961,NA,NA,NA,NA,NA,NA,NA,NA,NA,0,0,0,NA,NA,NA
"3950","ENST00000680144.1","ENSG00000119977.22","OTTHUMG00000018814.7","-","TCTN3-211","TCTN3",2414,"protein_coding",1611,22,0.954792738,"GGACT",0.681818182,NA,NA,NA,NA,NA,NA,NA,NA,NA,0,0,0,NA,NA,NA
"3951","ENST00000680144.1","ENSG00000119977.22","OTTHUMG00000018814.7","-","TCTN3-211","TCTN3",2414,"protein_coding",1739,26,0.921177208,"AGACT",0.807692308,NA,NA,NA,NA,NA,NA,NA,NA,NA,0,0,0,NA,NA,NA
"3952","ENST00000680158.1","ENSG00000166794.6","OTTHUMG00000133018.2","-","PPIB-204","PPIB",1050,"nonsense_mediated_decay",979,1084,0.941733003,"GGACT",0.652214022,NA,NA,NA,NA,NA,NA,NA,NA,NA,0,0,0,NA,NA,NA
"3953","ENST00000680247.1","ENSG00000131043.13","OTTHUMG00000032380.3","-","AAR2-207","AAR2",2561,"protein_coding",2153,27,0.904946923,"TGACT",0.703703704,NA,NA,NA,NA,NA,NA,NA,NA,NA,0,0,0,NA,NA,NA
"3954","ENST00000680256.1","ENSG00000159063.14","OTTHUMG00000166594.7","OTTHUMT00000390797.2","ALG8-236","ALG8",1636,"protein_coding",1314,28,0.982430875,"GAACT",0.607142857,NA,NA,NA,NA,NA,NA,NA,NA,NA,0,0,0,NA,NA,NA
"3955","ENST00000680257.1","ENSG00000044574.9","OTTHUMG00000020672.2","-","HSPA5-206","HSPA5",4234,"retained_intron",2540,213,0.980280936,"GGACT",0.873239437,NA,NA,NA,NA,NA,NA,NA,NA,NA,0,0,0,NA,NA,NA
"3956","ENST00000680257.1","ENSG00000044574.9","OTTHUMG00000020672.2","-","HSPA5-206","HSPA5",4234,"retained_intron",2548,251,0.908322275,"GAACT",0.509960159,NA,NA,NA,NA,NA,NA,NA,NA,NA,0,0,0,NA,NA,NA
"3957","ENST00000680257.1","ENSG00000044574.9","OTTHUMG00000020672.2","-","HSPA5-206","HSPA5",4234,"retained_intron",2574,251,0.953548014,"GAACT",0.553784861,NA,NA,NA,NA,NA,NA,NA,NA,NA,0,0,0,NA,NA,NA
"3958","ENST00000680272.1","ENSG00000044574.9","OTTHUMG00000020672.2","-","HSPA5-207","HSPA5",3825,"protein_coding",2131,254,0.985648811,"GGACT",0.909448819,NA,NA,NA,NA,NA,NA,NA,NA,NA,0,0,0,NA,NA,NA
"3959","ENST00000680272.1","ENSG00000044574.9","OTTHUMG00000020672.2","-","HSPA5-207","HSPA5",3825,"protein_coding",2139,313,0.91558075,"GAACT",0.49201278,NA,NA,NA,NA,NA,NA,NA,NA,NA,0,0,0,NA,NA,NA
"3960","ENST00000680272.1","ENSG00000044574.9","OTTHUMG00000020672.2","-","HSPA5-207","HSPA5",3825,"protein_coding",2165,319,0.963623524,"GAACT",0.55799373,NA,NA,NA,NA,NA,NA,NA,NA,NA,0,0,0,NA,NA,NA
"3961","ENST00000680326.1","ENSG00000172270.22","OTTHUMG00000177718.19","OTTHUMT00000474367.2","BSG-219","BSG",1575,"protein_coding",1320,475,0.913453043,"GGACT",0.494736842,NA,NA,NA,NA,NA,NA,NA,NA,NA,0,0,0,NA,NA,NA
"3962","ENST00000680343.1","ENSG00000166794.6","OTTHUMG00000133018.2","-","PPIB-205","PPIB",888,"protein_coding_CDS_not_defined",740,976,0.937675893,"GGACT",0.650614754,NA,NA,NA,NA,NA,NA,NA,NA,NA,0,0,0,NA,NA,NA
"3963","ENST00000680412.1","ENSG00000131043.13","OTTHUMG00000032380.3","-","AAR2-208","AAR2",2490,"nonsense_mediated_decay",2089,21,0.90811938,"TGACT",0.666666667,NA,NA,NA,NA,NA,NA,NA,NA,NA,0,0,0,NA,NA,NA
"3964","ENST00000680412.1","ENSG00000131043.13","OTTHUMG00000032380.3","-","AAR2-208","AAR2",2490,"nonsense_mediated_decay",2341,25,0.919011414,"AAACT",0.6,NA,NA,NA,NA,NA,NA,NA,NA,NA,0,0,0,NA,NA,NA
"3965","ENST00000680494.1","ENSG00000044574.9","OTTHUMG00000020672.2","-","HSPA5-208","HSPA5",5402,"retained_intron",3708,212,0.98008424,"GGACT",0.858490566,NA,NA,NA,NA,NA,NA,NA,NA,NA,0,0,0,NA,NA,NA
"3966","ENST00000680494.1","ENSG00000044574.9","OTTHUMG00000020672.2","-","HSPA5-208","HSPA5",5402,"retained_intron",3716,259,0.938680768,"GAACT",0.555984556,NA,NA,NA,NA,NA,NA,NA,NA,NA,0,0,0,NA,NA,NA
"3967","ENST00000680494.1","ENSG00000044574.9","OTTHUMG00000020672.2","-","HSPA5-208","HSPA5",5402,"retained_intron",3742,265,0.961028099,"GAACT",0.566037736,NA,NA,NA,NA,NA,NA,NA,NA,NA,0,0,0,NA,NA,NA
"3968","ENST00000680631.1","ENSG00000168003.19","OTTHUMG00000074091.8","-","SLC3A2-230","SLC3A2",1890,"protein_coding",1719,187,0.924817502,"GGACC",0.438502674,NA,NA,NA,NA,NA,NA,NA,NA,NA,0,0,0,NA,NA,NA
"3969","ENST00000680639.1","ENSG00000131043.13","OTTHUMG00000032380.3","-","AAR2-209","AAR2",3187,"protein_coding",3031,65,0.924434304,"AAACT",0.553846154,NA,NA,NA,NA,NA,NA,NA,NA,NA,0,0,0,NA,NA,NA
"3970","ENST00000680640.1","ENSG00000044574.9","OTTHUMG00000020672.2","-","HSPA5-209","HSPA5",4929,"retained_intron",3235,226,0.982705653,"GGACT",0.902654867,NA,NA,NA,NA,NA,NA,NA,NA,NA,0,0,0,NA,NA,NA
"3971","ENST00000680640.1","ENSG00000044574.9","OTTHUMG00000020672.2","-","HSPA5-209","HSPA5",4929,"retained_intron",3243,259,0.920847893,"GAACT",0.501930502,NA,NA,NA,NA,NA,NA,NA,NA,NA,0,0,0,NA,NA,NA
"3972","ENST00000680640.1","ENSG00000044574.9","OTTHUMG00000020672.2","-","HSPA5-209","HSPA5",4929,"retained_intron",3269,264,0.957728624,"GAACT",0.556818182,NA,NA,NA,NA,NA,NA,NA,NA,NA,0,0,0,NA,NA,NA
"3973","ENST00000680654.1","ENSG00000168003.19","OTTHUMG00000074091.8","-","SLC3A2-231","SLC3A2",2554,"retained_intron",2414,26,0.975961924,"GGACC",0.538461538,NA,NA,NA,NA,NA,NA,NA,NA,NA,0,0,0,NA,NA,NA
"3974","ENST00000680725.1","ENSG00000168003.19","OTTHUMG00000074091.8","-","SLC3A2-232","SLC3A2",2197,"protein_coding",2026,201,0.907919168,"GGACC",0.417910448,NA,NA,NA,NA,NA,NA,NA,NA,NA,0,0,0,NA,NA,NA
"3975","ENST00000680729.1","ENSG00000168003.19","OTTHUMG00000074091.8","-","SLC3A2-233","SLC3A2",2265,"protein_coding",2094,159,0.930966675,"GGACC",0.503144654,NA,NA,NA,NA,NA,NA,NA,NA,NA,0,0,0,NA,NA,NA
"3976","ENST00000680811.1","ENSG00000131043.13","OTTHUMG00000032380.3","-","AAR2-210","AAR2",2863,"protein_coding",2706,54,0.92174226,"AAACT",0.518518519,NA,NA,NA,NA,NA,NA,NA,NA,NA,0,0,0,NA,NA,NA
"3977","ENST00000680816.1","ENSG00000179218.15","OTTHUMG00000180574.3","-","CALR-208","CALR",1564,"nonsense_mediated_decay",1431,46,0.924155772,"GGACT",0.695652174,67,426,1071,1,67,68,1137,1138,1563,0,0,1,NA,NA,0.687793427230047
"3978","ENST00000680933.1","ENSG00000131043.13","OTTHUMG00000032380.3","-","AAR2-211","AAR2",2568,"protein_coding",2407,56,0.924227297,"AAACT",0.571428571,NA,NA,NA,NA,NA,NA,NA,NA,NA,0,0,0,NA,NA,NA
"3979","ENST00000680967.1","ENSG00000137267.7","OTTHUMG00000014135.2","-","TUBB2A-206","TUBB2A",2592,"retained_intron",2461,85,0.922590554,"GAACT",0.458823529,NA,NA,NA,NA,NA,NA,NA,NA,NA,0,0,0,NA,NA,NA
"3980","ENST00000681045.1","ENSG00000044574.9","OTTHUMG00000020672.2","-","HSPA5-210","HSPA5",4858,"retained_intron",3164,203,0.977129281,"GGACT",0.852216749,NA,NA,NA,NA,NA,NA,NA,NA,NA,0,0,0,NA,NA,NA
"3981","ENST00000681045.1","ENSG00000044574.9","OTTHUMG00000020672.2","-","HSPA5-210","HSPA5",4858,"retained_intron",3172,239,0.906638443,"GAACT",0.493723849,NA,NA,NA,NA,NA,NA,NA,NA,NA,0,0,0,NA,NA,NA
"3982","ENST00000681045.1","ENSG00000044574.9","OTTHUMG00000020672.2","-","HSPA5-210","HSPA5",4858,"retained_intron",3198,251,0.962205946,"GAACT",0.581673307,NA,NA,NA,NA,NA,NA,NA,NA,NA,0,0,0,NA,NA,NA
"3983","ENST00000681052.1","ENSG00000184009.13","OTTHUMG00000177955.9","-","ACTG1-223","ACTG1",2491,"protein_coding",546,155,0.999607861,"GGACT",0.909677419,NA,NA,NA,NA,NA,NA,NA,NA,NA,0,0,0,NA,NA,NA
"3984","ENST00000681052.1","ENSG00000184009.13","OTTHUMG00000177955.9","-","ACTG1-223","ACTG1",2491,"protein_coding",1218,317,0.958950937,"GGACT",0.697160883,NA,NA,NA,NA,NA,NA,NA,NA,NA,0,0,0,NA,NA,NA
"3985","ENST00000681107.1","ENSG00000168003.19","OTTHUMG00000074091.8","-","SLC3A2-234","SLC3A2",1908,"nonsense_mediated_decay",1768,90,0.937039673,"GGACC",0.444444444,NA,NA,NA,NA,NA,NA,NA,NA,NA,0,0,0,NA,NA,NA
"3986","ENST00000681397.1","ENSG00000166794.6","OTTHUMG00000133018.2","-","PPIB-206","PPIB",973,"protein_coding",825,1082,0.940276742,"GGACT",0.654343808,NA,NA,NA,NA,NA,NA,NA,NA,NA,0,0,0,NA,NA,NA
"3987","ENST00000681424.1","ENSG00000044574.9","OTTHUMG00000020672.2","-","HSPA5-211","HSPA5",4333,"retained_intron",2639,215,0.980878532,"GGACT",0.860465116,NA,NA,NA,NA,NA,NA,NA,NA,NA,0,0,0,NA,NA,NA
"3988","ENST00000681424.1","ENSG00000044574.9","OTTHUMG00000020672.2","-","HSPA5-211","HSPA5",4333,"retained_intron",2673,252,0.948616683,"GAACT",0.563492063,NA,NA,NA,NA,NA,NA,NA,NA,NA,0,0,0,NA,NA,NA
"3989","ENST00000681467.1","ENSG00000168003.19","OTTHUMG00000074091.8","-","SLC3A2-237","SLC3A2",2227,"protein_coding",2056,203,0.904758811,"GGACC",0.472906404,NA,NA,NA,NA,NA,NA,NA,NA,NA,0,0,0,NA,NA,NA
"3990","ENST00000681544.1","ENSG00000044574.9","OTTHUMG00000020672.2","-","HSPA5-213","HSPA5",4028,"retained_intron",2334,403,0.988780141,"GGACT",0.895781638,NA,NA,NA,NA,NA,NA,NA,NA,NA,0,0,0,NA,NA,NA
"3991","ENST00000681544.1","ENSG00000044574.9","OTTHUMG00000020672.2","-","HSPA5-213","HSPA5",4028,"retained_intron",2342,491,0.936241448,"GAACT",0.484725051,NA,NA,NA,NA,NA,NA,NA,NA,NA,0,0,0,NA,NA,NA
"3992","ENST00000681544.1","ENSG00000044574.9","OTTHUMG00000020672.2","-","HSPA5-213","HSPA5",4028,"retained_intron",2368,481,0.965532839,"GAACT",0.575883576,NA,NA,NA,NA,NA,NA,NA,NA,NA,0,0,0,NA,NA,NA
"3993","ENST00000681563.1","ENSG00000168003.19","OTTHUMG00000074091.8","OTTHUMT00000396057.1","SLC3A2-238","SLC3A2",2843,"retained_intron",2682,112,0.921174049,"GGACC",0.464285714,NA,NA,NA,NA,NA,NA,NA,NA,NA,0,0,0,NA,NA,NA
"3994","ENST00000681650.1","ENSG00000172409.7","OTTHUMG00000167146.6","OTTHUMT00000393692.2","CLP1-207","CLP1",1931,"protein_coding",1076,26,0.958291888,"GAACT",0.615384615,NA,NA,NA,NA,NA,NA,NA,NA,NA,0,0,0,NA,NA,NA
"3995","ENST00000681650.1","ENSG00000172409.7","OTTHUMG00000167146.6","OTTHUMT00000393692.2","CLP1-207","CLP1",1931,"protein_coding",1153,43,0.943464637,"GGACT",0.651162791,NA,NA,NA,NA,NA,NA,NA,NA,NA,0,0,0,NA,NA,NA
"3996","ENST00000681650.1","ENSG00000172409.7","OTTHUMG00000167146.6","OTTHUMT00000393692.2","CLP1-207","CLP1",1931,"protein_coding",1638,82,0.988479376,"AGACT",0.914634146,NA,NA,NA,NA,NA,NA,NA,NA,NA,0,0,0,NA,NA,NA
"3997","ENST00000681650.1","ENSG00000172409.7","OTTHUMG00000167146.6","OTTHUMT00000393692.2","CLP1-207","CLP1",1931,"protein_coding",1756,79,0.977579832,"AGACT",0.734177215,NA,NA,NA,NA,NA,NA,NA,NA,NA,0,0,0,NA,NA,NA
"3998","ENST00000681657.1","ENSG00000168003.19","OTTHUMG00000074091.8","-","SLC3A2-240","SLC3A2",1905,"protein_coding",1734,251,0.906076193,"GGACC",0.422310757,128,187,1590,1,128,129,1717,1718,1904,0,0,1,NA,NA,0.0855614973262032
"3999","ENST00000681658.1","ENSG00000166794.6","OTTHUMG00000133018.2","-","PPIB-207","PPIB",869,"protein_coding",721,1033,0.940012693,"GGACT",0.652468538,NA,NA,NA,NA,NA,NA,NA,NA,NA,0,0,0,NA,NA,NA
"4000","ENST00000681675.1","ENSG00000044574.9","OTTHUMG00000020672.2","-","HSPA5-214","HSPA5",4577,"retained_intron",2883,341,0.986748874,"GGACT",0.882697947,NA,NA,NA,NA,NA,NA,NA,NA,NA,0,0,0,NA,NA,NA
"4001","ENST00000681675.1","ENSG00000044574.9","OTTHUMG00000020672.2","-","HSPA5-214","HSPA5",4577,"retained_intron",2891,415,0.924215138,"GAACT",0.465060241,NA,NA,NA,NA,NA,NA,NA,NA,NA,0,0,0,NA,NA,NA
"4002","ENST00000681675.1","ENSG00000044574.9","OTTHUMG00000020672.2","-","HSPA5-214","HSPA5",4577,"retained_intron",2917,409,0.967245877,"GAACT",0.586797066,NA,NA,NA,NA,NA,NA,NA,NA,NA,0,0,0,NA,NA,NA
"4003","ENST00000681774.1","ENSG00000044574.9","OTTHUMG00000020672.2","-","HSPA5-215","HSPA5",4919,"retained_intron",3225,336,0.987090647,"GGACT",0.895833333,NA,NA,NA,NA,NA,NA,NA,NA,NA,0,0,0,NA,NA,NA
"4004","ENST00000681774.1","ENSG00000044574.9","OTTHUMG00000020672.2","-","HSPA5-215","HSPA5",4919,"retained_intron",3233,398,0.932249844,"GAACT",0.497487437,NA,NA,NA,NA,NA,NA,NA,NA,NA,0,0,0,NA,NA,NA
"4005","ENST00000681774.1","ENSG00000044574.9","OTTHUMG00000020672.2","-","HSPA5-215","HSPA5",4919,"retained_intron",3259,403,0.96443069,"GAACT",0.595533499,NA,NA,NA,NA,NA,NA,NA,NA,NA,0,0,0,NA,NA,NA
"4006","ENST00000681898.1","ENSG00000168209.6","OTTHUMG00000183961.3","-","DDIT4-205","DDIT4",1676,"protein_coding",877,20,0.94718498,"GAACT",0.7,NA,NA,NA,NA,NA,NA,NA,NA,NA,0,0,0,NA,NA,NA
"4007","ENST00000681898.1","ENSG00000168209.6","OTTHUMG00000183961.3","-","DDIT4-205","DDIT4",1676,"protein_coding",913,21,0.96737504,"GGACT",0.666666667,NA,NA,NA,NA,NA,NA,NA,NA,NA,0,0,0,NA,NA,NA
"4008","ENST00000681947.1","ENSG00000131462.9","OTTHUMG00000180277.4","-","TUBG1-214","TUBG1",1719,"retained_intron",1652,20,0.966553807,"GGACT",0.75,NA,NA,NA,NA,NA,NA,NA,NA,NA,0,0,0,NA,NA,NA
"4009","ENST00000682009.1","ENSG00000249624.10","OTTHUMG00000162031.4","-","IFNAR2-IL10RB-204","IFNAR2-IL10RB",2941,"nonsense_mediated_decay",2841,21,0.919916153,"GGACT",0.666666667,NA,NA,NA,NA,NA,NA,NA,NA,NA,0,0,0,NA,NA,NA
"4010","ENST00000682046.1","ENSG00000137492.9","OTTHUMG00000165280.2","-","THAP12-206","THAP12",3395,"nonsense_mediated_decay",2600,51,0.987417698,"GGACT",0.784313725,NA,NA,NA,NA,NA,NA,NA,NA,NA,0,0,0,NA,NA,NA
"4011","ENST00000682046.1","ENSG00000137492.9","OTTHUMG00000165280.2","-","THAP12-206","THAP12",3395,"nonsense_mediated_decay",2657,53,0.907107294,"GAACT",0.603773585,NA,NA,NA,NA,NA,NA,NA,NA,NA,0,0,0,NA,NA,NA
"4012","ENST00000682046.1","ENSG00000137492.9","OTTHUMG00000165280.2","-","THAP12-206","THAP12",3395,"nonsense_mediated_decay",2951,71,0.988724589,"GGACA",0.887323944,NA,NA,NA,NA,NA,NA,NA,NA,NA,0,0,0,NA,NA,NA
"4013","ENST00000682046.1","ENSG00000137492.9","OTTHUMG00000165280.2","-","THAP12-206","THAP12",3395,"nonsense_mediated_decay",3029,130,0.940556288,"GAACT",0.553846154,NA,NA,NA,NA,NA,NA,NA,NA,NA,0,0,0,NA,NA,NA
"4014","ENST00000682386.1","ENSG00000169813.17","OTTHUMG00000018029.3","-","HNRNPF-208","HNRNPF",2569,"protein_coding",399,21,0.909007251,"TGACT",0.571428571,NA,NA,NA,NA,NA,NA,NA,NA,NA,0,0,0,NA,NA,NA
"4015","ENST00000682386.1","ENSG00000169813.17","OTTHUMG00000018029.3","-","HNRNPF-208","HNRNPF",2569,"protein_coding",481,24,0.959492505,"GAACT",0.625,NA,NA,NA,NA,NA,NA,NA,NA,NA,0,0,0,NA,NA,NA
"4016","ENST00000682386.1","ENSG00000169813.17","OTTHUMG00000018029.3","-","HNRNPF-208","HNRNPF",2569,"protein_coding",538,21,0.985749245,"GGACA",0.476190476,NA,NA,NA,NA,NA,NA,NA,NA,NA,0,0,0,NA,NA,NA
"4017","ENST00000682386.1","ENSG00000169813.17","OTTHUMG00000018029.3","-","HNRNPF-208","HNRNPF",2569,"protein_coding",652,25,0.988603413,"GGACT",0.76,NA,NA,NA,NA,NA,NA,NA,NA,NA,0,0,0,NA,NA,NA
"4018","ENST00000682386.1","ENSG00000169813.17","OTTHUMG00000018029.3","-","HNRNPF-208","HNRNPF",2569,"protein_coding",944,28,0.975218117,"GGACT",0.785714286,NA,NA,NA,NA,NA,NA,NA,NA,NA,0,0,0,NA,NA,NA
"4019","ENST00000682386.1","ENSG00000169813.17","OTTHUMG00000018029.3","-","HNRNPF-208","HNRNPF",2569,"protein_coding",1375,76,0.93955195,"GAACT",0.631578947,NA,NA,NA,NA,NA,NA,NA,NA,NA,0,0,0,NA,NA,NA
"4020","ENST00000682527.1","ENSG00000137492.9","OTTHUMG00000165280.2","-","THAP12-207","THAP12",3255,"protein_coding",2215,20,0.996437728,"GGACA",1,NA,NA,NA,NA,NA,NA,NA,NA,NA,0,0,0,NA,NA,NA
"4021","ENST00000682527.1","ENSG00000137492.9","OTTHUMG00000165280.2","-","THAP12-207","THAP12",3255,"protein_coding",2388,31,0.98974365,"GGACT",0.870967742,NA,NA,NA,NA,NA,NA,NA,NA,NA,0,0,0,NA,NA,NA
"4022","ENST00000682527.1","ENSG00000137492.9","OTTHUMG00000165280.2","-","THAP12-207","THAP12",3255,"protein_coding",2445,53,0.906373799,"GAACT",0.603773585,NA,NA,NA,NA,NA,NA,NA,NA,NA,0,0,0,NA,NA,NA
"4023","ENST00000682527.1","ENSG00000137492.9","OTTHUMG00000165280.2","-","THAP12-207","THAP12",3255,"protein_coding",2739,71,0.98973161,"GGACA",0.901408451,NA,NA,NA,NA,NA,NA,NA,NA,NA,0,0,0,NA,NA,NA
"4024","ENST00000682527.1","ENSG00000137492.9","OTTHUMG00000165280.2","-","THAP12-207","THAP12",3255,"protein_coding",2817,130,0.942650139,"GAACT",0.553846154,NA,NA,NA,NA,NA,NA,NA,NA,NA,0,0,0,NA,NA,NA
"4025","ENST00000682553.1","ENSG00000179046.9","OTTHUMG00000160225.2","-","TRIML2-208","TRIML2",1998,"protein_coding",1633,59,0.98557955,"GGACT",0.93220339,NA,NA,NA,NA,NA,NA,NA,NA,NA,0,0,0,NA,NA,NA
"4026","ENST00000682553.1","ENSG00000179046.9","OTTHUMG00000160225.2","-","TRIML2-208","TRIML2",1998,"protein_coding",1685,23,0.996390998,"GGACA",0.826086957,NA,NA,NA,NA,NA,NA,NA,NA,NA,0,0,0,NA,NA,NA
"4027","ENST00000682708.1","ENSG00000172893.18","OTTHUMG00000167346.3","-","DHCR7-213","DHCR7",2710,"protein_coding",1700,124,0.941019833,"GGACT",0.766129032,277,954,1479,1,277,278,1755,1756,2709,0,1,0,NA,0.962136578769439,NA
"4028","ENST00000682708.1","ENSG00000172893.18","OTTHUMG00000167346.3","-","DHCR7-213","DHCR7",2710,"protein_coding",2292,228,0.935535669,"GGACA",0.649122807,277,954,1479,1,277,278,1755,1756,2709,0,0,1,NA,NA,0.561844863731656
"4029","ENST00000682708.1","ENSG00000172893.18","OTTHUMG00000167346.3","-","DHCR7-213","DHCR7",2710,"protein_coding",2492,232,0.936095476,"TGACT",0.512931034,277,954,1479,1,277,278,1755,1756,2709,0,0,1,NA,NA,0.771488469601677
"4030","ENST00000682944.1","ENSG00000151835.17","OTTHUMG00000016562.6","-","SACS-210","SACS",15712,"protein_coding",14219,32,0.973992944,"GGACT",0.71875,NA,NA,NA,NA,NA,NA,NA,NA,NA,0,0,0,NA,NA,NA
"4031","ENST00000682944.1","ENSG00000151835.17","OTTHUMG00000016562.6","-","SACS-210","SACS",15712,"protein_coding",14664,37,0.958176613,"GAACT",0.513513514,NA,NA,NA,NA,NA,NA,NA,NA,NA,0,0,0,NA,NA,NA
"4032","ENST00000683116.1","ENSG00000249624.10","OTTHUMG00000162031.4","-","IFNAR2-IL10RB-205","IFNAR2-IL10RB",3943,"nonsense_mediated_decay",3843,21,0.917970836,"GGACT",0.666666667,NA,NA,NA,NA,NA,NA,NA,NA,NA,0,0,0,NA,NA,NA
"4033","ENST00000683287.1","ENSG00000172893.18","OTTHUMG00000167346.3","-","DHCR7-215","DHCR7",2695,"protein_coding",1685,160,0.938631117,"GGACT",0.76875,NA,NA,NA,NA,NA,NA,NA,NA,NA,0,0,0,NA,NA,NA
"4034","ENST00000683287.1","ENSG00000172893.18","OTTHUMG00000167346.3","-","DHCR7-215","DHCR7",2695,"protein_coding",2277,275,0.961504996,"GGACA",0.705454545,NA,NA,NA,NA,NA,NA,NA,NA,NA,0,0,0,NA,NA,NA
"4035","ENST00000683287.1","ENSG00000172893.18","OTTHUMG00000167346.3","-","DHCR7-215","DHCR7",2695,"protein_coding",2477,285,0.940336168,"TGACT",0.561403509,NA,NA,NA,NA,NA,NA,NA,NA,NA,0,0,0,NA,NA,NA
"4036","ENST00000683442.1","ENSG00000180198.17","OTTHUMG00000003645.13","-","RCC1-214","RCC1",2551,"protein_coding",1552,21,0.992258608,"GGACA",0.571428571,NA,NA,NA,NA,NA,NA,NA,NA,NA,0,0,0,NA,NA,NA
"4037","ENST00000683600.1","ENSG00000137492.9","OTTHUMG00000165280.2","-","THAP12-209","THAP12",3373,"nonsense_mediated_decay",2405,20,0.995973408,"GGACA",1,NA,NA,NA,NA,NA,NA,NA,NA,NA,0,0,0,NA,NA,NA
"4038","ENST00000683600.1","ENSG00000137492.9","OTTHUMG00000165280.2","-","THAP12-209","THAP12",3373,"nonsense_mediated_decay",2578,52,0.988593638,"GGACT",0.788461538,NA,NA,NA,NA,NA,NA,NA,NA,NA,0,0,0,NA,NA,NA
"4039","ENST00000683600.1","ENSG00000137492.9","OTTHUMG00000165280.2","-","THAP12-209","THAP12",3373,"nonsense_mediated_decay",2635,55,0.910996616,"GAACT",0.6,NA,NA,NA,NA,NA,NA,NA,NA,NA,0,0,0,NA,NA,NA
"4040","ENST00000683600.1","ENSG00000137492.9","OTTHUMG00000165280.2","-","THAP12-209","THAP12",3373,"nonsense_mediated_decay",2929,70,0.988818049,"GGACA",0.9,NA,NA,NA,NA,NA,NA,NA,NA,NA,0,0,0,NA,NA,NA
"4041","ENST00000683600.1","ENSG00000137492.9","OTTHUMG00000165280.2","-","THAP12-209","THAP12",3373,"nonsense_mediated_decay",3007,126,0.939442992,"GAACT",0.547619048,NA,NA,NA,NA,NA,NA,NA,NA,NA,0,0,0,NA,NA,NA
"4042","ENST00000683714.1","ENSG00000172893.18","OTTHUMG00000167346.3","-","DHCR7-216","DHCR7",2645,"protein_coding",1657,81,0.920845211,"GGACT",0.728395062,277,1123,1245,1,277,278,1521,1522,2644,0,0,1,NA,NA,0.120213713268032
"4043","ENST00000683714.1","ENSG00000172893.18","OTTHUMG00000167346.3","-","DHCR7-216","DHCR7",2645,"protein_coding",2249,123,0.953318477,"GGACA",0.634146341,277,1123,1245,1,277,278,1521,1522,2644,0,0,1,NA,NA,0.647373107747106
"4044","ENST00000683822.1","ENSG00000163946.14","OTTHUMG00000158827.5","-","TASOR-211","TASOR",8177,"protein_coding",5306,44,0.912653208,"GGACT",0.795454545,NA,NA,NA,NA,NA,NA,NA,NA,NA,0,0,0,NA,NA,NA
"4045","ENST00000684059.1","ENSG00000137492.9","OTTHUMG00000165280.2","-","THAP12-210","THAP12",3730,"nonsense_mediated_decay",2929,30,0.991447866,"GGACT",0.866666667,NA,NA,NA,NA,NA,NA,NA,NA,NA,0,0,0,NA,NA,NA
"4046","ENST00000684059.1","ENSG00000137492.9","OTTHUMG00000165280.2","-","THAP12-210","THAP12",3730,"nonsense_mediated_decay",3280,70,0.990208507,"GGACA",0.885714286,NA,NA,NA,NA,NA,NA,NA,NA,NA,0,0,0,NA,NA,NA
"4047","ENST00000684059.1","ENSG00000137492.9","OTTHUMG00000165280.2","-","THAP12-210","THAP12",3730,"nonsense_mediated_decay",3358,126,0.945951164,"GAACT",0.571428571,NA,NA,NA,NA,NA,NA,NA,NA,NA,0,0,0,NA,NA,NA
"4048","ENST00000684189.1","ENSG00000182197.13","OTTHUMG00000059718.6","-","EXT1-204","EXT1",2006,"protein_coding_CDS_not_defined",1884,25,0.947300017,"GGACT",0.76,NA,NA,NA,NA,NA,NA,NA,NA,NA,0,0,0,NA,NA,NA
"4049","ENST00000684385.1","ENSG00000151835.17","OTTHUMG00000016562.6","-","SACS-222","SACS",3321,"protein_coding",2375,21,0.922521114,"GAACT",0.428571429,NA,NA,NA,NA,NA,NA,NA,NA,NA,0,0,0,NA,NA,NA
"4050","ENST00000684396.1","ENSG00000172893.18","OTTHUMG00000167346.3","-","DHCR7-218","DHCR7",2422,"retained_intron",1412,95,0.933476508,"GGACT",0.768421053,NA,NA,NA,NA,NA,NA,NA,NA,NA,0,0,0,NA,NA,NA
"4051","ENST00000684396.1","ENSG00000172893.18","OTTHUMG00000167346.3","-","DHCR7-218","DHCR7",2422,"retained_intron",2004,224,0.949798048,"GGACA",0.683035714,NA,NA,NA,NA,NA,NA,NA,NA,NA,0,0,0,NA,NA,NA
"4052","ENST00000684396.1","ENSG00000172893.18","OTTHUMG00000167346.3","-","DHCR7-218","DHCR7",2422,"retained_intron",2204,222,0.924309552,"TGACT",0.558558559,NA,NA,NA,NA,NA,NA,NA,NA,NA,0,0,0,NA,NA,NA
"4053","ENST00000684587.1","ENSG00000136463.9","OTTHUMG00000178904.2","-","TACO1-204","TACO1",1218,"protein_coding",1015,62,0.933036566,"GGACA",0.451612903,NA,NA,NA,NA,NA,NA,NA,NA,NA,0,0,0,NA,NA,NA
"4054","ENST00000684587.1","ENSG00000136463.9","OTTHUMG00000178904.2","-","TACO1-204","TACO1",1218,"protein_coding",1020,65,0.914723516,"GGACT",0.753846154,NA,NA,NA,NA,NA,NA,NA,NA,NA,0,0,0,NA,NA,NA
"4055","ENST00000685137.1","ENSG00000130713.17","OTTHUMG00000020811.5","-","EXOSC2-212","EXOSC2",1976,"nonsense_mediated_decay",944,67,0.951351106,"GGACT",0.776119403,NA,NA,NA,NA,NA,NA,NA,NA,NA,0,0,0,NA,NA,NA
"4056","ENST00000685137.1","ENSG00000130713.17","OTTHUMG00000020811.5","-","EXOSC2-212","EXOSC2",1976,"nonsense_mediated_decay",1005,68,0.97376138,"AGACT",0.852941176,NA,NA,NA,NA,NA,NA,NA,NA,NA,0,0,0,NA,NA,NA
"4057","ENST00000685137.1","ENSG00000130713.17","OTTHUMG00000020811.5","-","EXOSC2-212","EXOSC2",1976,"nonsense_mediated_decay",1348,26,0.983599126,"TGACT",0.807692308,NA,NA,NA,NA,NA,NA,NA,NA,NA,0,0,0,NA,NA,NA
"4058","ENST00000685137.1","ENSG00000130713.17","OTTHUMG00000020811.5","-","EXOSC2-212","EXOSC2",1976,"nonsense_mediated_decay",1667,25,0.97881186,"AGACT",0.64,NA,NA,NA,NA,NA,NA,NA,NA,NA,0,0,0,NA,NA,NA
"4059","ENST00000685320.1","ENSG00000172893.18","OTTHUMG00000167346.3","-","DHCR7-219","DHCR7",2287,"protein_coding",1277,128,0.938691378,"GGACT",0.7734375,NA,NA,NA,NA,NA,NA,NA,NA,NA,0,0,0,NA,NA,NA
"4060","ENST00000685320.1","ENSG00000172893.18","OTTHUMG00000167346.3","-","DHCR7-219","DHCR7",2287,"protein_coding",1869,249,0.943133175,"GGACA",0.666666667,NA,NA,NA,NA,NA,NA,NA,NA,NA,0,0,0,NA,NA,NA
"4061","ENST00000685320.1","ENSG00000172893.18","OTTHUMG00000167346.3","-","DHCR7-219","DHCR7",2287,"protein_coding",2069,245,0.923766017,"TGACT",0.53877551,NA,NA,NA,NA,NA,NA,NA,NA,NA,0,0,0,NA,NA,NA
"4062","ENST00000686283.1","ENSG00000178105.12","OTTHUMG00000166540.4","-","DDX10-210","DDX10",3439,"protein_coding",2780,54,0.926985145,"GGACA",0.592592593,NA,NA,NA,NA,NA,NA,NA,NA,NA,0,0,0,NA,NA,NA
"4063","ENST00000686617.1","ENSG00000178105.12","OTTHUMG00000166540.4","-","DDX10-211","DDX10",3549,"nonsense_mediated_decay",2890,51,0.9074139,"GGACA",0.568627451,NA,NA,NA,NA,NA,NA,NA,NA,NA,0,0,0,NA,NA,NA
"4064","ENST00000687051.1","ENSG00000130713.17","OTTHUMG00000020811.5","-","EXOSC2-216","EXOSC2",1539,"protein_coding",875,21,0.959912896,"AGACT",0.857142857,NA,NA,NA,NA,NA,NA,NA,NA,NA,0,0,0,NA,NA,NA
"4065","ENST00000687072.1","ENSG00000178105.12","OTTHUMG00000166540.4","-","DDX10-212","DDX10",3196,"nonsense_mediated_decay",2537,47,0.936090589,"GGACA",0.617021277,80,1760,1356,1,80,81,1435,1436,3195,0,0,1,NA,NA,0.625568181818182
"4066","ENST00000687085.1","ENSG00000165678.22","OTTHUMG00000018637.3","-","GHITM-204","GHITM",3847,"protein_coding",1916,124,0.902044415,"GAACT",0.483870968,NA,NA,NA,NA,NA,NA,NA,NA,NA,0,0,0,NA,NA,NA
"4067","ENST00000687203.1","ENSG00000147533.19","OTTHUMG00000164077.2","OTTHUMT00000377138.1","GOLGA7-208","GOLGA7",2275,"protein_coding",885,21,0.964023888,"GGACT",0.666666667,NA,NA,NA,NA,NA,NA,NA,NA,NA,0,0,0,NA,NA,NA
"4068","ENST00000687337.1","ENSG00000141385.12","OTTHUMG00000131695.4","-","AFG3L2-206","AFG3L2",2921,"nonsense_mediated_decay",2251,76,0.957140684,"GGACT",0.644736842,26,2598,297,1,26,27,322,323,2920,0,0,1,NA,NA,0.742109314857583
"4069","ENST00000687337.1","ENSG00000141385.12","OTTHUMG00000131695.4","-","AFG3L2-206","AFG3L2",2921,"nonsense_mediated_decay",2648,116,0.995736599,"GGACT",0.931034483,26,2598,297,1,26,27,322,323,2920,0,0,1,NA,NA,0.894919168591224
"4070","ENST00000687477.1","ENSG00000141385.12","OTTHUMG00000131695.4","-","AFG3L2-207","AFG3L2",1528,"retained_intron",1265,26,0.991467595,"GGACT",0.923076923,NA,NA,NA,NA,NA,NA,NA,NA,NA,0,0,0,NA,NA,NA
"4071","ENST00000688199.1","ENSG00000141385.12","OTTHUMG00000131695.4","-","AFG3L2-208","AFG3L2",2888,"protein_coding",2221,72,0.915100217,"GGACT",0.583333333,NA,NA,NA,NA,NA,NA,NA,NA,NA,0,0,0,NA,NA,NA
"4072","ENST00000688199.1","ENSG00000141385.12","OTTHUMG00000131695.4","-","AFG3L2-208","AFG3L2",2888,"protein_coding",2618,84,0.994454443,"GGACT",0.94047619,NA,NA,NA,NA,NA,NA,NA,NA,NA,0,0,0,NA,NA,NA
"4073","ENST00000688351.1","ENSG00000130159.15","OTTHUMG00000178590.6","-","ECSIT-216","ECSIT",2219,"protein_coding",2026,79,0.979790688,"GGACT",0.911392405,NA,NA,NA,NA,NA,NA,NA,NA,NA,0,0,0,NA,NA,NA
"4074","ENST00000688543.1","ENSG00000132155.14","OTTHUMG00000129789.8","OTTHUMT00000339672.4","RAF1-236","RAF1",4662,"protein_coding",2676,25,0.932071626,"GGACT",0.6,NA,NA,NA,NA,NA,NA,NA,NA,NA,0,0,0,NA,NA,NA
"4075","ENST00000688543.1","ENSG00000132155.14","OTTHUMG00000129789.8","OTTHUMT00000339672.4","RAF1-236","RAF1",4662,"protein_coding",2738,23,0.954201162,"GGACT",0.608695652,NA,NA,NA,NA,NA,NA,NA,NA,NA,0,0,0,NA,NA,NA
"4076","ENST00000688571.1","ENSG00000108094.17","OTTHUMG00000017950.5","-","CUL2-229","CUL2",3026,"protein_coding",2643,45,0.972201169,"GGACT",0.777777778,NA,NA,NA,NA,NA,NA,NA,NA,NA,0,0,0,NA,NA,NA
"4077","ENST00000688634.1","ENSG00000123989.15","OTTHUMG00000058929.4","-","CHPF-204","CHPF",2871,"nonsense_mediated_decay",2365,26,0.97438091,"GGACC",0.692307692,NA,NA,NA,NA,NA,NA,NA,NA,NA,0,0,0,NA,NA,NA
"4078","ENST00000688976.1","ENSG00000178105.12","OTTHUMG00000166540.4","-","DDX10-215","DDX10",3564,"nonsense_mediated_decay",2905,49,0.920670867,"GGACA",0.591836735,NA,NA,NA,NA,NA,NA,NA,NA,NA,0,0,0,NA,NA,NA
"4079","ENST00000690123.1","ENSG00000108094.17","OTTHUMG00000017950.5","-","CUL2-236","CUL2",3984,"protein_coding",2299,25,0.979898214,"GGACT",0.84,NA,NA,NA,NA,NA,NA,NA,NA,NA,0,0,0,NA,NA,NA
"4080","ENST00000690158.1","ENSG00000291035.1","-","-","RRP7BP-206","RRP7BP",1193,"lncRNA",1072,20,0.924420595,"GGACT",0.6,NA,NA,NA,NA,NA,NA,NA,NA,NA,0,0,0,NA,NA,NA
"4081","ENST00000690257.1","ENSG00000172893.18","OTTHUMG00000167346.3","OTTHUMT00000394248.2","DHCR7-220","DHCR7",2515,"protein_coding",1505,143,0.941286087,"GGACT",0.79020979,NA,NA,NA,NA,NA,NA,NA,NA,NA,0,0,0,NA,NA,NA
"4082","ENST00000690257.1","ENSG00000172893.18","OTTHUMG00000167346.3","OTTHUMT00000394248.2","DHCR7-220","DHCR7",2515,"protein_coding",2097,254,0.936461508,"GGACA",0.62992126,NA,NA,NA,NA,NA,NA,NA,NA,NA,0,0,0,NA,NA,NA
"4083","ENST00000690257.1","ENSG00000172893.18","OTTHUMG00000167346.3","OTTHUMT00000394248.2","DHCR7-220","DHCR7",2515,"protein_coding",2297,242,0.929019153,"TGACT",0.516528926,NA,NA,NA,NA,NA,NA,NA,NA,NA,0,0,0,NA,NA,NA
"4084","ENST00000690346.1","ENSG00000130159.15","OTTHUMG00000178590.6","-","ECSIT-217","ECSIT",1768,"protein_coding",1575,73,0.975672245,"GGACT",0.904109589,NA,NA,NA,NA,NA,NA,NA,NA,NA,0,0,0,NA,NA,NA
"4085","ENST00000690393.1","ENSG00000108094.17","OTTHUMG00000017950.5","-","CUL2-237","CUL2",2934,"protein_coding",2564,45,0.97652483,"GGACT",0.777777778,NA,NA,NA,NA,NA,NA,NA,NA,NA,0,0,0,NA,NA,NA
"4086","ENST00000691179.1","ENSG00000141385.12","OTTHUMG00000131695.4","-","AFG3L2-209","AFG3L2",2954,"protein_coding",2284,81,0.946136117,"GGACT",0.617283951,NA,NA,NA,NA,NA,NA,NA,NA,NA,0,0,0,NA,NA,NA
"4087","ENST00000691179.1","ENSG00000141385.12","OTTHUMG00000131695.4","-","AFG3L2-209","AFG3L2",2954,"protein_coding",2681,122,0.994397819,"GGACT",0.926229508,NA,NA,NA,NA,NA,NA,NA,NA,NA,0,0,0,NA,NA,NA
"4088","ENST00000691430.1","ENSG00000130159.15","OTTHUMG00000178590.6","-","ECSIT-218","ECSIT",2313,"retained_intron",2120,71,0.984362006,"GGACT",0.957746479,NA,NA,NA,NA,NA,NA,NA,NA,NA,0,0,0,NA,NA,NA
"4089","ENST00000691864.1","ENSG00000123989.15","OTTHUMG00000058929.4","-","CHPF-205","CHPF",2766,"protein_coding",2260,26,0.975821972,"GGACC",0.692307692,NA,NA,NA,NA,NA,NA,NA,NA,NA,0,0,0,NA,NA,NA
"4090","ENST00000691970.1","ENSG00000141385.12","OTTHUMG00000131695.4","-","AFG3L2-210","AFG3L2",2773,"nonsense_mediated_decay",2103,67,0.949814439,"GGACT",0.582089552,NA,NA,NA,NA,NA,NA,NA,NA,NA,0,0,0,NA,NA,NA
"4091","ENST00000691970.1","ENSG00000141385.12","OTTHUMG00000131695.4","-","AFG3L2-210","AFG3L2",2773,"nonsense_mediated_decay",2500,90,0.99659121,"GGACT",0.944444444,NA,NA,NA,NA,NA,NA,NA,NA,NA,0,0,0,NA,NA,NA
"4092","ENST00000691974.1","ENSG00000108094.17","OTTHUMG00000017950.5","OTTHUMT00000047544.1","CUL2-246","CUL2",3187,"protein_coding",2803,46,0.980538428,"GGACT",0.782608696,NA,NA,NA,NA,NA,NA,NA,NA,NA,0,0,0,NA,NA,NA
"4093","ENST00000692197.2","ENSG00000163597.17","OTTHUMG00000132201.6","-","SNHG16-215","SNHG16",659,"lncRNA",420,62,0.973290026,"GGACT",0.774193548,NA,NA,NA,NA,NA,NA,NA,NA,NA,0,0,0,NA,NA,NA
"4094","ENST00000692260.1","ENSG00000127838.15","OTTHUMG00000133110.4","-","PNKD-218","PNKD",1630,"retained_intron",1492,43,0.926394403,"TGACT",0.697674419,NA,NA,NA,NA,NA,NA,NA,NA,NA,0,0,0,NA,NA,NA
"4095","ENST00000692421.1","ENSG00000293495.1","-","-","C19orf48P-215","C19orf48P",1372,"lncRNA",518,99,0.972886086,"GGACA",0.737373737,NA,NA,NA,NA,NA,NA,NA,NA,NA,0,0,0,NA,NA,NA
"4096","ENST00000692421.1","ENSG00000293495.1","-","-","C19orf48P-215","C19orf48P",1372,"lncRNA",909,234,0.92037791,"GGACA",0.564102564,NA,NA,NA,NA,NA,NA,NA,NA,NA,0,0,0,NA,NA,NA
"4097","ENST00000692497.1","ENSG00000141385.12","OTTHUMG00000131695.4","-","AFG3L2-211","AFG3L2",3157,"nonsense_mediated_decay",2887,48,0.994709194,"GGACT",0.958333333,NA,NA,NA,NA,NA,NA,NA,NA,NA,0,0,0,NA,NA,NA
"4098","ENST00000692645.2","ENSG00000167920.12","OTTHUMG00000133579.9","-","KRT10-AS1-209","KRT10-AS1",798,"lncRNA",550,23,0.914494216,"GGACT",0.565217391,NA,NA,NA,NA,NA,NA,NA,NA,NA,0,0,0,NA,NA,NA
"4099","ENST00000692988.1","ENSG00000141385.12","OTTHUMG00000131695.4","-","AFG3L2-212","AFG3L2",2820,"retained_intron",2150,70,0.933522761,"GGACT",0.585714286,NA,NA,NA,NA,NA,NA,NA,NA,NA,0,0,0,NA,NA,NA
"4100","ENST00000692988.1","ENSG00000141385.12","OTTHUMG00000131695.4","-","AFG3L2-212","AFG3L2",2820,"retained_intron",2547,112,0.99682039,"GGACT",0.928571429,NA,NA,NA,NA,NA,NA,NA,NA,NA,0,0,0,NA,NA,NA
"4101","ENST00000693202.1","ENSG00000197548.13","OTTHUMG00000129740.21","OTTHUMT00000339098.3","ATG7-226","ATG7",5333,"protein_coding",2579,30,0.900939465,"GGACT",0.6,NA,NA,NA,NA,NA,NA,NA,NA,NA,0,0,0,NA,NA,NA
"4102","ENST00000693236.1","ENSG00000123989.15","OTTHUMG00000058929.4","-","CHPF-206","CHPF",3280,"retained_intron",2774,25,0.973973036,"GGACC",0.68,NA,NA,NA,NA,NA,NA,NA,NA,NA,0,0,0,NA,NA,NA
"4103","ENST00000693315.1","ENSG00000293495.1","-","-","C19orf48P-216","C19orf48P",1450,"lncRNA",596,101,0.967931688,"GGACA",0.722772277,NA,NA,NA,NA,NA,NA,NA,NA,NA,0,0,0,NA,NA,NA
"4104","ENST00000693315.1","ENSG00000293495.1","-","-","C19orf48P-216","C19orf48P",1450,"lncRNA",987,208,0.920896709,"GGACA",0.581730769,NA,NA,NA,NA,NA,NA,NA,NA,NA,0,0,0,NA,NA,NA
"4105","ENST00000694989.1","ENSG00000113048.19","OTTHUMG00000100951.9","-","MRPS27-217","MRPS27",7518,"protein_coding",1874,21,0.962659419,"GGACT",0.714285714,NA,NA,NA,NA,NA,NA,NA,NA,NA,0,0,0,NA,NA,NA
"4106","ENST00000694995.1","ENSG00000113048.19","OTTHUMG00000100951.9","-","MRPS27-223","MRPS27",2856,"protein_coding",2268,20,0.936532915,"GAACT",0.55,NA,NA,NA,NA,NA,NA,NA,NA,NA,0,0,0,NA,NA,NA
"4107","ENST00000695376.1","ENSG00000131368.9","OTTHUMG00000129836.5","-","MRPS25-212","MRPS25",4535,"nonsense_mediated_decay",768,57,0.910403252,"AGACT",0.561403509,NA,NA,NA,NA,NA,NA,NA,NA,NA,0,0,0,NA,NA,NA
"4108","ENST00000695379.1","ENSG00000131368.9","OTTHUMG00000129836.5","-","MRPS25-215","MRPS25",4001,"nonsense_mediated_decay",768,51,0.916413844,"AGACT",0.509803922,NA,NA,NA,NA,NA,NA,NA,NA,NA,0,0,0,NA,NA,NA
"4109","ENST00000695380.2","ENSG00000131368.9","OTTHUMG00000129836.5","-","MRPS25-216","MRPS25",4896,"nonsense_mediated_decay",768,31,0.9209584,"AGACT",0.516129032,NA,NA,NA,NA,NA,NA,NA,NA,NA,0,0,0,NA,NA,NA
"4110","ENST00000695382.1","ENSG00000131368.9","OTTHUMG00000129836.5","-","MRPS25-218","MRPS25",3567,"nonsense_mediated_decay",768,32,0.94869417,"AGACT",0.59375,NA,NA,NA,NA,NA,NA,NA,NA,NA,0,0,0,NA,NA,NA
"4111","ENST00000695386.1","ENSG00000131368.9","OTTHUMG00000129836.5","-","MRPS25-221","MRPS25",4093,"nonsense_mediated_decay",768,40,0.910409451,"AGACT",0.5,NA,NA,NA,NA,NA,NA,NA,NA,NA,0,0,0,NA,NA,NA
"4112","ENST00000695392.1","ENSG00000131368.9","OTTHUMG00000129836.5","-","MRPS25-225","MRPS25",3636,"nonsense_mediated_decay",768,49,0.931721628,"AGACT",0.571428571,NA,NA,NA,NA,NA,NA,NA,NA,NA,0,0,0,NA,NA,NA
"4113","ENST00000695468.1","ENSG00000115761.17","OTTHUMG00000119023.3","-","NOL10-210","NOL10",5989,"protein_coding",1903,21,0.902031004,"AGACA",0.714285714,NA,NA,NA,NA,NA,NA,NA,NA,NA,0,0,0,NA,NA,NA
"4114","ENST00000695675.1","ENSG00000101017.15","OTTHUMG00000033053.4","-","CD40-214","CD40",3339,"retained_intron",2951,22,0.901458144,"AGACA",0.590909091,NA,NA,NA,NA,NA,NA,NA,NA,NA,0,0,0,NA,NA,NA
"4115","ENST00000695675.1","ENSG00000101017.15","OTTHUMG00000033053.4","-","CD40-214","CD40",3339,"retained_intron",3152,21,0.915204883,"AGACT",0.428571429,NA,NA,NA,NA,NA,NA,NA,NA,NA,0,0,0,NA,NA,NA
"4116","ENST00000696107.1","ENSG00000171793.17","OTTHUMG00000005712.13","-","CTPS1-220","CTPS1",3244,"nonsense_mediated_decay",2311,21,0.95379889,"GAACT",0.619047619,NA,NA,NA,NA,NA,NA,NA,NA,NA,0,0,0,NA,NA,NA
"4117","ENST00000696193.1","ENSG00000131187.11","OTTHUMG00000163403.1","-","F12-208","F12",2580,"nonsense_mediated_decay",2437,59,0.906542718,"GGACT",0.593220339,NA,NA,NA,NA,NA,NA,NA,NA,NA,0,0,0,NA,NA,NA
"4118","ENST00000696200.1","ENSG00000131187.11","OTTHUMG00000163403.1","-","F12-211","F12",2351,"retained_intron",2202,63,0.908350766,"GGACT",0.587301587,NA,NA,NA,NA,NA,NA,NA,NA,NA,0,0,0,NA,NA,NA
"4119","ENST00000696365.1","ENSG00000167085.14","OTTHUMG00000134271.10","-","PHB1-216","PHB1",1509,"protein_coding",1226,52,0.951796174,"GGACT",0.711538462,NA,NA,NA,NA,NA,NA,NA,NA,NA,0,0,0,NA,NA,NA
"4120","ENST00000696724.1","ENSG00000159128.16","OTTHUMG00000065188.5","-","IFNGR2-207","IFNGR2",1530,"protein_coding",1078,68,0.930339873,"GGACT",0.617647059,NA,NA,NA,NA,NA,NA,NA,NA,NA,0,0,0,NA,NA,NA
"4121","ENST00000696933.1","ENSG00000143575.16","OTTHUMG00000035978.5","-","HAX1-216","HAX1",1156,"nonsense_mediated_decay",418,140,0.90093863,"GAACT",0.557142857,NA,NA,NA,NA,NA,NA,NA,NA,NA,0,0,0,NA,NA,NA
"4122","ENST00000697613.1","ENSG00000198805.13","OTTHUMG00000029546.4","-","PNP-209","PNP",2014,"protein_coding",1852,221,0.902879179,"GAACT",0.515837104,NA,NA,NA,NA,NA,NA,NA,NA,NA,0,0,0,NA,NA,NA
"4123","ENST00000697614.1","ENSG00000198805.13","OTTHUMG00000029546.4","-","PNP-210","PNP",1446,"protein_coding",1284,227,0.908918977,"GAACT",0.519823789,NA,NA,NA,NA,NA,NA,NA,NA,NA,0,0,0,NA,NA,NA
"4124","ENST00000698440.1","ENSG00000204267.19","OTTHUMG00000031068.4","-","TAP2-205","TAP2",5694,"protein_coding",2385,51,0.969326675,"GGACA",0.62745098,NA,NA,NA,NA,NA,NA,NA,NA,NA,0,0,0,NA,NA,NA
"4125","ENST00000698440.1","ENSG00000204267.19","OTTHUMG00000031068.4","-","TAP2-205","TAP2",5694,"protein_coding",2546,20,0.946092784,"GAACT",0.65,NA,NA,NA,NA,NA,NA,NA,NA,NA,0,0,0,NA,NA,NA
"4126","ENST00000698441.1","ENSG00000204267.19","OTTHUMG00000031068.4","-","TAP2-206","TAP2",5418,"protein_coding",2125,49,0.969676495,"GGACA",0.612244898,NA,NA,NA,NA,NA,NA,NA,NA,NA,0,0,0,NA,NA,NA
"4127","ENST00000698441.1","ENSG00000204267.19","OTTHUMG00000031068.4","-","TAP2-206","TAP2",5418,"protein_coding",2286,20,0.947538197,"GAACT",0.65,NA,NA,NA,NA,NA,NA,NA,NA,NA,0,0,0,NA,NA,NA
"4128","ENST00000698448.1","ENSG00000204267.19","OTTHUMG00000031068.4","-","TAP2-207","TAP2",5721,"protein_coding",2409,51,0.972339809,"GGACA",0.62745098,NA,NA,NA,NA,NA,NA,NA,NA,NA,0,0,0,NA,NA,NA
"4129","ENST00000698448.1","ENSG00000204267.19","OTTHUMG00000031068.4","-","TAP2-207","TAP2",5721,"protein_coding",2570,20,0.945952654,"GAACT",0.65,NA,NA,NA,NA,NA,NA,NA,NA,NA,0,0,0,NA,NA,NA
"4130","ENST00000698449.1","ENSG00000204267.19","OTTHUMG00000031068.4","-","TAP2-208","TAP2",2486,"protein_coding",2364,25,0.973098159,"GGACA",0.56,NA,NA,NA,NA,NA,NA,NA,NA,NA,0,0,0,NA,NA,NA
"4131","ENST00000698691.1","ENSG00000105612.10","OTTHUMG00000180535.3","-","DNASE2-205","DNASE2",2048,"retained_intron",1129,22,0.907079399,"GGACC",0.454545455,NA,NA,NA,NA,NA,NA,NA,NA,NA,0,0,0,NA,NA,NA
"4132","ENST00000698691.1","ENSG00000105612.10","OTTHUMG00000180535.3","-","DNASE2-205","DNASE2",2048,"retained_intron",1424,62,0.930274963,"GAACT",0.564516129,NA,NA,NA,NA,NA,NA,NA,NA,NA,0,0,0,NA,NA,NA
"4133","ENST00000698691.1","ENSG00000105612.10","OTTHUMG00000180535.3","-","DNASE2-205","DNASE2",2048,"retained_intron",1556,63,0.961028218,"AGACT",0.634920635,NA,NA,NA,NA,NA,NA,NA,NA,NA,0,0,0,NA,NA,NA
"4134","ENST00000698692.1","ENSG00000105612.10","OTTHUMG00000180535.3","-","DNASE2-206","DNASE2",2711,"retained_intron",2092,47,0.914016306,"GAACT",0.574468085,NA,NA,NA,NA,NA,NA,NA,NA,NA,0,0,0,NA,NA,NA
"4135","ENST00000698692.1","ENSG00000105612.10","OTTHUMG00000180535.3","-","DNASE2-206","DNASE2",2711,"retained_intron",2224,50,0.954796016,"AGACT",0.62,NA,NA,NA,NA,NA,NA,NA,NA,NA,0,0,0,NA,NA,NA
"4136","ENST00000698693.1","ENSG00000105612.10","OTTHUMG00000180535.3","-","DNASE2-207","DNASE2",1903,"nonsense_mediated_decay",1432,59,0.927052975,"GAACT",0.542372881,220,1161,522,1,220,221,741,742,1902,0,0,1,NA,NA,0.594315245478036
"4137","ENST00000698693.1","ENSG00000105612.10","OTTHUMG00000180535.3","-","DNASE2-207","DNASE2",1903,"nonsense_mediated_decay",1564,58,0.962812722,"AGACT",0.655172414,220,1161,522,1,220,221,741,742,1902,0,0,1,NA,NA,0.708010335917313
"4138","ENST00000698783.1","ENSG00000131368.9","OTTHUMG00000129836.5","-","MRPS25-232","MRPS25",4203,"nonsense_mediated_decay",768,54,0.930371344,"AGACT",0.481481481,NA,NA,NA,NA,NA,NA,NA,NA,NA,0,0,0,NA,NA,NA
"4139","ENST00000698901.1","ENSG00000276045.4","OTTHUMG00000169073.3","-","ORAI1-204","ORAI1",2603,"protein_coding_CDS_not_defined",1105,36,0.941743612,"GGACA",0.75,NA,NA,NA,NA,NA,NA,NA,NA,NA,0,0,0,NA,NA,NA
"4140","ENST00000698901.1","ENSG00000276045.4","OTTHUMG00000169073.3","-","ORAI1-204","ORAI1",2603,"protein_coding_CDS_not_defined",1191,27,0.956874609,"AAACT",0.592592593,NA,NA,NA,NA,NA,NA,NA,NA,NA,0,0,0,NA,NA,NA
"4141","ENST00000699270.1","ENSG00000058262.11","OTTHUMG00000159624.5","-","SEC61A1-212","SEC61A1",3742,"nonsense_mediated_decay",2618,21,0.93408221,"TGACT",0.619047619,NA,NA,NA,NA,NA,NA,NA,NA,NA,0,0,0,NA,NA,NA
"4142","ENST00000699270.1","ENSG00000058262.11","OTTHUMG00000159624.5","-","SEC61A1-212","SEC61A1",3742,"nonsense_mediated_decay",2697,20,0.94793874,"GGACT",0.75,NA,NA,NA,NA,NA,NA,NA,NA,NA,0,0,0,NA,NA,NA
"4143","ENST00000699271.1","ENSG00000058262.11","OTTHUMG00000159624.5","-","SEC61A1-213","SEC61A1",4442,"nonsense_mediated_decay",3318,21,0.930734992,"TGACT",0.714285714,NA,NA,NA,NA,NA,NA,NA,NA,NA,0,0,0,NA,NA,NA
"4144","ENST00000699271.1","ENSG00000058262.11","OTTHUMG00000159624.5","-","SEC61A1-213","SEC61A1",4442,"nonsense_mediated_decay",3465,21,0.901824117,"GGACA",0.333333333,NA,NA,NA,NA,NA,NA,NA,NA,NA,0,0,0,NA,NA,NA
"4145","ENST00000699272.1","ENSG00000058262.11","OTTHUMG00000159624.5","-","SEC61A1-214","SEC61A1",4452,"nonsense_mediated_decay",3324,20,0.976987183,"AAACT",0.65,NA,NA,NA,NA,NA,NA,NA,NA,NA,0,0,0,NA,NA,NA
"4146","ENST00000699272.1","ENSG00000058262.11","OTTHUMG00000159624.5","-","SEC61A1-214","SEC61A1",4452,"nonsense_mediated_decay",3328,20,0.940090358,"TGACT",0.75,NA,NA,NA,NA,NA,NA,NA,NA,NA,0,0,0,NA,NA,NA
"4147","ENST00000699273.1","ENSG00000058262.11","OTTHUMG00000159624.5","-","SEC61A1-215","SEC61A1",3632,"protein_coding",2498,24,0.987667441,"GGACA",0.791666667,NA,NA,NA,NA,NA,NA,NA,NA,NA,0,0,0,NA,NA,NA
"4148","ENST00000699273.1","ENSG00000058262.11","OTTHUMG00000159624.5","-","SEC61A1-215","SEC61A1",3632,"protein_coding",2504,28,0.905219972,"AAACT",0.571428571,NA,NA,NA,NA,NA,NA,NA,NA,NA,0,0,0,NA,NA,NA
"4149","ENST00000699273.1","ENSG00000058262.11","OTTHUMG00000159624.5","-","SEC61A1-215","SEC61A1",3632,"protein_coding",2508,52,0.959105492,"TGACT",0.807692308,NA,NA,NA,NA,NA,NA,NA,NA,NA,0,0,0,NA,NA,NA
"4150","ENST00000699273.1","ENSG00000058262.11","OTTHUMG00000159624.5","-","SEC61A1-215","SEC61A1",3632,"protein_coding",2587,48,0.95536375,"GGACT",0.75,NA,NA,NA,NA,NA,NA,NA,NA,NA,0,0,0,NA,NA,NA
"4151","ENST00000699274.1","ENSG00000058262.11","OTTHUMG00000159624.5","-","SEC61A1-216","SEC61A1",4519,"nonsense_mediated_decay",3395,20,0.990841925,"TGACT",0.8,NA,NA,NA,NA,NA,NA,NA,NA,NA,0,0,0,NA,NA,NA
"4152","ENST00000699275.1","ENSG00000058262.11","OTTHUMG00000159624.5","-","SEC61A1-217","SEC61A1",3575,"nonsense_mediated_decay",2440,48,0.985001683,"GGACA",0.729166667,NA,NA,NA,NA,NA,NA,NA,NA,NA,0,0,0,NA,NA,NA
"4153","ENST00000699275.1","ENSG00000058262.11","OTTHUMG00000159624.5","-","SEC61A1-217","SEC61A1",3575,"nonsense_mediated_decay",2446,57,0.930860877,"AAACT",0.561403509,NA,NA,NA,NA,NA,NA,NA,NA,NA,0,0,0,NA,NA,NA
"4154","ENST00000699275.1","ENSG00000058262.11","OTTHUMG00000159624.5","-","SEC61A1-217","SEC61A1",3575,"nonsense_mediated_decay",2450,62,0.962299943,"TGACT",0.741935484,NA,NA,NA,NA,NA,NA,NA,NA,NA,0,0,0,NA,NA,NA
"4155","ENST00000699275.1","ENSG00000058262.11","OTTHUMG00000159624.5","-","SEC61A1-217","SEC61A1",3575,"nonsense_mediated_decay",2529,53,0.976977408,"GGACT",0.754716981,NA,NA,NA,NA,NA,NA,NA,NA,NA,0,0,0,NA,NA,NA
"4156","ENST00000699283.1","ENSG00000058262.11","OTTHUMG00000159624.5","-","SEC61A1-221","SEC61A1",3856,"retained_intron",2711,46,0.990209877,"GGACA",0.847826087,NA,NA,NA,NA,NA,NA,NA,NA,NA,0,0,0,NA,NA,NA
"4157","ENST00000699283.1","ENSG00000058262.11","OTTHUMG00000159624.5","-","SEC61A1-221","SEC61A1",3856,"retained_intron",2717,62,0.974440992,"AAACT",0.64516129,NA,NA,NA,NA,NA,NA,NA,NA,NA,0,0,0,NA,NA,NA
"4158","ENST00000699283.1","ENSG00000058262.11","OTTHUMG00000159624.5","-","SEC61A1-221","SEC61A1",3856,"retained_intron",2721,73,0.943219244,"TGACT",0.739726027,NA,NA,NA,NA,NA,NA,NA,NA,NA,0,0,0,NA,NA,NA
"4159","ENST00000699283.1","ENSG00000058262.11","OTTHUMG00000159624.5","-","SEC61A1-221","SEC61A1",3856,"retained_intron",2800,67,0.951666236,"GGACT",0.701492537,NA,NA,NA,NA,NA,NA,NA,NA,NA,0,0,0,NA,NA,NA
"4160","ENST00000699926.1","ENSG00000182117.7","OTTHUMG00000129440.3","-","NOP10-203","NOP10",988,"protein_coding",374,697,0.915315866,"GGACT",0.572453372,NA,NA,NA,NA,NA,NA,NA,NA,NA,0,0,0,NA,NA,NA
"4161","ENST00000699935.1","ENSG00000182117.7","OTTHUMG00000129440.3","-","NOP10-205","NOP10",817,"protein_coding",634,316,0.927253842,"GGACT",0.57278481,NA,NA,NA,NA,NA,NA,NA,NA,NA,0,0,0,NA,NA,NA
"4162","ENST00000699936.1","ENSG00000182117.7","OTTHUMG00000129440.3","-","NOP10-206","NOP10",629,"protein_coding",446,366,0.92315805,"GGACT",0.584699454,NA,NA,NA,NA,NA,NA,NA,NA,NA,0,0,0,NA,NA,NA
"4163","ENST00000699937.1","ENSG00000182117.7","OTTHUMG00000129440.3","-","NOP10-207","NOP10",494,"protein_coding",314,688,0.913712621,"GGACT",0.57122093,NA,NA,NA,NA,NA,NA,NA,NA,NA,0,0,0,NA,NA,NA
"4164","ENST00000699939.1","ENSG00000182117.7","OTTHUMG00000129440.3","-","NOP10-209","NOP10",591,"protein_coding_CDS_not_defined",411,224,0.93179518,"GGACT",0.580357143,NA,NA,NA,NA,NA,NA,NA,NA,NA,0,0,0,NA,NA,NA
"4165","ENST00000700232.1","ENSG00000160877.7","OTTHUMG00000180748.5","-","NACC1-204","NACC1",4657,"protein_coding",4398,80,0.911636949,"AGACT",0.5125,NA,NA,NA,NA,NA,NA,NA,NA,NA,0,0,0,NA,NA,NA
"4166","ENST00000700294.1","ENSG00000099341.13","OTTHUMG00000150691.5","-","PSMD8-211","PSMD8",2529,"protein_coding",2186,93,0.927662909,"GGACT",0.623655914,NA,NA,NA,NA,NA,NA,NA,NA,NA,0,0,0,NA,NA,NA
"4167","ENST00000700295.1","ENSG00000099341.13","OTTHUMG00000150691.5","-","PSMD8-212","PSMD8",2295,"protein_coding",1913,107,0.920170486,"GGACT",0.626168224,NA,NA,NA,NA,NA,NA,NA,NA,NA,0,0,0,NA,NA,NA
"4168","ENST00000700957.1","ENSG00000163597.17","OTTHUMG00000132201.6","-","SNHG16-216","SNHG16",733,"lncRNA",494,86,0.977134049,"GGACT",0.813953488,NA,NA,NA,NA,NA,NA,NA,NA,NA,0,0,0,NA,NA,NA
"4169","ENST00000701938.1","ENSG00000233016.9","OTTHUMG00000020949.5","-","SNHG7-210","SNHG7",605,"lncRNA",495,20,0.913519621,"GAACT",0.65,NA,NA,NA,NA,NA,NA,NA,NA,NA,0,0,0,NA,NA,NA
"4170","ENST00000702900.1","ENSG00000293495.1","-","-","C19orf48P-217","C19orf48P",1567,"lncRNA",713,93,0.970706463,"GGACA",0.720430108,NA,NA,NA,NA,NA,NA,NA,NA,NA,0,0,0,NA,NA,NA
"4171","ENST00000702900.1","ENSG00000293495.1","-","-","C19orf48P-217","C19orf48P",1567,"lncRNA",1104,230,0.928739488,"GGACA",0.569565217,NA,NA,NA,NA,NA,NA,NA,NA,NA,0,0,0,NA,NA,NA
"4172","ENST00000703163.1","ENSG00000159692.18","OTTHUMG00000089259.9","-","CTBP1-220","CTBP1",4077,"protein_coding",3398,55,0.942640841,"AGACT",0.636363636,NA,NA,NA,NA,NA,NA,NA,NA,NA,0,0,0,NA,NA,NA
"4173","ENST00000703308.1","ENSG00000113575.12","OTTHUMG00000129119.6","-","PPP2CA-207","PPP2CA",2418,"protein_coding",1095,110,0.90896076,"GGACC",0.472727273,NA,NA,NA,NA,NA,NA,NA,NA,NA,0,0,0,NA,NA,NA
"4174","ENST00000703311.1","ENSG00000113575.12","OTTHUMG00000129119.6","-","PPP2CA-210","PPP2CA",1785,"protein_coding",1264,29,0.962732732,"GGACC",0.689655172,NA,NA,NA,NA,NA,NA,NA,NA,NA,0,0,0,NA,NA,NA
"4175","ENST00000703312.1","ENSG00000273345.6","OTTHUMG00000164185.1","-","ENST00000703312","ENSG00000273345",1912,"protein_coding_CDS_not_defined",1381,72,0.903096437,"GGACC",0.513888889,NA,NA,NA,NA,NA,NA,NA,NA,NA,0,0,0,NA,NA,NA
"4176","ENST00000703313.1","ENSG00000273345.6","OTTHUMG00000164185.1","-","ENST00000703313","ENSG00000273345",2313,"nonsense_mediated_decay",1795,31,0.958412707,"GGACC",0.64516129,NA,NA,NA,NA,NA,NA,NA,NA,NA,0,0,0,NA,NA,NA
"4177","ENST00000703316.1","ENSG00000273345.6","OTTHUMG00000164185.1","-","ENST00000703316","ENSG00000273345",2584,"protein_coding_CDS_not_defined",1841,124,0.902911961,"GGACC",0.5,NA,NA,NA,NA,NA,NA,NA,NA,NA,0,0,0,NA,NA,NA
"4178","ENST00000703317.1","ENSG00000273345.6","OTTHUMG00000164185.1","-","ENST00000703317","ENSG00000273345",1863,"nonsense_mediated_decay",1332,75,0.945701897,"GGACC",0.52,NA,NA,NA,NA,NA,NA,NA,NA,NA,0,0,0,NA,NA,NA
"4179","ENST00000703354.1","ENSG00000113575.12","OTTHUMG00000129119.6","-","PPP2CA-211","PPP2CA",4873,"protein_coding",1260,124,0.902281046,"GGACC",0.508064516,NA,NA,NA,NA,NA,NA,NA,NA,NA,0,0,0,NA,NA,NA
"4180","ENST00000703610.1","ENSG00000087191.14","OTTHUMG00000179013.4","-","PSMC5-224","PSMC5",1609,"nonsense_mediated_decay",1543,26,0.932355225,"GGACA",0.307692308,NA,NA,NA,NA,NA,NA,NA,NA,NA,0,0,0,NA,NA,NA
"4181","ENST00000703702.1","ENSG00000078369.19","OTTHUMG00000000940.9","-","GNB1-221","GNB1",3008,"protein_coding",1448,24,0.958265007,"GAACT",0.666666667,NA,NA,NA,NA,NA,NA,NA,NA,NA,0,0,0,NA,NA,NA
"4182","ENST00000703744.1","ENSG00000179950.15","OTTHUMG00000165155.3","-","PUF60-222","PUF60",2519,"protein_coding_CDS_not_defined",2283,163,0.989234865,"AGACT",0.834355828,NA,NA,NA,NA,NA,NA,NA,NA,NA,0,0,0,NA,NA,NA
"4183","ENST00000703744.1","ENSG00000179950.15","OTTHUMG00000165155.3","-","PUF60-222","PUF60",2519,"protein_coding_CDS_not_defined",2410,118,0.963860869,"GGACT",0.754237288,NA,NA,NA,NA,NA,NA,NA,NA,NA,0,0,0,NA,NA,NA
"4184","ENST00000703798.1","ENSG00000205531.14","OTTHUMG00000011009.12","-","NAP1L4-223","NAP1L4",2462,"protein_coding",1682,49,0.982466817,"GGACT",0.87755102,NA,NA,NA,NA,NA,NA,NA,NA,NA,0,0,0,NA,NA,NA
"4185","ENST00000704074.1","ENSG00000153187.21","OTTHUMG00000040396.17","-","HNRNPU-232","HNRNPU",3015,"protein_coding",2014,50,0.962128282,"GAACT",0.7,NA,NA,NA,NA,NA,NA,NA,NA,NA,0,0,0,NA,NA,NA
"4186","ENST00000704950.1","ENSG00000105443.17","OTTHUMG00000150245.7","-","CYTH2-214","CYTH2",4443,"protein_coding",1097,25,0.96136719,"GAACT",0.76,NA,NA,NA,NA,NA,NA,NA,NA,NA,0,0,0,NA,NA,NA
"4187","ENST00000705116.1","ENSG00000100401.21","OTTHUMG00000150940.12","-","RANGAP1-208","RANGAP1",4239,"protein_coding",2540,62,0.994684935,"GGACT",0.790322581,NA,NA,NA,NA,NA,NA,NA,NA,NA,0,0,0,NA,NA,NA
"4188","ENST00000705116.1","ENSG00000100401.21","OTTHUMG00000150940.12","-","RANGAP1-208","RANGAP1",4239,"protein_coding",3012,148,0.909521461,"GGACT",0.594594595,NA,NA,NA,NA,NA,NA,NA,NA,NA,0,0,0,NA,NA,NA
"4189","ENST00000705448.1","ENSG00000118705.18","OTTHUMG00000032409.6","-","RPN2-209","RPN2",3166,"protein_coding",2323,133,0.912094355,"GAACT",0.578947368,NA,NA,NA,NA,NA,NA,NA,NA,NA,0,0,0,NA,NA,NA
"4190","ENST00000705448.1","ENSG00000118705.18","OTTHUMG00000032409.6","-","RPN2-209","RPN2",3166,"protein_coding",2861,86,0.96440196,"GGACA",0.709302326,NA,NA,NA,NA,NA,NA,NA,NA,NA,0,0,0,NA,NA,NA
"4191","ENST00000705716.1","ENSG00000204267.19","OTTHUMG00000031068.4","-","TAP2-209","TAP2",5637,"protein_coding",2325,51,0.971514642,"GGACA",0.62745098,NA,NA,NA,NA,NA,NA,NA,NA,NA,0,0,0,NA,NA,NA
"4192","ENST00000705716.1","ENSG00000204267.19","OTTHUMG00000031068.4","-","TAP2-209","TAP2",5637,"protein_coding",2486,20,0.943986356,"GAACT",0.65,NA,NA,NA,NA,NA,NA,NA,NA,NA,0,0,0,NA,NA,NA
"4193","ENST00000706387.1","ENSG00000165688.14","OTTHUMG00000020926.5","-","PMPCA-227","PMPCA",2121,"nonsense_mediated_decay",1699,20,0.98331362,"GGACA",0.9,NA,NA,NA,NA,NA,NA,NA,NA,NA,0,0,0,NA,NA,NA
"4194","ENST00000706389.1","ENSG00000165688.14","OTTHUMG00000020926.5","-","PMPCA-229","PMPCA",5137,"retained_intron",3968,29,0.968301535,"GAACT",0.75862069,NA,NA,NA,NA,NA,NA,NA,NA,NA,0,0,0,NA,NA,NA
"4195","ENST00000706389.1","ENSG00000165688.14","OTTHUMG00000020926.5","-","PMPCA-229","PMPCA",5137,"retained_intron",4200,80,0.981743038,"GGACT",0.7375,NA,NA,NA,NA,NA,NA,NA,NA,NA,0,0,0,NA,NA,NA
"4196","ENST00000706545.1","ENSG00000127948.17","OTTHUMG00000130413.34","-","POR-226","POR",2540,"protein_coding",2299,22,0.936881781,"AGACT",0.590909091,NA,NA,NA,NA,NA,NA,NA,NA,NA,0,0,0,NA,NA,NA
"4197","ENST00000706547.1","ENSG00000127948.17","OTTHUMG00000130413.34","-","POR-228","POR",3022,"protein_coding",2781,22,0.919980824,"AGACT",0.590909091,NA,NA,NA,NA,NA,NA,NA,NA,NA,0,0,0,NA,NA,NA
"4198","ENST00000706607.1","ENSG00000073008.16","OTTHUMG00000151527.5","-","PVR-211","PVR",3087,"nonsense_mediated_decay",2558,22,0.939855516,"GGACT",0.5,NA,NA,NA,NA,NA,NA,NA,NA,NA,0,0,0,NA,NA,NA
"4199","ENST00000706608.1","ENSG00000073008.16","OTTHUMG00000151527.5","-","PVR-212","PVR",4213,"retained_intron",2178,69,0.928475618,"GGACA",0.492753623,NA,NA,NA,NA,NA,NA,NA,NA,NA,0,0,0,NA,NA,NA
"4200","ENST00000706683.1","ENSG00000141756.20","OTTHUMG00000133497.6","-","FKBP10-210","FKBP10",2151,"protein_coding",1503,58,0.991560936,"GGACT",0.948275862,NA,NA,NA,NA,NA,NA,NA,NA,NA,0,0,0,NA,NA,NA
"4201","ENST00000706714.1","ENSG00000167468.20","OTTHUMG00000181874.11","-","GPX4-213","GPX4",826,"protein_coding",454,29,0.995700002,"AGACA",0.827586207,NA,NA,NA,NA,NA,NA,NA,NA,NA,0,0,0,NA,NA,NA
"4202","ENST00000706877.1","ENSG00000176978.15","OTTHUMG00000020977.4","-","DPP7-220","DPP7",1585,"nonsense_mediated_decay",1500,48,0.903745413,"GGACT",0.583333333,NA,NA,NA,NA,NA,NA,NA,NA,NA,0,0,0,NA,NA,NA
"4203","ENST00000706878.1","ENSG00000176978.15","OTTHUMG00000020977.4","-","DPP7-221","DPP7",1598,"nonsense_mediated_decay",1513,44,0.915466309,"GGACT",0.545454545,NA,NA,NA,NA,NA,NA,NA,NA,NA,0,0,0,NA,NA,NA
"4204","ENST00000706879.1","ENSG00000176978.15","OTTHUMG00000020977.4","-","DPP7-222","DPP7",1614,"nonsense_mediated_decay",1529,25,0.922103405,"GGACT",0.52,NA,NA,NA,NA,NA,NA,NA,NA,NA,0,0,0,NA,NA,NA
"4205","ENST00000706880.1","ENSG00000176978.15","OTTHUMG00000020977.4","-","DPP7-223","DPP7",1895,"protein_coding_CDS_not_defined",1810,26,0.909100831,"GGACT",0.538461538,NA,NA,NA,NA,NA,NA,NA,NA,NA,0,0,0,NA,NA,NA
"4206","ENST00000707114.1","ENSG00000136997.22","OTTHUMG00000128475.10","-","MYC-212","MYC",2127,"protein_coding",1763,107,0.900635839,"AGACT",0.514018692,NA,NA,NA,NA,NA,NA,NA,NA,NA,0,0,0,NA,NA,NA
"4207","ENST00000707114.1","ENSG00000136997.22","OTTHUMG00000128475.10","-","MYC-212","MYC",2127,"protein_coding",1803,105,0.905217767,"GGACT",0.733333333,NA,NA,NA,NA,NA,NA,NA,NA,NA,0,0,0,NA,NA,NA
"4208","ENST00000707115.1","ENSG00000136997.22","OTTHUMG00000128475.10","-","MYC-213","MYC",2322,"protein_coding",1778,80,0.905553162,"GGACT",0.65,NA,NA,NA,NA,NA,NA,NA,NA,NA,0,0,0,NA,NA,NA
"4209","ENST00000707115.1","ENSG00000136997.22","OTTHUMG00000128475.10","-","MYC-213","MYC",2322,"protein_coding",1958,120,0.924857914,"AGACT",0.541666667,NA,NA,NA,NA,NA,NA,NA,NA,NA,0,0,0,NA,NA,NA
"4210","ENST00000707115.1","ENSG00000136997.22","OTTHUMG00000128475.10","-","MYC-213","MYC",2322,"protein_coding",1998,116,0.911732435,"GGACT",0.75,NA,NA,NA,NA,NA,NA,NA,NA,NA,0,0,0,NA,NA,NA
"4211","ENST00000707116.1","ENSG00000136997.22","OTTHUMG00000128475.10","-","MYC-214","MYC",1920,"protein_coding",1106,45,0.914246678,"GGACA",0.577777778,NA,NA,NA,NA,NA,NA,NA,NA,NA,0,0,0,NA,NA,NA
"4212","ENST00000707116.1","ENSG00000136997.22","OTTHUMG00000128475.10","-","MYC-214","MYC",1920,"protein_coding",1556,109,0.9200719,"AGACT",0.495412844,NA,NA,NA,NA,NA,NA,NA,NA,NA,0,0,0,NA,NA,NA
"4213","ENST00000707116.1","ENSG00000136997.22","OTTHUMG00000128475.10","-","MYC-214","MYC",1920,"protein_coding",1596,107,0.916953027,"GGACT",0.785046729,NA,NA,NA,NA,NA,NA,NA,NA,NA,0,0,0,NA,NA,NA
"4214","ENST00000707117.1","ENSG00000136997.22","OTTHUMG00000128475.10","-","MYC-215","MYC",1799,"protein_coding_CDS_not_defined",1435,54,0.907205582,"AGACT",0.537037037,NA,NA,NA,NA,NA,NA,NA,NA,NA,0,0,0,NA,NA,NA
"4215","ENST00000710273.1","ENSG00000177606.9","OTTHUMG00000008376.2","-","JUN-203","JUN",3257,"protein_coding",2250,24,0.96705687,"GGACT",0.875,NA,NA,NA,NA,NA,NA,NA,NA,NA,0,0,0,NA,NA,NA
"4216","ENST00000710273.1","ENSG00000177606.9","OTTHUMG00000008376.2","-","JUN-203","JUN",3257,"protein_coding",2274,23,0.946017206,"GAACT",0.608695652,NA,NA,NA,NA,NA,NA,NA,NA,NA,0,0,0,NA,NA,NA
"4217","ENST00000710273.1","ENSG00000177606.9","OTTHUMG00000008376.2","-","JUN-203","JUN",3257,"protein_coding",2349,28,0.901347399,"AGACT",0.535714286,NA,NA,NA,NA,NA,NA,NA,NA,NA,0,0,0,NA,NA,NA
"4218","ENST00000710362.1","ENSG00000139546.12","OTTHUMG00000169855.6","-","TARBP2-221","TARBP2",1510,"protein_coding",1088,21,0.930215776,"GGACT",0.571428571,NA,NA,NA,NA,NA,NA,NA,NA,NA,0,0,0,NA,NA,NA
"4219","ENST00000710369.1","ENSG00000160679.14","OTTHUMG00000037052.2","-","CHTOP-208","CHTOP",2079,"protein_coding",1161,101,0.941983283,"GGACT",0.702970297,NA,NA,NA,NA,NA,NA,NA,NA,NA,0,0,0,NA,NA,NA
"4220","ENST00000711171.1","ENSG00000292345.1","OTTHUMG00000021069.10","OTTHUMT00000504213.2","ZBED1-210","ZBED1",4498,"protein_coding",4225,22,0.996370375,"GGACA",0.818181818,NA,NA,NA,NA,NA,NA,NA,NA,NA,0,0,0,NA,NA,NA
"4221","ENST00000711171.1","ENSG00000292345.1","OTTHUMG00000021069.10","OTTHUMT00000504213.2","ZBED1-210","ZBED1",4498,"protein_coding",4469,20,0.953842163,"GGACT",0.8,NA,NA,NA,NA,NA,NA,NA,NA,NA,0,0,0,NA,NA,NA
"4222","ENST00000711172.1","ENSG00000292345.1","OTTHUMG00000021069.10","-","ZBED1-211","ZBED1",4510,"protein_coding",4216,22,0.996592522,"GGACA",0.818181818,NA,NA,NA,NA,NA,NA,NA,NA,NA,0,0,0,NA,NA,NA
"4223","ENST00000711172.1","ENSG00000292345.1","OTTHUMG00000021069.10","-","ZBED1-211","ZBED1",4510,"protein_coding",4460,20,0.955266714,"GGACT",0.8,NA,NA,NA,NA,NA,NA,NA,NA,NA,0,0,0,NA,NA,NA
"4224","ENST00000711173.1","ENSG00000292345.1","OTTHUMG00000021069.10","OTTHUMT00000055619.3","ZBED1-212","ZBED1",4507,"protein_coding",4213,22,0.996571779,"GGACA",0.818181818,NA,NA,NA,NA,NA,NA,NA,NA,NA,0,0,0,NA,NA,NA
"4225","ENST00000711173.1","ENSG00000292345.1","OTTHUMG00000021069.10","OTTHUMT00000055619.3","ZBED1-212","ZBED1",4507,"protein_coding",4457,20,0.956825852,"GGACT",0.8,NA,NA,NA,NA,NA,NA,NA,NA,NA,0,0,0,NA,NA,NA
"4226","ENST00000711232.1","ENSG00000292358.1","OTTHUMG00000022694.3","OTTHUMT00000467781.1","GTPBP6-203","GTPBP6",2016,"retained_intron",1766,64,0.908352911,"GGACA",0.515625,NA,NA,NA,NA,NA,NA,NA,NA,NA,0,0,0,NA,NA,NA
"4227","ENST00000711233.1","ENSG00000292358.1","OTTHUMG00000022694.3","OTTHUMT00000058882.2","GTPBP6-204","GTPBP6",1875,"protein_coding",1855,76,0.940169811,"GGACA",0.526315789,NA,NA,NA,NA,NA,NA,NA,NA,NA,0,0,0,NA,NA,NA
"4228","ENST00000711613.1","ENSG00000035141.10","OTTHUMG00000129668.4","-","FAM136A-207","FAM136A",1812,"nonsense_mediated_decay",661,26,0.984209597,"GGACA",0.730769231,NA,NA,NA,NA,NA,NA,NA,NA,NA,0,0,0,NA,NA,NA
