"","ensembl_transcript_id","ensembl_gene_id","otthumg_gene_id","otthumg_transcript_id","ensembl_transcript_name","ensembl_gene_name","transcript_length","gene_biotype","transcript_position","n_reads","probability_modified","kmer","mod_ratio","utr5_length","utr3_length","cds_length_tx","start_utr5","end_utr5","start_cds","end_cds","start_utr3","end_utr3","isin_5utr","isin_cds","isin_3utr","rel_5utr","rel_cds","rel_3utr"
"1","ENST00000000412.8","ENSG00000003056.8","OTTHUMG00000168276.4","OTTHUMT00000399130.2","M6PR-201","M6PR",2450,"protein_coding",2130,171,0.939711391925812,"GGACT",0.678362573099415,NA,NA,NA,NA,NA,NA,NA,NA,NA,0,0,0,NA,NA,NA
"2","ENST00000001008.6","ENSG00000004478.8","OTTHUMG00000090429.4","OTTHUMT00000206861.3","FKBP4-201","FKBP4",3715,"protein_coding",1210,67,0.908007323741913,"GAACT",0.641791044776119,NA,NA,NA,NA,NA,NA,NA,NA,NA,0,0,0,NA,NA,NA
"3","ENST00000001008.6","ENSG00000004478.8","OTTHUMG00000090429.4","OTTHUMT00000206861.3","FKBP4-201","FKBP4",3715,"protein_coding",1279,68,0.926209688186646,"GAACT",0.602941176470588,NA,NA,NA,NA,NA,NA,NA,NA,NA,0,0,0,NA,NA,NA
"4","ENST00000002165.11","ENSG00000001036.14","OTTHUMG00000015728.3","OTTHUMT00000042521.3","FUCA2-201","FUCA2",2385,"protein_coding",602,48,0.914675176143646,"GAACT",0.583333333333333,NA,NA,NA,NA,NA,NA,NA,NA,NA,0,0,0,NA,NA,NA
"5","ENST00000002165.11","ENSG00000001036.14","OTTHUMG00000015728.3","OTTHUMT00000042521.3","FUCA2-201","FUCA2",2385,"protein_coding",619,47,0.979183852672577,"GGACT",0.765957446808511,NA,NA,NA,NA,NA,NA,NA,NA,NA,0,0,0,NA,NA,NA
"6","ENST00000002165.11","ENSG00000001036.14","OTTHUMG00000015728.3","OTTHUMT00000042521.3","FUCA2-201","FUCA2",2385,"protein_coding",1417,150,0.906112909317017,"GAACT",0.58,NA,NA,NA,NA,NA,NA,NA,NA,NA,0,0,0,NA,NA,NA
"7","ENST00000007264.7","ENSG00000007376.8","OTTHUMG00000047840.5","OTTHUMT00000109063.3","RPUSD1-201","RPUSD1",2048,"protein_coding",1114,21,0.959728717803955,"GGACT",0.761904761904762,NA,NA,NA,NA,NA,NA,NA,NA,NA,0,0,0,NA,NA,NA
"8","ENST00000007264.7","ENSG00000007376.8","OTTHUMG00000047840.5","OTTHUMT00000109063.3","RPUSD1-201","RPUSD1",2048,"protein_coding",1291,27,0.979209125041962,"GGACT",0.888888888888889,NA,NA,NA,NA,NA,NA,NA,NA,NA,0,0,0,NA,NA,NA
"9","ENST00000007264.7","ENSG00000007376.8","OTTHUMG00000047840.5","OTTHUMT00000109063.3","RPUSD1-201","RPUSD1",2048,"protein_coding",1411,36,0.9893599152565,"GGACT",0.833333333333333,NA,NA,NA,NA,NA,NA,NA,NA,NA,0,0,0,NA,NA,NA
"10","ENST00000007264.7","ENSG00000007376.8","OTTHUMG00000047840.5","OTTHUMT00000109063.3","RPUSD1-201","RPUSD1",2048,"protein_coding",2034,34,0.97749936580658,"TGACT",0.735294117647059,NA,NA,NA,NA,NA,NA,NA,NA,NA,0,0,0,NA,NA,NA
"11","ENST00000014914.6","ENSG00000013588.10","OTTHUMG00000168710.4","OTTHUMT00000400682.1","GPRC5A-201","GPRC5A",6582,"protein_coding",1155,21,0.905221700668335,"AGACT",0.666666666666667,NA,NA,NA,NA,NA,NA,NA,NA,NA,0,0,0,NA,NA,NA
"12","ENST00000022615.9","ENSG00000078668.14","OTTHUMG00000164168.4","OTTHUMT00000377574.2","VDAC3-201","VDAC3",1418,"protein_coding",1044,480,0.902066886425018,"GAACT",0.516666666666667,NA,NA,NA,NA,NA,NA,NA,NA,NA,0,0,0,NA,NA,NA
"13","ENST00000029410.10","ENSG00000027847.14","OTTHUMG00000130851.4","OTTHUMT00000253421.2","B4GALT7-201","B4GALT7",1698,"protein_coding",1234,42,0.947406530380249,"GGACA",0.571428571428571,NA,NA,NA,NA,NA,NA,NA,NA,NA,0,0,0,NA,NA,NA
"14","ENST00000037869.8","ENSG00000035141.10","OTTHUMG00000129668.4","OTTHUMT00000251869.2","FAM136A-201","FAM136A",1786,"protein_coding",616,59,0.976954698562622,"GGACA",0.847457627118644,NA,NA,NA,NA,NA,NA,NA,NA,NA,0,0,0,NA,NA,NA
"15","ENST00000040877.2","ENSG00000059588.10","OTTHUMG00000037947.4","OTTHUMT00000092616.2","TARBP1-201","TARBP1",5206,"protein_coding",4959,21,0.94936192035675,"GAACT",0.523809523809524,NA,NA,NA,NA,NA,NA,NA,NA,NA,0,0,0,NA,NA,NA
"16","ENST00000054950.4","ENSG00000049449.10","OTTHUMG00000166227.4","OTTHUMT00000388510.1","RCN1-201","RCN1",2369,"protein_coding",1285,79,0.967709600925446,"GGACA",0.683544303797468,NA,NA,NA,NA,NA,NA,NA,NA,NA,0,0,0,NA,NA,NA
"17","ENST00000066544.8","ENSG00000004897.12","OTTHUMG00000166429.8","OTTHUMT00000389742.3","CDC27-201","CDC27",5830,"protein_coding",2738,24,0.954817771911621,"GGACC",0.541666666666667,123,3232,2475,1,123,124,2597,2598,5829,0,0,1,NA,NA,0.0433168316831683
"18","ENST00000085068.7","ENSG00000063241.8","OTTHUMG00000180830.3","OTTHUMT00000453180.1","ISOC2-201","ISOC2",1122,"protein_coding",980,126,0.969199955463409,"AGACT",0.738095238095238,NA,NA,NA,NA,NA,NA,NA,NA,NA,0,0,0,NA,NA,NA
"19","ENST00000156825.5","ENSG00000071655.18","OTTHUMG00000180081.9","OTTHUMT00000449657.3","MBD3-201","MBD3",5518,"protein_coding",1283,89,0.994071781635284,"AGACT",0.764044943820225,NA,NA,NA,NA,NA,NA,NA,NA,NA,0,0,0,NA,NA,NA
"20","ENST00000156825.5","ENSG00000071655.18","OTTHUMG00000180081.9","OTTHUMT00000449657.3","MBD3-201","MBD3",5518,"protein_coding",1374,109,0.909635365009308,"AAACT",0.467889908256881,NA,NA,NA,NA,NA,NA,NA,NA,NA,0,0,0,NA,NA,NA
"21","ENST00000156825.5","ENSG00000071655.18","OTTHUMG00000180081.9","OTTHUMT00000449657.3","MBD3-201","MBD3",5518,"protein_coding",1408,116,0.98978453874588,"GGACT",0.879310344827586,NA,NA,NA,NA,NA,NA,NA,NA,NA,0,0,0,NA,NA,NA
"22","ENST00000156825.5","ENSG00000071655.18","OTTHUMG00000180081.9","OTTHUMT00000449657.3","MBD3-201","MBD3",5518,"protein_coding",1629,164,0.922800779342651,"GGACT",0.658536585365854,NA,NA,NA,NA,NA,NA,NA,NA,NA,0,0,0,NA,NA,NA
"23","ENST00000156825.5","ENSG00000071655.18","OTTHUMG00000180081.9","OTTHUMT00000449657.3","MBD3-201","MBD3",5518,"protein_coding",1911,210,0.982328057289124,"GGACT",0.847619047619048,NA,NA,NA,NA,NA,NA,NA,NA,NA,0,0,0,NA,NA,NA
"24","ENST00000156825.5","ENSG00000071655.18","OTTHUMG00000180081.9","OTTHUMT00000449657.3","MBD3-201","MBD3",5518,"protein_coding",2112,213,0.976808845996857,"GGACT",0.821596244131455,NA,NA,NA,NA,NA,NA,NA,NA,NA,0,0,0,NA,NA,NA
"25","ENST00000158771.9","ENSG00000072849.11","OTTHUMG00000102040.5","OTTHUMT00000219825.2","DERL2-201","DERL2",4167,"protein_coding",822,133,0.954954087734222,"GGACA",0.684210526315789,NA,NA,NA,NA,NA,NA,NA,NA,NA,0,0,0,NA,NA,NA
"26","ENST00000162749.7","ENSG00000067182.9","OTTHUMG00000168267.4","OTTHUMT00000399038.2","TNFRSF1A-201","TNFRSF1A",2171,"protein_coding",1547,25,0.963448345661163,"GGACC",0.72,NA,NA,NA,NA,NA,NA,NA,NA,NA,0,0,0,NA,NA,NA
"27","ENST00000162749.7","ENSG00000067182.9","OTTHUMG00000168267.4","OTTHUMT00000399038.2","TNFRSF1A-201","TNFRSF1A",2171,"protein_coding",1658,52,0.994271814823151,"GGACC",0.788461538461538,NA,NA,NA,NA,NA,NA,NA,NA,NA,0,0,0,NA,NA,NA
"28","ENST00000162749.7","ENSG00000067182.9","OTTHUMG00000168267.4","OTTHUMT00000399038.2","TNFRSF1A-201","TNFRSF1A",2171,"protein_coding",2137,28,0.957021355628967,"GGACT",0.785714285714286,NA,NA,NA,NA,NA,NA,NA,NA,NA,0,0,0,NA,NA,NA
"29","ENST00000166139.9","ENSG00000070404.10","OTTHUMG00000180593.15","OTTHUMT00000452479.8","FSTL3-201","FSTL3",2501,"protein_coding",1974,20,0.980091452598572,"AGACT",0.7,NA,NA,NA,NA,NA,NA,NA,NA,NA,0,0,0,NA,NA,NA
"30","ENST00000171111.10","ENSG00000079999.14","OTTHUMG00000180579.5","OTTHUMT00000452000.2","KEAP1-201","KEAP1",2565,"protein_coding",1343,69,0.98395836353302,"GGACT",0.898550724637681,NA,NA,NA,NA,NA,NA,NA,NA,NA,0,0,0,NA,NA,NA
"31","ENST00000171111.10","ENSG00000079999.14","OTTHUMG00000180579.5","OTTHUMT00000452000.2","KEAP1-201","KEAP1",2565,"protein_coding",2024,121,0.934450745582581,"GAACT",0.56198347107438,NA,NA,NA,NA,NA,NA,NA,NA,NA,0,0,0,NA,NA,NA
"32","ENST00000171111.10","ENSG00000079999.14","OTTHUMG00000180579.5","OTTHUMT00000452000.2","KEAP1-201","KEAP1",2565,"protein_coding",2107,110,0.950965583324432,"GGACT",0.7,NA,NA,NA,NA,NA,NA,NA,NA,NA,0,0,0,NA,NA,NA
"33","ENST00000173527.6","ENSG00000066583.12","OTTHUMG00000163144.3","OTTHUMT00000371826.2","ISOC1-201","ISOC1",1942,"protein_coding",968,23,0.92704051733017,"GGACT",0.608695652173913,NA,NA,NA,NA,NA,NA,NA,NA,NA,0,0,0,NA,NA,NA
"34","ENST00000177742.7","ENSG00000074071.15","OTTHUMG00000128636.2","OTTHUMT00000250507.1","MRPS34-201","MRPS34",1040,"protein_coding",755,347,0.910357773303986,"GGACC",0.498559077809798,NA,NA,NA,NA,NA,NA,NA,NA,NA,0,0,0,NA,NA,NA
"35","ENST00000182527.4","ENSG00000065308.5","OTTHUMG00000014850.2","OTTHUMT00000040910.2","TRAM2-201","TRAM2",7047,"protein_coding",6672,136,0.953686952590942,"AGACT",0.639705882352941,NA,NA,NA,NA,NA,NA,NA,NA,NA,0,0,0,NA,NA,NA
"36","ENST00000182527.4","ENSG00000065308.5","OTTHUMG00000014850.2","OTTHUMT00000040910.2","TRAM2-201","TRAM2",7047,"protein_coding",6769,137,0.953710556030273,"GGACA",0.562043795620438,NA,NA,NA,NA,NA,NA,NA,NA,NA,0,0,0,NA,NA,NA
"37","ENST00000182527.4","ENSG00000065308.5","OTTHUMG00000014850.2","OTTHUMT00000040910.2","TRAM2-201","TRAM2",7047,"protein_coding",6807,133,0.923932492733002,"GGACC",0.571428571428571,NA,NA,NA,NA,NA,NA,NA,NA,NA,0,0,0,NA,NA,NA
"38","ENST00000187830.2","ENSG00000073008.16","OTTHUMG00000151527.5","OTTHUMT00000323018.2","PVR-201","PVR",3132,"nonsense_mediated_decay",2588,20,0.947963535785675,"GGACT",0.6,NA,NA,NA,NA,NA,NA,NA,NA,NA,0,0,0,NA,NA,NA
"39","ENST00000196061.5","ENSG00000083444.17","OTTHUMG00000002393.5","OTTHUMT00000006865.2","PLOD1-201","PLOD1",2976,"protein_coding",2574,20,0.906695902347565,"AGACT",0.6,NA,NA,NA,NA,NA,NA,NA,NA,NA,0,0,0,NA,NA,NA
"40","ENST00000196061.5","ENSG00000083444.17","OTTHUMG00000002393.5","OTTHUMT00000006865.2","PLOD1-201","PLOD1",2976,"protein_coding",2614,20,0.976548910140991,"AGACT",0.8,NA,NA,NA,NA,NA,NA,NA,NA,NA,0,0,0,NA,NA,NA
"41","ENST00000196061.5","ENSG00000083444.17","OTTHUMG00000002393.5","OTTHUMT00000006865.2","PLOD1-201","PLOD1",2976,"protein_coding",2673,42,0.916573405265808,"GGACT",0.738095238095238,NA,NA,NA,NA,NA,NA,NA,NA,NA,0,0,0,NA,NA,NA
"42","ENST00000199814.9","ENSG00000086589.12","OTTHUMG00000163589.5","OTTHUMT00000374431.3","RBM22-201","RBM22",2299,"protein_coding",1474,70,0.98698478937149,"AGACT",0.814285714285714,NA,NA,NA,NA,NA,NA,NA,NA,NA,0,0,0,NA,NA,NA
"43","ENST00000199814.9","ENSG00000086589.12","OTTHUMG00000163589.5","OTTHUMT00000374431.3","RBM22-201","RBM22",2299,"protein_coding",1517,58,0.920954048633575,"GGACC",0.517241379310345,NA,NA,NA,NA,NA,NA,NA,NA,NA,0,0,0,NA,NA,NA
"44","ENST00000202017.6","ENSG00000088356.6","OTTHUMG00000032196.4","OTTHUMT00000078593.4","PDRG1-201","PDRG1",1957,"protein_coding",824,49,0.981419563293457,"GGACC",0.755102040816326,NA,NA,NA,NA,NA,NA,NA,NA,NA,0,0,0,NA,NA,NA
"45","ENST00000202017.6","ENSG00000088356.6","OTTHUMG00000032196.4","OTTHUMT00000078593.4","PDRG1-201","PDRG1",1957,"protein_coding",1267,91,0.927006244659424,"GAACT",0.538461538461538,NA,NA,NA,NA,NA,NA,NA,NA,NA,0,0,0,NA,NA,NA
"46","ENST00000205402.10","ENSG00000091140.15","OTTHUMG00000154813.4","OTTHUMT00000337194.4","DLD-201","DLD",3537,"protein_coding",1698,105,0.91683167219162,"GGACT",0.552380952380952,NA,NA,NA,NA,NA,NA,NA,NA,NA,0,0,0,NA,NA,NA
"47","ENST00000209728.9","ENSG00000094804.12","OTTHUMG00000133324.7","OTTHUMT00000257129.3","CDC6-201","CDC6",4564,"protein_coding",1249,21,0.966849744319916,"GAACT",0.619047619047619,NA,NA,NA,NA,NA,NA,NA,NA,NA,0,0,0,NA,NA,NA
"48","ENST00000214869.7","ENSG00000099203.7","OTTHUMG00000180696.3","OTTHUMT00000452614.2","TMED1-201","TMED1",1633,"protein_coding",730,127,0.976597666740417,"GGACA",0.622047244094488,NA,NA,NA,NA,NA,NA,NA,NA,NA,0,0,0,NA,NA,NA
"49","ENST00000215375.7","ENSG00000099624.8","OTTHUMG00000180143.5","OTTHUMT00000449958.3","ATP5F1D-201","ATP5F1D",995,"protein_coding",953,107,0.948328852653503,"GAACT",0.532710280373832,NA,NA,NA,NA,NA,NA,NA,NA,NA,0,0,0,NA,NA,NA
"50","ENST00000215574.9","ENSG00000099804.9","OTTHUMG00000180558.11","OTTHUMT00000451889.8","CDC34-201","CDC34",1418,"protein_coding",1186,81,0.930116891860962,"GGACT",0.654320987654321,NA,NA,NA,NA,NA,NA,NA,NA,NA,0,0,0,NA,NA,NA
"51","ENST00000215631.9","ENSG00000099860.9","OTTHUMG00000180434.4","OTTHUMT00000451337.2","GADD45B-201","GADD45B",1371,"protein_coding",1192,63,0.94258040189743,"GGACT",0.746031746031746,NA,NA,NA,NA,NA,NA,NA,NA,NA,0,0,0,NA,NA,NA
"52","ENST00000215631.9","ENSG00000099860.9","OTTHUMG00000180434.4","OTTHUMT00000451337.2","GADD45B-201","GADD45B",1371,"protein_coding",1230,60,0.902405381202698,"GAACT",0.4,NA,NA,NA,NA,NA,NA,NA,NA,NA,0,0,0,NA,NA,NA
"53","ENST00000215659.13","ENSG00000188130.14","OTTHUMG00000030145.5","OTTHUMT00000074999.3","MAPK12-201","MAPK12",1778,"protein_coding",1336,47,0.925762832164764,"GGACT",0.617021276595745,NA,NA,NA,NA,NA,NA,NA,NA,NA,0,0,0,NA,NA,NA
"54","ENST00000215659.13","ENSG00000188130.14","OTTHUMG00000030145.5","OTTHUMT00000074999.3","MAPK12-201","MAPK12",1778,"protein_coding",1413,43,0.985394179821014,"GGACC",0.674418604651163,NA,NA,NA,NA,NA,NA,NA,NA,NA,0,0,0,NA,NA,NA
"55","ENST00000215659.13","ENSG00000188130.14","OTTHUMG00000030145.5","OTTHUMT00000074999.3","MAPK12-201","MAPK12",1778,"protein_coding",1630,55,0.938506960868835,"GGACA",0.490909090909091,NA,NA,NA,NA,NA,NA,NA,NA,NA,0,0,0,NA,NA,NA
"56","ENST00000215742.9","ENSG00000184436.12","OTTHUMG00000150879.2","OTTHUMT00000320405.2","THAP7-201","THAP7",1913,"protein_coding",1019,53,0.962769091129303,"AGACT",0.679245283018868,NA,NA,NA,NA,NA,NA,NA,NA,NA,0,0,0,NA,NA,NA
"57","ENST00000215742.9","ENSG00000184436.12","OTTHUMG00000150879.2","OTTHUMT00000320405.2","THAP7-201","THAP7",1913,"protein_coding",1080,50,0.945758759975433,"AGACT",0.68,NA,NA,NA,NA,NA,NA,NA,NA,NA,0,0,0,NA,NA,NA
"58","ENST00000215742.9","ENSG00000184436.12","OTTHUMG00000150879.2","OTTHUMT00000320405.2","THAP7-201","THAP7",1913,"protein_coding",1102,53,0.915399193763733,"GGACT",0.660377358490566,NA,NA,NA,NA,NA,NA,NA,NA,NA,0,0,0,NA,NA,NA
"59","ENST00000215742.9","ENSG00000184436.12","OTTHUMG00000150879.2","OTTHUMT00000320405.2","THAP7-201","THAP7",1913,"protein_coding",1148,22,0.994372546672821,"GGACT",1,NA,NA,NA,NA,NA,NA,NA,NA,NA,0,0,0,NA,NA,NA
"60","ENST00000215904.7","ENSG00000241360.2","OTTHUMG00000044618.4","OTTHUMT00000104105.3","PDXP-201","PDXP",2012,"protein_coding",946,89,0.925965130329132,"GGACT",0.528089887640449,NA,NA,NA,NA,NA,NA,NA,NA,NA,0,0,0,NA,NA,NA
"61","ENST00000215917.11","ENSG00000100104.13","OTTHUMG00000150885.4","OTTHUMT00000320423.3","SRRD-201","SRRD",4020,"protein_coding",1029,40,0.956652462482452,"TGACT",0.625,NA,NA,NA,NA,NA,NA,NA,NA,NA,0,0,0,NA,NA,NA
"62","ENST00000215917.11","ENSG00000100104.13","OTTHUMG00000150885.4","OTTHUMT00000320423.3","SRRD-201","SRRD",4020,"protein_coding",1034,20,0.902848184108734,"GAACT",0.5,NA,NA,NA,NA,NA,NA,NA,NA,NA,0,0,0,NA,NA,NA
"63","ENST00000215917.11","ENSG00000100104.13","OTTHUMG00000150885.4","OTTHUMT00000320423.3","SRRD-201","SRRD",4020,"protein_coding",1185,46,0.906936407089233,"GGACT",0.608695652173913,NA,NA,NA,NA,NA,NA,NA,NA,NA,0,0,0,NA,NA,NA
"64","ENST00000216038.6","ENSG00000100220.12","OTTHUMG00000030300.8","OTTHUMT00000075188.4","RTCB-201","RTCB",2019,"protein_coding",1664,282,0.915615856647491,"GGACT",0.606382978723404,NA,NA,NA,NA,NA,NA,NA,NA,NA,0,0,0,NA,NA,NA
"65","ENST00000216039.9","ENSG00000100221.11","OTTHUMG00000151030.18","OTTHUMT00000321047.1","JOSD1-201","JOSD1",3648,"protein_coding",3161,23,0.929480969905853,"GGACC",0.608695652173913,NA,NA,NA,NA,NA,NA,NA,NA,NA,0,0,0,NA,NA,NA
"66","ENST00000216080.5","ENSG00000100258.18","OTTHUMG00000150206.3","OTTHUMT00000316832.2","LMF2-201","LMF2",2658,"protein_coding",2418,21,0.98363995552063,"GGACT",0.761904761904762,NA,NA,NA,NA,NA,NA,NA,NA,NA,0,0,0,NA,NA,NA
"67","ENST00000216185.7","ENSG00000100348.10","OTTHUMG00000150596.4","OTTHUMT00000319016.2","TXN2-201","TXN2",1336,"protein_coding",627,144,0.945287227630615,"GAACT",0.493055555555556,NA,NA,NA,NA,NA,NA,NA,NA,NA,0,0,0,NA,NA,NA
"68","ENST00000216252.4","ENSG00000100410.8","OTTHUMG00000150966.2","OTTHUMT00000320686.2","PHF5A-201","PHF5A",1053,"protein_coding",719,162,0.926282465457916,"GAACT",0.598765432098765,NA,NA,NA,NA,NA,NA,NA,NA,NA,0,0,0,NA,NA,NA
"69","ENST00000216252.4","ENSG00000100410.8","OTTHUMG00000150966.2","OTTHUMT00000320686.2","PHF5A-201","PHF5A",1053,"protein_coding",723,170,0.956091701984406,"TGACT",0.682352941176471,NA,NA,NA,NA,NA,NA,NA,NA,NA,0,0,0,NA,NA,NA
"70","ENST00000216297.7","ENSG00000092201.10","OTTHUMG00000029685.4","OTTHUMT00000074025.3","SUPT16H-201","SUPT16H",4433,"protein_coding",3305,52,0.92872816324234,"AAACT",0.423076923076923,NA,NA,NA,NA,NA,NA,NA,NA,NA,0,0,0,NA,NA,NA
"71","ENST00000216463.8","ENSG00000100575.14","OTTHUMG00000140322.8","OTTHUMT00000412359.2","TIMM9-201","TIMM9",1075,"protein_coding_CDS_not_defined",707,119,0.956943988800049,"GGACT",0.630252100840336,NA,NA,NA,NA,NA,NA,NA,NA,NA,0,0,0,NA,NA,NA
"72","ENST00000216714.8","ENSG00000100823.12","OTTHUMG00000029544.7","OTTHUMT00000073641.4","APEX1-201","APEX1",1453,"protein_coding",1038,479,0.9639573097229,"GGACT",0.820459290187891,NA,NA,NA,NA,NA,NA,NA,NA,NA,0,0,0,NA,NA,NA
"73","ENST00000216780.9","ENSG00000100889.12","OTTHUMG00000028791.10","OTTHUMT00000071900.5","PCK2-201","PCK2",2179,"protein_coding",1896,57,0.905828237533569,"GGACT",0.684210526315789,NA,NA,NA,NA,NA,NA,NA,NA,NA,0,0,0,NA,NA,NA
"74","ENST00000216780.9","ENSG00000100889.12","OTTHUMG00000028791.10","OTTHUMT00000071900.5","PCK2-201","PCK2",2179,"protein_coding",2145,55,0.936791837215424,"AGACT",0.581818181818182,NA,NA,NA,NA,NA,NA,NA,NA,NA,0,0,0,NA,NA,NA
"75","ENST00000217109.9","ENSG00000101138.12","OTTHUMG00000032791.9","OTTHUMT00000079794.4","CSTF1-201","CSTF1",4032,"protein_coding",1080,48,0.967131376266479,"AGACT",0.75,NA,NA,NA,NA,NA,NA,NA,NA,NA,0,0,0,NA,NA,NA
"76","ENST00000217109.9","ENSG00000101138.12","OTTHUMG00000032791.9","OTTHUMT00000079794.4","CSTF1-201","CSTF1",4032,"protein_coding",1392,91,0.977506220340729,"TGACT",0.714285714285714,NA,NA,NA,NA,NA,NA,NA,NA,NA,0,0,0,NA,NA,NA
"77","ENST00000217109.9","ENSG00000101138.12","OTTHUMG00000032791.9","OTTHUMT00000079794.4","CSTF1-201","CSTF1",4032,"protein_coding",1428,62,0.966170907020569,"GGACT",0.645161290322581,NA,NA,NA,NA,NA,NA,NA,NA,NA,0,0,0,NA,NA,NA
"78","ENST00000217109.9","ENSG00000101138.12","OTTHUMG00000032791.9","OTTHUMT00000079794.4","CSTF1-201","CSTF1",4032,"protein_coding",1655,26,0.959703922271729,"GGACT",0.769230769230769,NA,NA,NA,NA,NA,NA,NA,NA,NA,0,0,0,NA,NA,NA
"79","ENST00000217233.9","ENSG00000101255.12","OTTHUMG00000031627.6","OTTHUMT00000077441.3","TRIB3-201","TRIB3",2356,"protein_coding",1362,23,0.995711266994476,"GGACC",0.608695652173913,NA,NA,NA,NA,NA,NA,NA,NA,NA,0,0,0,NA,NA,NA
"80","ENST00000217233.9","ENSG00000101255.12","OTTHUMG00000031627.6","OTTHUMT00000077441.3","TRIB3-201","TRIB3",2356,"protein_coding",1426,23,0.975269854068756,"GGACT",0.91304347826087,NA,NA,NA,NA,NA,NA,NA,NA,NA,0,0,0,NA,NA,NA
"81","ENST00000217233.9","ENSG00000101255.12","OTTHUMG00000031627.6","OTTHUMT00000077441.3","TRIB3-201","TRIB3",2356,"protein_coding",1563,48,0.982324361801147,"GAACT",0.791666666666667,NA,NA,NA,NA,NA,NA,NA,NA,NA,0,0,0,NA,NA,NA
"82","ENST00000217233.9","ENSG00000101255.12","OTTHUMG00000031627.6","OTTHUMT00000077441.3","TRIB3-201","TRIB3",2356,"protein_coding",1879,44,0.995003521442413,"GGACA",0.659090909090909,NA,NA,NA,NA,NA,NA,NA,NA,NA,0,0,0,NA,NA,NA
"83","ENST00000217446.8","ENSG00000101464.11","OTTHUMG00000032304.6","OTTHUMT00000078795.2","PIGU-201","PIGU",1639,"protein_coding",1340,164,0.912317156791687,"GGACC",0.676829268292683,NA,NA,NA,NA,NA,NA,NA,NA,NA,0,0,0,NA,NA,NA
"84","ENST00000217446.8","ENSG00000101464.11","OTTHUMG00000032304.6","OTTHUMT00000078795.2","PIGU-201","PIGU",1639,"protein_coding",1460,169,0.934442341327667,"GGACC",0.532544378698225,NA,NA,NA,NA,NA,NA,NA,NA,NA,0,0,0,NA,NA,NA
"85","ENST00000219097.7","ENSG00000091651.9","OTTHUMG00000132539.5","OTTHUMT00000255739.4","ORC6-201","ORC6",1615,"protein_coding",915,51,0.982764065265656,"AGACT",0.823529411764706,NA,NA,NA,NA,NA,NA,NA,NA,NA,0,0,0,NA,NA,NA
"86","ENST00000219204.8","ENSG00000102931.8","OTTHUMG00000133459.4","OTTHUMT00000257334.4","ARL2BP-201","ARL2BP",1969,"protein_coding",689,132,0.943662881851196,"AGACT",0.553030303030303,NA,NA,NA,NA,NA,NA,NA,NA,NA,0,0,0,NA,NA,NA
"87","ENST00000219240.9","ENSG00000102967.12","OTTHUMG00000178093.7","OTTHUMT00000504258.2","DHODH-201","DHODH",4669,"protein_coding",1291,58,0.952215671539307,"GGACT",0.568965517241379,NA,NA,NA,NA,NA,NA,NA,NA,NA,0,0,0,NA,NA,NA
"88","ENST00000219313.9","ENSG00000103035.11","OTTHUMG00000137601.4","OTTHUMT00000269010.3","PSMD7-201","PSMD7",1631,"protein_coding",700,269,0.928467750549316,"GGACT",0.639405204460966,NA,NA,NA,NA,NA,NA,NA,NA,NA,0,0,0,NA,NA,NA
"89","ENST00000219313.9","ENSG00000103035.11","OTTHUMG00000137601.4","OTTHUMT00000269010.3","PSMD7-201","PSMD7",1631,"protein_coding",1245,159,0.929368674755096,"AGACT",0.515723270440252,NA,NA,NA,NA,NA,NA,NA,NA,NA,0,0,0,NA,NA,NA
"90","ENST00000219313.9","ENSG00000103035.11","OTTHUMG00000137601.4","OTTHUMT00000269010.3","PSMD7-201","PSMD7",1631,"protein_coding",1413,168,0.952959597110748,"AGACT",0.68452380952381,NA,NA,NA,NA,NA,NA,NA,NA,NA,0,0,0,NA,NA,NA
"91","ENST00000219400.8","ENSG00000103121.9","OTTHUMG00000137625.6","OTTHUMT00000269047.3","CMC2-201","CMC2",10072,"protein_coding",470,165,0.95532888174057,"AGACT",0.727272727272727,NA,NA,NA,NA,NA,NA,NA,NA,NA,0,0,0,NA,NA,NA
"92","ENST00000219548.9","ENSG00000103266.11","OTTHUMG00000121140.7","OTTHUMT00000241618.3","STUB1-201","STUB1",1340,"protein_coding",1146,211,0.965128302574158,"GGACT",0.744075829383886,NA,NA,NA,NA,NA,NA,NA,NA,NA,0,0,0,NA,NA,NA
"93","ENST00000219548.9","ENSG00000103266.11","OTTHUMG00000121140.7","OTTHUMT00000241618.3","STUB1-201","STUB1",1340,"protein_coding",1153,219,0.949427366256714,"GGACT",0.817351598173516,NA,NA,NA,NA,NA,NA,NA,NA,NA,0,0,0,NA,NA,NA
"94","ENST00000219700.10","ENSG00000103415.12","OTTHUMG00000129473.4","OTTHUMT00000438511.1","HMOX2-201","HMOX2",1621,"protein_coding",629,58,0.970854520797729,"GGACC",0.620689655172414,NA,NA,NA,NA,NA,NA,NA,NA,NA,0,0,0,NA,NA,NA
"95","ENST00000219700.10","ENSG00000103415.12","OTTHUMG00000129473.4","OTTHUMT00000438511.1","HMOX2-201","HMOX2",1621,"protein_coding",657,27,0.972201347351074,"GGACA",0.62962962962963,NA,NA,NA,NA,NA,NA,NA,NA,NA,0,0,0,NA,NA,NA
"96","ENST00000219794.11","ENSG00000103507.14","OTTHUMG00000047356.7","OTTHUMT00000108511.4","BCKDK-201","BCKDK",2036,"protein_coding",1640,61,0.942979753017426,"GGACT",0.80327868852459,NA,NA,NA,NA,NA,NA,NA,NA,NA,0,0,0,NA,NA,NA
"97","ENST00000220003.14","ENSG00000103653.17","OTTHUMG00000142814.5","OTTHUMT00000286398.2","CSK-201","CSK",2743,"protein_coding",2094,23,0.933234691619873,"GGACT",0.521739130434783,NA,NA,NA,NA,NA,NA,NA,NA,NA,0,0,0,NA,NA,NA
"98","ENST00000222219.8","ENSG00000105612.10","OTTHUMG00000180535.3","OTTHUMT00000451790.2","DNASE2-201","DNASE2",1938,"protein_coding",1287,23,0.941124558448792,"GAACT",0.521739130434783,NA,NA,NA,NA,NA,NA,NA,NA,NA,0,0,0,NA,NA,NA
"99","ENST00000222219.8","ENSG00000105612.10","OTTHUMG00000180535.3","OTTHUMT00000451790.2","DNASE2-201","DNASE2",1938,"protein_coding",1419,44,0.936438500881195,"AGACT",0.522727272727273,NA,NA,NA,NA,NA,NA,NA,NA,NA,0,0,0,NA,NA,NA
"100","ENST00000223073.6","ENSG00000106344.8","OTTHUMG00000157711.3","OTTHUMT00000349442.2","RBM28-201","RBM28",15507,"protein_coding",2533,22,0.971339225769043,"GGACT",0.681818181818182,NA,NA,NA,NA,NA,NA,NA,NA,NA,0,0,0,NA,NA,NA
"101","ENST00000223073.6","ENSG00000106344.8","OTTHUMG00000157711.3","OTTHUMT00000349442.2","RBM28-201","RBM28",15507,"protein_coding",2548,24,0.920026242733002,"GAACT",0.666666666666667,NA,NA,NA,NA,NA,NA,NA,NA,NA,0,0,0,NA,NA,NA
"102","ENST00000223095.5","ENSG00000106366.9","OTTHUMG00000157107.3","OTTHUMT00000347458.2","SERPINE1-201","SERPINE1",3156,"protein_coding",1439,109,0.904307723045349,"TGACT",0.697247706422018,NA,NA,NA,NA,NA,NA,NA,NA,NA,0,0,0,NA,NA,NA
"103","ENST00000223324.3","ENSG00000106591.4","OTTHUMG00000155180.2","OTTHUMT00000338669.2","MRPL32-201","MRPL32",859,"protein_coding",476,171,0.965198993682861,"AGACT",0.795321637426901,NA,NA,NA,NA,NA,NA,NA,NA,NA,0,0,0,NA,NA,NA
"104","ENST00000225174.8","ENSG00000108179.14","OTTHUMG00000018562.5","OTTHUMT00000048949.2","PPIF-201","PPIF",2196,"protein_coding",928,133,0.917608439922333,"GGACA",0.593984962406015,NA,NA,NA,NA,NA,NA,NA,NA,NA,0,0,0,NA,NA,NA
"105","ENST00000225174.8","ENSG00000108179.14","OTTHUMG00000018562.5","OTTHUMT00000048949.2","PPIF-201","PPIF",2196,"protein_coding",1075,146,0.958657622337341,"GGACT",0.678082191780822,NA,NA,NA,NA,NA,NA,NA,NA,NA,0,0,0,NA,NA,NA
"106","ENST00000225696.9","ENSG00000108559.13","OTTHUMG00000099453.5","OTTHUMT00000439357.1","NUP88-201","NUP88",3900,"protein_coding",2505,24,0.914459943771362,"GAACT",0.541666666666667,NA,NA,NA,NA,NA,NA,NA,NA,NA,0,0,0,NA,NA,NA
"107","ENST00000225777.8","ENSG00000108639.8","OTTHUMG00000177457.4","OTTHUMT00000437009.2","SYNGR2-201","SYNGR2",1495,"protein_coding",763,102,0.936015188694,"GGACT",0.57843137254902,NA,NA,NA,NA,NA,NA,NA,NA,NA,0,0,0,NA,NA,NA
"108","ENST00000225777.8","ENSG00000108639.8","OTTHUMG00000177457.4","OTTHUMT00000437009.2","SYNGR2-201","SYNGR2",1495,"protein_coding",1102,308,0.965461194515228,"AGACT",0.785714285714286,NA,NA,NA,NA,NA,NA,NA,NA,NA,0,0,0,NA,NA,NA
"109","ENST00000225916.10","ENSG00000108773.11","OTTHUMG00000133504.4","OTTHUMT00000257458.2","KAT2A-201","KAT2A",3115,"protein_coding",2727,46,0.970734715461731,"GGACC",0.717391304347826,NA,NA,NA,NA,NA,NA,NA,NA,NA,0,0,0,NA,NA,NA
"110","ENST00000227471.7","ENSG00000110057.9","OTTHUMG00000167472.5","OTTHUMT00000394726.3","UNC93B1-201","UNC93B1",2294,"protein_coding",1867,60,0.926568627357483,"GGACT",0.583333333333333,NA,NA,NA,NA,NA,NA,NA,NA,NA,0,0,0,NA,NA,NA
"111","ENST00000227520.10","ENSG00000110104.13","OTTHUMG00000167706.4","OTTHUMT00000395743.2","CCDC86-201","CCDC86",1851,"protein_coding",1376,172,0.924514532089233,"GAACT",0.546511627906977,NA,NA,NA,NA,NA,NA,NA,NA,NA,0,0,0,NA,NA,NA
"112","ENST00000227868.9","ENSG00000110435.13","OTTHUMG00000166491.4","OTTHUMT00000390017.2","PDHX-201","PDHX",2500,"protein_coding",1480,20,0.95666640996933,"GAACT",0.45,NA,NA,NA,NA,NA,NA,NA,NA,NA,0,0,0,NA,NA,NA
"113","ENST00000228318.8","ENSG00000075415.15","OTTHUMG00000170212.3","-","SLC25A3-202","SLC25A3",5987,"protein_coding",231,350,0.92852395772934,"TGACT",0.711428571428571,NA,NA,NA,NA,NA,NA,NA,NA,NA,0,0,0,NA,NA,NA
"114","ENST00000228318.8","ENSG00000075415.15","OTTHUMG00000170212.3","-","SLC25A3-202","SLC25A3",5987,"protein_coding",265,304,0.94521826505661,"GGACT",0.759868421052632,NA,NA,NA,NA,NA,NA,NA,NA,NA,0,0,0,NA,NA,NA
"115","ENST00000228347.9","ENSG00000013503.10","OTTHUMG00000170077.3","OTTHUMT00000407166.2","POLR3B-201","POLR3B",4183,"protein_coding",3605,21,0.933679640293121,"GGACT",0.428571428571428,NA,NA,NA,NA,NA,NA,NA,NA,NA,0,0,0,NA,NA,NA
"116","ENST00000228347.9","ENSG00000013503.10","OTTHUMG00000170077.3","OTTHUMT00000407166.2","POLR3B-201","POLR3B",4183,"protein_coding",3694,21,0.987823009490967,"AGACT",0.857142857142857,NA,NA,NA,NA,NA,NA,NA,NA,NA,0,0,0,NA,NA,NA
"117","ENST00000228918.9","ENSG00000111321.11","OTTHUMG00000168356.4","OTTHUMT00000399422.2","LTBR-201","LTBR",2134,"protein_coding",1500,20,0.961588442325592,"TGACT",0.7,NA,NA,NA,NA,NA,NA,NA,NA,NA,0,0,0,NA,NA,NA
"118","ENST00000228918.9","ENSG00000111321.11","OTTHUMG00000168356.4","OTTHUMT00000399422.2","LTBR-201","LTBR",2134,"protein_coding",1687,22,0.992165923118591,"GGACT",0.909090909090909,NA,NA,NA,NA,NA,NA,NA,NA,NA,0,0,0,NA,NA,NA
"119","ENST00000228918.9","ENSG00000111321.11","OTTHUMG00000168356.4","OTTHUMT00000399422.2","LTBR-201","LTBR",2134,"protein_coding",1936,45,0.989006698131561,"GGACT",0.866666666666667,NA,NA,NA,NA,NA,NA,NA,NA,NA,0,0,0,NA,NA,NA
"120","ENST00000229195.8","ENSG00000111596.14","OTTHUMG00000169481.8","OTTHUMT00000404258.4","CNOT2-201","CNOT2",2844,"protein_coding",2716,23,0.919013559818268,"GAACT",0.608695652173913,NA,NA,NA,NA,NA,NA,NA,NA,NA,0,0,0,NA,NA,NA
"121","ENST00000229794.9","ENSG00000112062.12","OTTHUMG00000159806.3","OTTHUMT00000357450.1","MAPK14-201","MAPK14",4222,"protein_coding",3542,94,0.986829340457916,"GGACT",0.691489361702128,NA,NA,NA,NA,NA,NA,NA,NA,NA,0,0,0,NA,NA,NA
"122","ENST00000229795.8","ENSG00000112062.12","OTTHUMG00000159806.3","OTTHUMT00000357449.1","MAPK14-202","MAPK14",4222,"protein_coding",3542,94,0.987393796443939,"GGACT",0.691489361702128,NA,NA,NA,NA,NA,NA,NA,NA,NA,0,0,0,NA,NA,NA
"123","ENST00000230340.9","ENSG00000112578.10","OTTHUMG00000014687.3","OTTHUMT00000040535.3","BYSL-201","BYSL",1718,"protein_coding",1535,272,0.939053177833557,"GGACT",0.628676470588235,NA,NA,NA,NA,NA,NA,NA,NA,NA,0,0,0,NA,NA,NA
"124","ENST00000230402.10","ENSG00000112640.16","OTTHUMG00000014716.5","OTTHUMT00000357965.1","PPP2R5D-201","PPP2R5D",2958,"nonsense_mediated_decay",1949,31,0.947291493415833,"GGACA",0.612903225806452,NA,NA,NA,NA,NA,NA,NA,NA,NA,0,0,0,NA,NA,NA
"125","ENST00000230510.7","ENSG00000112742.10","OTTHUMG00000015088.5","OTTHUMT00000041317.3","TTK-201","TTK",3477,"protein_coding",3198,97,0.927357912063599,"GGACT",0.65979381443299,NA,NA,NA,NA,NA,NA,NA,NA,NA,0,0,0,NA,NA,NA
"126","ENST00000230771.9","ENSG00000112855.17","OTTHUMG00000129500.19","OTTHUMT00000251670.4","HARS2-201","HARS2",2468,"protein_coding",1766,28,0.916213154792786,"GAACT",0.607142857142857,NA,NA,NA,NA,NA,NA,NA,NA,NA,0,0,0,NA,NA,NA
"127","ENST00000230771.9","ENSG00000112855.17","OTTHUMG00000129500.19","OTTHUMT00000251670.4","HARS2-201","HARS2",2468,"protein_coding",1862,50,0.925228357315063,"GAACT",0.62,NA,NA,NA,NA,NA,NA,NA,NA,NA,0,0,0,NA,NA,NA
"128","ENST00000230771.9","ENSG00000112855.17","OTTHUMG00000129500.19","OTTHUMT00000251670.4","HARS2-201","HARS2",2468,"protein_coding",1881,27,0.954536139965057,"GGACT",0.481481481481482,NA,NA,NA,NA,NA,NA,NA,NA,NA,0,0,0,NA,NA,NA
"129","ENST00000230771.9","ENSG00000112855.17","OTTHUMG00000129500.19","OTTHUMT00000251670.4","HARS2-201","HARS2",2468,"protein_coding",2203,33,0.926743507385254,"GGACA",0.363636363636364,NA,NA,NA,NA,NA,NA,NA,NA,NA,0,0,0,NA,NA,NA
"130","ENST00000230771.9","ENSG00000112855.17","OTTHUMG00000129500.19","OTTHUMT00000251670.4","HARS2-201","HARS2",2468,"protein_coding",2317,89,0.951489388942719,"GAACT",0.606741573033708,NA,NA,NA,NA,NA,NA,NA,NA,NA,0,0,0,NA,NA,NA
"131","ENST00000230895.11","ENSG00000112977.16","OTTHUMG00000131041.3","OTTHUMT00000253687.1","DAP-201","DAP",2301,"protein_coding",1304,20,0.906638383865356,"GGACA",0.6,NA,NA,NA,NA,NA,NA,NA,NA,NA,0,0,0,NA,NA,NA
"132","ENST00000230895.11","ENSG00000112977.16","OTTHUMG00000131041.3","OTTHUMT00000253687.1","DAP-201","DAP",2301,"protein_coding",1643,53,0.902682721614838,"TGACT",0.679245283018868,NA,NA,NA,NA,NA,NA,NA,NA,NA,0,0,0,NA,NA,NA
"133","ENST00000231198.12","ENSG00000113272.14","OTTHUMG00000130254.5","OTTHUMT00000252579.3","THG1L-201","THG1L",2885,"protein_coding",1016,40,0.949108958244324,"GGACA",0.725,NA,NA,NA,NA,NA,NA,NA,NA,NA,0,0,0,NA,NA,NA
"134","ENST00000232607.7","ENSG00000114491.14","OTTHUMG00000159431.5","OTTHUMT00000355271.3","UMPS-201","UMPS",6652,"protein_coding",691,20,0.958782553672791,"GAACT",0.75,NA,NA,NA,NA,NA,NA,NA,NA,NA,0,0,0,NA,NA,NA
"135","ENST00000232607.7","ENSG00000114491.14","OTTHUMG00000159431.5","OTTHUMT00000355271.3","UMPS-201","UMPS",6652,"protein_coding",841,26,0.948156714439392,"GGACC",0.653846153846154,NA,NA,NA,NA,NA,NA,NA,NA,NA,0,0,0,NA,NA,NA
"136","ENST00000232607.7","ENSG00000114491.14","OTTHUMG00000159431.5","OTTHUMT00000355271.3","UMPS-201","UMPS",6652,"protein_coding",863,46,0.978913843631744,"AGACT",0.826086956521739,NA,NA,NA,NA,NA,NA,NA,NA,NA,0,0,0,NA,NA,NA
"137","ENST00000233078.9","ENSG00000071626.17","OTTHUMG00000180058.9","OTTHUMT00000449522.3","DAZAP1-201","DAZAP1",2184,"protein_coding",1569,152,0.91259777545929,"GGACT",0.697368421052632,NA,NA,NA,NA,NA,NA,NA,NA,NA,0,0,0,NA,NA,NA
"138","ENST00000233084.8","ENSG00000079785.16","OTTHUMG00000090593.6","OTTHUMT00000504323.2","DDX1-201","DDX1",2484,"protein_coding",1144,70,0.943643093109131,"GAACT",0.585714285714286,NA,NA,NA,NA,NA,NA,NA,NA,NA,0,0,0,NA,NA,NA
"139","ENST00000233146.7","ENSG00000095002.15","OTTHUMG00000128861.10","OTTHUMT00000250805.4","MSH2-201","MSH2",3115,"protein_coding",2393,20,0.924299240112305,"GAACT",0.55,NA,NA,NA,NA,NA,NA,NA,NA,NA,0,0,0,NA,NA,NA
"140","ENST00000233190.11","ENSG00000023228.15","OTTHUMG00000132892.7","OTTHUMT00000256391.5","NDUFS1-201","NDUFS1",11660,"protein_coding",758,23,0.90444004535675,"GAACT",0.565217391304348,NA,NA,NA,NA,NA,NA,NA,NA,NA,0,0,0,NA,NA,NA
"141","ENST00000233630.11","ENSG00000115289.14","OTTHUMG00000129954.5","OTTHUMT00000252216.2","PCGF1-201","PCGF1",907,"protein_coding",866,51,0.918943166732788,"GAACT",0.607843137254902,NA,NA,NA,NA,NA,NA,NA,NA,NA,0,0,0,NA,NA,NA
"142","ENST00000234301.3","ENSG00000115944.15","OTTHUMG00000128605.9","OTTHUMT00000504364.2","COX7A2L-201","COX7A2L",2282,"protein_coding",416,257,0.925102651119232,"GGACT",0.56420233463035,NA,NA,NA,NA,NA,NA,NA,NA,NA,0,0,0,NA,NA,NA
"143","ENST00000239223.4","ENSG00000120129.6","OTTHUMG00000130523.4","OTTHUMT00000252943.4","DUSP1-201","DUSP1",2013,"protein_coding",1385,180,0.940066993236542,"GGACT",0.661111111111111,NA,NA,NA,NA,NA,NA,NA,NA,NA,0,0,0,NA,NA,NA
"144","ENST00000239223.4","ENSG00000120129.6","OTTHUMG00000130523.4","OTTHUMT00000252943.4","DUSP1-201","DUSP1",2013,"protein_coding",1599,229,0.952009499073029,"GGACT",0.589519650655022,NA,NA,NA,NA,NA,NA,NA,NA,NA,0,0,0,NA,NA,NA
"145","ENST00000240185.8","ENSG00000120948.19","OTTHUMG00000185649.2","OTTHUMT00000006063.2","TARDBP-201","TARDBP",4185,"protein_coding",1656,103,0.941699385643005,"GGACT",0.689320388349515,NA,NA,NA,NA,NA,NA,NA,NA,NA,0,0,0,NA,NA,NA
"146","ENST00000241600.10","ENSG00000122140.13","OTTHUMG00000020910.4","OTTHUMT00000504246.2","MRPS2-201","MRPS2",1458,"protein_coding",510,73,0.940348863601685,"TGACT",0.671232876712329,NA,NA,NA,NA,NA,NA,NA,NA,NA,0,0,0,NA,NA,NA
"147","ENST00000241600.10","ENSG00000122140.13","OTTHUMG00000020910.4","OTTHUMT00000504246.2","MRPS2-201","MRPS2",1458,"protein_coding",1081,216,0.920280575752258,"GGACC",0.523148148148148,NA,NA,NA,NA,NA,NA,NA,NA,NA,0,0,0,NA,NA,NA
"148","ENST00000241600.10","ENSG00000122140.13","OTTHUMG00000020910.4","OTTHUMT00000504246.2","MRPS2-201","MRPS2",1458,"protein_coding",1170,223,0.90685099363327,"GGACC",0.57847533632287,NA,NA,NA,NA,NA,NA,NA,NA,NA,0,0,0,NA,NA,NA
"149","ENST00000242257.14","ENSG00000122687.19","OTTHUMG00000023866.8","OTTHUMT00000060187.3","MRM2-201","MRM2",1704,"protein_coding",890,55,0.923948109149933,"GGACA",0.581818181818182,NA,NA,NA,NA,NA,NA,NA,NA,NA,0,0,0,NA,NA,NA
"150","ENST00000242257.14","ENSG00000122687.19","OTTHUMG00000023866.8","OTTHUMT00000060187.3","MRM2-201","MRM2",1704,"protein_coding",1059,66,0.910666584968567,"AGACT",0.787878787878788,NA,NA,NA,NA,NA,NA,NA,NA,NA,0,0,0,NA,NA,NA
"151","ENST00000242257.14","ENSG00000122687.19","OTTHUMG00000023866.8","OTTHUMT00000060187.3","MRM2-201","MRM2",1704,"protein_coding",1126,57,0.961256325244904,"GGACT",0.684210526315789,NA,NA,NA,NA,NA,NA,NA,NA,NA,0,0,0,NA,NA,NA
"152","ENST00000242257.14","ENSG00000122687.19","OTTHUMG00000023866.8","OTTHUMT00000060187.3","MRM2-201","MRM2",1704,"protein_coding",1140,70,0.973676860332489,"AGACT",0.785714285714286,NA,NA,NA,NA,NA,NA,NA,NA,NA,0,0,0,NA,NA,NA
"153","ENST00000242776.9","ENSG00000123136.15","OTTHUMG00000182181.5","OTTHUMT00000459880.2","DDX39A-201","DDX39A",1498,"protein_coding",257,171,0.903727650642395,"GGACT",0.567251461988304,76,138,1284,1,76,77,1359,1360,1497,0,1,0,NA,0.140965732087227,NA
"154","ENST00000242784.5","ENSG00000123144.11","OTTHUMG00000180347.2","OTTHUMT00000450856.2","TRIR-201","TRIR",879,"protein_coding",706,396,0.958225727081299,"GGACT",0.671717171717172,NA,NA,NA,NA,NA,NA,NA,NA,NA,0,0,0,NA,NA,NA
"155","ENST00000243253.8","ENSG00000058262.11","OTTHUMG00000159624.5","OTTHUMT00000356541.3","SEC61A1-201","SEC61A1",3568,"protein_coding",1636,25,0.945523321628571,"GGACT",0.84,NA,NA,NA,NA,NA,NA,NA,NA,NA,0,0,0,NA,NA,NA
"156","ENST00000243253.8","ENSG00000058262.11","OTTHUMG00000159624.5","OTTHUMT00000356541.3","SEC61A1-201","SEC61A1",3568,"protein_coding",1743,48,0.939222157001495,"GAACT",0.583333333333333,NA,NA,NA,NA,NA,NA,NA,NA,NA,0,0,0,NA,NA,NA
"157","ENST00000243253.8","ENSG00000058262.11","OTTHUMG00000159624.5","OTTHUMT00000356541.3","SEC61A1-201","SEC61A1",3568,"protein_coding",2001,58,0.913416862487793,"GGACC",0.5,NA,NA,NA,NA,NA,NA,NA,NA,NA,0,0,0,NA,NA,NA
"158","ENST00000243253.8","ENSG00000058262.11","OTTHUMG00000159624.5","OTTHUMT00000356541.3","SEC61A1-201","SEC61A1",3568,"protein_coding",2053,60,0.990222036838531,"GGACT",0.866666666666667,NA,NA,NA,NA,NA,NA,NA,NA,NA,0,0,0,NA,NA,NA
"159","ENST00000243253.8","ENSG00000058262.11","OTTHUMG00000159624.5","OTTHUMT00000356541.3","SEC61A1-201","SEC61A1",3568,"protein_coding",2111,65,0.971610963344574,"GGACA",0.492307692307692,NA,NA,NA,NA,NA,NA,NA,NA,NA,0,0,0,NA,NA,NA
"160","ENST00000243253.8","ENSG00000058262.11","OTTHUMG00000159624.5","OTTHUMT00000356541.3","SEC61A1-201","SEC61A1",3568,"protein_coding",2418,82,0.984756469726562,"GGACA",0.792682926829268,NA,NA,NA,NA,NA,NA,NA,NA,NA,0,0,0,NA,NA,NA
"161","ENST00000243253.8","ENSG00000058262.11","OTTHUMG00000159624.5","OTTHUMT00000356541.3","SEC61A1-201","SEC61A1",3568,"protein_coding",2424,109,0.950728178024292,"AAACT",0.568807339449541,NA,NA,NA,NA,NA,NA,NA,NA,NA,0,0,0,NA,NA,NA
"162","ENST00000243253.8","ENSG00000058262.11","OTTHUMG00000159624.5","OTTHUMT00000356541.3","SEC61A1-201","SEC61A1",3568,"protein_coding",2428,121,0.95681220293045,"TGACT",0.677685950413223,NA,NA,NA,NA,NA,NA,NA,NA,NA,0,0,0,NA,NA,NA
"163","ENST00000243253.8","ENSG00000058262.11","OTTHUMG00000159624.5","OTTHUMT00000356541.3","SEC61A1-201","SEC61A1",3568,"protein_coding",2507,111,0.961364507675171,"GGACT",0.666666666666667,NA,NA,NA,NA,NA,NA,NA,NA,NA,0,0,0,NA,NA,NA
"164","ENST00000243776.11","ENSG00000123989.15","OTTHUMG00000058929.4","OTTHUMT00000130268.2","CHPF-201","CHPF",3028,"protein_coding",2498,25,0.988887846469879,"GGACC",0.76,NA,NA,NA,NA,NA,NA,NA,NA,NA,0,0,0,NA,NA,NA
"165","ENST00000243896.6","ENSG00000080189.15","OTTHUMG00000033050.5","OTTHUMT00000080362.1","SLC35C2-201","SLC35C2",2447,"protein_coding",1718,28,0.936874032020569,"GGACT",0.75,NA,NA,NA,NA,NA,NA,NA,NA,NA,0,0,0,NA,NA,NA
"166","ENST00000243903.6","ENSG00000101442.10","OTTHUMG00000032456.4","OTTHUMT00000079205.4","ACTR5-201","ACTR5",2547,"protein_coding",1907,24,0.977556765079498,"GGACT",0.916666666666667,NA,NA,NA,NA,NA,NA,NA,NA,NA,0,0,0,NA,NA,NA
"167","ENST00000243903.6","ENSG00000101442.10","OTTHUMG00000032456.4","OTTHUMT00000079205.4","ACTR5-201","ACTR5",2547,"protein_coding",1996,23,0.964986443519592,"GGACA",0.652173913043478,NA,NA,NA,NA,NA,NA,NA,NA,NA,0,0,0,NA,NA,NA
"168","ENST00000243918.10","ENSG00000204070.10","OTTHUMG00000032579.4","OTTHUMT00000079453.3","SYS1-201","SYS1",2728,"protein_coding",869,24,0.912766993045807,"GGACC",0.375,NA,NA,NA,NA,NA,NA,NA,NA,NA,0,0,0,NA,NA,NA
"169","ENST00000243918.10","ENSG00000204070.10","OTTHUMG00000032579.4","OTTHUMT00000079453.3","SYS1-201","SYS1",2728,"protein_coding",1372,22,0.921821236610413,"AGACA",0.545454545454545,NA,NA,NA,NA,NA,NA,NA,NA,NA,0,0,0,NA,NA,NA
"170","ENST00000244020.5","ENSG00000124193.16","OTTHUMG00000032502.7","OTTHUMT00000079292.4","SRSF6-201","SRSF6",4353,"protein_coding",1179,76,0.930341601371765,"GAACT",0.539473684210526,138,3180,1035,1,138,139,1172,1173,4352,0,0,1,NA,NA,0.00188679245283019
"171","ENST00000244040.4","ENSG00000124209.4","OTTHUMG00000032844.3","OTTHUMT00000079880.3","RAB22A-201","RAB22A",8651,"protein_coding",1067,45,0.940079271793365,"GGACT",0.644444444444444,NA,NA,NA,NA,NA,NA,NA,NA,NA,0,0,0,NA,NA,NA
"172","ENST00000244496.6","ENSG00000124541.7","OTTHUMG00000014715.3","OTTHUMT00000040572.2","RRP36-201","RRP36",1183,"protein_coding",958,569,0.948096513748169,"GGACT",0.738137082601054,NA,NA,NA,NA,NA,NA,NA,NA,NA,0,0,0,NA,NA,NA
"173","ENST00000244496.6","ENSG00000124541.7","OTTHUMG00000014715.3","OTTHUMT00000040572.2","RRP36-201","RRP36",1183,"protein_coding",1140,399,0.908648073673248,"GGACA",0.523809523809524,NA,NA,NA,NA,NA,NA,NA,NA,NA,0,0,0,NA,NA,NA
"174","ENST00000245185.6","ENSG00000125148.7","OTTHUMG00000133281.3","OTTHUMT00000257061.2","MT2A-201","MT2A",401,"protein_coding",265,1671,0.9022496342659,"GGACA",0.511071214841412,NA,NA,NA,NA,NA,NA,NA,NA,NA,0,0,0,NA,NA,NA
"175","ENST00000245564.8","ENSG00000125459.18","OTTHUMG00000014014.9","OTTHUMT00000039408.2","MSTO1-201","MSTO1",2422,"protein_coding",2106,22,0.977352023124695,"GGACT",0.727272727272727,NA,NA,NA,NA,NA,NA,NA,NA,NA,0,0,0,NA,NA,NA
"176","ENST00000246117.9","ENSG00000125912.11","OTTHUMG00000180687.5","OTTHUMT00000452545.2","NCLN-201","NCLN",3680,"protein_coding",1963,90,0.994731962680817,"AGACT",0.855555555555556,NA,NA,NA,NA,NA,NA,NA,NA,NA,0,0,0,NA,NA,NA
"177","ENST00000246117.9","ENSG00000125912.11","OTTHUMG00000180687.5","OTTHUMT00000452545.2","NCLN-201","NCLN",3680,"protein_coding",2048,103,0.958009302616119,"GGACT",0.689320388349515,NA,NA,NA,NA,NA,NA,NA,NA,NA,0,0,0,NA,NA,NA
"178","ENST00000246117.9","ENSG00000125912.11","OTTHUMG00000180687.5","OTTHUMT00000452545.2","NCLN-201","NCLN",3680,"protein_coding",3444,118,0.911728501319885,"AGACT",0.440677966101695,NA,NA,NA,NA,NA,NA,NA,NA,NA,0,0,0,NA,NA,NA
"179","ENST00000247020.9","ENSG00000132581.10","OTTHUMG00000132681.6","OTTHUMT00000255965.3","SDF2-201","SDF2",1309,"protein_coding",887,115,0.954969227313995,"GGACT",0.756521739130435,30,643,636,1,30,31,665,666,1308,0,0,1,NA,NA,0.343701399688958
"180","ENST00000247020.9","ENSG00000132581.10","OTTHUMG00000132681.6","OTTHUMT00000255965.3","SDF2-201","SDF2",1309,"protein_coding",996,100,0.90401965379715,"GGACT",0.59,30,643,636,1,30,31,665,666,1308,0,0,1,NA,NA,0.513219284603421
"181","ENST00000248098.8","ENSG00000206053.13","OTTHUMG00000047859.5","OTTHUMT00000109086.3","JPT2-201","JPT2",3695,"protein_coding",946,49,0.97504723072052,"TGACT",0.693877551020408,NA,NA,NA,NA,NA,NA,NA,NA,NA,0,0,0,NA,NA,NA
"182","ENST00000248378.6","ENSG00000127774.7","OTTHUMG00000180187.2","OTTHUMT00000450158.2","EMC6-201","EMC6",656,"protein_coding",513,355,0.948076784610748,"GGACT",0.597183098591549,137,186,333,1,137,138,469,470,655,0,0,1,NA,NA,0.231182795698925
"183","ENST00000248975.6","ENSG00000128245.15","OTTHUMG00000030833.10","OTTHUMT00000075721.3","YWHAH-201","YWHAH",1751,"protein_coding",530,62,0.948190808296204,"GAACT",0.596774193548387,NA,NA,NA,NA,NA,NA,NA,NA,NA,0,0,0,NA,NA,NA
"184","ENST00000248975.6","ENSG00000128245.15","OTTHUMG00000030833.10","OTTHUMT00000075721.3","YWHAH-201","YWHAH",1751,"protein_coding",824,73,0.955746352672577,"GGACA",0.671232876712329,NA,NA,NA,NA,NA,NA,NA,NA,NA,0,0,0,NA,NA,NA
"185","ENST00000248975.6","ENSG00000128245.15","OTTHUMG00000030833.10","OTTHUMT00000075721.3","YWHAH-201","YWHAH",1751,"protein_coding",851,99,0.967535138130188,"GGACT",0.696969696969697,NA,NA,NA,NA,NA,NA,NA,NA,NA,0,0,0,NA,NA,NA
"186","ENST00000248975.6","ENSG00000128245.15","OTTHUMG00000030833.10","OTTHUMT00000075721.3","YWHAH-201","YWHAH",1751,"protein_coding",1117,135,0.985109508037567,"GGACT",0.940740740740741,NA,NA,NA,NA,NA,NA,NA,NA,NA,0,0,0,NA,NA,NA
"187","ENST00000249014.5","ENSG00000128283.7","OTTHUMG00000150591.6","OTTHUMT00000318993.2","CDC42EP1-201","CDC42EP1",2148,"protein_coding",1238,20,0.978909909725189,"GGACA",0.7,NA,NA,NA,NA,NA,NA,NA,NA,NA,0,0,0,NA,NA,NA
"188","ENST00000249776.13","ENSG00000128944.14","OTTHUMG00000172454.3","OTTHUMT00000418636.1","KNSTRN-201","KNSTRN",1757,"protein_coding",1155,119,0.976781606674194,"GGACT",0.663865546218487,NA,NA,NA,NA,NA,NA,NA,NA,NA,0,0,0,NA,NA,NA
"189","ENST00000249776.13","ENSG00000128944.14","OTTHUMG00000172454.3","OTTHUMT00000418636.1","KNSTRN-201","KNSTRN",1757,"protein_coding",1201,148,0.924770414829254,"GGACA",0.567567567567568,NA,NA,NA,NA,NA,NA,NA,NA,NA,0,0,0,NA,NA,NA
"190","ENST00000249776.13","ENSG00000128944.14","OTTHUMG00000172454.3","OTTHUMT00000418636.1","KNSTRN-201","KNSTRN",1757,"protein_coding",1351,140,0.910025238990784,"TGACT",0.585714285714286,NA,NA,NA,NA,NA,NA,NA,NA,NA,0,0,0,NA,NA,NA
"191","ENST00000249923.7","ENSG00000129083.13","OTTHUMG00000165824.2","OTTHUMT00000386410.1","COPB1-201","COPB1",3481,"protein_coding",2208,20,0.975365996360779,"AGACA",0.8,NA,NA,NA,NA,NA,NA,NA,NA,NA,0,0,0,NA,NA,NA
"192","ENST00000250454.8","ENSG00000129518.10","OTTHUMG00000170621.4","OTTHUMT00000409847.2","EAPP-201","EAPP",1303,"protein_coding",982,20,0.967372238636017,"GGACA",0.55,NA,NA,NA,NA,NA,NA,NA,NA,NA,0,0,0,NA,NA,NA
"193","ENST00000251289.9","ENSG00000065268.11","OTTHUMG00000181903.9","OTTHUMT00000474027.2","WDR18-201","WDR18",1501,"protein_coding",1384,217,0.953073024749756,"GGACT",0.705069124423963,NA,NA,NA,NA,NA,NA,NA,NA,NA,0,0,0,NA,NA,NA
"194","ENST00000251413.8","ENSG00000131462.9","OTTHUMG00000180277.4","OTTHUMT00000450548.2","TUBG1-201","TUBG1",1608,"protein_coding",1527,89,0.955299317836761,"GGACT",0.662921348314607,NA,NA,NA,NA,NA,NA,NA,NA,NA,0,0,0,NA,NA,NA
"195","ENST00000251849.9","ENSG00000132155.14","OTTHUMG00000129789.8","OTTHUMT00000252015.2","RAF1-201","RAF1",3191,"protein_coding",2395,56,0.948245525360107,"GGACC",0.660714285714286,NA,NA,NA,NA,NA,NA,NA,NA,NA,0,0,0,NA,NA,NA
"196","ENST00000251849.9","ENSG00000132155.14","OTTHUMG00000129789.8","OTTHUMT00000252015.2","RAF1-201","RAF1",3191,"protein_coding",2767,65,0.910529375076294,"GGACT",0.615384615384615,NA,NA,NA,NA,NA,NA,NA,NA,NA,0,0,0,NA,NA,NA
"197","ENST00000252440.11","ENSG00000130159.15","OTTHUMG00000178590.6","OTTHUMT00000458843.1","ECSIT-201","ECSIT",1501,"protein_coding",1292,22,0.969671368598938,"GGACT",0.772727272727273,NA,NA,NA,NA,NA,NA,NA,NA,NA,0,0,0,NA,NA,NA
"198","ENST00000252457.9","ENSG00000130177.16","OTTHUMG00000017402.7","OTTHUMT00000045965.3","CDC16-201","CDC16",2034,"protein_coding",1883,41,0.907592833042145,"TGACT",0.585365853658537,NA,NA,NA,NA,NA,NA,NA,NA,NA,0,0,0,NA,NA,NA
"199","ENST00000252458.6","ENSG00000130177.16","OTTHUMG00000017402.7","OTTHUMT00000045960.3","CDC16-202","CDC16",1991,"protein_coding",1710,20,0.974432528018951,"TGACT",0.8,NA,NA,NA,NA,NA,NA,NA,NA,NA,0,0,0,NA,NA,NA
"200","ENST00000252599.9","ENSG00000130309.12","OTTHUMG00000182893.3","OTTHUMT00000464216.2","COLGALT1-201","COLGALT1",3647,"protein_coding",1927,26,0.900676310062408,"GAACT",0.5,NA,NA,NA,NA,NA,NA,NA,NA,NA,0,0,0,NA,NA,NA
"201","ENST00000252602.2","ENSG00000130312.7","OTTHUMG00000182764.1","OTTHUMT00000463516.1","MRPL34-201","MRPL34",764,"protein_coding",403,78,0.97647088766098,"GGACC",0.58974358974359,NA,NA,NA,NA,NA,NA,NA,NA,NA,0,0,0,NA,NA,NA
"202","ENST00000252602.2","ENSG00000130312.7","OTTHUMG00000182764.1","OTTHUMT00000463516.1","MRPL34-201","MRPL34",764,"protein_coding",675,77,0.913668513298035,"AGACA",0.766233766233766,NA,NA,NA,NA,NA,NA,NA,NA,NA,0,0,0,NA,NA,NA
"203","ENST00000252603.7","ENSG00000130313.7","OTTHUMG00000182879.3","OTTHUMT00000464154.2","PGLS-201","PGLS",1008,"protein_coding",615,120,0.907711923122406,"GAACT",0.583333333333333,NA,NA,NA,NA,NA,NA,NA,NA,NA,0,0,0,NA,NA,NA
"204","ENST00000252785.3","ENSG00000284194.3","OTTHUMG00000191637.2","OTTHUMT00000317091.1","SCO2-201","SCO2",992,"protein_coding",385,100,0.93518739938736,"GGACT",0.61,NA,NA,NA,NA,NA,NA,NA,NA,NA,0,0,0,NA,NA,NA
"205","ENST00000252785.3","ENSG00000284194.3","OTTHUMG00000191637.2","OTTHUMT00000317091.1","SCO2-201","SCO2",992,"protein_coding",736,112,0.98156726360321,"AGACT",0.732142857142857,NA,NA,NA,NA,NA,NA,NA,NA,NA,0,0,0,NA,NA,NA
"206","ENST00000252816.10","ENSG00000130520.11","OTTHUMG00000183357.11","OTTHUMT00000466322.5","LSM4-201","LSM4",986,"protein_coding",819,486,0.941624522209167,"GGACT",0.699588477366255,NA,NA,NA,NA,NA,NA,NA,NA,NA,0,0,0,NA,NA,NA
"207","ENST00000252818.5","ENSG00000130522.6","OTTHUMG00000183355.6","OTTHUMT00000466318.3","JUND-201","JUND",1929,"protein_coding",928,90,0.947203755378723,"GGACA",0.677777777777778,NA,NA,NA,NA,NA,NA,NA,NA,NA,0,0,0,NA,NA,NA
"208","ENST00000252818.5","ENSG00000130522.6","OTTHUMG00000183355.6","OTTHUMT00000466318.3","JUND-201","JUND",1929,"protein_coding",1257,141,0.948822379112244,"GGACT",0.709219858156028,NA,NA,NA,NA,NA,NA,NA,NA,NA,0,0,0,NA,NA,NA
"209","ENST00000252818.5","ENSG00000130522.6","OTTHUMG00000183355.6","OTTHUMT00000466318.3","JUND-201","JUND",1929,"protein_coding",1361,133,0.939598023891449,"GGACT",0.736842105263158,NA,NA,NA,NA,NA,NA,NA,NA,NA,0,0,0,NA,NA,NA
"210","ENST00000253039.9","ENSG00000130741.11","OTTHUMG00000021262.3","OTTHUMT00000056079.2","EIF2S3-201","EIF2S3",3457,"protein_coding",2147,54,0.948612630367279,"AGACT",0.611111111111111,13,2025,1419,1,13,14,1431,1432,3456,0,0,1,NA,NA,0.353086419753086
"211","ENST00000253496.4","ENSG00000131187.11","OTTHUMG00000163403.1","OTTHUMT00000373217.1","F12-201","F12",2036,"protein_coding",1895,55,0.951318562030792,"GGACT",0.563636363636364,NA,NA,NA,NA,NA,NA,NA,NA,NA,0,0,0,NA,NA,NA
"212","ENST00000253928.14","ENSG00000059122.17","OTTHUMG00000177364.3","OTTHUMT00000436479.1","FLYWCH1-201","FLYWCH1",5043,"protein_coding",3432,20,0.978604137897491,"GGACT",0.6,NA,NA,NA,NA,NA,NA,NA,NA,NA,0,0,0,NA,NA,NA
"213","ENST00000253968.11","ENSG00000131668.14","OTTHUMG00000020255.6","OTTHUMT00000053164.6","BARX1-201","BARX1",1511,"protein_coding",1108,115,0.993976175785065,"GGACA",0.843478260869565,NA,NA,NA,NA,NA,NA,NA,NA,NA,0,0,0,NA,NA,NA
"214","ENST00000253968.11","ENSG00000131668.14","OTTHUMG00000020255.6","OTTHUMT00000053164.6","BARX1-201","BARX1",1511,"protein_coding",1132,119,0.986112892627716,"GGACA",0.613445378151261,NA,NA,NA,NA,NA,NA,NA,NA,NA,0,0,0,NA,NA,NA
"215","ENST00000254108.12","ENSG00000089280.19","OTTHUMG00000132395.5","OTTHUMT00000255526.3","FUS-201","FUS",1824,"protein_coding",1029,29,0.981624662876129,"GGACA",0.689655172413793,NA,NA,NA,NA,NA,NA,NA,NA,NA,0,0,0,NA,NA,NA
"216","ENST00000254322.3","ENSG00000132002.9","OTTHUMG00000183289.4","OTTHUMT00000465987.2","DNAJB1-201","DNAJB1",2242,"protein_coding",1863,21,0.98583596944809,"GGACT",0.80952380952381,NA,NA,NA,NA,NA,NA,NA,NA,NA,0,0,0,NA,NA,NA
"217","ENST00000254322.3","ENSG00000132002.9","OTTHUMG00000183289.4","OTTHUMT00000465987.2","DNAJB1-201","DNAJB1",2242,"protein_coding",1870,23,0.973315715789795,"GGACT",0.782608695652174,NA,NA,NA,NA,NA,NA,NA,NA,NA,0,0,0,NA,NA,NA
"218","ENST00000254584.6","ENSG00000132254.13","OTTHUMG00000133406.6","OTTHUMT00000387044.1","ARFIP2-201","ARFIP2",2543,"protein_coding",1143,73,0.976235151290894,"AGACA",0.73972602739726,NA,NA,NA,NA,NA,NA,NA,NA,NA,0,0,0,NA,NA,NA
"219","ENST00000254584.6","ENSG00000132254.13","OTTHUMG00000133406.6","OTTHUMT00000387044.1","ARFIP2-201","ARFIP2",2543,"protein_coding",1180,73,0.958645164966583,"GGACA",0.616438356164384,NA,NA,NA,NA,NA,NA,NA,NA,NA,0,0,0,NA,NA,NA
"220","ENST00000254584.6","ENSG00000132254.13","OTTHUMG00000133406.6","OTTHUMT00000387044.1","ARFIP2-201","ARFIP2",2543,"protein_coding",1480,107,0.96516627073288,"GGACT",0.626168224299065,NA,NA,NA,NA,NA,NA,NA,NA,NA,0,0,0,NA,NA,NA
"221","ENST00000254630.12","ENSG00000132300.19","OTTHUMG00000153168.6","OTTHUMT00000329854.2","PTCD3-201","PTCD3",6681,"protein_coding",2142,55,0.939834594726562,"GAACT",0.618181818181818,NA,NA,NA,NA,NA,NA,NA,NA,NA,0,0,0,NA,NA,NA
"222","ENST00000254718.9","ENSG00000132382.15","OTTHUMG00000090747.3","OTTHUMT00000207488.2","MYBBP1A-201","MYBBP1A",4558,"protein_coding",4486,46,0.97261244058609,"AGACT",0.826086956521739,NA,NA,NA,NA,NA,NA,NA,NA,NA,0,0,0,NA,NA,NA
"223","ENST00000254719.10","ENSG00000132383.12","OTTHUMG00000090579.4","OTTHUMT00000207118.3","RPA1-201","RPA1",4847,"protein_coding",2056,111,0.970345973968506,"GGACT",0.765765765765766,89,2907,1851,1,89,90,1939,1940,4846,0,0,1,NA,NA,0.0399036807705538
"224","ENST00000254799.11","ENSG00000132463.15","OTTHUMG00000160846.6","OTTHUMT00000362642.2","GRSF1-201","GRSF1",6610,"protein_coding",1666,213,0.90489673614502,"GGACT",0.615023474178404,NA,NA,NA,NA,NA,NA,NA,NA,NA,0,0,0,NA,NA,NA
"225","ENST00000254928.10","ENSG00000132591.12","OTTHUMG00000132675.5","OTTHUMT00000255937.3","ERAL1-201","ERAL1",1841,"protein_coding",1384,92,0.912051618099213,"GAACT",0.510869565217391,NA,NA,NA,NA,NA,NA,NA,NA,NA,0,0,0,NA,NA,NA
"226","ENST00000254998.3","ENSG00000132661.4","OTTHUMG00000032059.3","OTTHUMT00000078313.3","NXT1-201","NXT1",1062,"protein_coding",493,130,0.995506703853607,"GGACA",0.692307692307692,NA,NA,NA,NA,NA,NA,NA,NA,NA,0,0,0,NA,NA,NA
"227","ENST00000254998.3","ENSG00000132661.4","OTTHUMG00000032059.3","OTTHUMT00000078313.3","NXT1-201","NXT1",1062,"protein_coding",654,114,0.923129916191101,"GGACT",0.535087719298246,NA,NA,NA,NA,NA,NA,NA,NA,NA,0,0,0,NA,NA,NA
"228","ENST00000254998.3","ENSG00000132661.4","OTTHUMG00000032059.3","OTTHUMT00000078313.3","NXT1-201","NXT1",1062,"protein_coding",741,164,0.953952729701996,"GGACT",0.676829268292683,NA,NA,NA,NA,NA,NA,NA,NA,NA,0,0,0,NA,NA,NA
"229","ENST00000254998.3","ENSG00000132661.4","OTTHUMG00000032059.3","OTTHUMT00000078313.3","NXT1-201","NXT1",1062,"protein_coding",1008,70,0.910057365894318,"AGACT",0.585714285714286,NA,NA,NA,NA,NA,NA,NA,NA,NA,0,0,0,NA,NA,NA
"230","ENST00000255006.12","ENSG00000132669.14","OTTHUMG00000031996.3","-","RIN2-201","RIN2",4440,"protein_coding",3792,53,0.90271133184433,"GGACT",0.584905660377358,NA,NA,NA,NA,NA,NA,NA,NA,NA,0,0,0,NA,NA,NA
"231","ENST00000255108.8","ENSG00000132768.14","OTTHUMG00000008295.3","OTTHUMT00000022832.2","DPH2-201","DPH2",2466,"protein_coding",1664,63,0.956713616847992,"GGACT",0.761904761904762,NA,NA,NA,NA,NA,NA,NA,NA,NA,0,0,0,NA,NA,NA
"232","ENST00000255174.3","ENSG00000132823.11","OTTHUMG00000032518.3","OTTHUMT00000079333.2","OSER1-201","OSER1",2109,"protein_coding",667,85,0.95526260137558,"TGACT",0.741176470588235,NA,NA,NA,NA,NA,NA,NA,NA,NA,0,0,0,NA,NA,NA
"233","ENST00000255390.10","ENSG00000133028.12","OTTHUMG00000130364.9","OTTHUMT00000252729.5","SCO1-201","SCO1",9577,"protein_coding",980,54,0.905981361865997,"AAACT",0.5,NA,NA,NA,NA,NA,NA,NA,NA,NA,0,0,0,NA,NA,NA
"234","ENST00000255390.10","ENSG00000133028.12","OTTHUMG00000130364.9","OTTHUMT00000252729.5","SCO1-201","SCO1",9577,"protein_coding",1114,57,0.922685503959656,"GAACT",0.649122807017544,NA,NA,NA,NA,NA,NA,NA,NA,NA,0,0,0,NA,NA,NA
"235","ENST00000255390.10","ENSG00000133028.12","OTTHUMG00000130364.9","OTTHUMT00000252729.5","SCO1-201","SCO1",9577,"protein_coding",1317,60,0.986486852169037,"GGACT",0.883333333333333,NA,NA,NA,NA,NA,NA,NA,NA,NA,0,0,0,NA,NA,NA
"236","ENST00000255641.13","ENSG00000133275.16","OTTHUMG00000180016.5","OTTHUMT00000449287.3","CSNK1G2-201","CSNK1G2",2895,"protein_coding",2691,79,0.952251493930817,"GGACT",0.746835443037975,NA,NA,NA,NA,NA,NA,NA,NA,NA,0,0,0,NA,NA,NA
"237","ENST00000257013.9","ENSG00000134590.14","OTTHUMG00000022465.4","OTTHUMT00000058391.3","RTL8C-201","RTL8C",1192,"protein_coding",691,50,0.923729419708252,"GGACA",0.4,NA,NA,NA,NA,NA,NA,NA,NA,NA,0,0,0,NA,NA,NA
"238","ENST00000257013.9","ENSG00000134590.14","OTTHUMG00000022465.4","OTTHUMT00000058391.3","RTL8C-201","RTL8C",1192,"protein_coding",838,125,0.984001696109772,"GGACT",0.848,NA,NA,NA,NA,NA,NA,NA,NA,NA,0,0,0,NA,NA,NA
"239","ENST00000257075.9","ENSG00000134644.16","OTTHUMG00000003795.5","OTTHUMT00000010671.1","PUM1-201","PUM1",5360,"protein_coding",5084,33,0.902735471725464,"GAACT",0.636363636363636,NA,NA,NA,NA,NA,NA,NA,NA,NA,0,0,0,NA,NA,NA
"240","ENST00000257497.11","ENSG00000135046.14","OTTHUMG00000020016.3","OTTHUMT00000052664.2","ANXA1-201","ANXA1",1401,"protein_coding",1397,315,0.912301301956177,"AGACA",0.266666666666667,NA,NA,NA,NA,NA,NA,NA,NA,NA,0,0,0,NA,NA,NA
"241","ENST00000257829.8","ENSG00000135372.10","OTTHUMG00000166249.4","OTTHUMT00000388693.2","NAT10-201","NAT10",3973,"protein_coding",3328,51,0.941222071647644,"GGACT",0.784313725490196,NA,NA,NA,NA,NA,NA,NA,NA,NA,0,0,0,NA,NA,NA
"242","ENST00000257904.11","ENSG00000135446.17","OTTHUMG00000170382.6","OTTHUMT00000408790.3","CDK4-201","CDK4",1865,"protein_coding",401,271,0.9363933801651,"GAACT",0.538745387453875,NA,NA,NA,NA,NA,NA,NA,NA,NA,0,0,0,NA,NA,NA
"243","ENST00000257966.13","ENSG00000135506.17","OTTHUMG00000170284.3","OTTHUMT00000408353.1","OS9-201","OS9",2809,"protein_coding",2209,50,0.970696926116943,"GGACT",0.82,NA,NA,NA,NA,NA,NA,NA,NA,NA,0,0,0,NA,NA,NA
"244","ENST00000257966.13","ENSG00000135506.17","OTTHUMG00000170284.3","OTTHUMT00000408353.1","OS9-201","OS9",2809,"protein_coding",2284,44,0.952040791511536,"GGACC",0.477272727272727,NA,NA,NA,NA,NA,NA,NA,NA,NA,0,0,0,NA,NA,NA
"245","ENST00000258711.7","ENSG00000136213.10","OTTHUMG00000023849.9","OTTHUMT00000060170.4","CHST12-201","CHST12",15979,"protein_coding",1270,55,0.971884489059448,"GGACT",0.709090909090909,NA,NA,NA,NA,NA,NA,NA,NA,NA,0,0,0,NA,NA,NA
"246","ENST00000258711.7","ENSG00000136213.10","OTTHUMG00000023849.9","OTTHUMT00000060170.4","CHST12-201","CHST12",15979,"protein_coding",1375,60,0.991951763629913,"AGACT",0.9,NA,NA,NA,NA,NA,NA,NA,NA,NA,0,0,0,NA,NA,NA
"247","ENST00000258955.7","ENSG00000136444.10","OTTHUMG00000162126.6","OTTHUMT00000367413.2","RSAD1-201","RSAD1",2467,"protein_coding",2042,21,0.903150022029877,"GGACT",0.761904761904762,NA,NA,NA,NA,NA,NA,NA,NA,NA,0,0,0,NA,NA,NA
"248","ENST00000258955.7","ENSG00000136444.10","OTTHUMG00000162126.6","OTTHUMT00000367413.2","RSAD1-201","RSAD1",2467,"protein_coding",2132,50,0.974278569221497,"GGACT",0.7,NA,NA,NA,NA,NA,NA,NA,NA,NA,0,0,0,NA,NA,NA
"249","ENST00000258955.7","ENSG00000136444.10","OTTHUMG00000162126.6","OTTHUMT00000367413.2","RSAD1-201","RSAD1",2467,"protein_coding",2184,51,0.954162240028381,"GGACT",0.725490196078431,NA,NA,NA,NA,NA,NA,NA,NA,NA,0,0,0,NA,NA,NA
"250","ENST00000258955.7","ENSG00000136444.10","OTTHUMG00000162126.6","OTTHUMT00000367413.2","RSAD1-201","RSAD1",2467,"protein_coding",2271,44,0.950499653816223,"AGACT",0.863636363636364,NA,NA,NA,NA,NA,NA,NA,NA,NA,0,0,0,NA,NA,NA
"251","ENST00000258960.7","ENSG00000136448.13","OTTHUMG00000180003.4","OTTHUMT00000504348.2","NMT1-201","NMT1",4881,"protein_coding",1619,57,0.91320389509201,"GAACT",0.526315789473684,NA,NA,NA,NA,NA,NA,NA,NA,NA,0,0,0,NA,NA,NA
"252","ENST00000258975.7","ENSG00000136463.9","OTTHUMG00000178904.2","OTTHUMT00000443862.2","TACO1-201","TACO1",1446,"protein_coding",1207,60,0.940503358840942,"GGACA",0.55,NA,NA,NA,NA,NA,NA,NA,NA,NA,0,0,0,NA,NA,NA
"253","ENST00000258975.7","ENSG00000136463.9","OTTHUMG00000178904.2","OTTHUMT00000443862.2","TACO1-201","TACO1",1446,"protein_coding",1212,54,0.907865941524506,"GGACT",0.759259259259259,NA,NA,NA,NA,NA,NA,NA,NA,NA,0,0,0,NA,NA,NA
"254","ENST00000259254.9","ENSG00000136732.16","OTTHUMG00000131464.4","OTTHUMT00000254297.2","GYPC-201","GYPC",1018,"protein_coding",694,74,0.915176153182983,"GGACC",0.540540540540541,NA,NA,NA,NA,NA,NA,NA,NA,NA,0,0,0,NA,NA,NA
"255","ENST00000259477.6","ENSG00000136950.13","OTTHUMG00000020660.2","OTTHUMT00000054040.1","ARPC5L-201","ARPC5L",1325,"protein_coding",539,125,0.924844324588776,"AGACT",0.568,86,777,462,1,86,87,547,548,1324,0,1,0,NA,0.980519480519481,NA
"256","ENST00000259477.6","ENSG00000136950.13","OTTHUMG00000020660.2","OTTHUMT00000054040.1","ARPC5L-201","ARPC5L",1325,"protein_coding",561,126,0.938559651374817,"AGACT",0.674603174603175,86,777,462,1,86,87,547,548,1324,0,0,1,NA,NA,0.0167310167310167
"257","ENST00000259512.9","ENSG00000136986.10","OTTHUMG00000165080.4","OTTHUMT00000381714.3","DERL1-201","DERL1",3213,"protein_coding",1471,45,0.91401731967926,"GAACT",0.666666666666667,NA,NA,NA,NA,NA,NA,NA,NA,NA,0,0,0,NA,NA,NA
"258","ENST00000259874.6","ENSG00000137331.12","OTTHUMG00000031265.3","OTTHUMT00000076578.3","IER3-201","IER3",1237,"protein_coding",505,114,0.937959611415863,"TGACT",0.578947368421053,29,737,471,1,29,30,499,500,1236,0,0,1,NA,NA,0.0067842605156038
"259","ENST00000259874.6","ENSG00000137331.12","OTTHUMG00000031265.3","OTTHUMT00000076578.3","IER3-201","IER3",1237,"protein_coding",591,56,0.973835229873657,"GGACT",0.625,29,737,471,1,29,30,499,500,1236,0,0,1,NA,NA,0.123473541383989
"260","ENST00000260045.8","ENSG00000137492.9","OTTHUMG00000165280.2","OTTHUMT00000383188.2","THAP12-201","THAP12",3490,"protein_coding",2062,58,0.946913838386536,"GAACT",0.482758620689655,NA,NA,NA,NA,NA,NA,NA,NA,NA,0,0,0,NA,NA,NA
"261","ENST00000260045.8","ENSG00000137492.9","OTTHUMG00000165280.2","OTTHUMT00000383188.2","THAP12-201","THAP12",3490,"protein_coding",2508,53,0.982313215732574,"GGACA",0.792452830188679,NA,NA,NA,NA,NA,NA,NA,NA,NA,0,0,0,NA,NA,NA
"262","ENST00000260045.8","ENSG00000137492.9","OTTHUMG00000165280.2","OTTHUMT00000383188.2","THAP12-201","THAP12",3490,"protein_coding",2681,122,0.977834463119507,"GGACT",0.729508196721312,NA,NA,NA,NA,NA,NA,NA,NA,NA,0,0,0,NA,NA,NA
"263","ENST00000260045.8","ENSG00000137492.9","OTTHUMG00000165280.2","OTTHUMT00000383188.2","THAP12-201","THAP12",3490,"protein_coding",3032,144,0.989404320716858,"GGACA",0.847222222222222,NA,NA,NA,NA,NA,NA,NA,NA,NA,0,0,0,NA,NA,NA
"264","ENST00000260045.8","ENSG00000137492.9","OTTHUMG00000165280.2","OTTHUMT00000383188.2","THAP12-201","THAP12",3490,"protein_coding",3110,196,0.932435810565948,"GAACT",0.556122448979592,NA,NA,NA,NA,NA,NA,NA,NA,NA,0,0,0,NA,NA,NA
"265","ENST00000260952.9","ENSG00000138381.10","OTTHUMG00000193522.2","OTTHUMT00000255919.4","ASNSD1-201","ASNSD1",2411,"protein_coding",1609,47,0.959355533123016,"GGACT",0.829787234042553,NA,NA,NA,NA,NA,NA,NA,NA,NA,0,0,0,NA,NA,NA
"266","ENST00000261220.13","ENSG00000111142.14","OTTHUMG00000170280.3","OTTHUMT00000408299.1","METAP2-201","METAP2",1836,"protein_coding",1497,174,0.932807803153992,"GGACC",0.517241379310345,NA,NA,NA,NA,NA,NA,NA,NA,NA,0,0,0,NA,NA,NA
"267","ENST00000261313.3","ENSG00000089220.5","OTTHUMG00000168860.2","OTTHUMT00000401405.2","PEBP1-201","PEBP1",1431,"protein_coding",671,154,0.905060112476349,"GAACT",0.512987012987013,NA,NA,NA,NA,NA,NA,NA,NA,NA,0,0,0,NA,NA,NA
"268","ENST00000261332.11","ENSG00000172466.16","OTTHUMG00000132565.6","OTTHUMT00000255769.2","ZNF24-201","ZNF24",6256,"protein_coding",6075,31,0.917163550853729,"GGACT",0.612903225806452,NA,NA,NA,NA,NA,NA,NA,NA,NA,0,0,0,NA,NA,NA
"269","ENST00000261413.10","ENSG00000113048.19","OTTHUMG00000100951.9","OTTHUMT00000218560.2","MRPS27-201","MRPS27",2770,"protein_coding",1298,23,0.923476278781891,"GAACT",0.434782608695652,19,1506,1245,1,19,20,1263,1264,2769,0,0,1,NA,NA,0.0225763612217795
"270","ENST00000261413.10","ENSG00000113048.19","OTTHUMG00000100951.9","OTTHUMT00000218560.2","MRPS27-201","MRPS27",2770,"protein_coding",1321,23,0.950184941291809,"GGACT",0.695652173913043,19,1506,1245,1,19,20,1263,1264,2769,0,0,1,NA,NA,0.0378486055776892
"271","ENST00000261413.10","ENSG00000113048.19","OTTHUMG00000100951.9","OTTHUMT00000218560.2","MRPS27-201","MRPS27",2770,"protein_coding",1502,20,0.926922202110291,"GGACT",0.6,19,1506,1245,1,19,20,1263,1264,2769,0,0,1,NA,NA,0.158034528552457
"272","ENST00000261439.9","ENSG00000065882.18","OTTHUMG00000150302.10","OTTHUMT00000317443.3","TBC1D1-201","TBC1D1",5703,"protein_coding",4009,79,0.946950972080231,"GAACT",0.518987341772152,NA,NA,NA,NA,NA,NA,NA,NA,NA,0,0,0,NA,NA,NA
"273","ENST00000261507.11","ENSG00000052802.13","OTTHUMG00000161126.7","OTTHUMT00000363880.2","MSMO1-201","MSMO1",2227,"protein_coding",950,94,0.917365372180939,"AGACT",0.659574468085106,NA,NA,NA,NA,NA,NA,NA,NA,NA,0,0,0,NA,NA,NA
"274","ENST00000261507.11","ENSG00000052802.13","OTTHUMG00000161126.7","OTTHUMT00000363880.2","MSMO1-201","MSMO1",2227,"protein_coding",1000,105,0.980595111846924,"AGACT",0.780952380952381,NA,NA,NA,NA,NA,NA,NA,NA,NA,0,0,0,NA,NA,NA
"275","ENST00000261622.5","ENSG00000103257.9","OTTHUMG00000137658.4","OTTHUMT00000269110.3","SLC7A5-201","SLC7A5",4556,"protein_coding",3422,21,0.991537690162659,"GGACT",0.857142857142857,NA,NA,NA,NA,NA,NA,NA,NA,NA,0,0,0,NA,NA,NA
"276","ENST00000261622.5","ENSG00000103257.9","OTTHUMG00000137658.4","OTTHUMT00000269110.3","SLC7A5-201","SLC7A5",4556,"protein_coding",3426,23,0.962258458137512,"TGACT",0.695652173913043,NA,NA,NA,NA,NA,NA,NA,NA,NA,0,0,0,NA,NA,NA
"277","ENST00000261622.5","ENSG00000103257.9","OTTHUMG00000137658.4","OTTHUMT00000269110.3","SLC7A5-201","SLC7A5",4556,"protein_coding",3482,22,0.982819199562073,"GGACA",0.454545454545454,NA,NA,NA,NA,NA,NA,NA,NA,NA,0,0,0,NA,NA,NA
"278","ENST00000261622.5","ENSG00000103257.9","OTTHUMG00000137658.4","OTTHUMT00000269110.3","SLC7A5-201","SLC7A5",4556,"protein_coding",4091,128,0.932348489761353,"GGACT",0.5546875,NA,NA,NA,NA,NA,NA,NA,NA,NA,0,0,0,NA,NA,NA
"279","ENST00000261708.9","ENSG00000108651.10","OTTHUMG00000132815.5","OTTHUMT00000256265.4","UTP6-201","UTP6",4330,"protein_coding",1169,25,0.922180831432343,"GAACT",0.68,NA,NA,NA,NA,NA,NA,NA,NA,NA,0,0,0,NA,NA,NA
"280","ENST00000261712.8","ENSG00000108671.11","OTTHUMG00000132811.7","OTTHUMT00000256252.4","PSMD11-201","PSMD11",3850,"protein_coding",2541,82,0.900483965873718,"GAACT",0.573170731707317,NA,NA,NA,NA,NA,NA,NA,NA,NA,0,0,0,NA,NA,NA
"281","ENST00000261735.4","ENSG00000089248.7","OTTHUMG00000169637.4","OTTHUMT00000405200.2","ERP29-201","ERP29",1623,"protein_coding",413,97,0.912870109081268,"GGACT",0.701030927835051,NA,NA,NA,NA,NA,NA,NA,NA,NA,0,0,0,NA,NA,NA
"282","ENST00000261758.6","ENSG00000117899.11","OTTHUMG00000172288.4","OTTHUMT00000417673.4","MESD-201","MESD",4200,"protein_coding",943,21,0.979292690753937,"GGACA",0.904761904761905,NA,NA,NA,NA,NA,NA,NA,NA,NA,0,0,0,NA,NA,NA
"283","ENST00000261758.6","ENSG00000117899.11","OTTHUMG00000172288.4","OTTHUMT00000417673.4","MESD-201","MESD",4200,"protein_coding",992,20,0.958995580673218,"TGACT",0.85,NA,NA,NA,NA,NA,NA,NA,NA,NA,0,0,0,NA,NA,NA
"284","ENST00000261772.13","ENSG00000090861.17","OTTHUMG00000177042.7","OTTHUMT00000435021.2","AARS1-201","AARS1",3437,"protein_coding",3096,81,0.980015516281128,"GGACC",0.827160493827161,NA,NA,NA,NA,NA,NA,NA,NA,NA,0,0,0,NA,NA,NA
"285","ENST00000261797.7","ENSG00000070614.15","OTTHUMG00000163572.6","OTTHUMT00000374314.3","NDST1-201","NDST1",8011,"protein_coding",7579,49,0.964796602725983,"GGACT",0.653061224489796,NA,NA,NA,NA,NA,NA,NA,NA,NA,0,0,0,NA,NA,NA
"286","ENST00000261813.9","ENSG00000113068.10","OTTHUMG00000129249.5","OTTHUMT00000251354.4","PFDN1-201","PFDN1",1336,"protein_coding",1073,236,0.9060879945755,"AGACT",0.538135593220339,NA,NA,NA,NA,NA,NA,NA,NA,NA,0,0,0,NA,NA,NA
"287","ENST00000261942.7","ENSG00000113194.13","OTTHUMG00000163228.3","OTTHUMT00000372194.2","FAF2-201","FAF2",4485,"protein_coding",3735,57,0.926944077014923,"GGACT",0.649122807017544,NA,NA,NA,NA,NA,NA,NA,NA,NA,0,0,0,NA,NA,NA
"288","ENST00000261942.7","ENSG00000113194.13","OTTHUMG00000163228.3","OTTHUMT00000372194.2","FAF2-201","FAF2",4485,"protein_coding",3955,63,0.972634673118591,"AGACA",0.80952380952381,NA,NA,NA,NA,NA,NA,NA,NA,NA,0,0,0,NA,NA,NA
"289","ENST00000261942.7","ENSG00000113194.13","OTTHUMG00000163228.3","OTTHUMT00000372194.2","FAF2-201","FAF2",4485,"protein_coding",4210,75,0.950122117996216,"TGACT",0.573333333333333,NA,NA,NA,NA,NA,NA,NA,NA,NA,0,0,0,NA,NA,NA
"290","ENST00000261942.7","ENSG00000113194.13","OTTHUMG00000163228.3","OTTHUMT00000372194.2","FAF2-201","FAF2",4485,"protein_coding",4306,77,0.938658595085144,"GGACT",0.649350649350649,NA,NA,NA,NA,NA,NA,NA,NA,NA,0,0,0,NA,NA,NA
"291","ENST00000262160.11","ENSG00000175387.16","OTTHUMG00000132652.5","OTTHUMT00000255903.3","SMAD2-201","SMAD2",34626,"protein_coding",1784,73,0.912715554237366,"AGACT",0.712328767123288,NA,NA,NA,NA,NA,NA,NA,NA,NA,0,0,0,NA,NA,NA
"292","ENST00000262160.11","ENSG00000175387.16","OTTHUMG00000132652.5","OTTHUMT00000255903.3","SMAD2-201","SMAD2",34626,"protein_coding",1833,73,0.953167140483856,"GGACT",0.794520547945205,NA,NA,NA,NA,NA,NA,NA,NA,NA,0,0,0,NA,NA,NA
"293","ENST00000262225.8","ENSG00000086598.11","OTTHUMG00000168694.4","OTTHUMT00000400606.3","TMED2-201","TMED2",2544,"protein_coding",786,68,0.919559597969055,"GAACT",0.573529411764706,NA,NA,NA,NA,NA,NA,NA,NA,NA,0,0,0,NA,NA,NA
"294","ENST00000262395.10","ENSG00000076604.16","OTTHUMG00000132677.8","OTTHUMT00000255944.4","TRAF4-201","TRAF4",2894,"protein_coding",1432,174,0.924517929553986,"GGACA",0.655172413793103,NA,NA,NA,NA,NA,NA,NA,NA,NA,0,0,0,NA,NA,NA
"295","ENST00000262395.10","ENSG00000076604.16","OTTHUMG00000132677.8","OTTHUMT00000255944.4","TRAF4-201","TRAF4",2894,"protein_coding",1490,173,0.951413631439209,"GAACT",0.595375722543353,NA,NA,NA,NA,NA,NA,NA,NA,NA,0,0,0,NA,NA,NA
"296","ENST00000262395.10","ENSG00000076604.16","OTTHUMG00000132677.8","OTTHUMT00000255944.4","TRAF4-201","TRAF4",2894,"protein_coding",1807,190,0.968851208686829,"GGACT",0.731578947368421,NA,NA,NA,NA,NA,NA,NA,NA,NA,0,0,0,NA,NA,NA
"297","ENST00000262432.13","ENSG00000165055.16","OTTHUMG00000143738.2","OTTHUMT00000289817.1","METTL2B-201","METTL2B",5841,"protein_coding",413,44,0.917567610740662,"GGACC",0.659090909090909,NA,NA,NA,NA,NA,NA,NA,NA,NA,0,0,0,NA,NA,NA
"298","ENST00000262432.13","ENSG00000165055.16","OTTHUMG00000143738.2","OTTHUMT00000289817.1","METTL2B-201","METTL2B",5841,"protein_coding",677,55,0.945330500602722,"GAACT",0.636363636363636,NA,NA,NA,NA,NA,NA,NA,NA,NA,0,0,0,NA,NA,NA
"299","ENST00000262507.11","ENSG00000088682.14","OTTHUMG00000176582.5","OTTHUMT00000432598.4","COQ9-201","COQ9",1630,"protein_coding",1100,122,0.988978266716003,"GGACT",0.860655737704918,NA,NA,NA,NA,NA,NA,NA,NA,NA,0,0,0,NA,NA,NA
"300","ENST00000262570.10","ENSG00000106554.13","OTTHUMG00000155231.3","OTTHUMT00000338899.2","CHCHD3-201","CHCHD3",1604,"protein_coding",1050,175,0.977087140083313,"GGACA",0.72,NA,NA,NA,NA,NA,NA,NA,NA,NA,0,0,0,NA,NA,NA
"301","ENST00000262643.8","ENSG00000105173.14","OTTHUMG00000177626.4","OTTHUMT00000438138.2","CCNE1-201","CCNE1",1954,"protein_coding",1443,22,0.921349227428436,"AGACA",0.363636363636364,NA,NA,NA,NA,NA,NA,NA,NA,NA,0,0,0,NA,NA,NA
"302","ENST00000262643.8","ENSG00000105173.14","OTTHUMG00000177626.4","OTTHUMT00000438138.2","CCNE1-201","CCNE1",1954,"protein_coding",1698,56,0.961267828941345,"GGACT",0.696428571428571,NA,NA,NA,NA,NA,NA,NA,NA,NA,0,0,0,NA,NA,NA
"303","ENST00000263083.12","ENSG00000108963.19","OTTHUMG00000177724.8","OTTHUMT00000438660.2","DPH1-201","DPH1",2646,"protein_coding",1697,77,0.922812879085541,"GGACA",0.506493506493506,NA,NA,NA,NA,NA,NA,NA,NA,NA,0,0,0,NA,NA,NA
"304","ENST00000263084.7","ENSG00000108963.19","OTTHUMG00000177724.8","OTTHUMT00000471422.3","DPH1-202","DPH1",1827,"nonsense_mediated_decay",1233,166,0.916443049907684,"GGACA",0.710843373493976,NA,NA,NA,NA,NA,NA,NA,NA,NA,0,0,0,NA,NA,NA
"305","ENST00000263102.7","ENSG00000108091.11","OTTHUMG00000018284.3","OTTHUMT00000048176.3","CCDC6-201","CCDC6",5727,"protein_coding",5394,117,0.933286607265472,"GGACT",0.803418803418803,NA,NA,NA,NA,NA,NA,NA,NA,NA,0,0,0,NA,NA,NA
"306","ENST00000263102.7","ENSG00000108091.11","OTTHUMG00000018284.3","OTTHUMT00000048176.3","CCDC6-201","CCDC6",5727,"protein_coding",5430,105,0.978839218616486,"GGACT",0.780952380952381,NA,NA,NA,NA,NA,NA,NA,NA,NA,0,0,0,NA,NA,NA
"307","ENST00000263228.4","ENSG00000107341.5","OTTHUMG00000019797.2","OTTHUMT00000052118.2","UBE2R2-201","UBE2R2",4477,"protein_coding",1484,22,0.941166937351227,"GGACC",0.636363636363636,NA,NA,NA,NA,NA,NA,NA,NA,NA,0,0,0,NA,NA,NA
"308","ENST00000263256.7","ENSG00000100418.8","OTTHUMG00000044632.5","OTTHUMT00000104124.4","DESI1-201","DESI1",3780,"protein_coding",715,44,0.954593241214752,"GGACT",0.636363636363636,NA,NA,NA,NA,NA,NA,NA,NA,NA,0,0,0,NA,NA,NA
"309","ENST00000263270.11","ENSG00000042753.12","OTTHUMG00000183437.2","OTTHUMT00000466643.1","AP2S1-201","AP2S1",789,"protein_coding",379,494,0.928145170211792,"GAACT",0.58502024291498,NA,NA,NA,NA,NA,NA,NA,NA,NA,0,0,0,NA,NA,NA
"310","ENST00000263354.8","ENSG00000105402.8","OTTHUMG00000183294.4","OTTHUMT00000466048.3","NAPA-201","NAPA",1662,"protein_coding",703,24,0.909521162509918,"GGACA",0.541666666666667,NA,NA,NA,NA,NA,NA,NA,NA,NA,0,0,0,NA,NA,NA
"311","ENST00000263354.8","ENSG00000105402.8","OTTHUMG00000183294.4","OTTHUMT00000466048.3","NAPA-201","NAPA",1662,"protein_coding",1188,43,0.977436482906342,"GGACA",0.697674418604651,NA,NA,NA,NA,NA,NA,NA,NA,NA,0,0,0,NA,NA,NA
"312","ENST00000263383.8","ENSG00000105135.16","OTTHUMG00000165630.4","OTTHUMT00000385439.2","ILVBL-201","ILVBL",2305,"protein_coding",2082,113,0.949003398418427,"GGACT",0.778761061946903,NA,NA,NA,NA,NA,NA,NA,NA,NA,0,0,0,NA,NA,NA
"313","ENST00000263398.11","ENSG00000026508.21","OTTHUMG00000044388.10","OTTHUMT00000388924.1","CD44-201","CD44",4288,"protein_coding",755,111,0.947485327720642,"AGACA",0.828828828828829,NA,NA,NA,NA,NA,NA,NA,NA,NA,0,0,0,NA,NA,NA
"314","ENST00000263398.11","ENSG00000026508.21","OTTHUMG00000044388.10","OTTHUMT00000388924.1","CD44-201","CD44",4288,"protein_coding",1282,232,0.950656712055206,"GGACA",0.668103448275862,NA,NA,NA,NA,NA,NA,NA,NA,NA,0,0,0,NA,NA,NA
"315","ENST00000263657.7","ENSG00000115946.8","OTTHUMG00000129563.3","OTTHUMT00000251756.2","PNO1-201","PNO1",2242,"protein_coding",839,94,0.943539083003998,"GGACT",0.606382978723404,NA,NA,NA,NA,NA,NA,NA,NA,NA,0,0,0,NA,NA,NA
"316","ENST00000263697.6","ENSG00000126698.11","OTTHUMG00000003538.4","OTTHUMT00000009860.3","DNAJC8-201","DNAJC8",1763,"protein_coding",852,297,0.91459858417511,"GGACT",0.521885521885522,NA,NA,NA,NA,NA,NA,NA,NA,NA,0,0,0,NA,NA,NA
"317","ENST00000263741.12","ENSG00000078808.20","OTTHUMG00000001812.7","OTTHUMT00000005070.2","SDF4-201","SDF4",2079,"protein_coding",1899,35,0.937752664089203,"AAACT",0.457142857142857,NA,NA,NA,NA,NA,NA,NA,NA,NA,0,0,0,NA,NA,NA
"318","ENST00000264414.9","ENSG00000036257.14","OTTHUMG00000133167.6","OTTHUMT00000256871.3","CUL3-201","CUL3",6756,"protein_coding",2691,58,0.971045017242432,"GGACT",0.827586206896552,NA,NA,NA,NA,NA,NA,NA,NA,NA,0,0,0,NA,NA,NA
"319","ENST00000264414.9","ENSG00000036257.14","OTTHUMG00000133167.6","OTTHUMT00000256871.3","CUL3-201","CUL3",6756,"protein_coding",2709,56,0.981034815311432,"GGACT",0.857142857142857,NA,NA,NA,NA,NA,NA,NA,NA,NA,0,0,0,NA,NA,NA
"320","ENST00000264607.9","ENSG00000065802.12","OTTHUMG00000152866.2","OTTHUMT00000328294.2","ASB1-201","ASB1",6891,"protein_coding",1278,62,0.957685649394989,"AGACT",0.67741935483871,NA,NA,NA,NA,NA,NA,NA,NA,NA,0,0,0,NA,NA,NA
"321","ENST00000264670.11","ENSG00000037474.15","OTTHUMG00000090455.3","OTTHUMT00000206902.2","NSUN2-201","NSUN2",3056,"protein_coding",2488,161,0.939307689666748,"TGACT",0.565217391304348,NA,NA,NA,NA,NA,NA,NA,NA,NA,0,0,0,NA,NA,NA
"322","ENST00000264670.11","ENSG00000037474.15","OTTHUMG00000090455.3","OTTHUMT00000206902.2","NSUN2-201","NSUN2",3056,"protein_coding",2531,160,0.91646409034729,"GGACT",0.5375,NA,NA,NA,NA,NA,NA,NA,NA,NA,0,0,0,NA,NA,NA
"323","ENST00000264720.8","ENSG00000115207.15","OTTHUMG00000097785.9","-","GTF3C2-201","GTF3C2",3607,"protein_coding",2876,25,0.935009777545929,"GGACA",0.68,NA,NA,NA,NA,NA,NA,NA,NA,NA,0,0,0,NA,NA,NA
"324","ENST00000264720.8","ENSG00000115207.15","OTTHUMG00000097785.9","-","GTF3C2-201","GTF3C2",3607,"protein_coding",2921,23,0.990923821926117,"GGACT",0.782608695652174,NA,NA,NA,NA,NA,NA,NA,NA,NA,0,0,0,NA,NA,NA
"325","ENST00000264720.8","ENSG00000115207.15","OTTHUMG00000097785.9","-","GTF3C2-201","GTF3C2",3607,"protein_coding",3021,48,0.905618965625763,"AGACT",0.458333333333333,NA,NA,NA,NA,NA,NA,NA,NA,NA,0,0,0,NA,NA,NA
"326","ENST00000264750.10","ENSG00000090316.16","OTTHUMG00000160169.8","OTTHUMT00000359513.1","MAEA-201","MAEA",2058,"protein_coding",1364,113,0.979894757270813,"AGACT",0.884955752212389,NA,NA,NA,NA,NA,NA,NA,NA,NA,0,0,0,NA,NA,NA
"327","ENST00000264750.10","ENSG00000090316.16","OTTHUMG00000160169.8","OTTHUMT00000359513.1","MAEA-201","MAEA",2058,"protein_coding",1536,131,0.971707284450531,"GGACT",0.702290076335878,NA,NA,NA,NA,NA,NA,NA,NA,NA,0,0,0,NA,NA,NA
"328","ENST00000264750.10","ENSG00000090316.16","OTTHUMG00000160169.8","OTTHUMT00000359513.1","MAEA-201","MAEA",2058,"protein_coding",1574,132,0.908126831054688,"GGACA",0.560606060606061,NA,NA,NA,NA,NA,NA,NA,NA,NA,0,0,0,NA,NA,NA
"329","ENST00000264750.10","ENSG00000090316.16","OTTHUMG00000160169.8","OTTHUMT00000359513.1","MAEA-201","MAEA",2058,"protein_coding",1679,141,0.966982364654541,"GGACT",0.822695035460993,NA,NA,NA,NA,NA,NA,NA,NA,NA,0,0,0,NA,NA,NA
"330","ENST00000264758.11","ENSG00000087274.19","OTTHUMG00000122080.23","-","ADD1-201","ADD1",4045,"protein_coding",3846,54,0.915582180023193,"GGACT",0.592592592592593,NA,NA,NA,NA,NA,NA,NA,NA,NA,0,0,0,NA,NA,NA
"331","ENST00000265056.12","ENSG00000073111.14","OTTHUMG00000159637.9","OTTHUMT00000356612.3","MCM2-201","MCM2",3434,"protein_coding",2842,43,0.950555026531219,"GGACA",0.558139534883721,NA,NA,NA,NA,NA,NA,NA,NA,NA,0,0,0,NA,NA,NA
"332","ENST00000265093.4","ENSG00000113732.9","OTTHUMG00000130518.4","OTTHUMT00000372563.1","ATP6V0E1-201","ATP6V0E1",773,"protein_coding",467,463,0.920065760612488,"GAACT",0.539956803455723,NA,NA,NA,NA,NA,NA,NA,NA,NA,0,0,0,NA,NA,NA
"333","ENST00000265195.9","ENSG00000120725.13","OTTHUMG00000129226.4","OTTHUMT00000373062.1","SIL1-201","SIL1",1895,"protein_coding",1546,73,0.925237059593201,"GGACT",0.561643835616438,NA,NA,NA,NA,NA,NA,NA,NA,NA,0,0,0,NA,NA,NA
"334","ENST00000265195.9","ENSG00000120725.13","OTTHUMG00000129226.4","OTTHUMT00000373062.1","SIL1-201","SIL1",1895,"protein_coding",1551,70,0.961036562919617,"GGACT",0.771428571428571,NA,NA,NA,NA,NA,NA,NA,NA,NA,0,0,0,NA,NA,NA
"335","ENST00000265245.10","ENSG00000041802.11","OTTHUMG00000156021.3","OTTHUMT00000342740.2","LSG1-201","LSG1",3283,"protein_coding",2432,49,0.951596617698669,"AGACT",0.530612244897959,NA,NA,NA,NA,NA,NA,NA,NA,NA,0,0,0,NA,NA,NA
"336","ENST00000265340.12","ENSG00000069011.16","OTTHUMG00000149983.7","OTTHUMT00000251195.4","PITX1-201","PITX1",2337,"protein_coding",1173,21,0.982655882835388,"GGACA",0.761904761904762,NA,NA,NA,NA,NA,NA,NA,NA,NA,0,0,0,NA,NA,NA
"337","ENST00000265340.12","ENSG00000069011.16","OTTHUMG00000149983.7","OTTHUMT00000251195.4","PITX1-201","PITX1",2337,"protein_coding",1722,54,0.991701185703278,"GGACT",0.888888888888889,NA,NA,NA,NA,NA,NA,NA,NA,NA,0,0,0,NA,NA,NA
"338","ENST00000265340.12","ENSG00000069011.16","OTTHUMG00000149983.7","OTTHUMT00000251195.4","PITX1-201","PITX1",2337,"protein_coding",1743,22,0.998259127140045,"GGACT",0.909090909090909,NA,NA,NA,NA,NA,NA,NA,NA,NA,0,0,0,NA,NA,NA
"339","ENST00000265354.6","ENSG00000112658.8","OTTHUMG00000014722.3","OTTHUMT00000040581.3","SRF-201","SRF",4231,"protein_coding",2047,43,0.936784446239471,"GGACT",0.627906976744186,NA,NA,NA,NA,NA,NA,NA,NA,NA,0,0,0,NA,NA,NA
"340","ENST00000265471.10","ENSG00000149541.10","OTTHUMG00000167685.3","OTTHUMT00000395588.2","B3GAT3-201","B3GAT3",1452,"protein_coding",1308,55,0.95876806974411,"GGACC",0.527272727272727,NA,NA,NA,NA,NA,NA,NA,NA,NA,0,0,0,NA,NA,NA
"341","ENST00000265663.12","ENSG00000165802.23","OTTHUMG00000020989.5","OTTHUMT00000055330.4","NSMF-201","NSMF",2981,"protein_coding",2758,60,0.936583757400513,"GGACT",0.633333333333333,NA,NA,NA,NA,NA,NA,NA,NA,NA,0,0,0,NA,NA,NA
"342","ENST00000265728.6","ENSG00000006634.8","OTTHUMG00000131034.7","OTTHUMT00000253678.2","DBF4-201","DBF4",3655,"protein_coding",2037,21,0.919127702713013,"GAACT",0.666666666666667,NA,NA,NA,NA,NA,NA,NA,NA,NA,0,0,0,NA,NA,NA
"343","ENST00000265806.12","ENSG00000104679.12","OTTHUMG00000163786.4","OTTHUMT00000375467.3","R3HCC1-201","R3HCC1",1573,"protein_coding",648,20,0.982829809188843,"GGACC",0.65,NA,NA,NA,NA,NA,NA,NA,NA,NA,0,0,0,NA,NA,NA
"344","ENST00000265857.8","ENSG00000239857.7","OTTHUMG00000112459.13","OTTHUMT00000231930.2","GET4-201","GET4",2090,"protein_coding",1774,57,0.950647950172424,"GGACT",0.771929824561403,NA,NA,NA,NA,NA,NA,NA,NA,NA,0,0,0,NA,NA,NA
"345","ENST00000265896.10","ENSG00000104549.12","OTTHUMG00000164990.3","OTTHUMT00000381362.2","SQLE-201","SQLE",2962,"protein_coding",954,24,0.950635612010956,"GGACT",0.708333333333333,NA,NA,NA,NA,NA,NA,NA,NA,NA,0,0,0,NA,NA,NA
"346","ENST00000265993.13","ENSG00000119977.22","OTTHUMG00000018814.7","OTTHUMT00000049546.4","TCTN3-201","TCTN3",2734,"protein_coding",2481,23,0.972226679325104,"GGACT",0.782608695652174,NA,NA,NA,NA,NA,NA,NA,NA,NA,0,0,0,NA,NA,NA
"347","ENST00000266014.11","ENSG00000016864.19","OTTHUMG00000158759.8","OTTHUMT00000352147.4","GLT8D1-201","GLT8D1",1856,"protein_coding",1509,47,0.965754508972168,"GAACT",0.680851063829787,NA,NA,NA,NA,NA,NA,NA,NA,NA,0,0,0,NA,NA,NA
"348","ENST00000266022.9","ENSG00000004534.15","OTTHUMG00000156736.13","OTTHUMT00000345528.6","RBM6-201","RBM6",3630,"protein_coding",3599,29,0.94782680273056,"GAACT",0.620689655172414,NA,NA,NA,NA,NA,NA,NA,NA,NA,0,0,0,NA,NA,NA
"349","ENST00000266025.4","ENSG00000126062.4","OTTHUMG00000044212.4","OTTHUMT00000102784.4","TMEM115-201","TMEM115",2107,"protein_coding",1413,21,0.99003392457962,"GGACA",0.714285714285714,NA,NA,NA,NA,NA,NA,NA,NA,NA,0,0,0,NA,NA,NA
"350","ENST00000266025.4","ENSG00000126062.4","OTTHUMG00000044212.4","OTTHUMT00000102784.4","TMEM115-201","TMEM115",2107,"protein_coding",1667,65,0.990994811058044,"GGACT",0.8,NA,NA,NA,NA,NA,NA,NA,NA,NA,0,0,0,NA,NA,NA
"351","ENST00000266025.4","ENSG00000126062.4","OTTHUMG00000044212.4","OTTHUMT00000102784.4","TMEM115-201","TMEM115",2107,"protein_coding",1801,101,0.959001064300537,"GGACA",0.752475247524752,NA,NA,NA,NA,NA,NA,NA,NA,NA,0,0,0,NA,NA,NA
"352","ENST00000266025.4","ENSG00000126062.4","OTTHUMG00000044212.4","OTTHUMT00000102784.4","TMEM115-201","TMEM115",2107,"protein_coding",1842,100,0.926871478557587,"AAACT",0.59,NA,NA,NA,NA,NA,NA,NA,NA,NA,0,0,0,NA,NA,NA
"353","ENST00000266025.4","ENSG00000126062.4","OTTHUMG00000044212.4","OTTHUMT00000102784.4","TMEM115-201","TMEM115",2107,"protein_coding",1954,102,0.972144544124603,"AGACT",0.833333333333333,NA,NA,NA,NA,NA,NA,NA,NA,NA,0,0,0,NA,NA,NA
"354","ENST00000266069.5","ENSG00000101193.8","OTTHUMG00000032949.4","OTTHUMT00000080097.4","GID8-201","GID8",4369,"protein_coding",901,63,0.902506113052368,"GAACT",0.650793650793651,NA,NA,NA,NA,NA,NA,NA,NA,NA,0,0,0,NA,NA,NA
"355","ENST00000266126.10","ENSG00000119718.11","OTTHUMG00000171764.4","OTTHUMT00000414993.3","EIF2B2-201","EIF2B2",4304,"protein_coding",1306,85,0.916309475898743,"GGACT",0.576470588235294,NA,NA,NA,NA,NA,NA,NA,NA,NA,0,0,0,NA,NA,NA
"356","ENST00000266263.10","ENSG00000242114.6","OTTHUMG00000151057.6","OTTHUMT00000321126.5","MTFP1-201","MTFP1",1133,"protein_coding",853,106,0.973346650600433,"GGACC",0.632075471698113,112,520,501,1,112,113,612,613,1132,0,0,1,NA,NA,0.461538461538462
"357","ENST00000266263.10","ENSG00000242114.6","OTTHUMG00000151057.6","OTTHUMT00000321126.5","MTFP1-201","MTFP1",1133,"protein_coding",916,108,0.977254509925842,"AGACT",0.685185185185185,112,520,501,1,112,113,612,613,1132,0,0,1,NA,NA,0.582692307692308
"358","ENST00000266581.4","ENSG00000139211.7","OTTHUMG00000169616.1","OTTHUMT00000405075.1","AMIGO2-201","AMIGO2",3763,"protein_coding",1381,23,0.984706223011017,"AGACT",0.826086956521739,NA,NA,NA,NA,NA,NA,NA,NA,NA,0,0,0,NA,NA,NA
"359","ENST00000266679.8","ENSG00000111605.18","OTTHUMG00000169340.4","OTTHUMT00000403613.1","CPSF6-201","CPSF6",2229,"protein_coding",1888,42,0.986593544483185,"GAACT",0.785714285714286,NA,NA,NA,NA,NA,NA,NA,NA,NA,0,0,0,NA,NA,NA
"360","ENST00000266970.9","ENSG00000123374.11","OTTHUMG00000170575.2","OTTHUMT00000409650.2","CDK2-201","CDK2",2240,"protein_coding",1157,22,0.971827864646912,"GGACT",0.863636363636364,NA,NA,NA,NA,NA,NA,NA,NA,NA,0,0,0,NA,NA,NA
"361","ENST00000267202.7","ENSG00000139722.7","OTTHUMG00000168767.5","OTTHUMT00000400946.4","VPS37B-201","VPS37B",2706,"protein_coding",2396,22,0.982001662254333,"GGACT",0.772727272727273,NA,NA,NA,NA,NA,NA,NA,NA,NA,0,0,0,NA,NA,NA
"362","ENST00000267812.4","ENSG00000140259.7","OTTHUMG00000060145.4","OTTHUMT00000133491.3","MFAP1-201","MFAP1",2043,"protein_coding",1548,21,0.995291113853455,"GGACT",0.904761904761905,NA,NA,NA,NA,NA,NA,NA,NA,NA,0,0,0,NA,NA,NA
"363","ENST00000267812.4","ENSG00000140259.7","OTTHUMG00000060145.4","OTTHUMT00000133491.3","MFAP1-201","MFAP1",2043,"protein_coding",1610,86,0.964762806892395,"GGACT",0.686046511627907,NA,NA,NA,NA,NA,NA,NA,NA,NA,0,0,0,NA,NA,NA
"364","ENST00000267868.8","ENSG00000051180.17","OTTHUMG00000130067.10","OTTHUMT00000252358.3","RAD51-201","RAD51",2436,"protein_coding",1269,114,0.968224465847015,"AGACT",0.666666666666667,NA,NA,NA,NA,NA,NA,NA,NA,NA,0,0,0,NA,NA,NA
"365","ENST00000268482.8","ENSG00000140829.12","OTTHUMG00000137596.7","OTTHUMT00000269004.4","DHX38-201","DHX38",4323,"protein_coding",4187,91,0.901161730289459,"GGACA",0.450549450549451,NA,NA,NA,NA,NA,NA,NA,NA,NA,0,0,0,NA,NA,NA
"366","ENST00000268758.13","ENSG00000087111.22","OTTHUMG00000132604.7","OTTHUMT00000445974.2","PIGS-201","PIGS",2397,"nonsense_mediated_decay",1849,22,0.922386348247528,"GGACT",0.545454545454545,NA,NA,NA,NA,NA,NA,NA,NA,NA,0,0,0,NA,NA,NA
"367","ENST00000268802.10","ENSG00000141101.13","OTTHUMG00000137576.4","OTTHUMT00000268958.3","NOB1-201","NOB1",1716,"protein_coding",1421,202,0.966090500354767,"GGACT",0.876237623762376,NA,NA,NA,NA,NA,NA,NA,NA,NA,0,0,0,NA,NA,NA
"368","ENST00000269143.8","ENSG00000141385.12","OTTHUMG00000131695.4","OTTHUMT00000254603.3","AFG3L2-201","AFG3L2",3160,"protein_coding",2477,85,0.927153348922729,"GGACT",0.588235294117647,NA,NA,NA,NA,NA,NA,NA,NA,NA,0,0,0,NA,NA,NA
"369","ENST00000269143.8","ENSG00000141385.12","OTTHUMG00000131695.4","OTTHUMT00000254603.3","AFG3L2-201","AFG3L2",3160,"protein_coding",2874,93,0.997307598590851,"GGACT",0.913978494623656,NA,NA,NA,NA,NA,NA,NA,NA,NA,0,0,0,NA,NA,NA
"370","ENST00000269321.12","ENSG00000141522.12","OTTHUMG00000178352.4","OTTHUMT00000441679.3","ARHGDIA-201","ARHGDIA",1837,"protein_coding",677,84,0.94448459148407,"GGACT",0.630952380952381,NA,NA,NA,NA,NA,NA,NA,NA,NA,0,0,0,NA,NA,NA
"371","ENST00000269445.10","ENSG00000141627.14","OTTHUMG00000132659.9","OTTHUMT00000255912.4","DYM-201","DYM",5049,"protein_coding",2162,22,0.926919102668762,"GAACT",0.545454545454545,NA,NA,NA,NA,NA,NA,NA,NA,NA,0,0,0,NA,NA,NA
"372","ENST00000269740.9","ENSG00000141873.11","OTTHUMG00000180440.4","OTTHUMT00000451354.2","SLC39A3-201","SLC39A3",1367,"protein_coding",819,114,0.971125781536102,"AGACA",0.56140350877193,NA,NA,NA,NA,NA,NA,NA,NA,NA,0,0,0,NA,NA,NA
"373","ENST00000270257.9","ENSG00000142252.11","OTTHUMG00000181768.2","OTTHUMT00000457533.2","GEMIN7-201","GEMIN7",1653,"protein_coding",573,47,0.912364363670349,"AGACT",0.553191489361702,NA,NA,NA,NA,NA,NA,NA,NA,NA,0,0,0,NA,NA,NA
"374","ENST00000270257.9","ENSG00000142252.11","OTTHUMG00000181768.2","OTTHUMT00000457533.2","GEMIN7-201","GEMIN7",1653,"protein_coding",782,81,0.982490122318268,"GGACT",0.938271604938272,NA,NA,NA,NA,NA,NA,NA,NA,NA,0,0,0,NA,NA,NA
"375","ENST00000270257.9","ENSG00000142252.11","OTTHUMG00000181768.2","OTTHUMT00000457533.2","GEMIN7-201","GEMIN7",1653,"protein_coding",871,81,0.954730927944183,"GAACT",0.62962962962963,NA,NA,NA,NA,NA,NA,NA,NA,NA,0,0,0,NA,NA,NA
"376","ENST00000270451.6","ENSG00000171425.10","OTTHUMG00000180869.5","OTTHUMT00000453431.3","ZNF581-201","ZNF581",1197,"protein_coding",771,42,0.905752658843994,"GGACT",0.642857142857143,NA,NA,NA,NA,NA,NA,NA,NA,NA,0,0,0,NA,NA,NA
"377","ENST00000270451.6","ENSG00000171425.10","OTTHUMG00000180869.5","OTTHUMT00000453431.3","ZNF581-201","ZNF581",1197,"protein_coding",1163,44,0.959928333759308,"AGACT",0.681818181818182,NA,NA,NA,NA,NA,NA,NA,NA,NA,0,0,0,NA,NA,NA
"378","ENST00000270517.12","ENSG00000130159.15","OTTHUMG00000178590.6","OTTHUMT00000442603.3","ECSIT-202","ECSIT",1647,"protein_coding",1438,114,0.979425847530365,"GGACT",0.868421052631579,NA,NA,NA,NA,NA,NA,NA,NA,NA,0,0,0,NA,NA,NA
"379","ENST00000271064.12","ENSG00000142910.16","OTTHUMG00000003884.2","OTTHUMT00000011072.2","TINAGL1-201","TINAGL1",2207,"protein_coding",1684,65,0.92034912109375,"AGACT",0.507692307692308,NA,NA,NA,NA,NA,NA,NA,NA,NA,0,0,0,NA,NA,NA
"380","ENST00000271628.9","ENSG00000143368.10","OTTHUMG00000012208.4","OTTHUMT00000033753.2","SF3B4-201","SF3B4",1544,"protein_coding",447,26,0.98969691991806,"GGACC",0.807692307692308,NA,NA,NA,NA,NA,NA,NA,NA,NA,0,0,0,NA,NA,NA
"381","ENST00000271715.7","ENSG00000143442.24","OTTHUMG00000012499.10","OTTHUMT00000034915.3","POGZ-201","POGZ",6655,"protein_coding",6335,21,0.939427137374878,"GGACT",0.714285714285714,NA,NA,NA,NA,NA,NA,NA,NA,NA,0,0,0,NA,NA,NA
"382","ENST00000271843.9","ENSG00000143543.15","OTTHUMG00000036590.4","OTTHUMT00000088996.2","JTB-201","JTB",1273,"protein_coding",926,731,0.951253056526184,"GGACT",0.78796169630643,NA,NA,NA,NA,NA,NA,NA,NA,NA,0,0,0,NA,NA,NA
"383","ENST00000272402.2","ENSG00000144021.3","OTTHUMG00000130452.3","OTTHUMT00000338869.1","CIAO1-201","CIAO1",3588,"retained_intron",1606,27,0.99417507648468,"GGACA",0.888888888888889,NA,NA,NA,NA,NA,NA,NA,NA,NA,0,0,0,NA,NA,NA
"384","ENST00000272402.2","ENSG00000144021.3","OTTHUMG00000130452.3","OTTHUMT00000338869.1","CIAO1-201","CIAO1",3588,"retained_intron",1641,31,0.903627097606659,"AGACT",0.709677419354839,NA,NA,NA,NA,NA,NA,NA,NA,NA,0,0,0,NA,NA,NA
"385","ENST00000272521.7","ENSG00000144120.13","OTTHUMG00000153312.3","OTTHUMT00000330673.2","TMEM177-201","TMEM177",1363,"protein_coding",1050,23,0.957944452762604,"GGACA",0.695652173913043,NA,NA,NA,NA,NA,NA,NA,NA,NA,0,0,0,NA,NA,NA
"386","ENST00000272521.7","ENSG00000144120.13","OTTHUMG00000153312.3","OTTHUMT00000330673.2","TMEM177-201","TMEM177",1363,"protein_coding",1192,23,0.910672247409821,"GAACT",0.565217391304348,NA,NA,NA,NA,NA,NA,NA,NA,NA,0,0,0,NA,NA,NA
"387","ENST00000272521.7","ENSG00000144120.13","OTTHUMG00000153312.3","OTTHUMT00000330673.2","TMEM177-201","TMEM177",1363,"protein_coding",1200,23,0.984608769416809,"GGACT",0.826086956521739,NA,NA,NA,NA,NA,NA,NA,NA,NA,0,0,0,NA,NA,NA
"388","ENST00000272645.9","ENSG00000144231.11","OTTHUMG00000131531.6","OTTHUMT00000254388.5","POLR2D-201","POLR2D",5038,"protein_coding",1400,43,0.958284556865692,"GAACT",0.604651162790698,NA,NA,NA,NA,NA,NA,NA,NA,NA,0,0,0,NA,NA,NA
"389","ENST00000272645.9","ENSG00000144231.11","OTTHUMG00000131531.6","OTTHUMT00000254388.5","POLR2D-201","POLR2D",5038,"protein_coding",1878,60,0.948563694953918,"GGACT",0.7,NA,NA,NA,NA,NA,NA,NA,NA,NA,0,0,0,NA,NA,NA
"390","ENST00000272930.9","ENSG00000184182.19","OTTHUMG00000133341.4","OTTHUMT00000257171.2","UBE2F-201","UBE2F",2137,"protein_coding",720,87,0.917365252971649,"GGACT",0.632183908045977,135,1444,558,1,135,136,692,693,2136,0,0,1,NA,NA,0.0186980609418283
"391","ENST00000273435.9","ENSG00000144895.12","OTTHUMG00000159775.4","OTTHUMT00000357262.1","EIF2A-201","EIF2A",2083,"protein_coding",971,71,0.954730629920959,"GGACA",0.690140845070423,NA,NA,NA,NA,NA,NA,NA,NA,NA,0,0,0,NA,NA,NA
"392","ENST00000273480.4","ENSG00000114125.14","OTTHUMG00000141305.4","OTTHUMT00000280602.2","RNF7-201","RNF7",2669,"protein_coding",520,247,0.91061133146286,"GGACT",0.522267206477733,NA,NA,NA,NA,NA,NA,NA,NA,NA,0,0,0,NA,NA,NA
"393","ENST00000274255.11","ENSG00000145604.17","OTTHUMG00000131106.9","OTTHUMT00000253769.3","SKP2-202","SKP2",3715,"protein_coding",3270,20,0.901294112205505,"GGACT",0.6,NA,NA,NA,NA,NA,NA,NA,NA,NA,0,0,0,NA,NA,NA
"394","ENST00000274289.8","ENSG00000145632.15","OTTHUMG00000097047.3","OTTHUMT00000214150.2","PLK2-201","PLK2",2786,"protein_coding",2188,72,0.919677495956421,"AGACT",0.777777777777778,NA,NA,NA,NA,NA,NA,NA,NA,NA,0,0,0,NA,NA,NA
"395","ENST00000274289.8","ENSG00000145632.15","OTTHUMG00000097047.3","OTTHUMT00000214150.2","PLK2-201","PLK2",2786,"protein_coding",2201,60,0.923717379570007,"GGACC",0.483333333333333,NA,NA,NA,NA,NA,NA,NA,NA,NA,0,0,0,NA,NA,NA
"396","ENST00000274289.8","ENSG00000145632.15","OTTHUMG00000097047.3","OTTHUMT00000214150.2","PLK2-201","PLK2",2786,"protein_coding",2211,69,0.934061169624329,"GGACT",0.623188405797101,NA,NA,NA,NA,NA,NA,NA,NA,NA,0,0,0,NA,NA,NA
"397","ENST00000274289.8","ENSG00000145632.15","OTTHUMG00000097047.3","OTTHUMT00000214150.2","PLK2-201","PLK2",2786,"protein_coding",2322,65,0.904508769512177,"GGACT",0.584615384615385,NA,NA,NA,NA,NA,NA,NA,NA,NA,0,0,0,NA,NA,NA
"398","ENST00000274289.8","ENSG00000145632.15","OTTHUMG00000097047.3","OTTHUMT00000214150.2","PLK2-201","PLK2",2786,"protein_coding",2369,21,0.959501624107361,"GGACA",0.666666666666667,NA,NA,NA,NA,NA,NA,NA,NA,NA,0,0,0,NA,NA,NA
"399","ENST00000274496.10","ENSG00000145817.17","OTTHUMG00000129679.6","OTTHUMT00000251882.2","YIPF5-201","YIPF5",3144,"protein_coding",963,21,0.934516429901123,"GAACT",0.476190476190476,NA,NA,NA,NA,NA,NA,NA,NA,NA,0,0,0,NA,NA,NA
"400","ENST00000274542.6","ENSG00000145860.13","OTTHUMG00000130306.5","OTTHUMT00000252651.1","RNF145-201","RNF145",3364,"protein_coding",2439,21,0.939428448677063,"GGACT",0.666666666666667,NA,NA,NA,NA,NA,NA,NA,NA,NA,0,0,0,NA,NA,NA
"401","ENST00000275015.9","ENSG00000146232.17","OTTHUMG00000014762.9","-","NFKBIE-201","NFKBIE",2581,"protein_coding",1636,56,0.929918348789215,"GGACT",0.678571428571429,NA,NA,NA,NA,NA,NA,NA,NA,NA,0,0,0,NA,NA,NA
"402","ENST00000275015.9","ENSG00000146232.17","OTTHUMG00000014762.9","-","NFKBIE-201","NFKBIE",2581,"protein_coding",1874,61,0.986831903457642,"GGACT",0.934426229508197,NA,NA,NA,NA,NA,NA,NA,NA,NA,0,0,0,NA,NA,NA
"403","ENST00000275015.9","ENSG00000146232.17","OTTHUMG00000014762.9","-","NFKBIE-201","NFKBIE",2581,"protein_coding",1894,63,0.973828315734863,"AGACT",0.714285714285714,NA,NA,NA,NA,NA,NA,NA,NA,NA,0,0,0,NA,NA,NA
"404","ENST00000275015.9","ENSG00000146232.17","OTTHUMG00000014762.9","-","NFKBIE-201","NFKBIE",2581,"protein_coding",1974,70,0.906286120414734,"AGACT",0.7,NA,NA,NA,NA,NA,NA,NA,NA,NA,0,0,0,NA,NA,NA
"405","ENST00000275080.11","ENSG00000135535.17","OTTHUMG00000015339.4","OTTHUMT00000041743.1","CD164-201","CD164",2954,"protein_coding",644,87,0.929994583129883,"GGACT",0.655172413793103,NA,NA,NA,NA,NA,NA,NA,NA,NA,0,0,0,NA,NA,NA
"406","ENST00000275364.8","ENSG00000146535.14","OTTHUMG00000023064.6","OTTHUMT00000241608.2","GNA12-201","GNA12",4369,"protein_coding",2483,46,0.991195142269135,"TGACT",0.695652173913043,NA,NA,NA,NA,NA,NA,NA,NA,NA,0,0,0,NA,NA,NA
"407","ENST00000275364.8","ENSG00000146535.14","OTTHUMG00000023064.6","OTTHUMT00000241608.2","GNA12-201","GNA12",4369,"protein_coding",3612,49,0.945800006389618,"GGACT",0.653061224489796,NA,NA,NA,NA,NA,NA,NA,NA,NA,0,0,0,NA,NA,NA
"408","ENST00000276704.6","ENSG00000189376.12","OTTHUMG00000172562.3","OTTHUMT00000381748.3","C8orf76-201","C8orf76",1310,"protein_coding",662,99,0.990636706352234,"AGACT",0.909090909090909,NA,NA,NA,NA,NA,NA,NA,NA,NA,0,0,0,NA,NA,NA
"409","ENST00000277540.7","ENSG00000148399.13","OTTHUMG00000020991.2","OTTHUMT00000055350.2","DPH7-201","DPH7",2302,"protein_coding",1403,21,0.9327512383461,"TGACT",0.80952380952381,NA,NA,NA,NA,NA,NA,NA,NA,NA,0,0,0,NA,NA,NA
"410","ENST00000277540.7","ENSG00000148399.13","OTTHUMG00000020991.2","OTTHUMT00000055350.2","DPH7-201","DPH7",2302,"protein_coding",1697,45,0.983180642127991,"GGACT",0.888888888888889,NA,NA,NA,NA,NA,NA,NA,NA,NA,0,0,0,NA,NA,NA
"411","ENST00000278100.11","ENSG00000107949.17","OTTHUMG00000019237.3","OTTHUMT00000050941.2","BCCIP-201","BCCIP",1234,"protein_coding",971,177,0.984249174594879,"GGACA",0.711864406779661,NA,NA,NA,NA,NA,NA,NA,NA,NA,0,0,0,NA,NA,NA
"412","ENST00000278174.10","ENSG00000148925.11","OTTHUMG00000165787.6","OTTHUMT00000386200.1","BTBD10-201","BTBD10",2439,"protein_coding",1947,22,0.919421970844269,"GGACT",0.772727272727273,NA,NA,NA,NA,NA,NA,NA,NA,NA,0,0,0,NA,NA,NA
"413","ENST00000278175.10","ENSG00000148926.10","OTTHUMG00000165907.2","OTTHUMT00000387004.2","ADM-201","ADM",1492,"protein_coding",661,61,0.993774235248566,"GGACT",0.852459016393443,NA,NA,NA,NA,NA,NA,NA,NA,NA,0,0,0,NA,NA,NA
"414","ENST00000278175.10","ENSG00000148926.10","OTTHUMG00000165907.2","OTTHUMT00000387004.2","ADM-201","ADM",1492,"protein_coding",1006,115,0.915251493453979,"AAACT",0.556521739130435,NA,NA,NA,NA,NA,NA,NA,NA,NA,0,0,0,NA,NA,NA
"415","ENST00000278671.10","ENSG00000149357.10","OTTHUMG00000167869.2","OTTHUMT00000396733.2","LAMTOR1-201","LAMTOR1",1089,"protein_coding",743,323,0.900751352310181,"GGACT",0.560371517027864,NA,NA,NA,NA,NA,NA,NA,NA,NA,0,0,0,NA,NA,NA
"416","ENST00000278826.11","ENSG00000149483.13","OTTHUMG00000168145.4","OTTHUMT00000398399.3","TMEM138-201","TMEM138",1475,"protein_coding",272,22,0.91413801908493,"GAACT",0.545454545454545,NA,NA,NA,NA,NA,NA,NA,NA,NA,0,0,0,NA,NA,NA
"417","ENST00000278845.8","ENSG00000149499.12","OTTHUMG00000149817.9","OTTHUMT00000313434.1","EML3-201","EML3",3017,"protein_coding",2861,23,0.984368801116943,"GGACT",0.826086956521739,NA,NA,NA,NA,NA,NA,NA,NA,NA,0,0,0,NA,NA,NA
"418","ENST00000279206.8","ENSG00000149761.9","OTTHUMG00000167791.8","OTTHUMT00000396304.3","NUDT22-201","NUDT22",1110,"protein_coding",527,149,0.944565057754517,"GGACC",0.409395973154362,NA,NA,NA,NA,NA,NA,NA,NA,NA,0,0,0,NA,NA,NA
"419","ENST00000279247.11","ENSG00000014216.16","OTTHUMG00000165614.2","OTTHUMT00000385314.1","CAPN1-201","CAPN1",2952,"protein_coding",2831,55,0.903867781162262,"GGACT",0.527272727272727,NA,NA,NA,NA,NA,NA,NA,NA,NA,0,0,0,NA,NA,NA
"420","ENST00000279263.14","ENSG00000149809.17","OTTHUMG00000165603.4","OTTHUMT00000385234.3","TM7SF2-201","TM7SF2",1578,"protein_coding",1483,20,0.993136763572693,"GGACT",0.85,NA,NA,NA,NA,NA,NA,NA,NA,NA,0,0,0,NA,NA,NA
"421","ENST00000282058.11","ENSG00000152240.13","OTTHUMG00000132638.6","OTTHUMT00000255885.2","HAUS1-201","HAUS1",1072,"protein_coding",830,93,0.920223891735077,"GAACT",0.655913978494624,NA,NA,NA,NA,NA,NA,NA,NA,NA,0,0,0,NA,NA,NA
"422","ENST00000282999.7","ENSG00000153037.15","OTTHUMG00000186064.6","OTTHUMT00000370786.2","SRP19-201","SRP19",937,"protein_coding",646,306,0.936998307704926,"GAACT",0.624183006535948,NA,NA,NA,NA,NA,NA,NA,NA,NA,0,0,0,NA,NA,NA
"423","ENST00000282999.7","ENSG00000153037.15","OTTHUMG00000186064.6","OTTHUMT00000370786.2","SRP19-201","SRP19",937,"protein_coding",794,227,0.920983195304871,"GGACA",0.563876651982379,NA,NA,NA,NA,NA,NA,NA,NA,NA,0,0,0,NA,NA,NA
"424","ENST00000282999.7","ENSG00000153037.15","OTTHUMG00000186064.6","OTTHUMT00000370786.2","SRP19-201","SRP19",937,"protein_coding",801,269,0.943843245506287,"GGACT",0.728624535315985,NA,NA,NA,NA,NA,NA,NA,NA,NA,0,0,0,NA,NA,NA
"425","ENST00000283179.14","ENSG00000153187.21","OTTHUMG00000040396.17","OTTHUMT00000492371.1","HNRNPU-201","HNRNPU",3120,"protein_coding",2439,174,0.967566430568695,"GAACT",0.683908045977011,NA,NA,NA,NA,NA,NA,NA,NA,NA,0,0,0,NA,NA,NA
"426","ENST00000283943.9","ENSG00000153827.15","OTTHUMG00000153623.6","OTTHUMT00000331861.3","TRIP12-201","TRIP12",9874,"protein_coding",6296,122,0.912739634513855,"AGACA",0.491803278688525,NA,NA,NA,NA,NA,NA,NA,NA,NA,0,0,0,NA,NA,NA
"427","ENST00000284000.9","ENSG00000153879.9","OTTHUMG00000180469.5","OTTHUMT00000451427.3","CEBPG-201","CEBPG",3730,"protein_coding",729,186,0.998078227043152,"GGACA",0.774193548387097,NA,NA,NA,NA,NA,NA,NA,NA,NA,0,0,0,NA,NA,NA
"428","ENST00000284000.9","ENSG00000153879.9","OTTHUMG00000180469.5","OTTHUMT00000451427.3","CEBPG-201","CEBPG",3730,"protein_coding",835,198,0.943080186843872,"TGACT",0.560606060606061,NA,NA,NA,NA,NA,NA,NA,NA,NA,0,0,0,NA,NA,NA
"429","ENST00000284957.9","ENSG00000154710.18","OTTHUMG00000129547.8","OTTHUMT00000251737.3","RABGEF1-201","RABGEF1",3733,"protein_coding",1400,25,0.912962198257446,"GGACA",0.64,NA,NA,NA,NA,NA,NA,NA,NA,NA,0,0,0,NA,NA,NA
"430","ENST00000285735.6","ENSG00000155366.17","OTTHUMG00000011905.6","OTTHUMT00000032904.2","RHOC-201","RHOC",2199,"protein_coding",1917,327,0.906457126140594,"GGACT",0.55045871559633,NA,NA,NA,NA,NA,NA,NA,NA,NA,0,0,0,NA,NA,NA
"431","ENST00000285814.9","ENSG00000155438.12","OTTHUMG00000131442.5","OTTHUMT00000254239.3","NIFK-201","NIFK",1686,"protein_coding",959,46,0.905969381332397,"GGACT",0.804347826086957,NA,NA,NA,NA,NA,NA,NA,NA,NA,0,0,0,NA,NA,NA
"432","ENST00000285908.5","ENSG00000145919.11","OTTHUMG00000130540.5","OTTHUMT00000351715.1","BOD1-201","BOD1",1286,"protein_coding",837,96,0.902750253677368,"GGACT",0.760416666666667,NA,NA,NA,NA,NA,NA,NA,NA,NA,0,0,0,NA,NA,NA
"433","ENST00000286091.9","ENSG00000155660.11","OTTHUMG00000150248.4","OTTHUMT00000502795.1","PDIA4-201","PDIA4",2921,"protein_coding",2371,211,0.97461074590683,"TGACT",0.663507109004739,NA,NA,NA,NA,NA,NA,NA,NA,NA,0,0,0,NA,NA,NA
"434","ENST00000286317.6","ENSG00000155868.8","OTTHUMG00000130243.5","OTTHUMT00000252567.3","MED7-201","MED7",2071,"protein_coding",334,22,0.975561320781708,"GGACC",0.954545454545455,NA,NA,NA,NA,NA,NA,NA,NA,NA,0,0,0,NA,NA,NA
"435","ENST00000286317.6","ENSG00000155868.8","OTTHUMG00000130243.5","OTTHUMT00000252567.3","MED7-201","MED7",2071,"protein_coding",618,24,0.902921676635742,"AAACT",0.541666666666667,NA,NA,NA,NA,NA,NA,NA,NA,NA,0,0,0,NA,NA,NA
"436","ENST00000286317.6","ENSG00000155868.8","OTTHUMG00000130243.5","OTTHUMT00000252567.3","MED7-201","MED7",2071,"protein_coding",659,22,0.974545776844025,"GGACA",0.863636363636364,NA,NA,NA,NA,NA,NA,NA,NA,NA,0,0,0,NA,NA,NA
"437","ENST00000286777.6","ENSG00000156253.7","OTTHUMG00000078805.3","OTTHUMT00000171859.2","RWDD2B-201","RWDD2B",1625,"protein_coding_CDS_not_defined",1369,21,0.911980807781219,"GGACA",0.476190476190476,NA,NA,NA,NA,NA,NA,NA,NA,NA,0,0,0,NA,NA,NA
"438","ENST00000287078.7","ENSG00000156521.14","OTTHUMG00000018397.2","OTTHUMT00000048483.2","TYSND1-201","TYSND1",3758,"protein_coding",1948,23,0.943649291992188,"TGACT",0.782608695652174,NA,NA,NA,NA,NA,NA,NA,NA,NA,0,0,0,NA,NA,NA
"439","ENST00000287078.7","ENSG00000156521.14","OTTHUMG00000018397.2","OTTHUMT00000048483.2","TYSND1-201","TYSND1",3758,"protein_coding",2265,60,0.970644652843475,"GGACT",0.833333333333333,NA,NA,NA,NA,NA,NA,NA,NA,NA,0,0,0,NA,NA,NA
"440","ENST00000287078.7","ENSG00000156521.14","OTTHUMG00000018397.2","OTTHUMT00000048483.2","TYSND1-201","TYSND1",3758,"protein_coding",2323,57,0.961088001728058,"GGACA",0.614035087719298,NA,NA,NA,NA,NA,NA,NA,NA,NA,0,0,0,NA,NA,NA
"441","ENST00000287507.7","ENSG00000103507.14","OTTHUMG00000047356.7","OTTHUMT00000108513.1","BCKDK-202","BCKDK",1907,"protein_coding",1735,47,0.959301829338074,"GGACT",0.787234042553192,NA,NA,NA,NA,NA,NA,NA,NA,NA,0,0,0,NA,NA,NA
"442","ENST00000287844.7","ENSG00000033050.9","OTTHUMG00000192398.2","OTTHUMT00000336086.2","ABCF2-201","ABCF2",4527,"protein_coding",2034,103,0.959609746932983,"GGACC",0.601941747572815,NA,NA,NA,NA,NA,NA,NA,NA,NA,0,0,0,NA,NA,NA
"443","ENST00000287844.7","ENSG00000033050.9","OTTHUMG00000192398.2","OTTHUMT00000336086.2","ABCF2-201","ABCF2",4527,"protein_coding",2132,47,0.969161748886108,"GGACA",0.659574468085106,NA,NA,NA,NA,NA,NA,NA,NA,NA,0,0,0,NA,NA,NA
"444","ENST00000287844.7","ENSG00000033050.9","OTTHUMG00000192398.2","OTTHUMT00000336086.2","ABCF2-201","ABCF2",4527,"protein_coding",2185,118,0.969742655754089,"GGACT",0.745762711864407,NA,NA,NA,NA,NA,NA,NA,NA,NA,0,0,0,NA,NA,NA
"445","ENST00000288022.2","ENSG00000258429.2","OTTHUMG00000171336.2","OTTHUMT00000413022.2","PDF-201","PDF",2859,"protein_coding",703,62,0.979352951049805,"GGACA",0.82258064516129,NA,NA,NA,NA,NA,NA,NA,NA,NA,0,0,0,NA,NA,NA
"446","ENST00000288022.2","ENSG00000258429.2","OTTHUMG00000171336.2","OTTHUMT00000413022.2","PDF-201","PDF",2859,"protein_coding",933,80,0.950163304805756,"GGACA",0.7125,NA,NA,NA,NA,NA,NA,NA,NA,NA,0,0,0,NA,NA,NA
"447","ENST00000288022.2","ENSG00000258429.2","OTTHUMG00000171336.2","OTTHUMT00000413022.2","PDF-201","PDF",2859,"protein_coding",1056,108,0.950236320495605,"GGACC",0.5,NA,NA,NA,NA,NA,NA,NA,NA,NA,0,0,0,NA,NA,NA
"448","ENST00000288071.11","ENSG00000157349.17","OTTHUMG00000137577.6","OTTHUMT00000268965.3","DDX19B-201","DDX19B",3275,"protein_coding",1696,44,0.918752074241638,"GGACT",0.704545454545455,NA,NA,NA,NA,NA,NA,NA,NA,NA,0,0,0,NA,NA,NA
"449","ENST00000288607.3","ENSG00000157778.9","OTTHUMG00000119043.3","OTTHUMT00000239254.3","PSMG3-202","PSMG3",1428,"protein_coding",1125,379,0.947884500026703,"GGACT",0.633245382585752,693,366,369,1,693,694,1061,1062,1427,0,0,1,NA,NA,0.172131147540984
"450","ENST00000288607.3","ENSG00000157778.9","OTTHUMG00000119043.3","OTTHUMT00000239254.3","PSMG3-202","PSMG3",1428,"protein_coding",1195,403,0.949658453464508,"AGACT",0.712158808933002,693,366,369,1,693,694,1061,1062,1427,0,0,1,NA,NA,0.363387978142077
"451","ENST00000289371.11","ENSG00000158417.12","OTTHUMG00000153242.3","OTTHUMT00000330364.3","EIF5B-201","EIF5B",5741,"protein_coding",3932,28,0.973802506923676,"GGACT",0.928571428571429,NA,NA,NA,NA,NA,NA,NA,NA,NA,0,0,0,NA,NA,NA
"452","ENST00000289528.10","ENSG00000158552.13","OTTHUMG00000133135.17","OTTHUMT00000256824.3","ZFAND2B-201","ZFAND2B",1322,"protein_coding",758,28,0.935171484947205,"GGACA",0.571428571428571,NA,NA,NA,NA,NA,NA,NA,NA,NA,0,0,0,NA,NA,NA
"453","ENST00000290208.11","ENSG00000159111.13","OTTHUMG00000156302.2","OTTHUMT00000343766.1","MRPL10-201","MRPL10",2013,"protein_coding",1261,79,0.94239205121994,"GGACT",0.506329113924051,NA,NA,NA,NA,NA,NA,NA,NA,NA,0,0,0,NA,NA,NA
"454","ENST00000290219.11","ENSG00000159128.16","OTTHUMG00000065188.5","OTTHUMT00000139916.1","IFNGR2-201","IFNGR2",1699,"protein_coding",1218,73,0.924290180206299,"GGACT",0.616438356164384,NA,NA,NA,NA,NA,NA,NA,NA,NA,0,0,0,NA,NA,NA
"455","ENST00000290231.11","ENSG00000124160.12","OTTHUMG00000032639.5","OTTHUMT00000079559.2","NCOA5-201","NCOA5",3224,"protein_coding",2587,27,0.948673486709595,"GGACT",0.814814814814815,NA,NA,NA,NA,NA,NA,NA,NA,NA,0,0,0,NA,NA,NA
"456","ENST00000290349.11","ENSG00000159228.13","OTTHUMG00000086618.3","OTTHUMT00000194633.3","CBR1-201","CBR1",1208,"protein_coding",889,298,0.965723395347595,"GGACA",0.751677852348993,NA,NA,NA,NA,NA,NA,NA,NA,NA,0,0,0,NA,NA,NA
"457","ENST00000290429.11","ENSG00000100294.13","OTTHUMG00000150704.3","OTTHUMT00000319677.3","MCAT-201","MCAT",2057,"protein_coding",1194,21,0.93159431219101,"GGACC",0.523809523809524,NA,NA,NA,NA,NA,NA,NA,NA,NA,0,0,0,NA,NA,NA
"458","ENST00000290429.11","ENSG00000100294.13","OTTHUMG00000150704.3","OTTHUMT00000319677.3","MCAT-201","MCAT",2057,"protein_coding",1200,50,0.900207877159119,"GGACC",0.48,NA,NA,NA,NA,NA,NA,NA,NA,NA,0,0,0,NA,NA,NA
"459","ENST00000290649.10","ENSG00000159461.15","OTTHUMG00000133239.6","OTTHUMT00000256978.3","AMFR-201","AMFR",3607,"protein_coding",2404,79,0.919946908950806,"GGACT",0.658227848101266,NA,NA,NA,NA,NA,NA,NA,NA,NA,0,0,0,NA,NA,NA
"460","ENST00000290921.10","ENSG00000159692.18","OTTHUMG00000089259.9","OTTHUMT00000202938.1","CTBP1-201","CTBP1",2297,"protein_coding",1610,98,0.921409904956818,"AGACT",0.551020408163265,NA,NA,NA,NA,NA,NA,NA,NA,NA,0,0,0,NA,NA,NA
"461","ENST00000290949.8","ENSG00000159720.13","OTTHUMG00000137515.7","OTTHUMT00000268835.2","ATP6V0D1-201","ATP6V0D1",1636,"protein_coding",1296,126,0.915392577648163,"AGACT",0.587301587301587,NA,NA,NA,NA,NA,NA,NA,NA,NA,0,0,0,NA,NA,NA
"462","ENST00000291295.14","ENSG00000160014.17","OTTHUMG00000133517.5","OTTHUMT00000257483.3","CALM3-201","CALM3",2184,"protein_coding",1096,58,0.940021753311157,"GGACT",0.53448275862069,NA,NA,NA,NA,NA,NA,NA,NA,NA,0,0,0,NA,NA,NA
"463","ENST00000291386.4","ENSG00000160075.12","OTTHUMG00000000576.6","OTTHUMT00000001366.2","SSU72-201","SSU72",1284,"protein_coding",1215,278,0.978393912315369,"GGACT",0.737410071942446,NA,NA,NA,NA,NA,NA,NA,NA,NA,0,0,0,NA,NA,NA
"464","ENST00000291442.4","ENSG00000160113.6","OTTHUMG00000182728.2","OTTHUMT00000463325.1","NR2F6-201","NR2F6",2383,"protein_coding",2008,229,0.949158132076263,"GGACT",0.563318777292576,NA,NA,NA,NA,NA,NA,NA,NA,NA,0,0,0,NA,NA,NA
"465","ENST00000291442.4","ENSG00000160113.6","OTTHUMG00000182728.2","OTTHUMT00000463325.1","NR2F6-201","NR2F6",2383,"protein_coding",2045,196,0.980090022087097,"AGACT",0.806122448979592,NA,NA,NA,NA,NA,NA,NA,NA,NA,0,0,0,NA,NA,NA
"466","ENST00000292035.10","ENSG00000160563.14","OTTHUMG00000020833.7","OTTHUMT00000054770.3","MED27-201","MED27",1385,"protein_coding",1166,119,0.954922020435333,"GGACT",0.647058823529412,23,426,936,1,23,24,958,959,1384,0,0,1,NA,NA,0.485915492957746
"467","ENST00000292090.8","ENSG00000160606.11","OTTHUMG00000132683.5","OTTHUMT00000255973.2","TLCD1-201","TLCD1",1042,"protein_coding",936,70,0.913887500762939,"GGACA",0.685714285714286,NA,NA,NA,NA,NA,NA,NA,NA,NA,0,0,0,NA,NA,NA
"468","ENST00000292180.8","ENSG00000160688.19","OTTHUMG00000037416.2","OTTHUMT00000091089.2","FLAD1-201","FLAD1",2189,"protein_coding",1160,22,0.984414279460907,"GGACT",0.772727272727273,NA,NA,NA,NA,NA,NA,NA,NA,NA,0,0,0,NA,NA,NA
"469","ENST00000292180.8","ENSG00000160688.19","OTTHUMG00000037416.2","OTTHUMT00000091089.2","FLAD1-201","FLAD1",2189,"protein_coding",1294,23,0.922040402889252,"TGACT",0.652173913043478,NA,NA,NA,NA,NA,NA,NA,NA,NA,0,0,0,NA,NA,NA
"470","ENST00000292211.5","ENSG00000160714.10","OTTHUMG00000037265.3","OTTHUMT00000090704.2","UBE2Q1-201","UBE2Q1",3239,"protein_coding",1560,44,0.963007986545563,"GAACT",0.681818181818182,NA,NA,NA,NA,NA,NA,NA,NA,NA,0,0,0,NA,NA,NA
"471","ENST00000292430.10","ENSG00000160886.13","OTTHUMG00000164720.3","OTTHUMT00000379893.2","LY6K-201","LY6K",2671,"protein_coding",204,126,0.908026337623596,"GAACC",0.619047619047619,NA,NA,NA,NA,NA,NA,NA,NA,NA,0,0,0,NA,NA,NA
"472","ENST00000292430.10","ENSG00000160886.13","OTTHUMG00000164720.3","OTTHUMT00000379893.2","LY6K-201","LY6K",2671,"protein_coding",923,397,0.901492953300476,"GGACT",0.541561712846348,NA,NA,NA,NA,NA,NA,NA,NA,NA,0,0,0,NA,NA,NA
"473","ENST00000292431.5","ENSG00000160877.7","OTTHUMG00000180748.5","OTTHUMT00000452879.2","NACC1-201","NACC1",4524,"protein_coding",4263,103,0.926165044307709,"AGACT",0.553398058252427,NA,NA,NA,NA,NA,NA,NA,NA,NA,0,0,0,NA,NA,NA
"474","ENST00000292778.11","ENSG00000161179.14","OTTHUMG00000150822.2","OTTHUMT00000320213.2","YDJC-201","YDJC",1309,"protein_coding",906,99,0.974102556705475,"GGACT",0.686868686868687,NA,NA,NA,NA,NA,NA,NA,NA,NA,0,0,0,NA,NA,NA
"475","ENST00000292808.5","ENSG00000161204.12","OTTHUMG00000156824.1","OTTHUMT00000346048.1","ABCF3-201","ABCF3",2453,"protein_coding",2179,48,0.942469894886017,"GGACT",0.708333333333333,NA,NA,NA,NA,NA,NA,NA,NA,NA,0,0,0,NA,NA,NA
"476","ENST00000292808.5","ENSG00000161204.12","OTTHUMG00000156824.1","OTTHUMT00000346048.1","ABCF3-201","ABCF3",2453,"protein_coding",2334,88,0.951258778572083,"GGACT",0.625,NA,NA,NA,NA,NA,NA,NA,NA,NA,0,0,0,NA,NA,NA
"477","ENST00000292823.6","ENSG00000161217.12","OTTHUMG00000155670.2","OTTHUMT00000341147.1","PCYT1A-201","PCYT1A",5597,"protein_coding",1374,20,0.993239283561707,"GGACA",0.75,NA,NA,NA,NA,NA,NA,NA,NA,NA,0,0,0,NA,NA,NA
"478","ENST00000292823.6","ENSG00000161217.12","OTTHUMG00000155670.2","OTTHUMT00000341147.1","PCYT1A-201","PCYT1A",5597,"protein_coding",1477,20,0.92267370223999,"GGACT",0.6,NA,NA,NA,NA,NA,NA,NA,NA,NA,0,0,0,NA,NA,NA
"479","ENST00000292823.6","ENSG00000161217.12","OTTHUMG00000155670.2","OTTHUMT00000341147.1","PCYT1A-201","PCYT1A",5597,"protein_coding",5351,31,0.933922350406647,"TGACT",0.612903225806452,NA,NA,NA,NA,NA,NA,NA,NA,NA,0,0,0,NA,NA,NA
"480","ENST00000293208.13","ENSG00000161526.15","OTTHUMG00000179798.3","OTTHUMT00000448239.1","SAP30BP-201","SAP30BP",1272,"nonsense_mediated_decay",1054,58,0.968202173709869,"GGACT",0.724137931034483,NA,NA,NA,NA,NA,NA,NA,NA,NA,0,0,0,NA,NA,NA
"481","ENST00000293288.12","ENSG00000087088.21","OTTHUMG00000160476.4","OTTHUMT00000360762.1","BAX-201","BAX",1358,"protein_coding",1214,41,0.993339717388153,"GGACT",0.951219512195122,NA,NA,NA,NA,NA,NA,NA,NA,NA,0,0,0,NA,NA,NA
"482","ENST00000293760.10","ENSG00000161904.13","OTTHUMG00000014535.8","OTTHUMT00000040209.4","LEMD2-201","LEMD2",2941,"protein_coding",2062,20,0.905401051044464,"TGACT",0.55,NA,NA,NA,NA,NA,NA,NA,NA,NA,0,0,0,NA,NA,NA
"483","ENST00000295321.9","ENSG00000163166.15","OTTHUMG00000131527.11","OTTHUMT00000254384.3","IWS1-201","IWS1",2973,"protein_coding",2789,25,0.933625340461731,"GGACT",0.6,NA,NA,NA,NA,NA,NA,NA,NA,NA,0,0,0,NA,NA,NA
"484","ENST00000295702.9","ENSG00000163479.14","OTTHUMG00000017456.4","OTTHUMT00000046172.3","SSR2-201","SSR2",1108,"protein_coding",951,1207,0.94768887758255,"AGACT",0.547638773819387,NA,NA,NA,NA,NA,NA,NA,NA,NA,0,0,0,NA,NA,NA
"485","ENST00000295702.9","ENSG00000163479.14","OTTHUMG00000017456.4","OTTHUMT00000046172.3","SSR2-201","SSR2",1108,"protein_coding",1024,1151,0.986545324325562,"GGACT",0.825369244135534,NA,NA,NA,NA,NA,NA,NA,NA,NA,0,0,0,NA,NA,NA
"486","ENST00000295704.7","ENSG00000163481.8","OTTHUMG00000133077.3","OTTHUMT00000256721.2","RNF25-201","RNF25",1477,"protein_coding",1271,47,0.903682768344879,"GGACT",0.553191489361702,NA,NA,NA,NA,NA,NA,NA,NA,NA,0,0,0,NA,NA,NA
"487","ENST00000295704.7","ENSG00000163481.8","OTTHUMG00000133077.3","OTTHUMT00000256721.2","RNF25-201","RNF25",1477,"protein_coding",1278,25,0.917523562908173,"GGACT",0.6,NA,NA,NA,NA,NA,NA,NA,NA,NA,0,0,0,NA,NA,NA
"488","ENST00000295926.8","ENSG00000163660.12","OTTHUMG00000158713.2","OTTHUMT00000351859.1","CCNL1-202","CCNL1",2322,"protein_coding",1633,23,0.920883297920227,"TGACT",0.478260869565217,NA,NA,NA,NA,NA,NA,NA,NA,NA,0,0,0,NA,NA,NA
"489","ENST00000295926.8","ENSG00000163660.12","OTTHUMG00000158713.2","OTTHUMT00000351859.1","CCNL1-202","CCNL1",2322,"protein_coding",1696,20,0.978697240352631,"GGACT",0.7,NA,NA,NA,NA,NA,NA,NA,NA,NA,0,0,0,NA,NA,NA
"490","ENST00000295926.8","ENSG00000163660.12","OTTHUMG00000158713.2","OTTHUMT00000351859.1","CCNL1-202","CCNL1",2322,"protein_coding",1773,20,0.957683980464935,"GGACA",0.4,NA,NA,NA,NA,NA,NA,NA,NA,NA,0,0,0,NA,NA,NA
"491","ENST00000295959.10","ENSG00000163684.12","OTTHUMG00000159152.2","OTTHUMT00000353520.1","RPP14-201","RPP14",3266,"protein_coding",836,20,0.927415549755096,"AGACT",0.75,NA,NA,NA,NA,NA,NA,NA,NA,NA,0,0,0,NA,NA,NA
"492","ENST00000296129.6","ENSG00000163814.8","OTTHUMG00000133090.4","OTTHUMT00000256748.4","CDCP1-201","CDCP1",5963,"protein_coding",5500,62,0.915969550609589,"GGACT",0.629032258064516,NA,NA,NA,NA,NA,NA,NA,NA,NA,0,0,0,NA,NA,NA
"493","ENST00000296149.9","ENSG00000163832.16","OTTHUMG00000133521.14","OTTHUMT00000257493.2","ELP6-201","ELP6",1352,"protein_coding",954,28,0.990597307682037,"GGACT",0.892857142857143,NA,NA,NA,NA,NA,NA,NA,NA,NA,0,0,0,NA,NA,NA
"494","ENST00000296181.9","ENSG00000082781.12","OTTHUMG00000159432.10","OTTHUMT00000355286.4","ITGB5-201","ITGB5",4440,"protein_coding",2760,59,0.969970703125,"GGACT",0.88135593220339,NA,NA,NA,NA,NA,NA,NA,NA,NA,0,0,0,NA,NA,NA
"495","ENST00000296277.9","ENSG00000163923.10","OTTHUMG00000156465.3","OTTHUMT00000344283.3","RPL39L-201","RPL39L",729,"protein_coding",623,112,0.907106935977936,"GGACA",0.464285714285714,NA,NA,NA,NA,NA,NA,NA,NA,NA,0,0,0,NA,NA,NA
"496","ENST00000296292.8","ENSG00000163933.10","OTTHUMG00000074035.6","OTTHUMT00000157136.3","RFT1-201","RFT1",5081,"protein_coding",1619,62,0.949697494506836,"GGACT",0.612903225806452,NA,NA,NA,NA,NA,NA,NA,NA,NA,0,0,0,NA,NA,NA
"497","ENST00000296702.9","ENSG00000113649.14","OTTHUMG00000129683.4","OTTHUMT00000251886.1","TCERG1-201","TCERG1",4654,"protein_coding",3676,22,0.918988406658173,"GAACT",0.545454545454545,NA,NA,NA,NA,NA,NA,NA,NA,NA,0,0,0,NA,NA,NA
"498","ENST00000296702.9","ENSG00000113649.14","OTTHUMG00000129683.4","OTTHUMT00000251886.1","TCERG1-201","TCERG1",4654,"protein_coding",3820,23,0.946782112121582,"GGACA",0.652173913043478,NA,NA,NA,NA,NA,NA,NA,NA,NA,0,0,0,NA,NA,NA
"499","ENST00000296792.9","ENSG00000164338.10","OTTHUMG00000162453.4","OTTHUMT00000368965.2","UTP15-201","UTP15",5096,"protein_coding",1881,43,0.981738865375519,"AGACT",0.767441860465116,NA,NA,NA,NA,NA,NA,NA,NA,NA,0,0,0,NA,NA,NA
"500","ENST00000296824.4","ENSG00000164366.4","OTTHUMG00000161586.4","OTTHUMT00000365459.3","CCDC127-201","CCDC127",9283,"protein_coding",808,20,0.923570930957794,"GAACT",0.85,NA,NA,NA,NA,NA,NA,NA,NA,NA,0,0,0,NA,NA,NA
"501","ENST00000297109.11","ENSG00000164576.12","OTTHUMG00000130146.7","OTTHUMT00000252454.4","SAP30L-201","SAP30L",6185,"protein_coding",497,21,0.993574976921082,"GGACT",0.952380952380952,608,5025,552,1,608,609,1159,1160,6184,1,0,0,0.817434210526316,NA,NA
"502","ENST00000297533.9","ENSG00000164897.14","OTTHUMG00000158621.4","OTTHUMT00000351484.2","TMUB1-201","TMUB1",1295,"protein_coding",871,45,0.980092883110046,"GGACC",0.733333333333333,NA,NA,NA,NA,NA,NA,NA,NA,NA,0,0,0,NA,NA,NA
"503","ENST00000297533.9","ENSG00000164897.14","OTTHUMG00000158621.4","OTTHUMT00000351484.2","TMUB1-201","TMUB1",1295,"protein_coding",973,53,0.903463006019592,"GGACT",0.471698113207547,NA,NA,NA,NA,NA,NA,NA,NA,NA,0,0,0,NA,NA,NA
"504","ENST00000297598.5","ENSG00000164951.16","OTTHUMG00000164356.5","OTTHUMT00000378415.3","PDP1-201","PDP1",4210,"protein_coding",3588,23,0.915212154388428,"GGACT",0.652173913043478,NA,NA,NA,NA,NA,NA,NA,NA,NA,0,0,0,NA,NA,NA
"505","ENST00000297613.4","ENSG00000164967.10","OTTHUMG00000000443.2","OTTHUMT00000001130.1","RPP25L-201","RPP25L",1092,"protein_coding",846,29,0.952271997928619,"TGACT",0.827586206896552,NA,NA,NA,NA,NA,NA,NA,NA,NA,0,0,0,NA,NA,NA
"506","ENST00000297613.4","ENSG00000164967.10","OTTHUMG00000000443.2","OTTHUMT00000001130.1","RPP25L-201","RPP25L",1092,"protein_coding",932,74,0.900839269161224,"GGACT",0.513513513513513,NA,NA,NA,NA,NA,NA,NA,NA,NA,0,0,0,NA,NA,NA
"507","ENST00000297613.4","ENSG00000164967.10","OTTHUMG00000000443.2","OTTHUMT00000001130.1","RPP25L-201","RPP25L",1092,"protein_coding",1024,26,0.958189129829407,"GAACT",0.538461538461538,NA,NA,NA,NA,NA,NA,NA,NA,NA,0,0,0,NA,NA,NA
"508","ENST00000298048.7","ENSG00000165304.8","OTTHUMG00000019906.8","OTTHUMT00000052428.5","MELK-201","MELK",2452,"protein_coding",2164,53,0.945671141147614,"AGACT",0.679245283018868,NA,NA,NA,NA,NA,NA,NA,NA,NA,0,0,0,NA,NA,NA
"509","ENST00000298299.4","ENSG00000165512.5","OTTHUMG00000018064.2","OTTHUMT00000047761.2","ZNF22-201","ZNF22",2103,"protein_coding",1786,109,0.925980150699615,"AGACT",0.623853211009174,NA,NA,NA,NA,NA,NA,NA,NA,NA,0,0,0,NA,NA,NA
"510","ENST00000298510.4","ENSG00000165672.7","OTTHUMG00000019146.3","OTTHUMT00000050639.3","PRDX3-201","PRDX3",1553,"protein_coding",716,269,0.902214825153351,"GAACT",0.553903345724907,NA,NA,NA,NA,NA,NA,NA,NA,NA,0,0,0,NA,NA,NA
"511","ENST00000298564.14","ENSG00000048140.18","OTTHUMG00000163230.3","OTTHUMT00000387012.1","TSPAN17-201","TSPAN17",2810,"protein_coding",1858,21,0.985435664653778,"GGACT",0.80952380952381,NA,NA,NA,NA,NA,NA,NA,NA,NA,0,0,0,NA,NA,NA
"512","ENST00000299202.4","ENSG00000166166.13","OTTHUMG00000171762.2","OTTHUMT00000414989.1","TRMT61A-201","TRMT61A",2827,"protein_coding",1483,28,0.92385458946228,"GGACA",0.535714285714286,NA,NA,NA,NA,NA,NA,NA,NA,NA,0,0,0,NA,NA,NA
"513","ENST00000299259.10","ENSG00000166200.15","OTTHUMG00000172324.4","OTTHUMT00000417841.1","COPS2-201","COPS2",2036,"protein_coding",1385,89,0.982891142368317,"GGACC",0.764044943820225,NA,NA,NA,NA,NA,NA,NA,NA,NA,0,0,0,NA,NA,NA
"514","ENST00000299563.5","ENSG00000166439.6","OTTHUMG00000165516.3","OTTHUMT00000384741.2","RNF169-201","RNF169",7842,"protein_coding",7602,45,0.927635729312897,"GGACT",0.622222222222222,NA,NA,NA,NA,NA,NA,NA,NA,NA,0,0,0,NA,NA,NA
"515","ENST00000299853.10","ENSG00000058600.16","OTTHUMG00000094779.4","OTTHUMT00000211590.2","POLR3E-201","POLR3E",3690,"protein_coding",2396,22,0.946999132633209,"GAACT",0.409090909090909,NA,NA,NA,NA,NA,NA,NA,NA,NA,0,0,0,NA,NA,NA
"516","ENST00000299853.10","ENSG00000058600.16","OTTHUMG00000094779.4","OTTHUMT00000211590.2","POLR3E-201","POLR3E",3690,"protein_coding",2437,23,0.92732846736908,"GGACA",0.478260869565217,NA,NA,NA,NA,NA,NA,NA,NA,NA,0,0,0,NA,NA,NA
"517","ENST00000300026.4","ENSG00000166794.6","OTTHUMG00000133018.2","OTTHUMT00000256604.1","PPIB-201","PPIB",893,"protein_coding",822,1237,0.926042020320892,"GGACT",0.590137429264349,NA,NA,NA,NA,NA,NA,NA,NA,NA,0,0,0,NA,NA,NA
"518","ENST00000300087.7","ENSG00000166847.10","OTTHUMG00000131610.7","OTTHUMT00000254497.3","DCTN5-201","DCTN5",10954,"protein_coding",3041,61,0.935391008853912,"AGACT",0.655737704918033,NA,NA,NA,NA,NA,NA,NA,NA,NA,0,0,0,NA,NA,NA
"519","ENST00000300131.8","ENSG00000166886.13","OTTHUMG00000171192.2","OTTHUMT00000412222.2","NAB2-201","NAB2",2491,"protein_coding",1977,48,0.944998264312744,"GGACT",0.583333333333333,NA,NA,NA,NA,NA,NA,NA,NA,NA,0,0,0,NA,NA,NA
"520","ENST00000300131.8","ENSG00000166886.13","OTTHUMG00000171192.2","OTTHUMT00000412222.2","NAB2-201","NAB2",2491,"protein_coding",2068,23,0.990617454051971,"GGACT",0.826086956521739,NA,NA,NA,NA,NA,NA,NA,NA,NA,0,0,0,NA,NA,NA
"521","ENST00000300151.5","ENSG00000166902.5","OTTHUMG00000167410.5","OTTHUMT00000394521.2","MRPL16-201","MRPL16",1083,"protein_coding",699,169,0.912455558776855,"GGACT",0.485207100591716,NA,NA,NA,NA,NA,NA,NA,NA,NA,0,0,0,NA,NA,NA
"522","ENST00000300302.9","ENSG00000051108.15","OTTHUMG00000133276.10","OTTHUMT00000432314.1","HERPUD1-201","HERPUD1",1862,"protein_coding",1313,53,0.957109570503235,"GGACT",0.69811320754717,NA,NA,NA,NA,NA,NA,NA,NA,NA,0,0,0,NA,NA,NA
"523","ENST00000300403.11","ENSG00000088325.16","OTTHUMG00000032190.3","OTTHUMT00000078569.3","TPX2-201","TPX2",3473,"protein_coding",2906,216,0.987337112426758,"GGACT",0.782407407407407,509,720,2244,1,509,510,2752,2753,3472,0,0,1,NA,NA,0.2125
"524","ENST00000300408.8","ENSG00000167085.14","OTTHUMG00000134271.10","OTTHUMT00000258826.1","PHB1-201","PHB1",1834,"protein_coding",1231,44,0.970324337482452,"GGACT",0.840909090909091,75,940,819,1,75,76,893,894,1833,0,0,1,NA,NA,0.358510638297872
"525","ENST00000300408.8","ENSG00000167085.14","OTTHUMG00000134271.10","OTTHUMT00000258826.1","PHB1-201","PHB1",1834,"protein_coding",1554,97,0.974664509296417,"GGACT",0.896907216494845,75,940,819,1,75,76,893,894,1833,0,0,1,NA,NA,0.702127659574468
"526","ENST00000300452.8","ENSG00000167113.11","OTTHUMG00000020743.3","OTTHUMT00000054427.2","COQ4-201","COQ4",1245,"protein_coding",927,20,0.932987928390503,"GGACA",0.55,NA,NA,NA,NA,NA,NA,NA,NA,NA,0,0,0,NA,NA,NA
"527","ENST00000300456.5","ENSG00000167114.13","OTTHUMG00000020746.3","OTTHUMT00000054432.3","SLC27A4-201","SLC27A4",3229,"protein_coding",2399,20,0.990952253341675,"TGACT",0.9,NA,NA,NA,NA,NA,NA,NA,NA,NA,0,0,0,NA,NA,NA
"528","ENST00000300456.5","ENSG00000167114.13","OTTHUMG00000020746.3","OTTHUMT00000054432.3","SLC27A4-201","SLC27A4",3229,"protein_coding",2498,40,0.982929050922394,"AGACT",0.75,NA,NA,NA,NA,NA,NA,NA,NA,NA,0,0,0,NA,NA,NA
"529","ENST00000300648.7","ENSG00000089154.11","OTTHUMG00000169338.3","OTTHUMT00000403592.3","GCN1-201","GCN1",8681,"protein_coding",8340,70,0.901518642902374,"AGACT",0.5,NA,NA,NA,NA,NA,NA,NA,NA,NA,0,0,0,NA,NA,NA
"530","ENST00000300935.8","ENSG00000167461.12","OTTHUMG00000182238.2","OTTHUMT00000460186.2","RAB8A-201","RAB8A",2567,"protein_coding",1722,123,0.917333424091339,"GGACT",0.658536585365854,NA,NA,NA,NA,NA,NA,NA,NA,NA,0,0,0,NA,NA,NA
"531","ENST00000301281.11","ENSG00000167671.12","OTTHUMG00000181954.8","OTTHUMT00000458447.4","UBXN6-201","UBXN6",1915,"protein_coding",957,44,0.949866116046906,"GAACT",0.568181818181818,NA,NA,NA,NA,NA,NA,NA,NA,NA,0,0,0,NA,NA,NA
"532","ENST00000301453.7","ENSG00000167770.13","OTTHUMG00000167786.2","OTTHUMT00000396274.1","OTUB1-201","OTUB1",2493,"retained_intron",2482,101,0.904788494110107,"GAACT",0.594059405940594,NA,NA,NA,NA,NA,NA,NA,NA,NA,0,0,0,NA,NA,NA
"533","ENST00000301490.8","ENSG00000167799.10","OTTHUMG00000167292.2","OTTHUMT00000394035.1","NUDT8-201","NUDT8",809,"protein_coding",782,93,0.920056521892548,"GGACT",0.56989247311828,NA,NA,NA,NA,NA,NA,NA,NA,NA,0,0,0,NA,NA,NA
"534","ENST00000301665.9","ENSG00000167920.12","OTTHUMG00000133579.9","OTTHUMT00000257681.2","KRT10-AS1-201","KRT10-AS1",2082,"lncRNA",664,56,0.910297095775604,"GGACT",0.589285714285714,NA,NA,NA,NA,NA,NA,NA,NA,NA,0,0,0,NA,NA,NA
"535","ENST00000301724.14","ENSG00000167965.18","OTTHUMG00000128827.6","OTTHUMT00000250764.2","MLST8-201","MLST8",1735,"protein_coding",1355,20,0.921120822429657,"GGACT",0.65,NA,NA,NA,NA,NA,NA,NA,NA,NA,0,0,0,NA,NA,NA
"536","ENST00000301838.5","ENSG00000168040.5","OTTHUMG00000167264.1","OTTHUMT00000393902.1","FADD-201","FADD",1708,"protein_coding",759,22,0.9686558842659,"GAACT",0.727272727272727,NA,NA,NA,NA,NA,NA,NA,NA,NA,0,0,0,NA,NA,NA
"537","ENST00000301838.5","ENSG00000168040.5","OTTHUMG00000167264.1","OTTHUMT00000393902.1","FADD-201","FADD",1708,"protein_coding",839,42,0.949970841407776,"GGACT",0.880952380952381,NA,NA,NA,NA,NA,NA,NA,NA,NA,0,0,0,NA,NA,NA
"538","ENST00000301838.5","ENSG00000168040.5","OTTHUMG00000167264.1","OTTHUMT00000393902.1","FADD-201","FADD",1708,"protein_coding",927,43,0.968438804149628,"GAACT",0.581395348837209,NA,NA,NA,NA,NA,NA,NA,NA,NA,0,0,0,NA,NA,NA
"539","ENST00000301838.5","ENSG00000168040.5","OTTHUMG00000167264.1","OTTHUMT00000393902.1","FADD-201","FADD",1708,"protein_coding",1313,61,0.990262567996979,"GGACA",0.819672131147541,NA,NA,NA,NA,NA,NA,NA,NA,NA,0,0,0,NA,NA,NA
"540","ENST00000302279.8","ENSG00000168522.13","OTTHUMG00000165279.5","OTTHUMT00000383178.2","FNTA-201","FNTA",1667,"protein_coding",1404,118,0.904621720314026,"GAACT",0.508474576271186,NA,NA,NA,NA,NA,NA,NA,NA,NA,0,0,0,NA,NA,NA
"541","ENST00000302362.11","ENSG00000172301.11","OTTHUMG00000132812.4","OTTHUMT00000256257.3","COPRS-201","COPRS",868,"protein_coding",575,282,0.917916834354401,"GGACA",0.471631205673759,NA,NA,NA,NA,NA,NA,NA,NA,NA,0,0,0,NA,NA,NA
"542","ENST00000302386.10","ENSG00000170296.10","OTTHUMG00000102156.4","OTTHUMT00000220000.3","GABARAP-201","GABARAP",1319,"protein_coding",907,47,0.943225264549255,"GAACT",0.617021276595745,NA,NA,NA,NA,NA,NA,NA,NA,NA,0,0,0,NA,NA,NA
"543","ENST00000302516.10","ENSG00000189091.13","OTTHUMG00000137582.8","OTTHUMT00000268972.3","SF3B3-201","SF3B3",9692,"protein_coding",3867,120,0.974194467067719,"AGACT",0.816666666666667,NA,NA,NA,NA,NA,NA,NA,NA,NA,0,0,0,NA,NA,NA
"544","ENST00000302516.10","ENSG00000189091.13","OTTHUMG00000137582.8","OTTHUMT00000268972.3","SF3B3-201","SF3B3",9692,"protein_coding",3947,108,0.940527558326721,"AGACT",0.62037037037037,NA,NA,NA,NA,NA,NA,NA,NA,NA,0,0,0,NA,NA,NA
"545","ENST00000302692.7","ENSG00000171612.7","OTTHUMG00000001322.3","OTTHUMT00000003851.3","SLC25A33-201","SLC25A33",3865,"protein_coding",1096,61,0.913454949855804,"GGACT",0.590163934426229,NA,NA,NA,NA,NA,NA,NA,NA,NA,0,0,0,NA,NA,NA
"546","ENST00000302731.4","ENSG00000172409.7","OTTHUMG00000167146.6","OTTHUMT00000393465.1","CLP1-201","CLP1",1634,"protein_coding",1284,54,0.993337750434875,"AGACT",0.888888888888889,NA,NA,NA,NA,NA,NA,NA,NA,NA,0,0,0,NA,NA,NA
"547","ENST00000302731.4","ENSG00000172409.7","OTTHUMG00000167146.6","OTTHUMT00000393465.1","CLP1-201","CLP1",1634,"protein_coding",1316,52,0.942536056041718,"GGACT",0.692307692307692,NA,NA,NA,NA,NA,NA,NA,NA,NA,0,0,0,NA,NA,NA
"548","ENST00000302731.4","ENSG00000172409.7","OTTHUMG00000167146.6","OTTHUMT00000393465.1","CLP1-201","CLP1",1634,"protein_coding",1402,49,0.933608889579773,"AGACT",0.673469387755102,NA,NA,NA,NA,NA,NA,NA,NA,NA,0,0,0,NA,NA,NA
"549","ENST00000302754.6","ENSG00000171223.6","OTTHUMG00000180373.2","OTTHUMT00000451015.2","JUNB-201","JUNB",1830,"protein_coding",1553,22,0.921056032180786,"AGACT",0.727272727272727,NA,NA,NA,NA,NA,NA,NA,NA,NA,0,0,0,NA,NA,NA
"550","ENST00000302763.12","ENSG00000044115.21","OTTHUMG00000163502.5","OTTHUMT00000373868.2","CTNNA1-201","CTNNA1",3754,"protein_coding",2798,21,0.985412538051605,"GGACA",0.666666666666667,NA,NA,NA,NA,NA,NA,NA,NA,NA,0,0,0,NA,NA,NA
"551","ENST00000302904.8","ENSG00000108312.16","OTTHUMG00000167585.6","OTTHUMT00000395205.1","UBTF-201","UBTF",4997,"protein_coding",2771,21,0.963536739349365,"AGACT",0.523809523809524,NA,NA,NA,NA,NA,NA,NA,NA,NA,0,0,0,NA,NA,NA
"552","ENST00000302904.8","ENSG00000108312.16","OTTHUMG00000167585.6","OTTHUMT00000395205.1","UBTF-201","UBTF",4997,"protein_coding",3093,29,0.901392459869385,"GGACA",0.482758620689655,NA,NA,NA,NA,NA,NA,NA,NA,NA,0,0,0,NA,NA,NA
"553","ENST00000302979.5","ENSG00000186184.20","OTTHUMG00000016635.10","OTTHUMT00000044305.2","POLR1D-201","POLR1D",693,"protein_coding",450,315,0.913677990436554,"GGACT",0.631746031746032,NA,NA,NA,NA,NA,NA,NA,NA,NA,0,0,0,NA,NA,NA
"554","ENST00000302979.5","ENSG00000186184.20","OTTHUMG00000016635.10","OTTHUMT00000044305.2","POLR1D-201","POLR1D",693,"protein_coding",518,226,0.979437232017517,"GAACT",0.694690265486726,NA,NA,NA,NA,NA,NA,NA,NA,NA,0,0,0,NA,NA,NA
"555","ENST00000303004.5","ENSG00000172216.6","OTTHUMG00000032715.2","OTTHUMT00000079672.2","CEBPB-201","CEBPB",1839,"protein_coding",1282,118,0.922821521759033,"AGACT",0.542372881355932,NA,NA,NA,NA,NA,NA,NA,NA,NA,0,0,0,NA,NA,NA
"556","ENST00000303004.5","ENSG00000172216.6","OTTHUMG00000032715.2","OTTHUMT00000079672.2","CEBPB-201","CEBPB",1839,"protein_coding",1610,170,0.966029286384583,"GGACT",0.794117647058823,NA,NA,NA,NA,NA,NA,NA,NA,NA,0,0,0,NA,NA,NA
"557","ENST00000303151.5","ENSG00000172336.5","OTTHUMG00000044311.4","OTTHUMT00000103070.2","POP7-201","POP7",850,"protein_coding",324,159,0.959686934947968,"GGACT",0.823899371069182,194,233,423,1,194,195,616,617,849,0,1,0,NA,0.307328605200946,NA
"558","ENST00000303151.5","ENSG00000172336.5","OTTHUMG00000044311.4","OTTHUMT00000103070.2","POP7-201","POP7",850,"protein_coding",625,242,0.922599017620087,"AGACA",0.681818181818182,194,233,423,1,194,195,616,617,849,0,0,1,NA,NA,0.0343347639484979
"559","ENST00000303155.9","ENSG00000171208.10","OTTHUMG00000133101.5","OTTHUMT00000430390.1","NETO2-201","NETO2",3241,"protein_coding",1272,77,0.951348125934601,"GAACT",0.701298701298701,NA,NA,NA,NA,NA,NA,NA,NA,NA,0,0,0,NA,NA,NA
"560","ENST00000303155.9","ENSG00000171208.10","OTTHUMG00000133101.5","OTTHUMT00000430390.1","NETO2-201","NETO2",3241,"protein_coding",1841,142,0.916803002357483,"GAACT",0.492957746478873,NA,NA,NA,NA,NA,NA,NA,NA,NA,0,0,0,NA,NA,NA
"561","ENST00000303251.11","ENSG00000169228.14","OTTHUMG00000130849.6","OTTHUMT00000253416.2","RAB24-201","RAB24",1588,"protein_coding",1209,46,0.967574536800385,"TGACT",0.695652173913043,NA,NA,NA,NA,NA,NA,NA,NA,NA,0,0,0,NA,NA,NA
"562","ENST00000303343.12","ENSG00000169241.19","OTTHUMG00000035333.5","OTTHUMT00000085507.1","SLC50A1-201","SLC50A1",1137,"protein_coding",701,104,0.903091728687286,"GGACC",0.432692307692308,NA,NA,NA,NA,NA,NA,NA,NA,NA,0,0,0,NA,NA,NA
"563","ENST00000303400.9","ENSG00000090316.16","OTTHUMG00000160169.8","OTTHUMT00000359511.2","MAEA-202","MAEA",2182,"protein_coding",1487,115,0.979794919490814,"AGACT",0.895652173913044,NA,NA,NA,NA,NA,NA,NA,NA,NA,0,0,0,NA,NA,NA
"564","ENST00000303400.9","ENSG00000090316.16","OTTHUMG00000160169.8","OTTHUMT00000359511.2","MAEA-202","MAEA",2182,"protein_coding",1659,133,0.970344007015228,"GGACT",0.691729323308271,NA,NA,NA,NA,NA,NA,NA,NA,NA,0,0,0,NA,NA,NA
"565","ENST00000303400.9","ENSG00000090316.16","OTTHUMG00000160169.8","OTTHUMT00000359511.2","MAEA-202","MAEA",2182,"protein_coding",1697,134,0.907872915267944,"GGACA",0.552238805970149,NA,NA,NA,NA,NA,NA,NA,NA,NA,0,0,0,NA,NA,NA
"566","ENST00000303400.9","ENSG00000090316.16","OTTHUMG00000160169.8","OTTHUMT00000359511.2","MAEA-202","MAEA",2182,"protein_coding",1802,144,0.966234266757965,"GGACT",0.826388888888889,NA,NA,NA,NA,NA,NA,NA,NA,NA,0,0,0,NA,NA,NA
"567","ENST00000303545.4","ENSG00000170881.5","OTTHUMG00000165072.4","OTTHUMT00000381692.1","RNF139-201","RNF139",3199,"protein_coding",1016,20,0.979657471179962,"AAACT",0.65,NA,NA,NA,NA,NA,NA,NA,NA,NA,0,0,0,NA,NA,NA
"568","ENST00000303545.4","ENSG00000170881.5","OTTHUMG00000165072.4","OTTHUMT00000381692.1","RNF139-201","RNF139",3199,"protein_coding",1799,26,0.991618394851685,"GGACT",0.923076923076923,NA,NA,NA,NA,NA,NA,NA,NA,NA,0,0,0,NA,NA,NA
"569","ENST00000303545.4","ENSG00000170881.5","OTTHUMG00000165072.4","OTTHUMT00000381692.1","RNF139-201","RNF139",3199,"protein_coding",2220,96,0.984324991703033,"TGACT",0.864583333333333,NA,NA,NA,NA,NA,NA,NA,NA,NA,0,0,0,NA,NA,NA
"570","ENST00000303575.9","ENSG00000170348.9","OTTHUMG00000171771.3","OTTHUMT00000415034.2","TMED10-201","TMED10",4109,"protein_coding",629,60,0.935086309909821,"GGACT",0.633333333333333,NA,NA,NA,NA,NA,NA,NA,NA,NA,0,0,0,NA,NA,NA
"571","ENST00000303596.3","ENSG00000168286.3","OTTHUMG00000137546.2","OTTHUMT00000268879.2","THAP11-201","THAP11",1876,"protein_coding",1204,50,0.993231415748596,"GGACT",0.9,NA,NA,NA,NA,NA,NA,NA,NA,NA,0,0,0,NA,NA,NA
"572","ENST00000303596.3","ENSG00000168286.3","OTTHUMG00000137546.2","OTTHUMT00000268879.2","THAP11-201","THAP11",1876,"protein_coding",1302,47,0.982418239116669,"GGACT",0.936170212765957,NA,NA,NA,NA,NA,NA,NA,NA,NA,0,0,0,NA,NA,NA
"573","ENST00000303596.3","ENSG00000168286.3","OTTHUMG00000137546.2","OTTHUMT00000268879.2","THAP11-201","THAP11",1876,"protein_coding",1395,51,0.929804861545563,"TGACT",0.725490196078431,NA,NA,NA,NA,NA,NA,NA,NA,NA,0,0,0,NA,NA,NA
"574","ENST00000303596.3","ENSG00000168286.3","OTTHUMG00000137546.2","OTTHUMT00000268879.2","THAP11-201","THAP11",1876,"protein_coding",1507,77,0.945039808750153,"GGACT",0.766233766233766,NA,NA,NA,NA,NA,NA,NA,NA,NA,0,0,0,NA,NA,NA
"575","ENST00000303596.3","ENSG00000168286.3","OTTHUMG00000137546.2","OTTHUMT00000268879.2","THAP11-201","THAP11",1876,"protein_coding",1652,64,0.948961198329926,"GGACT",0.640625,NA,NA,NA,NA,NA,NA,NA,NA,NA,0,0,0,NA,NA,NA
"576","ENST00000303961.9","ENSG00000269858.6","OTTHUMG00000182703.6","OTTHUMT00000463215.2","EGLN2-201","EGLN2",2100,"protein_coding",1999,77,0.91384083032608,"GGACT",0.766233766233766,NA,NA,NA,NA,NA,NA,NA,NA,NA,0,0,0,NA,NA,NA
"577","ENST00000304271.11","ENSG00000171067.11","OTTHUMG00000167478.3","OTTHUMT00000394750.2","C11orf24-201","C11orf24",2071,"protein_coding",1750,24,0.956096172332764,"GGACT",0.708333333333333,NA,NA,NA,NA,NA,NA,NA,NA,NA,0,0,0,NA,NA,NA
"578","ENST00000304478.9","ENSG00000171861.11","OTTHUMG00000090285.3","OTTHUMT00000206611.2","MRM3-201","MRM3",1729,"protein_coding",1059,53,0.991480946540833,"GGACT",0.867924528301887,NA,NA,NA,NA,NA,NA,NA,NA,NA,0,0,0,NA,NA,NA
"579","ENST00000304478.9","ENSG00000171861.11","OTTHUMG00000090285.3","OTTHUMT00000206611.2","MRM3-201","MRM3",1729,"protein_coding",1237,59,0.909722805023193,"AGACA",0.508474576271186,NA,NA,NA,NA,NA,NA,NA,NA,NA,0,0,0,NA,NA,NA
"580","ENST00000304478.9","ENSG00000171861.11","OTTHUMG00000090285.3","OTTHUMT00000206611.2","MRM3-201","MRM3",1729,"protein_coding",1260,66,0.969432592391968,"GGACT",0.727272727272727,NA,NA,NA,NA,NA,NA,NA,NA,NA,0,0,0,NA,NA,NA
"581","ENST00000304658.10","ENSG00000169180.12","OTTHUMG00000176782.9","OTTHUMT00000433732.1","XPO6-201","XPO6",4537,"protein_coding",3999,27,0.90315854549408,"GGACT",0.666666666666667,NA,NA,NA,NA,NA,NA,NA,NA,NA,0,0,0,NA,NA,NA
"582","ENST00000304658.10","ENSG00000169180.12","OTTHUMG00000176782.9","OTTHUMT00000433732.1","XPO6-201","XPO6",4537,"protein_coding",4301,84,0.981503963470459,"GGACA",0.595238095238095,NA,NA,NA,NA,NA,NA,NA,NA,NA,0,0,0,NA,NA,NA
"583","ENST00000304658.10","ENSG00000169180.12","OTTHUMG00000176782.9","OTTHUMT00000433732.1","XPO6-201","XPO6",4537,"protein_coding",4438,95,0.975406885147095,"AGACT",0.884210526315789,NA,NA,NA,NA,NA,NA,NA,NA,NA,0,0,0,NA,NA,NA
"584","ENST00000304661.6","ENSG00000171155.8","OTTHUMG00000022305.2","OTTHUMT00000058117.2","C1GALT1C1-201","C1GALT1C1",1636,"protein_coding",730,21,0.935099899768829,"AGACT",0.761904761904762,NA,NA,NA,NA,NA,NA,NA,NA,NA,0,0,0,NA,NA,NA
"585","ENST00000304661.6","ENSG00000171155.8","OTTHUMG00000022305.2","OTTHUMT00000058117.2","C1GALT1C1-201","C1GALT1C1",1636,"protein_coding",982,46,0.968676269054413,"GGACT",0.847826086956522,NA,NA,NA,NA,NA,NA,NA,NA,NA,0,0,0,NA,NA,NA
"586","ENST00000304734.9","ENSG00000146223.16","OTTHUMG00000014710.5","OTTHUMT00000040566.3","RPL7L1-201","RPL7L1",3769,"protein_coding",1135,111,0.960610747337341,"AGACA",0.576576576576577,NA,NA,NA,NA,NA,NA,NA,NA,NA,0,0,0,NA,NA,NA
"587","ENST00000304734.9","ENSG00000146223.16","OTTHUMG00000014710.5","OTTHUMT00000040566.3","RPL7L1-201","RPL7L1",3769,"protein_coding",1440,150,0.984790623188019,"AGACA",0.72,NA,NA,NA,NA,NA,NA,NA,NA,NA,0,0,0,NA,NA,NA
"588","ENST00000304863.6","ENSG00000169021.6","OTTHUMG00000181997.3","OTTHUMT00000458563.3","UQCRFS1-201","UQCRFS1",3086,"protein_coding",622,1326,0.956170976161957,"GGACC",0.47209653092006,NA,NA,NA,NA,NA,NA,NA,NA,NA,0,0,0,NA,NA,NA
"589","ENST00000304863.6","ENSG00000169021.6","OTTHUMG00000181997.3","OTTHUMT00000458563.3","UQCRFS1-201","UQCRFS1",3086,"protein_coding",867,1857,0.968916118144989,"GGACT",0.745826602046311,NA,NA,NA,NA,NA,NA,NA,NA,NA,0,0,0,NA,NA,NA
"590","ENST00000304895.9","ENSG00000169919.17","OTTHUMG00000023735.5","OTTHUMT00000251637.4","GUSB-201","GUSB",2199,"protein_coding",2065,150,0.964993596076965,"GGACT",0.78,NA,NA,NA,NA,NA,NA,NA,NA,NA,0,0,0,NA,NA,NA
"591","ENST00000305103.4","ENSG00000170619.10","OTTHUMG00000165251.6","OTTHUMT00000382962.2","COMMD5-201","COMMD5",1430,"protein_coding",391,22,0.981531262397766,"GGACC",0.636363636363636,NA,NA,NA,NA,NA,NA,NA,NA,NA,0,0,0,NA,NA,NA
"592","ENST00000305103.4","ENSG00000170619.10","OTTHUMG00000165251.6","OTTHUMT00000382962.2","COMMD5-201","COMMD5",1430,"protein_coding",454,50,0.9492467045784,"GGACT",0.6,NA,NA,NA,NA,NA,NA,NA,NA,NA,0,0,0,NA,NA,NA
"593","ENST00000305103.4","ENSG00000170619.10","OTTHUMG00000165251.6","OTTHUMT00000382962.2","COMMD5-201","COMMD5",1430,"protein_coding",640,55,0.9664306640625,"GGACT",0.709090909090909,NA,NA,NA,NA,NA,NA,NA,NA,NA,0,0,0,NA,NA,NA
"594","ENST00000305103.4","ENSG00000170619.10","OTTHUMG00000165251.6","OTTHUMT00000382962.2","COMMD5-201","COMMD5",1430,"protein_coding",727,85,0.916689872741699,"TGACT",0.8,NA,NA,NA,NA,NA,NA,NA,NA,NA,0,0,0,NA,NA,NA
"595","ENST00000305103.4","ENSG00000170619.10","OTTHUMG00000165251.6","OTTHUMT00000382962.2","COMMD5-201","COMMD5",1430,"protein_coding",937,62,0.979285061359406,"GGACT",0.725806451612903,NA,NA,NA,NA,NA,NA,NA,NA,NA,0,0,0,NA,NA,NA
"596","ENST00000305366.8","ENSG00000169908.12","OTTHUMG00000159597.2","OTTHUMT00000356368.2","TM4SF1-201","TM4SF1",1555,"protein_coding",1202,226,0.915336608886719,"GAACT",0.491150442477876,NA,NA,NA,NA,NA,NA,NA,NA,NA,0,0,0,NA,NA,NA
"597","ENST00000305386.4","ENSG00000168282.6","OTTHUMG00000140271.2","OTTHUMT00000276807.2","MGAT2-201","MGAT2",2683,"protein_coding",1514,21,0.986567735671997,"GGACT",0.857142857142857,NA,NA,NA,NA,NA,NA,NA,NA,NA,0,0,0,NA,NA,NA
"598","ENST00000305386.4","ENSG00000168282.6","OTTHUMG00000140271.2","OTTHUMT00000276807.2","MGAT2-201","MGAT2",2683,"protein_coding",1599,21,0.991910517215729,"AGACT",0.761904761904762,NA,NA,NA,NA,NA,NA,NA,NA,NA,0,0,0,NA,NA,NA
"599","ENST00000305533.10","ENSG00000247596.10","OTTHUMG00000158105.4","OTTHUMT00000350199.3","TWF2-201","TWF2",1614,"protein_coding",1221,121,0.947293996810913,"GGACT",0.727272727272727,NA,NA,NA,NA,NA,NA,NA,NA,NA,0,0,0,NA,NA,NA
"600","ENST00000305596.8","ENSG00000169217.9","OTTHUMG00000132397.3","OTTHUMT00000255528.2","CD2BP2-201","CD2BP2",3361,"protein_coding",1189,138,0.982544422149658,"GGACT",0.77536231884058,123,2212,1026,1,123,124,1148,1149,3360,0,0,1,NA,NA,0.0180831826401447
"601","ENST00000305596.8","ENSG00000169217.9","OTTHUMG00000132397.3","OTTHUMT00000255528.2","CD2BP2-201","CD2BP2",3361,"protein_coding",3313,42,0.980331420898438,"GGACT",0.738095238095238,123,2212,1026,1,123,124,1148,1149,3360,0,0,1,NA,NA,0.978300180831826
"602","ENST00000305596.8","ENSG00000169217.9","OTTHUMG00000132397.3","OTTHUMT00000255528.2","CD2BP2-201","CD2BP2",3361,"protein_coding",3329,25,0.924138009548187,"GAACT",0.52,123,2212,1026,1,123,124,1148,1149,3360,0,0,1,NA,NA,0.985533453887884
"603","ENST00000305885.3","ENSG00000168496.4","OTTHUMG00000168162.5","OTTHUMT00000398526.2","FEN1-201","FEN1",2016,"protein_coding",680,174,0.989675343036652,"GGACT",0.896551724137931,NA,NA,NA,NA,NA,NA,NA,NA,NA,0,0,0,NA,NA,NA
"604","ENST00000305885.3","ENSG00000168496.4","OTTHUMG00000168162.5","OTTHUMT00000398526.2","FEN1-201","FEN1",2016,"protein_coding",721,181,0.942137062549591,"TGACT",0.651933701657459,NA,NA,NA,NA,NA,NA,NA,NA,NA,0,0,0,NA,NA,NA
"605","ENST00000305885.3","ENSG00000168496.4","OTTHUMG00000168162.5","OTTHUMT00000398526.2","FEN1-201","FEN1",2016,"protein_coding",881,155,0.913300752639771,"GGACC",0.412903225806452,NA,NA,NA,NA,NA,NA,NA,NA,NA,0,0,0,NA,NA,NA
"606","ENST00000305885.3","ENSG00000168496.4","OTTHUMG00000168162.5","OTTHUMT00000398526.2","FEN1-201","FEN1",2016,"protein_coding",1246,266,0.983612835407257,"AGACT",0.808270676691729,NA,NA,NA,NA,NA,NA,NA,NA,NA,0,0,0,NA,NA,NA
"607","ENST00000305885.3","ENSG00000168496.4","OTTHUMG00000168162.5","OTTHUMT00000398526.2","FEN1-201","FEN1",2016,"protein_coding",1818,398,0.927129447460175,"TGACT",0.748743718592965,NA,NA,NA,NA,NA,NA,NA,NA,NA,0,0,0,NA,NA,NA
"608","ENST00000305978.7","ENSG00000171222.11","OTTHUMG00000032370.2","OTTHUMT00000078959.2","SCAND1-201","SCAND1",771,"protein_coding",692,226,0.978234708309174,"GGACT",0.721238938053097,110,121,540,1,110,111,649,650,770,0,0,1,NA,NA,0.347107438016529
"609","ENST00000306065.9","ENSG00000105186.16","OTTHUMG00000180225.10","OTTHUMT00000450329.2","ANKRD27-201","ANKRD27",4432,"protein_coding",3794,23,0.930313348770142,"GGACA",0.565217391304348,NA,NA,NA,NA,NA,NA,NA,NA,NA,0,0,0,NA,NA,NA
"610","ENST00000306704.10","ENSG00000169689.15","OTTHUMG00000132129.3","OTTHUMT00000255173.1","CENPX-201","CENPX",751,"protein_coding",414,251,0.919950664043427,"GGACT",0.565737051792829,NA,NA,NA,NA,NA,NA,NA,NA,NA,0,0,0,NA,NA,NA
"611","ENST00000306796.10","ENSG00000169718.18","OTTHUMG00000178525.4","OTTHUMT00000442346.2","DUS1L-201","DUS1L",2233,"protein_coding",1648,159,0.910221755504608,"GGACT",0.540880503144654,NA,NA,NA,NA,NA,NA,NA,NA,NA,0,0,0,NA,NA,NA
"612","ENST00000306875.10","ENSG00000213380.16","OTTHUMG00000154277.7","OTTHUMT00000489197.2","COG8-201","COG8",4629,"protein_coding",2218,22,0.961263239383698,"GGACA",0.681818181818182,NA,NA,NA,NA,NA,NA,NA,NA,NA,0,0,0,NA,NA,NA
"613","ENST00000306875.10","ENSG00000213380.16","OTTHUMG00000154277.7","OTTHUMT00000489197.2","COG8-201","COG8",4629,"protein_coding",2341,41,0.939358770847321,"GGACC",0.536585365853659,NA,NA,NA,NA,NA,NA,NA,NA,NA,0,0,0,NA,NA,NA
"614","ENST00000306984.8","ENSG00000168303.9","OTTHUMG00000128797.6","OTTHUMT00000493913.3","MPLKIP-201","MPLKIP",7627,"protein_coding",642,55,0.960198163986206,"GGACA",0.563636363636364,NA,NA,NA,NA,NA,NA,NA,NA,NA,0,0,0,NA,NA,NA
"615","ENST00000307114.11","ENSG00000172432.19","OTTHUMG00000014744.13","-","GTPBP2-201","GTPBP2",2830,"protein_coding",2155,20,0.982942759990692,"GGACA",0.85,NA,NA,NA,NA,NA,NA,NA,NA,NA,0,0,0,NA,NA,NA
"616","ENST00000307114.11","ENSG00000172432.19","OTTHUMG00000014744.13","-","GTPBP2-201","GTPBP2",2830,"protein_coding",2670,62,0.972212135791779,"GGACT",0.741935483870968,NA,NA,NA,NA,NA,NA,NA,NA,NA,0,0,0,NA,NA,NA
"617","ENST00000307126.10","ENSG00000172432.19","OTTHUMG00000014744.13","OTTHUMT00000040679.2","GTPBP2-202","GTPBP2",3031,"protein_coding",2368,20,0.98224538564682,"GGACA",0.85,NA,NA,NA,NA,NA,NA,NA,NA,NA,0,0,0,NA,NA,NA
"618","ENST00000307126.10","ENSG00000172432.19","OTTHUMG00000014744.13","OTTHUMT00000040679.2","GTPBP2-202","GTPBP2",3031,"protein_coding",2883,62,0.971338510513306,"GGACT",0.725806451612903,NA,NA,NA,NA,NA,NA,NA,NA,NA,0,0,0,NA,NA,NA
"619","ENST00000307296.8","ENSG00000170248.15","OTTHUMG00000130751.10","OTTHUMT00000253251.3","PDCD6IP-201","PDCD6IP",5884,"protein_coding",2814,122,0.922378778457642,"GGACT",0.598360655737705,NA,NA,NA,NA,NA,NA,NA,NA,NA,0,0,0,NA,NA,NA
"620","ENST00000307363.10","ENSG00000170266.16","OTTHUMG00000155781.8","OTTHUMT00000341569.5","GLB1-201","GLB1",2523,"protein_coding",2040,65,0.931592106819153,"AGACT",0.769230769230769,NA,NA,NA,NA,NA,NA,NA,NA,NA,0,0,0,NA,NA,NA
"621","ENST00000307365.4","ENSG00000168209.6","OTTHUMG00000183961.3","OTTHUMT00000048577.2","DDIT4-201","DDIT4",1744,"protein_coding",981,58,0.905258297920227,"GGACT",0.5,NA,NA,NA,NA,NA,NA,NA,NA,NA,0,0,0,NA,NA,NA
"622","ENST00000307366.8","ENSG00000168569.8","OTTHUMG00000167693.2","OTTHUMT00000395674.2","TMEM223-201","TMEM223",1273,"protein_coding",563,85,0.977682650089264,"GGACA",0.847058823529412,NA,NA,NA,NA,NA,NA,NA,NA,NA,0,0,0,NA,NA,NA
"623","ENST00000307377.12","ENSG00000170266.16","OTTHUMG00000155781.8","OTTHUMT00000341571.1","GLB1-202","GLB1",2018,"protein_coding",1647,52,0.923510015010834,"AGACT",0.75,NA,NA,NA,NA,NA,NA,NA,NA,NA,0,0,0,NA,NA,NA
"624","ENST00000307533.10","ENSG00000170846.17","OTTHUMG00000125505.7","OTTHUMT00000246832.3","MRFAP1L2-201","MRFAP1L2",2311,"nonsense_mediated_decay",1470,23,0.911835789680481,"AGACA",0.608695652173913,NA,NA,NA,NA,NA,NA,NA,NA,NA,0,0,0,NA,NA,NA
"625","ENST00000307533.10","ENSG00000170846.17","OTTHUMG00000125505.7","OTTHUMT00000246832.3","MRFAP1L2-201","MRFAP1L2",2311,"nonsense_mediated_decay",1627,48,0.980551660060883,"GGACT",0.791666666666667,NA,NA,NA,NA,NA,NA,NA,NA,NA,0,0,0,NA,NA,NA
"626","ENST00000307533.10","ENSG00000170846.17","OTTHUMG00000125505.7","OTTHUMT00000246832.3","MRFAP1L2-201","MRFAP1L2",2311,"nonsense_mediated_decay",1984,61,0.968725383281708,"TGACT",0.770491803278688,NA,NA,NA,NA,NA,NA,NA,NA,NA,0,0,0,NA,NA,NA
"627","ENST00000307633.7","ENSG00000170445.16","OTTHUMG00000129502.12","OTTHUMT00000372857.1","HARS1-201","HARS1",1780,"protein_coding",1461,21,0.97593879699707,"GGACT",0.714285714285714,NA,NA,NA,NA,NA,NA,NA,NA,NA,0,0,0,NA,NA,NA
"628","ENST00000307650.9","ENSG00000172366.20","OTTHUMG00000048042.8","OTTHUMT00000109347.3","MCRIP2-201","MCRIP2",931,"protein_coding",766,133,0.915057182312012,"GGACT",0.729323308270677,NA,NA,NA,NA,NA,NA,NA,NA,NA,0,0,0,NA,NA,NA
"629","ENST00000307826.5","ENSG00000131446.17","OTTHUMG00000130937.6","OTTHUMT00000368193.2","MGAT1-201","MGAT1",8445,"protein_coding",1286,20,0.90855872631073,"GGACC",0.55,NA,NA,NA,NA,NA,NA,NA,NA,NA,0,0,0,NA,NA,NA
"630","ENST00000307826.5","ENSG00000131446.17","OTTHUMG00000130937.6","OTTHUMT00000368193.2","MGAT1-201","MGAT1",8445,"protein_coding",1375,51,0.968370676040649,"GGACC",0.686274509803922,NA,NA,NA,NA,NA,NA,NA,NA,NA,0,0,0,NA,NA,NA
"631","ENST00000307845.8","ENSG00000115756.13","OTTHUMG00000090451.6","OTTHUMT00000206897.3","HPCAL1-201","HPCAL1",1749,"protein_coding",1336,78,0.961915612220764,"TGACT",0.743589743589744,NA,NA,NA,NA,NA,NA,NA,NA,NA,0,0,0,NA,NA,NA
"632","ENST00000307864.3","ENSG00000042286.15","OTTHUMG00000018398.3","OTTHUMT00000048487.3","AIFM2-201","AIFM2",3134,"protein_coding",1272,195,0.95000171661377,"GGACT",0.723076923076923,NA,NA,NA,NA,NA,NA,NA,NA,NA,0,0,0,NA,NA,NA
"633","ENST00000307877.7","ENSG00000167881.15","OTTHUMG00000180054.3","OTTHUMT00000449487.2","SRP68-201","SRP68",2831,"protein_coding",2292,100,0.959912955760956,"GAACT",0.66,NA,NA,NA,NA,NA,NA,NA,NA,NA,0,0,0,NA,NA,NA
"634","ENST00000307979.7","ENSG00000174446.13","OTTHUMG00000133195.5","OTTHUMT00000420730.1","SNAPC5-201","SNAPC5",794,"protein_coding",629,53,0.944856345653534,"AGACT",0.754716981132076,NA,NA,NA,NA,NA,NA,NA,NA,NA,0,0,0,NA,NA,NA
"635","ENST00000308022.7","ENSG00000172663.9","OTTHUMG00000168034.5","OTTHUMT00000398994.3","TMEM134-201","TMEM134",3551,"protein_coding",311,26,0.953943967819214,"GAACT",0.5,NA,NA,NA,NA,NA,NA,NA,NA,NA,0,0,0,NA,NA,NA
"636","ENST00000308025.8","ENSG00000174243.11","OTTHUMG00000170399.4","OTTHUMT00000408897.3","DDX23-201","DDX23",3256,"protein_coding",3012,45,0.953652381896973,"GGACA",0.622222222222222,NA,NA,NA,NA,NA,NA,NA,NA,NA,0,0,0,NA,NA,NA
"637","ENST00000308278.13","ENSG00000167695.15","OTTHUMG00000177491.6","OTTHUMT00000437155.5","TLCD3A-202","TLCD3A",2224,"protein_coding",1994,20,0.980563521385193,"AGACT",0.75,NA,NA,NA,NA,NA,NA,NA,NA,NA,0,0,0,NA,NA,NA
"638","ENST00000308354.11","ENSG00000120913.24","OTTHUMG00000164270.6","OTTHUMT00000254648.3","PDLIM2-202","PDLIM2",2236,"protein_coding",2012,69,0.928560137748718,"GGACT",0.550724637681159,NA,NA,NA,NA,NA,NA,NA,NA,NA,0,0,0,NA,NA,NA
"639","ENST00000308360.8","ENSG00000087111.22","OTTHUMG00000132604.7","OTTHUMT00000255833.4","PIGS-202","PIGS",2529,"protein_coding",1985,21,0.917315125465393,"GGACT",0.523809523809524,NA,NA,NA,NA,NA,NA,NA,NA,NA,0,0,0,NA,NA,NA
"640","ENST00000308588.10","ENSG00000169371.14","OTTHUMG00000142833.6","OTTHUMT00000286468.2","SNUPN-201","SNUPN",1420,"protein_coding",1214,72,0.93007493019104,"GGACA",0.375,NA,NA,NA,NA,NA,NA,NA,NA,NA,0,0,0,NA,NA,NA
"641","ENST00000308683.3","ENSG00000173545.5","OTTHUMG00000090567.2","OTTHUMT00000207105.2","ZNF622-201","ZNF622",1707,"protein_coding",892,45,0.976206064224243,"GGACT",0.777777777777778,NA,NA,NA,NA,NA,NA,NA,NA,NA,0,0,0,NA,NA,NA
"642","ENST00000308775.7","ENSG00000173402.13","OTTHUMG00000156869.11","OTTHUMT00000346326.4","DAG1-201","DAG1",5387,"protein_coding",5239,47,0.944113671779633,"GGACT",0.680851063829787,NA,NA,NA,NA,NA,NA,NA,NA,NA,0,0,0,NA,NA,NA
"643","ENST00000308946.3","ENSG00000172927.9","OTTHUMG00000167836.5","OTTHUMT00000396548.1","MYEOV-201","MYEOV",2287,"protein_coding",1076,54,0.943443655967712,"GGACT",0.685185185185185,NA,NA,NA,NA,NA,NA,NA,NA,NA,0,0,0,NA,NA,NA
"644","ENST00000308946.3","ENSG00000172927.9","OTTHUMG00000167836.5","OTTHUMT00000396548.1","MYEOV-201","MYEOV",2287,"protein_coding",1233,64,0.93099844455719,"TGACT",0.453125,NA,NA,NA,NA,NA,NA,NA,NA,NA,0,0,0,NA,NA,NA
"645","ENST00000308946.3","ENSG00000172927.9","OTTHUMG00000167836.5","OTTHUMT00000396548.1","MYEOV-201","MYEOV",2287,"protein_coding",1242,66,0.908055603504181,"TGACT",0.621212121212121,NA,NA,NA,NA,NA,NA,NA,NA,NA,0,0,0,NA,NA,NA
"646","ENST00000309100.8","ENSG00000173327.8","OTTHUMG00000166529.5","OTTHUMT00000390209.4","MAP3K11-201","MAP3K11",3543,"protein_coding",2944,20,0.941713869571686,"GGACT",0.75,NA,NA,NA,NA,NA,NA,NA,NA,NA,0,0,0,NA,NA,NA
"647","ENST00000309134.9","ENSG00000175348.11","OTTHUMG00000165676.3","OTTHUMT00000385721.1","TMEM9B-201","TMEM9B",1659,"protein_coding",686,81,0.923205554485321,"GAACT",0.555555555555556,NA,NA,NA,NA,NA,NA,NA,NA,NA,0,0,0,NA,NA,NA
"648","ENST00000309268.11","ENSG00000156508.19","OTTHUMG00000015031.7","OTTHUMT00000128718.2","EEF1A1-201","EEF1A1",3512,"protein_coding",1511,2746,0.920718014240265,"GAACT",0.611070648215586,NA,NA,NA,NA,NA,NA,NA,NA,NA,0,0,0,NA,NA,NA
"649","ENST00000309268.11","ENSG00000156508.19","OTTHUMG00000015031.7","OTTHUMT00000128718.2","EEF1A1-201","EEF1A1",3512,"protein_coding",1552,2626,0.942812204360962,"AGACT",0.55978674790556,NA,NA,NA,NA,NA,NA,NA,NA,NA,0,0,0,NA,NA,NA
"650","ENST00000309311.7","ENSG00000167658.16","OTTHUMG00000181790.3","OTTHUMT00000457615.3","EEF2-201","EEF2",3158,"protein_coding",2885,2054,0.919443130493164,"GGACT",0.590555014605648,83,498,2577,1,83,84,2659,2660,3157,0,0,1,NA,NA,0.451807228915663
"651","ENST00000309519.8","ENSG00000117411.18","OTTHUMG00000008296.1","OTTHUMT00000022844.1","B4GALT2-201","B4GALT2",2004,"protein_coding",1291,21,0.969306290149689,"GGACA",0.666666666666667,NA,NA,NA,NA,NA,NA,NA,NA,NA,0,0,0,NA,NA,NA
"652","ENST00000309519.8","ENSG00000117411.18","OTTHUMG00000008296.1","OTTHUMT00000022844.1","B4GALT2-201","B4GALT2",2004,"protein_coding",1374,20,0.947028815746307,"GGACT",0.65,NA,NA,NA,NA,NA,NA,NA,NA,NA,0,0,0,NA,NA,NA
"653","ENST00000309522.8","ENSG00000138796.18","OTTHUMG00000131810.7","OTTHUMT00000254750.3","HADH-201","HADH",1803,"protein_coding",463,20,0.960635423660278,"GAACA",0.45,NA,NA,NA,NA,NA,NA,NA,NA,NA,0,0,0,NA,NA,NA
"654","ENST00000309534.10","ENSG00000163320.12","OTTHUMG00000159009.7","OTTHUMT00000352895.3","CGGBP1-201","CGGBP1",4495,"protein_coding",510,22,0.939636707305908,"AGACT",0.636363636363636,NA,NA,NA,NA,NA,NA,NA,NA,NA,0,0,0,NA,NA,NA
"655","ENST00000309534.10","ENSG00000163320.12","OTTHUMG00000159009.7","OTTHUMT00000352895.3","CGGBP1-201","CGGBP1",4495,"protein_coding",657,26,0.937571048736572,"AGACT",0.769230769230769,NA,NA,NA,NA,NA,NA,NA,NA,NA,0,0,0,NA,NA,NA
"656","ENST00000309534.10","ENSG00000163320.12","OTTHUMG00000159009.7","OTTHUMT00000352895.3","CGGBP1-201","CGGBP1",4495,"protein_coding",778,47,0.901485502719879,"GGACT",0.680851063829787,NA,NA,NA,NA,NA,NA,NA,NA,NA,0,0,0,NA,NA,NA
"657","ENST00000309594.5","ENSG00000173141.5","OTTHUMG00000016532.3","OTTHUMT00000044105.3","MRPL57-201","MRPL57",2233,"protein_coding",437,227,0.907099485397339,"GAACT",0.634361233480176,NA,NA,NA,NA,NA,NA,NA,NA,NA,0,0,0,NA,NA,NA
"658","ENST00000309594.5","ENSG00000173141.5","OTTHUMG00000016532.3","OTTHUMT00000044105.3","MRPL57-201","MRPL57",2233,"protein_coding",445,225,0.913086712360382,"AAACT",0.493333333333333,NA,NA,NA,NA,NA,NA,NA,NA,NA,0,0,0,NA,NA,NA
"659","ENST00000309657.8","ENSG00000173653.8","OTTHUMG00000167098.2","OTTHUMT00000393105.2","RCE1-201","RCE1",1462,"protein_coding",1275,40,0.930517077445984,"GGACT",0.6,15,457,990,1,15,16,1004,1005,1461,0,0,1,NA,NA,0.590809628008753
"660","ENST00000309922.7","ENSG00000174173.7","OTTHUMG00000159114.5","OTTHUMT00000353400.3","TRMT10C-201","TRMT10C",1813,"protein_coding",1001,53,0.968748033046722,"GGACA",0.622641509433962,NA,NA,NA,NA,NA,NA,NA,NA,NA,0,0,0,NA,NA,NA
"661","ENST00000309934.4","ENSG00000121542.12","OTTHUMG00000159495.17","OTTHUMT00000355770.2","SEC22A-201","SEC22A",4228,"protein_coding",2014,21,0.930959105491638,"AGACT",0.666666666666667,NA,NA,NA,NA,NA,NA,NA,NA,NA,0,0,0,NA,NA,NA
"662","ENST00000310032.12","ENSG00000048140.18","OTTHUMG00000163230.3","OTTHUMT00000372208.1","TSPAN17-202","TSPAN17",2550,"protein_coding",1632,23,0.981152951717377,"GGACT",0.782608695652174,NA,NA,NA,NA,NA,NA,NA,NA,NA,0,0,0,NA,NA,NA
"663","ENST00000310137.5","ENSG00000239306.5","OTTHUMG00000140380.5","OTTHUMT00000277128.1","RBM14-201","RBM14",5367,"protein_coding",2603,87,0.913576245307922,"GGACA",0.551724137931034,NA,NA,NA,NA,NA,NA,NA,NA,NA,0,0,0,NA,NA,NA
"664","ENST00000310574.8","ENSG00000138074.15","OTTHUMG00000097075.10","OTTHUMT00000214194.2","SLC5A6-201","SLC5A6",3213,"protein_coding",2376,23,0.963333368301392,"GGACC",0.434782608695652,NA,NA,NA,NA,NA,NA,NA,NA,NA,0,0,0,NA,NA,NA
"665","ENST00000310574.8","ENSG00000138074.15","OTTHUMG00000097075.10","OTTHUMT00000214194.2","SLC5A6-201","SLC5A6",3213,"protein_coding",2749,73,0.971228420734406,"GGACT",0.73972602739726,NA,NA,NA,NA,NA,NA,NA,NA,NA,0,0,0,NA,NA,NA
"666","ENST00000310597.6","ENSG00000174276.7","OTTHUMG00000165604.3","OTTHUMT00000385260.2","ZNHIT2-201","ZNHIT2",1299,"protein_coding",338,22,0.985840797424316,"GGACT",0.954545454545455,NA,NA,NA,NA,NA,NA,NA,NA,NA,0,0,0,NA,NA,NA
"667","ENST00000310786.10","ENSG00000135535.17","OTTHUMG00000015339.4","OTTHUMT00000041742.3","CD164-202","CD164",3020,"protein_coding",706,89,0.931457161903381,"GGACT",0.662921348314607,NA,NA,NA,NA,NA,NA,NA,NA,NA,0,0,0,NA,NA,NA
"668","ENST00000311086.9","ENSG00000145919.11","OTTHUMG00000130540.5","OTTHUMT00000252963.2","BOD1-202","BOD1",1921,"protein_coding",1096,212,0.926056504249573,"GGACT",0.80188679245283,214,1149,558,1,214,215,771,772,1920,0,0,1,NA,NA,0.281984334203655
"669","ENST00000311181.5","ENSG00000174684.7","OTTHUMG00000167082.2","OTTHUMT00000392959.2","B4GAT1-201","B4GAT1",2007,"protein_coding",1453,44,0.925728499889374,"GGACT",0.909090909090909,NA,NA,NA,NA,NA,NA,NA,NA,NA,0,0,0,NA,NA,NA
"670","ENST00000311413.5","ENSG00000173456.5","OTTHUMG00000166171.2","OTTHUMT00000388220.2","RNF26-201","RNF26",2783,"protein_coding",1954,20,0.991692662239075,"GGACA",0.65,NA,NA,NA,NA,NA,NA,NA,NA,NA,0,0,0,NA,NA,NA
"671","ENST00000311413.5","ENSG00000173456.5","OTTHUMG00000166171.2","OTTHUMT00000388220.2","RNF26-201","RNF26",2783,"protein_coding",2031,25,0.925717830657959,"GGACA",0.56,NA,NA,NA,NA,NA,NA,NA,NA,NA,0,0,0,NA,NA,NA
"672","ENST00000311413.5","ENSG00000173456.5","OTTHUMG00000166171.2","OTTHUMT00000388220.2","RNF26-201","RNF26",2783,"protein_coding",2046,25,0.914410650730133,"AGACT",0.68,NA,NA,NA,NA,NA,NA,NA,NA,NA,0,0,0,NA,NA,NA
"673","ENST00000311502.12","ENSG00000196642.19","OTTHUMG00000020947.13","OTTHUMT00000055141.5","RABL6-201","RABL6",3104,"protein_coding",2729,94,0.913991808891296,"TGACT",0.659574468085106,NA,NA,NA,NA,NA,NA,NA,NA,NA,0,0,0,NA,NA,NA
"674","ENST00000311506.10","ENSG00000087995.16","OTTHUMG00000164527.3","OTTHUMT00000445130.1","METTL2A-201","METTL2A",5799,"protein_coding",346,56,0.965593278408051,"GGACT",0.660714285714286,NA,NA,NA,NA,NA,NA,NA,NA,NA,0,0,0,NA,NA,NA
"675","ENST00000311506.10","ENSG00000087995.16","OTTHUMG00000164527.3","OTTHUMT00000445130.1","METTL2A-201","METTL2A",5799,"protein_coding",401,55,0.926231026649475,"GGACC",0.618181818181818,NA,NA,NA,NA,NA,NA,NA,NA,NA,0,0,0,NA,NA,NA
"676","ENST00000311528.10","ENSG00000167526.14","OTTHUMG00000133770.8","OTTHUMT00000258293.3","RPL13-201","RPL13",2187,"protein_coding",826,340,0.919581055641174,"AGACA",0.617647058823529,NA,NA,NA,NA,NA,NA,NA,NA,NA,0,0,0,NA,NA,NA
"677","ENST00000312055.9","ENSG00000175216.15","OTTHUMG00000166599.5","-","CKAP5-201","CKAP5",6532,"protein_coding",6014,65,0.988276600837708,"AGACT",0.738461538461539,NA,NA,NA,NA,NA,NA,NA,NA,NA,0,0,0,NA,NA,NA
"678","ENST00000312087.10","ENSG00000109685.19","OTTHUMG00000121147.15","OTTHUMT00000366268.1","NSD2-201","NSD2",8050,"nonsense_mediated_decay",7593,22,0.957067847251892,"GGACT",0.454545454545454,NA,NA,NA,NA,NA,NA,NA,NA,NA,0,0,0,NA,NA,NA
"679","ENST00000312090.10","ENSG00000175221.16","OTTHUMG00000181841.12","OTTHUMT00000457893.4","MED16-201","MED16",3229,"protein_coding",2792,26,0.982896745204926,"GGACT",0.884615384615385,NA,NA,NA,NA,NA,NA,NA,NA,NA,0,0,0,NA,NA,NA
"680","ENST00000312090.10","ENSG00000175221.16","OTTHUMG00000181841.12","OTTHUMT00000457893.4","MED16-201","MED16",3229,"protein_coding",3090,44,0.974189043045044,"GGACA",0.5,NA,NA,NA,NA,NA,NA,NA,NA,NA,0,0,0,NA,NA,NA
"681","ENST00000312234.6","ENSG00000175376.9","OTTHUMG00000166671.4","OTTHUMT00000391072.1","EIF1AD-201","EIF1AD",2887,"protein_coding",957,65,0.933234870433807,"GAACT",0.630769230769231,NA,NA,NA,NA,NA,NA,NA,NA,NA,0,0,0,NA,NA,NA
"682","ENST00000312419.8","ENSG00000175482.9","OTTHUMG00000167135.5","OTTHUMT00000393336.2","POLD4-201","POLD4",1694,"protein_coding",716,65,0.905862629413605,"GGACC",0.430769230769231,NA,NA,NA,NA,NA,NA,NA,NA,NA,0,0,0,NA,NA,NA
"683","ENST00000312419.8","ENSG00000175482.9","OTTHUMG00000167135.5","OTTHUMT00000393336.2","POLD4-201","POLD4",1694,"protein_coding",794,96,0.948545217514038,"GGACA",0.645833333333333,NA,NA,NA,NA,NA,NA,NA,NA,NA,0,0,0,NA,NA,NA
"684","ENST00000312419.8","ENSG00000175482.9","OTTHUMG00000167135.5","OTTHUMT00000393336.2","POLD4-201","POLD4",1694,"protein_coding",853,89,0.968370974063873,"GGACT",0.764044943820225,NA,NA,NA,NA,NA,NA,NA,NA,NA,0,0,0,NA,NA,NA
"685","ENST00000312579.4","ENSG00000175602.4","OTTHUMG00000166722.2","OTTHUMT00000391196.2","CCDC85B-201","CCDC85B",963,"protein_coding",364,231,0.93652480840683,"GGACT",0.58008658008658,NA,NA,NA,NA,NA,NA,NA,NA,NA,0,0,0,NA,NA,NA
"686","ENST00000312579.4","ENSG00000175602.4","OTTHUMG00000166722.2","OTTHUMT00000391196.2","CCDC85B-201","CCDC85B",963,"protein_coding",836,405,0.955449402332306,"GGACT",0.77037037037037,NA,NA,NA,NA,NA,NA,NA,NA,NA,0,0,0,NA,NA,NA
"687","ENST00000312579.4","ENSG00000175602.4","OTTHUMG00000166722.2","OTTHUMT00000391196.2","CCDC85B-201","CCDC85B",963,"protein_coding",895,397,0.901529550552368,"GGACT",0.54911838790932,NA,NA,NA,NA,NA,NA,NA,NA,NA,0,0,0,NA,NA,NA
"688","ENST00000312579.4","ENSG00000175602.4","OTTHUMG00000166722.2","OTTHUMT00000391196.2","CCDC85B-201","CCDC85B",963,"protein_coding",916,360,0.954404056072235,"GGACT",0.655555555555556,NA,NA,NA,NA,NA,NA,NA,NA,NA,0,0,0,NA,NA,NA
"689","ENST00000313219.8","ENSG00000147457.14","OTTHUMG00000131785.6","-","CHMP7-201","CHMP7",3367,"protein_coding",2722,21,0.931349217891693,"GGACC",0.523809523809524,NA,NA,NA,NA,NA,NA,NA,NA,NA,0,0,0,NA,NA,NA
"690","ENST00000313219.8","ENSG00000147457.14","OTTHUMG00000131785.6","-","CHMP7-201","CHMP7",3367,"protein_coding",2788,23,0.917810559272766,"TAACT",0.347826086956522,NA,NA,NA,NA,NA,NA,NA,NA,NA,0,0,0,NA,NA,NA
"691","ENST00000313352.11","ENSG00000179950.15","OTTHUMG00000165155.3","OTTHUMT00000382224.1","PUF60-201","PUF60",1804,"protein_coding",1553,186,0.967411279678345,"AGACT",0.763440860215054,NA,NA,NA,NA,NA,NA,NA,NA,NA,0,0,0,NA,NA,NA
"692","ENST00000313352.11","ENSG00000179950.15","OTTHUMG00000165155.3","OTTHUMT00000382224.1","PUF60-201","PUF60",1804,"protein_coding",1680,124,0.973361551761627,"GGACT",0.75,NA,NA,NA,NA,NA,NA,NA,NA,NA,0,0,0,NA,NA,NA
"693","ENST00000313766.6","ENSG00000177706.9","OTTHUMG00000151401.5","OTTHUMT00000322476.3","FAM20C-201","FAM20C",3176,"protein_coding",3018,20,0.979351103305817,"GGACT",0.75,NA,NA,NA,NA,NA,NA,NA,NA,NA,0,0,0,NA,NA,NA
"694","ENST00000314163.12","ENSG00000188092.15","OTTHUMG00000013452.7","OTTHUMT00000037481.3","GPR89B-201","GPR89B",2160,"protein_coding",1485,60,0.911267340183258,"GAACT",0.516666666666667,NA,NA,NA,NA,NA,NA,NA,NA,NA,0,0,0,NA,NA,NA
"695","ENST00000314340.10","ENSG00000177674.16","OTTHUMG00000002230.6","OTTHUMT00000006335.2","AGTRAP-201","AGTRAP",1130,"protein_coding",641,44,0.924151182174683,"GGACC",0.477272727272727,NA,NA,NA,NA,NA,NA,NA,NA,NA,0,0,0,NA,NA,NA
"696","ENST00000314340.10","ENSG00000177674.16","OTTHUMG00000002230.6","OTTHUMT00000006335.2","AGTRAP-201","AGTRAP",1130,"protein_coding",883,97,0.923307240009308,"GGACT",0.56701030927835,NA,NA,NA,NA,NA,NA,NA,NA,NA,0,0,0,NA,NA,NA
"697","ENST00000314392.13","ENSG00000136908.18","OTTHUMG00000020725.2","OTTHUMT00000054324.1","DPM2-201","DPM2",912,"protein_coding",638,97,0.936114311218262,"GGACT",0.701030927835051,NA,NA,NA,NA,NA,NA,NA,NA,NA,0,0,0,NA,NA,NA
"698","ENST00000314392.13","ENSG00000136908.18","OTTHUMG00000020725.2","OTTHUMT00000054324.1","DPM2-201","DPM2",912,"protein_coding",766,107,0.903597474098206,"GGACT",0.532710280373832,NA,NA,NA,NA,NA,NA,NA,NA,NA,0,0,0,NA,NA,NA
"699","ENST00000314423.12","ENSG00000141076.18","OTTHUMG00000137570.7","OTTHUMT00000268950.3","UTP4-201","UTP4",2188,"protein_coding",2133,183,0.916206836700439,"GAACT",0.502732240437158,NA,NA,NA,NA,NA,NA,NA,NA,NA,0,0,0,NA,NA,NA
"700","ENST00000314666.11","ENSG00000178921.14","OTTHUMG00000108188.5","OTTHUMT00000226994.3","PFAS-201","PFAS",5369,"protein_coding",4613,21,0.937974870204926,"GAACT",0.619047619047619,NA,NA,NA,NA,NA,NA,NA,NA,NA,0,0,0,NA,NA,NA
"701","ENST00000314852.2","ENSG00000177971.9","OTTHUMG00000142840.3","OTTHUMT00000286476.1","IMP3-201","IMP3",2028,"protein_coding",1428,129,0.940901517868042,"GGACT",0.62015503875969,NA,NA,NA,NA,NA,NA,NA,NA,NA,0,0,0,NA,NA,NA
"702","ENST00000314852.2","ENSG00000177971.9","OTTHUMG00000142840.3","OTTHUMT00000286476.1","IMP3-201","IMP3",2028,"protein_coding",1695,180,0.950698614120483,"GGACT",0.788888888888889,NA,NA,NA,NA,NA,NA,NA,NA,NA,0,0,0,NA,NA,NA
"703","ENST00000314852.2","ENSG00000177971.9","OTTHUMG00000142840.3","OTTHUMT00000286476.1","IMP3-201","IMP3",2028,"protein_coding",1713,194,0.912750482559204,"TGACT",0.65979381443299,NA,NA,NA,NA,NA,NA,NA,NA,NA,0,0,0,NA,NA,NA
"704","ENST00000314852.2","ENSG00000177971.9","OTTHUMG00000142840.3","OTTHUMT00000286476.1","IMP3-201","IMP3",2028,"protein_coding",1852,172,0.967512547969818,"GGACT",0.779069767441861,NA,NA,NA,NA,NA,NA,NA,NA,NA,0,0,0,NA,NA,NA
"705","ENST00000314888.10","ENSG00000137076.22","OTTHUMG00000019874.5","OTTHUMT00000052353.3","TLN1-201","TLN1",8623,"protein_coding",7817,20,0.984774649143219,"AGACT",0.8,NA,NA,NA,NA,NA,NA,NA,NA,NA,0,0,0,NA,NA,NA
"706","ENST00000314915.6","ENSG00000176697.20","OTTHUMG00000178797.3","OTTHUMT00000388138.1","BDNF-201","BDNF",4340,"protein_coding",1517,41,0.942421495914459,"GAACT",0.560975609756098,NA,NA,NA,NA,NA,NA,NA,NA,NA,0,0,0,NA,NA,NA
"707","ENST00000314915.6","ENSG00000176697.20","OTTHUMG00000178797.3","OTTHUMT00000388138.1","BDNF-201","BDNF",4340,"protein_coding",1672,20,0.93141758441925,"GAACT",0.45,NA,NA,NA,NA,NA,NA,NA,NA,NA,0,0,0,NA,NA,NA
"708","ENST00000314940.7","ENSG00000177733.7","OTTHUMG00000129156.3","OTTHUMT00000251221.3","HNRNPA0-201","HNRNPA0",8713,"protein_coding",390,59,0.985016047954559,"GGACT",0.915254237288136,NA,NA,NA,NA,NA,NA,NA,NA,NA,0,0,0,NA,NA,NA
"709","ENST00000314940.7","ENSG00000177733.7","OTTHUMG00000129156.3","OTTHUMT00000251221.3","HNRNPA0-201","HNRNPA0",8713,"protein_coding",400,60,0.994853317737579,"GGACT",0.933333333333333,NA,NA,NA,NA,NA,NA,NA,NA,NA,0,0,0,NA,NA,NA
"710","ENST00000314940.7","ENSG00000177733.7","OTTHUMG00000129156.3","OTTHUMT00000251221.3","HNRNPA0-201","HNRNPA0",8713,"protein_coding",1160,119,0.996329486370087,"GGACC",0.932773109243697,NA,NA,NA,NA,NA,NA,NA,NA,NA,0,0,0,NA,NA,NA
"711","ENST00000314940.7","ENSG00000177733.7","OTTHUMG00000129156.3","OTTHUMT00000251221.3","HNRNPA0-201","HNRNPA0",8713,"protein_coding",1416,173,0.964443445205688,"GGACT",0.763005780346821,NA,NA,NA,NA,NA,NA,NA,NA,NA,0,0,0,NA,NA,NA
"712","ENST00000314940.7","ENSG00000177733.7","OTTHUMG00000129156.3","OTTHUMT00000251221.3","HNRNPA0-201","HNRNPA0",8713,"protein_coding",1459,185,0.979056298732758,"GGACT",0.891891891891892,NA,NA,NA,NA,NA,NA,NA,NA,NA,0,0,0,NA,NA,NA
"713","ENST00000314940.7","ENSG00000177733.7","OTTHUMG00000129156.3","OTTHUMT00000251221.3","HNRNPA0-201","HNRNPA0",8713,"protein_coding",1484,169,0.97511500120163,"GGACC",0.745562130177515,NA,NA,NA,NA,NA,NA,NA,NA,NA,0,0,0,NA,NA,NA
"714","ENST00000315082.9","ENSG00000140983.15","OTTHUMG00000121139.7","OTTHUMT00000241617.2","RHOT2-201","RHOT2",2490,"protein_coding",2045,46,0.921223342418671,"GGACT",0.630434782608696,NA,NA,NA,NA,NA,NA,NA,NA,NA,0,0,0,NA,NA,NA
"715","ENST00000315144.14","ENSG00000160688.19","OTTHUMG00000037416.2","OTTHUMT00000091090.1","FLAD1-203","FLAD1",1730,"protein_coding",701,21,0.983436763286591,"GGACT",0.761904761904762,NA,NA,NA,NA,NA,NA,NA,NA,NA,0,0,0,NA,NA,NA
"716","ENST00000315144.14","ENSG00000160688.19","OTTHUMG00000037416.2","OTTHUMT00000091090.1","FLAD1-203","FLAD1",1730,"protein_coding",835,22,0.920620441436768,"TGACT",0.636363636363636,NA,NA,NA,NA,NA,NA,NA,NA,NA,0,0,0,NA,NA,NA
"717","ENST00000315322.10","ENSG00000128581.17","OTTHUMG00000157136.4","OTTHUMT00000347565.3","IFT22-201","IFT22",4881,"protein_coding",677,76,0.903972029685974,"GGACT",0.565789473684211,NA,NA,NA,NA,NA,NA,NA,NA,NA,0,0,0,NA,NA,NA
"718","ENST00000315322.10","ENSG00000128581.17","OTTHUMG00000157136.4","OTTHUMT00000347565.3","IFT22-201","IFT22",4881,"protein_coding",892,84,0.963971436023712,"GAACT",0.511904761904762,NA,NA,NA,NA,NA,NA,NA,NA,NA,0,0,0,NA,NA,NA
"719","ENST00000315322.10","ENSG00000128581.17","OTTHUMG00000157136.4","OTTHUMT00000347565.3","IFT22-201","IFT22",4881,"protein_coding",959,83,0.914653420448303,"GGACT",0.626506024096386,NA,NA,NA,NA,NA,NA,NA,NA,NA,0,0,0,NA,NA,NA
"720","ENST00000315323.5","ENSG00000180340.7","OTTHUMG00000181819.2","OTTHUMT00000457806.2","FZD2-201","FZD2",3779,"protein_coding",1964,109,0.91978794336319,"AGACT",0.779816513761468,NA,NA,NA,NA,NA,NA,NA,NA,NA,0,0,0,NA,NA,NA
"721","ENST00000315732.3","ENSG00000181817.6","OTTHUMG00000008140.2","OTTHUMT00000022294.2","LSM10-201","LSM10",860,"protein_coding",347,121,0.947555065155029,"GGACC",0.677685950413223,NA,NA,NA,NA,NA,NA,NA,NA,NA,0,0,0,NA,NA,NA
"722","ENST00000316149.8","ENSG00000123545.6","OTTHUMG00000015246.2","OTTHUMT00000041567.2","NDUFAF4-201","NDUFAF4",2407,"protein_coding",489,238,0.92873340845108,"GGACT",0.651260504201681,NA,NA,NA,NA,NA,NA,NA,NA,NA,0,0,0,NA,NA,NA
"723","ENST00000316292.13","ENSG00000156508.19","OTTHUMG00000015031.7","OTTHUMT00000041210.2","EEF1A1-202","EEF1A1",4441,"protein_coding",2440,2784,0.916961133480072,"GAACT",0.602729885057471,NA,NA,NA,NA,NA,NA,NA,NA,NA,0,0,0,NA,NA,NA
"724","ENST00000316292.13","ENSG00000156508.19","OTTHUMG00000015031.7","OTTHUMT00000041210.2","EEF1A1-202","EEF1A1",4441,"protein_coding",2481,2650,0.935995101928711,"AGACT",0.552075471698113,NA,NA,NA,NA,NA,NA,NA,NA,NA,0,0,0,NA,NA,NA
"725","ENST00000316448.10","ENSG00000179218.15","OTTHUMG00000180574.3","OTTHUMT00000451952.2","CALR-201","CALR",1901,"protein_coding",1347,598,0.939242243766785,"GGACT",0.680602006688963,NA,NA,NA,NA,NA,NA,NA,NA,NA,0,0,0,NA,NA,NA
"726","ENST00000316634.6","ENSG00000174446.13","OTTHUMG00000133195.5","OTTHUMT00000256905.3","SNAPC5-202","SNAPC5",1296,"protein_coding",719,61,0.947303235530853,"AGACT",0.770491803278688,NA,NA,NA,NA,NA,NA,NA,NA,NA,0,0,0,NA,NA,NA
"727","ENST00000316731.13","ENSG00000146574.16","OTTHUMG00000152441.3","OTTHUMT00000246858.1","CCZ1B-201","CCZ1B",1814,"protein_coding",1608,500,0.925791382789612,"GGACT",0.626,NA,NA,NA,NA,NA,NA,NA,NA,NA,0,0,0,NA,NA,NA
"728","ENST00000316967.10","ENSG00000290689.1","-","OTTHUMT00000257498.1","ENST00000316967","ENSG00000290689",2525,"lncRNA",2337,20,0.968138337135315,"GGACT",0.85,NA,NA,NA,NA,NA,NA,NA,NA,NA,0,0,0,NA,NA,NA
"729","ENST00000317147.10","ENSG00000125107.19","OTTHUMG00000133487.12","OTTHUMT00000257385.4","CNOT1-201","CNOT1",8411,"protein_coding",7468,142,0.930439114570618,"TGACT",0.654929577464789,NA,NA,NA,NA,NA,NA,NA,NA,NA,0,0,0,NA,NA,NA
"730","ENST00000317610.11","ENSG00000115310.19","OTTHUMG00000129337.11","OTTHUMT00000251485.1","RTN4-201","RTN4",2333,"protein_coding",1085,53,0.906057596206665,"GAACT",0.528301886792453,NA,NA,NA,NA,NA,NA,NA,NA,NA,0,0,0,NA,NA,NA
"731","ENST00000317635.6","ENSG00000178307.10","OTTHUMG00000178971.3","OTTHUMT00000444150.2","TMEM11-201","TMEM11",958,"protein_coding",434,54,0.972592532634735,"AAACT",0.777777777777778,NA,NA,NA,NA,NA,NA,NA,NA,NA,0,0,0,NA,NA,NA
"732","ENST00000317635.6","ENSG00000178307.10","OTTHUMG00000178971.3","OTTHUMT00000444150.2","TMEM11-201","TMEM11",958,"protein_coding",515,64,0.959125339984894,"AGACT",0.65625,NA,NA,NA,NA,NA,NA,NA,NA,NA,0,0,0,NA,NA,NA
"733","ENST00000317702.10","ENSG00000176014.13","OTTHUMG00000131692.4","OTTHUMT00000254600.3","TUBB6-201","TUBB6",1879,"protein_coding",1556,400,0.903548419475555,"AGACT",0.7125,NA,NA,NA,NA,NA,NA,NA,NA,NA,0,0,0,NA,NA,NA
"734","ENST00000317702.10","ENSG00000176014.13","OTTHUMG00000131692.4","OTTHUMT00000254600.3","TUBB6-201","TUBB6",1879,"protein_coding",1627,397,0.934792399406433,"GGACT",0.64735516372796,NA,NA,NA,NA,NA,NA,NA,NA,NA,0,0,0,NA,NA,NA
"735","ENST00000317702.10","ENSG00000176014.13","OTTHUMG00000131692.4","OTTHUMT00000254600.3","TUBB6-201","TUBB6",1879,"protein_coding",1639,436,0.963760316371918,"GAACT",0.628440366972477,NA,NA,NA,NA,NA,NA,NA,NA,NA,0,0,0,NA,NA,NA
"736","ENST00000317702.10","ENSG00000176014.13","OTTHUMG00000131692.4","OTTHUMT00000254600.3","TUBB6-201","TUBB6",1879,"protein_coding",1786,337,0.907777369022369,"GGACT",0.602373887240356,NA,NA,NA,NA,NA,NA,NA,NA,NA,0,0,0,NA,NA,NA
"737","ENST00000317734.12","ENSG00000080189.15","OTTHUMG00000033050.5","-","SLC35C2-202","SLC35C2",2175,"protein_coding",1448,28,0.938314318656921,"GGACT",0.75,NA,NA,NA,NA,NA,NA,NA,NA,NA,0,0,0,NA,NA,NA
"738","ENST00000317811.6","ENSG00000179431.7","OTTHUMG00000166310.2","OTTHUMT00000389078.2","FJX1-201","FJX1",2406,"protein_coding",2101,45,0.972661852836609,"TGACT",0.666666666666667,NA,NA,NA,NA,NA,NA,NA,NA,NA,0,0,0,NA,NA,NA
"739","ENST00000317943.6","ENSG00000178449.9","OTTHUMG00000185635.2","OTTHUMT00000406990.1","COX14-201","COX14",708,"protein_coding",475,249,0.900543212890625,"GAACT",0.570281124497992,NA,NA,NA,NA,NA,NA,NA,NA,NA,0,0,0,NA,NA,NA
"740","ENST00000318129.6","ENSG00000181938.14","OTTHUMG00000133486.4","OTTHUMT00000257384.2","GINS3-201","GINS3",2200,"protein_coding",1123,20,0.964535236358643,"GGACA",0.6,NA,NA,NA,NA,NA,NA,NA,NA,NA,0,0,0,NA,NA,NA
"741","ENST00000318348.9","ENSG00000139433.11","OTTHUMG00000169278.3","OTTHUMT00000403278.3","GLTP-201","GLTP",2407,"protein_coding",1800,23,0.919648587703705,"GGACT",0.478260869565217,NA,NA,NA,NA,NA,NA,NA,NA,NA,0,0,0,NA,NA,NA
"742","ENST00000318364.13","ENSG00000055950.17","OTTHUMG00000018920.3","OTTHUMT00000049904.1","MRPL43-203","MRPL43",999,"protein_coding",569,74,0.97867351770401,"GGACT",0.932432432432432,NA,NA,NA,NA,NA,NA,NA,NA,NA,0,0,0,NA,NA,NA
"743","ENST00000318407.5","ENSG00000176720.6","OTTHUMG00000133411.5","OTTHUMT00000257268.5","BOK-201","BOK",2626,"protein_coding",1977,77,0.986764311790466,"GGACT",0.818181818181818,NA,NA,NA,NA,NA,NA,NA,NA,NA,0,0,0,NA,NA,NA
"744","ENST00000318493.11","ENSG00000105976.16","OTTHUMG00000023299.10","OTTHUMT00000059620.4","MET-201","MET",6876,"protein_coding",6580,57,0.91281396150589,"GAACT",0.526315789473684,NA,NA,NA,NA,NA,NA,NA,NA,NA,0,0,0,NA,NA,NA
"745","ENST00000318988.10","ENSG00000175826.12","OTTHUMG00000102180.7","OTTHUMT00000440216.2","CTDNEP1-201","CTDNEP1",1549,"protein_coding",1367,140,0.936885058879852,"GGACA",0.614285714285714,NA,NA,NA,NA,NA,NA,NA,NA,NA,0,0,0,NA,NA,NA
"746","ENST00000319004.6","ENSG00000179409.11","OTTHUMG00000177495.5","OTTHUMT00000437181.2","GEMIN4-201","GEMIN4",3744,"protein_coding",3161,20,0.901645123958588,"AGACT",0.75,NA,NA,NA,NA,NA,NA,NA,NA,NA,0,0,0,NA,NA,NA
"747","ENST00000319004.6","ENSG00000179409.11","OTTHUMG00000177495.5","OTTHUMT00000437181.2","GEMIN4-201","GEMIN4",3744,"protein_coding",3427,21,0.952639102935791,"GGACT",0.80952380952381,NA,NA,NA,NA,NA,NA,NA,NA,NA,0,0,0,NA,NA,NA
"748","ENST00000319074.6","ENSG00000179933.6","OTTHUMG00000028717.5","OTTHUMT00000071713.5","C14orf119-201","C14orf119",2914,"protein_coding",534,170,0.975681900978088,"GGACT",0.764705882352941,NA,NA,NA,NA,NA,NA,NA,NA,NA,0,0,0,NA,NA,NA
"749","ENST00000319074.6","ENSG00000179933.6","OTTHUMG00000028717.5","OTTHUMT00000071713.5","C14orf119-201","C14orf119",2914,"protein_coding",712,180,0.989397525787354,"GGACT",0.905555555555556,NA,NA,NA,NA,NA,NA,NA,NA,NA,0,0,0,NA,NA,NA
"750","ENST00000319074.6","ENSG00000179933.6","OTTHUMG00000028717.5","OTTHUMT00000071713.5","C14orf119-201","C14orf119",2914,"protein_coding",918,172,0.951932787895203,"GGACA",0.523255813953488,NA,NA,NA,NA,NA,NA,NA,NA,NA,0,0,0,NA,NA,NA
"751","ENST00000319285.5","ENSG00000179958.10","OTTHUMG00000132416.5","OTTHUMT00000255553.3","DCTPP1-201","DCTPP1",1181,"protein_coding",525,273,0.969249188899994,"GGACA",0.655677655677656,NA,NA,NA,NA,NA,NA,NA,NA,NA,0,0,0,NA,NA,NA
"752","ENST00000319285.5","ENSG00000179958.10","OTTHUMG00000132416.5","OTTHUMT00000255553.3","DCTPP1-201","DCTPP1",1181,"protein_coding",578,303,0.905061900615692,"GGACT",0.653465346534653,NA,NA,NA,NA,NA,NA,NA,NA,NA,0,0,0,NA,NA,NA
"753","ENST00000319296.10","ENSG00000179965.12","OTTHUMG00000176985.4","OTTHUMT00000434612.3","ZNF771-201","ZNF771",2069,"protein_coding",603,24,0.962361931800842,"GGACT",0.791666666666667,NA,NA,NA,NA,NA,NA,NA,NA,NA,0,0,0,NA,NA,NA
"754","ENST00000319296.10","ENSG00000179965.12","OTTHUMG00000176985.4","OTTHUMT00000434612.3","ZNF771-201","ZNF771",2069,"protein_coding",951,55,0.978367626667023,"GGACT",0.854545454545454,NA,NA,NA,NA,NA,NA,NA,NA,NA,0,0,0,NA,NA,NA
"755","ENST00000319349.10","ENSG00000175832.13","OTTHUMG00000180884.2","OTTHUMT00000453489.2","ETV4-201","ETV4",2335,"protein_coding",2085,95,0.972199678421021,"GGACT",0.684210526315789,NA,NA,NA,NA,NA,NA,NA,NA,NA,0,0,0,NA,NA,NA
"756","ENST00000319357.6","ENSG00000164543.7","OTTHUMG00000022825.6","OTTHUMT00000250902.2","STK17A-201","STK17A",3918,"protein_coding",1399,23,0.90458071231842,"GAACT",0.652173913043478,NA,NA,NA,NA,NA,NA,NA,NA,NA,0,0,0,NA,NA,NA
"757","ENST00000319357.6","ENSG00000164543.7","OTTHUMG00000022825.6","OTTHUMT00000250902.2","STK17A-201","STK17A",3918,"protein_coding",1441,41,0.991082012653351,"GGACC",0.853658536585366,NA,NA,NA,NA,NA,NA,NA,NA,NA,0,0,0,NA,NA,NA
"758","ENST00000319769.10","ENSG00000158850.15","OTTHUMG00000034348.2","OTTHUMT00000083054.2","B4GALT3-201","B4GALT3",1933,"protein_coding",1274,45,0.902746617794037,"GGACT",0.644444444444444,NA,NA,NA,NA,NA,NA,NA,NA,NA,0,0,0,NA,NA,NA
"759","ENST00000320031.13","ENSG00000005884.18","OTTHUMG00000161890.7","OTTHUMT00000366298.2","ITGA3-202","ITGA3",4889,"protein_coding",3867,43,0.955852448940277,"GGACC",0.767441860465116,NA,NA,NA,NA,NA,NA,NA,NA,NA,0,0,0,NA,NA,NA
"760","ENST00000320031.13","ENSG00000005884.18","OTTHUMG00000161890.7","OTTHUMT00000366298.2","ITGA3-202","ITGA3",4889,"protein_coding",3932,52,0.990005731582642,"GGACT",1,NA,NA,NA,NA,NA,NA,NA,NA,NA,0,0,0,NA,NA,NA
"761","ENST00000320031.13","ENSG00000005884.18","OTTHUMG00000161890.7","OTTHUMT00000366298.2","ITGA3-202","ITGA3",4889,"protein_coding",4270,99,0.962506294250488,"GGACC",0.535353535353535,NA,NA,NA,NA,NA,NA,NA,NA,NA,0,0,0,NA,NA,NA
"762","ENST00000320031.13","ENSG00000005884.18","OTTHUMG00000161890.7","OTTHUMT00000366298.2","ITGA3-202","ITGA3",4889,"protein_coding",4444,124,0.931145131587982,"GGACA",0.588709677419355,NA,NA,NA,NA,NA,NA,NA,NA,NA,0,0,0,NA,NA,NA
"763","ENST00000320095.12","ENSG00000176845.13","OTTHUMG00000177771.3","OTTHUMT00000438902.3","METRNL-201","METRNL",1690,"protein_coding",1138,20,0.977506220340729,"GGACT",0.85,NA,NA,NA,NA,NA,NA,NA,NA,NA,0,0,0,NA,NA,NA
"764","ENST00000320270.4","ENSG00000179041.4","OTTHUMG00000164765.3","OTTHUMT00000380126.3","RRS1-201","RRS1",1720,"protein_coding",1185,144,0.935661494731903,"GGACA",0.326388888888889,NA,NA,NA,NA,NA,NA,NA,NA,NA,0,0,0,NA,NA,NA
"765","ENST00000320270.4","ENSG00000179041.4","OTTHUMG00000164765.3","OTTHUMT00000380126.3","RRS1-201","RRS1",1720,"protein_coding",1233,117,0.970399856567383,"GGACC",0.47008547008547,NA,NA,NA,NA,NA,NA,NA,NA,NA,0,0,0,NA,NA,NA
"766","ENST00000320270.4","ENSG00000179041.4","OTTHUMG00000164765.3","OTTHUMT00000380126.3","RRS1-201","RRS1",1720,"protein_coding",1252,172,0.979788959026337,"GGACT",0.767441860465116,NA,NA,NA,NA,NA,NA,NA,NA,NA,0,0,0,NA,NA,NA
"767","ENST00000320270.4","ENSG00000179041.4","OTTHUMG00000164765.3","OTTHUMT00000380126.3","RRS1-201","RRS1",1720,"protein_coding",1294,181,0.971413791179657,"GGACT",0.784530386740331,NA,NA,NA,NA,NA,NA,NA,NA,NA,0,0,0,NA,NA,NA
"768","ENST00000320270.4","ENSG00000179041.4","OTTHUMG00000164765.3","OTTHUMT00000380126.3","RRS1-201","RRS1",1720,"protein_coding",1376,162,0.988925158977509,"GGACT",0.932098765432099,NA,NA,NA,NA,NA,NA,NA,NA,NA,0,0,0,NA,NA,NA
"769","ENST00000320270.4","ENSG00000179041.4","OTTHUMG00000164765.3","OTTHUMT00000380126.3","RRS1-201","RRS1",1720,"protein_coding",1409,191,0.924391984939575,"AGACT",0.68586387434555,NA,NA,NA,NA,NA,NA,NA,NA,NA,0,0,0,NA,NA,NA
"770","ENST00000320316.8","ENSG00000040633.13","OTTHUMG00000177972.6","OTTHUMT00000440047.2","PHF23-201","PHF23",1978,"protein_coding",1411,45,0.955385148525238,"GAACT",0.422222222222222,NA,NA,NA,NA,NA,NA,NA,NA,NA,0,0,0,NA,NA,NA
"771","ENST00000320316.8","ENSG00000040633.13","OTTHUMG00000177972.6","OTTHUMT00000440047.2","PHF23-201","PHF23",1978,"protein_coding",1438,55,0.941363036632538,"GAACT",0.563636363636364,NA,NA,NA,NA,NA,NA,NA,NA,NA,0,0,0,NA,NA,NA
"772","ENST00000320316.8","ENSG00000040633.13","OTTHUMG00000177972.6","OTTHUMT00000440047.2","PHF23-201","PHF23",1978,"protein_coding",1574,73,0.952438116073608,"GGACT",0.780821917808219,NA,NA,NA,NA,NA,NA,NA,NA,NA,0,0,0,NA,NA,NA
"773","ENST00000320330.8","ENSG00000280789.2","OTTHUMG00000177143.9","OTTHUMT00000473166.3","PAGR1-201","PAGR1",3874,"protein_coding",332,60,0.9271639585495,"GGACT",0.516666666666667,NA,NA,NA,NA,NA,NA,NA,NA,NA,0,0,0,NA,NA,NA
"774","ENST00000320631.8","ENSG00000110047.18","OTTHUMG00000066832.18","OTTHUMT00000143229.4","EHD1-201","EHD1",4453,"protein_coding",1855,23,0.994146466255188,"AGACT",0.91304347826087,NA,NA,NA,NA,NA,NA,NA,NA,NA,0,0,0,NA,NA,NA
"775","ENST00000320631.8","ENSG00000110047.18","OTTHUMG00000066832.18","OTTHUMT00000143229.4","EHD1-201","EHD1",4453,"protein_coding",1970,22,0.953401148319244,"GAACT",0.772727272727273,NA,NA,NA,NA,NA,NA,NA,NA,NA,0,0,0,NA,NA,NA
"776","ENST00000320631.8","ENSG00000110047.18","OTTHUMG00000066832.18","OTTHUMT00000143229.4","EHD1-201","EHD1",4453,"protein_coding",3353,28,0.958434700965881,"GAACT",0.607142857142857,NA,NA,NA,NA,NA,NA,NA,NA,NA,0,0,0,NA,NA,NA
"777","ENST00000320756.7","ENSG00000111196.10","OTTHUMG00000168407.3","OTTHUMT00000399616.3","MAGOHB-201","MAGOHB",2606,"protein_coding",704,67,0.960904777050018,"GGACA",0.582089552238806,NA,NA,NA,NA,NA,NA,NA,NA,NA,0,0,0,NA,NA,NA
"778","ENST00000320776.5","ENSG00000186222.5","OTTHUMG00000125510.2","OTTHUMT00000246837.2","BLOC1S4-201","BLOC1S4",1491,"protein_coding",817,21,0.927888154983521,"AAACT",0.666666666666667,NA,NA,NA,NA,NA,NA,NA,NA,NA,0,0,0,NA,NA,NA
"779","ENST00000320848.7","ENSG00000178988.11","OTTHUMG00000125507.4","OTTHUMT00000246834.2","MRFAP1L1-201","MRFAP1L1",1578,"protein_coding",649,32,0.938270151615143,"GGACT",0.53125,NA,NA,NA,NA,NA,NA,NA,NA,NA,0,0,0,NA,NA,NA
"780","ENST00000320848.7","ENSG00000178988.11","OTTHUMG00000125507.4","OTTHUMT00000246834.2","MRFAP1L1-201","MRFAP1L1",1578,"protein_coding",673,52,0.933269381523132,"GAACT",0.615384615384615,NA,NA,NA,NA,NA,NA,NA,NA,NA,0,0,0,NA,NA,NA
"781","ENST00000320848.7","ENSG00000178988.11","OTTHUMG00000125507.4","OTTHUMT00000246834.2","MRFAP1L1-201","MRFAP1L1",1578,"protein_coding",1076,69,0.991975605487823,"AGACT",0.884057971014493,NA,NA,NA,NA,NA,NA,NA,NA,NA,0,0,0,NA,NA,NA
"782","ENST00000320895.10","ENSG00000049656.14","OTTHUMG00000131015.5","OTTHUMT00000253649.3","CLPTM1L-201","CLPTM1L",2492,"protein_coding",1990,270,0.949182212352753,"GGACA",0.674074074074074,NA,NA,NA,NA,NA,NA,NA,NA,NA,0,0,0,NA,NA,NA
"783","ENST00000320895.10","ENSG00000049656.14","OTTHUMG00000131015.5","OTTHUMT00000253649.3","CLPTM1L-201","CLPTM1L",2492,"protein_coding",2277,311,0.957330584526062,"GGACT",0.755627009646302,NA,NA,NA,NA,NA,NA,NA,NA,NA,0,0,0,NA,NA,NA
"784","ENST00000320912.8","ENSG00000179010.16","OTTHUMG00000125504.3","OTTHUMT00000246831.1","MRFAP1-201","MRFAP1",2049,"protein_coding",834,120,0.918297588825226,"GGACA",0.566666666666667,NA,NA,NA,NA,NA,NA,NA,NA,NA,0,0,0,NA,NA,NA
"785","ENST00000321256.10","ENSG00000114503.11","OTTHUMG00000155520.5","OTTHUMT00000340470.3","NCBP2-201","NCBP2",2101,"protein_coding",643,110,0.954324185848236,"GGACA",0.463636363636364,NA,NA,NA,NA,NA,NA,NA,NA,NA,0,0,0,NA,NA,NA
"786","ENST00000321562.9","ENSG00000141756.20","OTTHUMG00000133497.6","OTTHUMT00000257410.4","FKBP10-201","FKBP10",2585,"protein_coding",1845,25,0.976891338825226,"GGACT",0.76,NA,NA,NA,NA,NA,NA,NA,NA,NA,0,0,0,NA,NA,NA
"787","ENST00000321898.10","ENSG00000123352.18","OTTHUMG00000169419.11","OTTHUMT00000403928.2","SPATS2-201","SPATS2",3158,"protein_coding",2049,50,0.904271483421326,"GGACT",0.72,NA,NA,NA,NA,NA,NA,NA,NA,NA,0,0,0,NA,NA,NA
"788","ENST00000322008.9","ENSG00000177697.19","OTTHUMG00000133311.10","OTTHUMT00000257108.2","CD151-201","CD151",1545,"protein_coding",627,624,0.955472528934479,"GGACT",0.65224358974359,NA,NA,NA,NA,NA,NA,NA,NA,NA,0,0,0,NA,NA,NA
"789","ENST00000322166.10","ENSG00000111641.13","OTTHUMG00000169163.2","OTTHUMT00000402614.1","NOP2-201","NOP2",2650,"protein_coding",2319,68,0.961166620254517,"GGACC",0.558823529411765,NA,NA,NA,NA,NA,NA,NA,NA,NA,0,0,0,NA,NA,NA
"790","ENST00000322177.6","ENSG00000178718.7","OTTHUMG00000142822.2","OTTHUMT00000286413.1","RPP25-201","RPP25",2355,"protein_coding",797,59,0.950400531291962,"GGACT",0.576271186440678,NA,NA,NA,NA,NA,NA,NA,NA,NA,0,0,0,NA,NA,NA
"791","ENST00000322177.6","ENSG00000178718.7","OTTHUMG00000142822.2","OTTHUMT00000286413.1","RPP25-201","RPP25",2355,"protein_coding",926,66,0.976564288139343,"GGACC",0.818181818181818,NA,NA,NA,NA,NA,NA,NA,NA,NA,0,0,0,NA,NA,NA
"792","ENST00000322177.6","ENSG00000178718.7","OTTHUMG00000142822.2","OTTHUMT00000286413.1","RPP25-201","RPP25",2355,"protein_coding",1057,58,0.995806753635406,"GGACC",0.862068965517241,NA,NA,NA,NA,NA,NA,NA,NA,NA,0,0,0,NA,NA,NA
"793","ENST00000322177.6","ENSG00000178718.7","OTTHUMG00000142822.2","OTTHUMT00000286413.1","RPP25-201","RPP25",2355,"protein_coding",1081,86,0.995245754718781,"GGACA",0.895348837209302,NA,NA,NA,NA,NA,NA,NA,NA,NA,0,0,0,NA,NA,NA
"794","ENST00000322177.6","ENSG00000178718.7","OTTHUMG00000142822.2","OTTHUMT00000286413.1","RPP25-201","RPP25",2355,"protein_coding",1284,61,0.965222895145416,"GGACA",0.639344262295082,NA,NA,NA,NA,NA,NA,NA,NA,NA,0,0,0,NA,NA,NA
"795","ENST00000322269.10","ENSG00000071889.17","OTTHUMG00000013418.20","-","FAM3A-201","FAM3A",1815,"protein_coding",1230,28,0.901912093162537,"GGACA",0.357142857142857,NA,NA,NA,NA,NA,NA,NA,NA,NA,0,0,0,NA,NA,NA
"796","ENST00000322536.8","ENSG00000178105.12","OTTHUMG00000166540.4","OTTHUMT00000390343.2","DDX10-201","DDX10",3217,"protein_coding",2630,81,0.950519919395447,"GGACA",0.54320987654321,NA,NA,NA,NA,NA,NA,NA,NA,NA,0,0,0,NA,NA,NA
"797","ENST00000322611.4","ENSG00000176788.9","OTTHUMG00000131061.8","OTTHUMT00000253716.3","BASP1-201","BASP1",1807,"protein_coding",639,23,0.990317821502686,"AGACT",0.695652173913043,NA,NA,NA,NA,NA,NA,NA,NA,NA,0,0,0,NA,NA,NA
"798","ENST00000322611.4","ENSG00000176788.9","OTTHUMG00000131061.8","OTTHUMT00000253716.3","BASP1-201","BASP1",1807,"protein_coding",700,24,0.97902911901474,"AGACT",0.875,NA,NA,NA,NA,NA,NA,NA,NA,NA,0,0,0,NA,NA,NA
"799","ENST00000322611.4","ENSG00000176788.9","OTTHUMG00000131061.8","OTTHUMT00000253716.3","BASP1-201","BASP1",1807,"protein_coding",878,20,0.994091808795929,"GGACA",0.7,NA,NA,NA,NA,NA,NA,NA,NA,NA,0,0,0,NA,NA,NA
"800","ENST00000322723.9","ENSG00000115053.17","OTTHUMG00000153866.4","OTTHUMT00000332731.2","NCL-201","NCL",3924,"protein_coding",2305,195,0.959088981151581,"GGACT",0.641025641025641,NA,NA,NA,NA,NA,NA,NA,NA,NA,0,0,0,NA,NA,NA
"801","ENST00000323013.7","ENSG00000189306.11","OTTHUMG00000150891.2","OTTHUMT00000320451.2","RRP7A-201","RRP7A",5419,"protein_coding",1079,172,0.937240719795227,"GGACT",0.627906976744186,NA,NA,NA,NA,NA,NA,NA,NA,NA,0,0,0,NA,NA,NA
"802","ENST00000323146.8","ENSG00000176087.16","OTTHUMG00000129495.6","OTTHUMT00000251664.4","SLC35A4-201","SLC35A4",2666,"protein_coding",1526,22,0.95351767539978,"GGACT",0.818181818181818,NA,NA,NA,NA,NA,NA,NA,NA,NA,0,0,0,NA,NA,NA
"803","ENST00000323249.8","ENSG00000131188.12","OTTHUMG00000130861.5","OTTHUMT00000253435.3","PRR7-201","PRR7",1461,"protein_coding",1281,63,0.902700901031494,"GGACT",0.476190476190476,NA,NA,NA,NA,NA,NA,NA,NA,NA,0,0,0,NA,NA,NA
"804","ENST00000323249.8","ENSG00000131188.12","OTTHUMG00000130861.5","OTTHUMT00000253435.3","PRR7-201","PRR7",1461,"protein_coding",1329,85,0.964427411556244,"GGACT",0.635294117647059,NA,NA,NA,NA,NA,NA,NA,NA,NA,0,0,0,NA,NA,NA
"805","ENST00000323249.8","ENSG00000131188.12","OTTHUMG00000130861.5","OTTHUMT00000253435.3","PRR7-201","PRR7",1461,"protein_coding",1370,74,0.97758948802948,"GGACT",0.837837837837838,NA,NA,NA,NA,NA,NA,NA,NA,NA,0,0,0,NA,NA,NA
"806","ENST00000323275.10","ENSG00000127054.22","OTTHUMG00000003330.13","OTTHUMT00000009363.1","INTS11-201","INTS11",2450,"retained_intron",2261,45,0.922943115234375,"GGACT",0.577777777777778,NA,NA,NA,NA,NA,NA,NA,NA,NA,0,0,0,NA,NA,NA
"807","ENST00000323646.9","ENSG00000176485.14","OTTHUMG00000167852.3","OTTHUMT00000396632.1","PLAAT3-201","PLAAT3",2594,"protein_coding",853,280,0.915031135082245,"AGACT",0.535714285714286,NA,NA,NA,NA,NA,NA,NA,NA,NA,0,0,0,NA,NA,NA
"808","ENST00000323666.10","ENSG00000111142.14","OTTHUMG00000170280.3","OTTHUMT00000408296.2","METAP2-202","METAP2",3400,"protein_coding",1564,176,0.929658472537994,"GGACC",0.517045454545455,NA,NA,NA,NA,NA,NA,NA,NA,NA,0,0,0,NA,NA,NA
"809","ENST00000323699.9","ENSG00000143753.14","OTTHUMG00000037496.5","OTTHUMT00000091285.3","DEGS1-201","DEGS1",2032,"protein_coding",284,96,0.953453838825226,"AGACT",0.854166666666667,NA,NA,NA,NA,NA,NA,NA,NA,NA,0,0,0,NA,NA,NA
"810","ENST00000323699.9","ENSG00000143753.14","OTTHUMG00000037496.5","OTTHUMT00000091285.3","DEGS1-201","DEGS1",2032,"protein_coding",290,62,0.989746034145355,"GGACT",0.919354838709677,NA,NA,NA,NA,NA,NA,NA,NA,NA,0,0,0,NA,NA,NA
"811","ENST00000323699.9","ENSG00000143753.14","OTTHUMG00000037496.5","OTTHUMT00000091285.3","DEGS1-201","DEGS1",2032,"protein_coding",349,86,0.964008569717407,"TGACT",0.779069767441861,NA,NA,NA,NA,NA,NA,NA,NA,NA,0,0,0,NA,NA,NA
"812","ENST00000324262.9","ENSG00000133313.15","OTTHUMG00000132853.6","OTTHUMT00000256327.3","CNDP2-201","CNDP2",4975,"protein_coding",1999,21,0.910516619682312,"AGACT",0.619047619047619,NA,NA,NA,NA,NA,NA,NA,NA,NA,0,0,0,NA,NA,NA
"813","ENST00000324262.9","ENSG00000133313.15","OTTHUMG00000132853.6","OTTHUMT00000256327.3","CNDP2-201","CNDP2",4975,"protein_coding",2241,59,0.906775891780853,"GGACA",0.593220338983051,NA,NA,NA,NA,NA,NA,NA,NA,NA,0,0,0,NA,NA,NA
"814","ENST00000324301.12","ENSG00000133313.15","OTTHUMG00000132853.6","OTTHUMT00000444337.2","CNDP2-202","CNDP2",2349,"protein_coding",1699,21,0.912466108798981,"AGACT",0.619047619047619,NA,NA,NA,NA,NA,NA,NA,NA,NA,0,0,0,NA,NA,NA
"815","ENST00000324301.12","ENSG00000133313.15","OTTHUMG00000132853.6","OTTHUMT00000444337.2","CNDP2-202","CNDP2",2349,"protein_coding",1941,59,0.909938335418701,"GGACA",0.593220338983051,NA,NA,NA,NA,NA,NA,NA,NA,NA,0,0,0,NA,NA,NA
"816","ENST00000324460.7","ENSG00000044574.9","OTTHUMG00000020672.2","OTTHUMT00000054062.2","HSPA5-201","HSPA5",3921,"protein_coding",2220,527,0.989565074443817,"GGACT",0.889943074003795,NA,NA,NA,NA,NA,NA,NA,NA,NA,0,0,0,NA,NA,NA
"817","ENST00000324460.7","ENSG00000044574.9","OTTHUMG00000020672.2","OTTHUMT00000054062.2","HSPA5-201","HSPA5",3921,"protein_coding",2228,658,0.91011780500412,"GAACT",0.466565349544073,NA,NA,NA,NA,NA,NA,NA,NA,NA,0,0,0,NA,NA,NA
"818","ENST00000324460.7","ENSG00000044574.9","OTTHUMG00000020672.2","OTTHUMT00000054062.2","HSPA5-201","HSPA5",3921,"protein_coding",2254,649,0.971641838550568,"GAACT",0.599383667180277,NA,NA,NA,NA,NA,NA,NA,NA,NA,0,0,0,NA,NA,NA
"819","ENST00000324557.9","ENSG00000284753.2","OTTHUMG00000192542.1","OTTHUMT00000495788.1","EEF1AKMT4-201","EEF1AKMT4",975,"protein_coding",750,65,0.937052965164185,"GGACT",0.584615384615385,NA,NA,NA,NA,NA,NA,NA,NA,NA,0,0,0,NA,NA,NA
"820","ENST00000324589.9","ENSG00000158089.15","OTTHUMG00000074077.4","OTTHUMT00000157266.1","GALNT14-201","GALNT14",2169,"protein_coding",1840,23,0.910147309303284,"GGACT",0.608695652173913,NA,NA,NA,NA,NA,NA,NA,NA,NA,0,0,0,NA,NA,NA
"821","ENST00000324684.8","ENSG00000161542.17","OTTHUMG00000155969.5","OTTHUMT00000342481.1","PRPSAP1-201","PRPSAP1",1678,"protein_coding",971,22,0.946823239326477,"AGACT",0.590909090909091,NA,NA,NA,NA,NA,NA,NA,NA,NA,0,0,0,NA,NA,NA
"822","ENST00000324684.8","ENSG00000161542.17","OTTHUMG00000155969.5","OTTHUMT00000342481.1","PRPSAP1-201","PRPSAP1",1678,"protein_coding",1159,21,0.978664040565491,"GGACT",0.666666666666667,NA,NA,NA,NA,NA,NA,NA,NA,NA,0,0,0,NA,NA,NA
"823","ENST00000324868.13","ENSG00000139131.13","OTTHUMG00000169454.3","OTTHUMT00000404153.2","YARS2-201","YARS2",2117,"protein_coding",573,61,0.923765301704407,"GGACT",0.704918032786885,NA,NA,NA,NA,NA,NA,NA,NA,NA,0,0,0,NA,NA,NA
"824","ENST00000324871.12","ENSG00000037897.17","OTTHUMG00000150143.6","OTTHUMT00000316528.4","METTL1-202","METTL1",1378,"protein_coding",932,82,0.943218648433685,"AGACT",0.48780487804878,NA,NA,NA,NA,NA,NA,NA,NA,NA,0,0,0,NA,NA,NA
"825","ENST00000324953.9","ENSG00000135535.17","OTTHUMG00000015339.4","OTTHUMT00000041741.3","CD164-203","CD164",2936,"protein_coding",626,65,0.935219585895538,"GGACT",0.676923076923077,NA,NA,NA,NA,NA,NA,NA,NA,NA,0,0,0,NA,NA,NA
"826","ENST00000325102.13","ENSG00000125457.15","OTTHUMG00000179485.4","OTTHUMT00000446671.1","MIF4GD-202","MIF4GD",1319,"protein_coding",894,50,0.905048072338104,"AGACT",0.78,NA,NA,NA,NA,NA,NA,NA,NA,NA,0,0,0,NA,NA,NA
"827","ENST00000325110.11","ENSG00000112972.15","OTTHUMG00000162231.3","OTTHUMT00000368022.2","HMGCS1-201","HMGCS1",5350,"protein_coding",336,48,0.998148560523987,"TGACT",0.791666666666667,NA,NA,NA,NA,NA,NA,NA,NA,NA,0,0,0,NA,NA,NA
"828","ENST00000325167.9","ENSG00000176108.9","OTTHUMG00000177645.3","OTTHUMT00000438215.1","CHMP6-201","CHMP6",1664,"protein_coding",1355,26,0.983855366706848,"GGACC",0.807692307692308,NA,NA,NA,NA,NA,NA,NA,NA,NA,0,0,0,NA,NA,NA
"829","ENST00000325167.9","ENSG00000176108.9","OTTHUMG00000177645.3","OTTHUMT00000438215.1","CHMP6-201","CHMP6",1664,"protein_coding",1496,22,0.949839651584625,"GGACT",0.818181818181818,NA,NA,NA,NA,NA,NA,NA,NA,NA,0,0,0,NA,NA,NA
"830","ENST00000325167.9","ENSG00000176108.9","OTTHUMG00000177645.3","OTTHUMT00000438215.1","CHMP6-201","CHMP6",1664,"protein_coding",1597,73,0.974432051181793,"GGACA",0.602739726027397,NA,NA,NA,NA,NA,NA,NA,NA,NA,0,0,0,NA,NA,NA
"831","ENST00000325207.9","ENSG00000177963.15","OTTHUMG00000119069.7","OTTHUMT00000239282.1","RIC8A-201","RIC8A",2702,"protein_coding",1969,103,0.962963759899139,"GGACT",0.660194174757282,NA,NA,NA,NA,NA,NA,NA,NA,NA,0,0,0,NA,NA,NA
"832","ENST00000325207.9","ENSG00000177963.15","OTTHUMG00000119069.7","OTTHUMT00000239282.1","RIC8A-201","RIC8A",2702,"protein_coding",1988,91,0.958586156368256,"AGACT",0.703296703296703,NA,NA,NA,NA,NA,NA,NA,NA,NA,0,0,0,NA,NA,NA
"833","ENST00000325207.9","ENSG00000177963.15","OTTHUMG00000119069.7","OTTHUMT00000239282.1","RIC8A-201","RIC8A",2702,"protein_coding",2125,105,0.96978485584259,"GGACT",0.819047619047619,NA,NA,NA,NA,NA,NA,NA,NA,NA,0,0,0,NA,NA,NA
"834","ENST00000325207.9","ENSG00000177963.15","OTTHUMG00000119069.7","OTTHUMT00000239282.1","RIC8A-201","RIC8A",2702,"protein_coding",2150,90,0.968255460262299,"GAACT",0.677777777777778,NA,NA,NA,NA,NA,NA,NA,NA,NA,0,0,0,NA,NA,NA
"835","ENST00000325222.9","ENSG00000055130.18","OTTHUMG00000152776.7","OTTHUMT00000467785.2","CUL1-201","CUL1",3147,"protein_coding",2818,83,0.955335378646851,"GGACA",0.55421686746988,NA,NA,NA,NA,NA,NA,NA,NA,NA,0,0,0,NA,NA,NA
"836","ENST00000325222.9","ENSG00000055130.18","OTTHUMG00000152776.7","OTTHUMT00000467785.2","CUL1-201","CUL1",3147,"protein_coding",2856,115,0.919946610927582,"GGACT",0.617391304347826,NA,NA,NA,NA,NA,NA,NA,NA,NA,0,0,0,NA,NA,NA
"837","ENST00000325327.4","ENSG00000176619.13","OTTHUMG00000150626.7","OTTHUMT00000319205.4","LMNB2-201","LMNB2",4634,"protein_coding",4500,187,0.964950680732727,"GGACT",0.828877005347594,26,2745,1863,1,26,27,1888,1889,4633,0,0,1,NA,NA,0.951183970856102
"838","ENST00000325577.8","ENSG00000113456.20","OTTHUMG00000090783.4","OTTHUMT00000207568.2","RAD1-201","RAD1",1153,"nonsense_mediated_decay",825,23,0.94404149055481,"GGACA",0.521739130434783,NA,NA,NA,NA,NA,NA,NA,NA,NA,0,0,0,NA,NA,NA
"839","ENST00000325974.9","ENSG00000122674.12","OTTHUMG00000155502.2","OTTHUMT00000340391.2","CCZ1-201","CCZ1",2379,"protein_coding",1597,493,0.930168092250824,"GGACT",0.618661257606491,NA,NA,NA,NA,NA,NA,NA,NA,NA,0,0,0,NA,NA,NA
"840","ENST00000326195.13","ENSG00000204574.14","OTTHUMG00000031094.8","OTTHUMT00000076137.4","ABCF1-201","ABCF1",3405,"protein_coding",2769,92,0.91914576292038,"AGACT",0.83695652173913,NA,NA,NA,NA,NA,NA,NA,NA,NA,0,0,0,NA,NA,NA
"841","ENST00000326195.13","ENSG00000204574.14","OTTHUMG00000031094.8","OTTHUMT00000076137.4","ABCF1-201","ABCF1",3405,"protein_coding",2899,110,0.970992565155029,"GGACT",0.718181818181818,NA,NA,NA,NA,NA,NA,NA,NA,NA,0,0,0,NA,NA,NA
"842","ENST00000326195.13","ENSG00000204574.14","OTTHUMG00000031094.8","OTTHUMT00000076137.4","ABCF1-201","ABCF1",3405,"protein_coding",3004,122,0.971730709075928,"TGACT",0.844262295081967,NA,NA,NA,NA,NA,NA,NA,NA,NA,0,0,0,NA,NA,NA
"843","ENST00000326631.7","ENSG00000104886.12","OTTHUMG00000180425.5","OTTHUMT00000451255.3","PLEKHJ1-201","PLEKHJ1",1218,"protein_coding",709,57,0.94907808303833,"GGACT",0.614035087719298,NA,NA,NA,NA,NA,NA,NA,NA,NA,0,0,0,NA,NA,NA
"844","ENST00000326804.8","ENSG00000171606.18","OTTHUMG00000183456.6","OTTHUMT00000478904.1","ZNF274-201","ZNF274",2447,"protein_coding",2118,21,0.982035756111145,"GGACT",0.761904761904762,NA,NA,NA,NA,NA,NA,NA,NA,NA,0,0,0,NA,NA,NA
"845","ENST00000326804.8","ENSG00000171606.18","OTTHUMG00000183456.6","OTTHUMT00000478904.1","ZNF274-201","ZNF274",2447,"protein_coding",2149,22,0.967264115810394,"GGACA",0.590909090909091,NA,NA,NA,NA,NA,NA,NA,NA,NA,0,0,0,NA,NA,NA
"846","ENST00000326837.6","ENSG00000132716.19","OTTHUMG00000031604.10","OTTHUMT00000077404.2","DCAF8-201","DCAF8",3972,"protein_coding",2196,20,0.934466361999512,"GGACT",0.75,NA,NA,NA,NA,NA,NA,NA,NA,NA,0,0,0,NA,NA,NA
"847","ENST00000326837.6","ENSG00000132716.19","OTTHUMG00000031604.10","OTTHUMT00000077404.2","DCAF8-201","DCAF8",3972,"protein_coding",2237,23,0.907391607761383,"GGACA",0.347826086956522,NA,NA,NA,NA,NA,NA,NA,NA,NA,0,0,0,NA,NA,NA
"848","ENST00000326837.6","ENSG00000132716.19","OTTHUMG00000031604.10","OTTHUMT00000077404.2","DCAF8-201","DCAF8",3972,"protein_coding",2321,23,0.915142178535461,"GGACT",0.434782608695652,NA,NA,NA,NA,NA,NA,NA,NA,NA,0,0,0,NA,NA,NA
"849","ENST00000327134.7","ENSG00000180370.10","OTTHUMG00000155534.2","OTTHUMT00000340548.1","PAK2-201","PAK2",6139,"protein_coding",4063,25,0.922212779521942,"TGACT",0.52,NA,NA,NA,NA,NA,NA,NA,NA,NA,0,0,0,NA,NA,NA
"850","ENST00000327158.5","ENSG00000177370.5","OTTHUMG00000180175.3","OTTHUMT00000450107.3","TIMM22-201","TIMM22",3182,"protein_coding",658,54,0.977625370025635,"GGACA",0.703703703703704,NA,NA,NA,NA,NA,NA,NA,NA,NA,0,0,0,NA,NA,NA
"851","ENST00000327158.5","ENSG00000177370.5","OTTHUMG00000180175.3","OTTHUMT00000450107.3","TIMM22-201","TIMM22",3182,"protein_coding",795,67,0.973891317844391,"GGACT",0.761194029850746,NA,NA,NA,NA,NA,NA,NA,NA,NA,0,0,0,NA,NA,NA
"852","ENST00000327158.5","ENSG00000177370.5","OTTHUMG00000180175.3","OTTHUMT00000450107.3","TIMM22-201","TIMM22",3182,"protein_coding",1038,71,0.926186501979828,"GGACT",0.549295774647887,NA,NA,NA,NA,NA,NA,NA,NA,NA,0,0,0,NA,NA,NA
"853","ENST00000328434.8","ENSG00000183978.8","OTTHUMG00000180651.2","OTTHUMT00000452397.2","COA3-201","COA3",780,"protein_coding",558,217,0.921303451061249,"TGACT",0.497695852534562,NA,NA,NA,NA,NA,NA,NA,NA,NA,0,0,0,NA,NA,NA
"854","ENST00000328514.11","ENSG00000181938.14","OTTHUMG00000133486.4","OTTHUMT00000422477.1","GINS3-202","GINS3",1932,"protein_coding",966,20,0.971397340297699,"GGACA",0.6,NA,NA,NA,NA,NA,NA,NA,NA,NA,0,0,0,NA,NA,NA
"855","ENST00000328599.4","ENSG00000183665.5","OTTHUMG00000165022.1","OTTHUMT00000381465.1","TRMT12-201","TRMT12",2207,"protein_coding",1472,47,0.984384298324585,"GGACA",0.787234042553192,NA,NA,NA,NA,NA,NA,NA,NA,NA,0,0,0,NA,NA,NA
"856","ENST00000328599.4","ENSG00000183665.5","OTTHUMG00000165022.1","OTTHUMT00000381465.1","TRMT12-201","TRMT12",2207,"protein_coding",1789,75,0.951974987983704,"GAACT",0.573333333333333,NA,NA,NA,NA,NA,NA,NA,NA,NA,0,0,0,NA,NA,NA
"857","ENST00000328599.4","ENSG00000183665.5","OTTHUMG00000165022.1","OTTHUMT00000381465.1","TRMT12-201","TRMT12",2207,"protein_coding",1978,66,0.9820836186409,"GGACT",0.833333333333333,NA,NA,NA,NA,NA,NA,NA,NA,NA,0,0,0,NA,NA,NA
"858","ENST00000328631.10","ENSG00000068745.15","OTTHUMG00000133543.7","OTTHUMT00000257521.3","IP6K2-201","IP6K2",1746,"protein_coding",1231,21,0.966032207012177,"GGACT",0.666666666666667,NA,NA,NA,NA,NA,NA,NA,NA,NA,0,0,0,NA,NA,NA
"859","ENST00000328848.6","ENSG00000182117.7","OTTHUMG00000129440.3","OTTHUMT00000251602.3","NOP10-201","NOP10",507,"protein_coding",327,766,0.903639853000641,"GGACT",0.54177545691906,NA,NA,NA,NA,NA,NA,NA,NA,NA,0,0,0,NA,NA,NA
"860","ENST00000329006.5","ENSG00000185090.15","OTTHUMG00000004317.3","OTTHUMT00000012468.2","MANEAL-201","MANEAL",1930,"protein_coding",1846,25,0.904348433017731,"GAACT",0.52,NA,NA,NA,NA,NA,NA,NA,NA,NA,0,0,0,NA,NA,NA
"861","ENST00000329143.4","ENSG00000165490.13","OTTHUMG00000166929.3","-","DDIAS-201","DDIAS",3367,"protein_coding",3072,21,0.94644558429718,"GAACT",0.571428571428571,NA,NA,NA,NA,NA,NA,NA,NA,NA,0,0,0,NA,NA,NA
"862","ENST00000329143.4","ENSG00000165490.13","OTTHUMG00000166929.3","-","DDIAS-201","DDIAS",3367,"protein_coding",3165,22,0.986877679824829,"GGACT",0.954545454545455,NA,NA,NA,NA,NA,NA,NA,NA,NA,0,0,0,NA,NA,NA
"863","ENST00000329342.10","ENSG00000197172.11","OTTHUMG00000022642.5","OTTHUMT00000058747.3","MAGEA6-201","MAGEA6",1682,"protein_coding",393,21,0.916027367115021,"GAACT",0.666666666666667,NA,NA,NA,NA,NA,NA,NA,NA,NA,0,0,0,NA,NA,NA
"864","ENST00000329548.5","ENSG00000182544.9","OTTHUMG00000170028.4","OTTHUMT00000406896.1","MFSD5-201","MFSD5",1763,"protein_coding",1466,50,0.935401439666748,"GGACT",0.72,NA,NA,NA,NA,NA,NA,NA,NA,NA,0,0,0,NA,NA,NA
"865","ENST00000329548.5","ENSG00000182544.9","OTTHUMG00000170028.4","OTTHUMT00000406896.1","MFSD5-201","MFSD5",1763,"protein_coding",1619,50,0.940911889076233,"TGACT",0.68,NA,NA,NA,NA,NA,NA,NA,NA,NA,0,0,0,NA,NA,NA
"866","ENST00000329548.5","ENSG00000182544.9","OTTHUMG00000170028.4","OTTHUMT00000406896.1","MFSD5-201","MFSD5",1763,"protein_coding",1631,54,0.966530740261078,"TGACT",0.740740740740741,NA,NA,NA,NA,NA,NA,NA,NA,NA,0,0,0,NA,NA,NA
"867","ENST00000329908.12","ENSG00000182149.21","OTTHUMG00000137597.9","OTTHUMT00000269006.1","IST1-201","IST1",2356,"protein_coding",1199,21,0.999267399311066,"AGACT",0.952380952380952,NA,NA,NA,NA,NA,NA,NA,NA,NA,0,0,0,NA,NA,NA
"868","ENST00000329908.12","ENSG00000182149.21","OTTHUMG00000137597.9","OTTHUMT00000269006.1","IST1-201","IST1",2356,"protein_coding",1341,25,0.90405410528183,"AGACT",0.68,NA,NA,NA,NA,NA,NA,NA,NA,NA,0,0,0,NA,NA,NA
"869","ENST00000329908.12","ENSG00000182149.21","OTTHUMG00000137597.9","OTTHUMT00000269006.1","IST1-201","IST1",2356,"protein_coding",1355,28,0.99164617061615,"AGACT",0.892857142857143,NA,NA,NA,NA,NA,NA,NA,NA,NA,0,0,0,NA,NA,NA
"870","ENST00000329908.12","ENSG00000182149.21","OTTHUMG00000137597.9","OTTHUMT00000269006.1","IST1-201","IST1",2356,"protein_coding",1507,22,0.98789781332016,"GGACA",0.909090909090909,NA,NA,NA,NA,NA,NA,NA,NA,NA,0,0,0,NA,NA,NA
"871","ENST00000329908.12","ENSG00000182149.21","OTTHUMG00000137597.9","OTTHUMT00000269006.1","IST1-201","IST1",2356,"protein_coding",2145,123,0.910061836242676,"GGACT",0.552845528455285,NA,NA,NA,NA,NA,NA,NA,NA,NA,0,0,0,NA,NA,NA
"872","ENST00000329994.7","ENSG00000185803.12","OTTHUMG00000165168.9","OTTHUMT00000382406.1","SLC52A2-201","SLC52A2",1910,"protein_coding",1613,49,0.975071668624878,"GGACT",0.795918367346939,NA,NA,NA,NA,NA,NA,NA,NA,NA,0,0,0,NA,NA,NA
"873","ENST00000330055.7","ENSG00000184160.8","OTTHUMG00000159830.2","OTTHUMT00000357607.2","ADRA2C-201","ADRA2C",2142,"protein_coding",1610,53,0.981054663658142,"TGACT",0.867924528301887,NA,NA,NA,NA,NA,NA,NA,NA,NA,0,0,0,NA,NA,NA
"874","ENST00000330537.10","ENSG00000185164.15","OTTHUMG00000131366.2","OTTHUMT00000254155.1","NOMO2-201","NOMO2",4352,"protein_coding",4046,104,0.980713963508606,"GGACC",0.701923076923077,NA,NA,NA,NA,NA,NA,NA,NA,NA,0,0,0,NA,NA,NA
"875","ENST00000330636.9","ENSG00000214113.11","OTTHUMG00000014173.6","OTTHUMT00000353461.3","LYRM4-201","LYRM4",1497,"protein_coding",664,132,0.918916165828705,"GGACT",0.560606060606061,NA,NA,NA,NA,NA,NA,NA,NA,NA,0,0,0,NA,NA,NA
"876","ENST00000330720.7","ENSG00000105438.9","OTTHUMG00000183215.3","OTTHUMT00000465708.2","KDELR1-201","KDELR1",1550,"protein_coding",754,132,0.96399599313736,"AGACA",0.795454545454545,NA,NA,NA,NA,NA,NA,NA,NA,NA,0,0,0,NA,NA,NA
"877","ENST00000330938.8","ENSG00000183255.12","OTTHUMG00000090254.2","OTTHUMT00000206553.2","PTTG1IP-201","PTTG1IP",2600,"protein_coding",1041,66,0.926741600036621,"GAACT",0.5,NA,NA,NA,NA,NA,NA,NA,NA,NA,0,0,0,NA,NA,NA
"878","ENST00000330938.8","ENSG00000183255.12","OTTHUMG00000090254.2","OTTHUMT00000206553.2","PTTG1IP-201","PTTG1IP",2600,"protein_coding",1077,60,0.913421809673309,"GGACA",0.383333333333333,NA,NA,NA,NA,NA,NA,NA,NA,NA,0,0,0,NA,NA,NA
"879","ENST00000331334.5","ENSG00000182512.5","OTTHUMG00000171636.2","OTTHUMT00000414550.2","GLRX5-201","GLRX5",1103,"protein_coding",562,203,0.94497412443161,"AGACT",0.738916256157635,NA,NA,NA,NA,NA,NA,NA,NA,NA,0,0,0,NA,NA,NA
"880","ENST00000331444.12","ENSG00000183628.14","OTTHUMG00000150162.5","OTTHUMT00000316631.3","DGCR6-201","DGCR6",1117,"protein_coding",852,92,0.903964221477509,"GGACT",0.489130434782609,NA,NA,NA,NA,NA,NA,NA,NA,NA,0,0,0,NA,NA,NA
"881","ENST00000331483.9","ENSG00000185624.16","OTTHUMG00000150269.8","OTTHUMT00000317250.4","P4HB-201","P4HB",2437,"protein_coding",2048,20,0.992339968681335,"GGACT",0.95,NA,NA,NA,NA,NA,NA,NA,NA,NA,0,0,0,NA,NA,NA
"882","ENST00000331497.3","ENSG00000182768.9","OTTHUMG00000149807.3","OTTHUMT00000313417.2","NGRN-201","NGRN",2784,"protein_coding_CDS_not_defined",1466,268,0.97759336233139,"GGACT",0.865671641791045,NA,NA,NA,NA,NA,NA,NA,NA,NA,0,0,0,NA,NA,NA
"883","ENST00000331523.7","ENSG00000156508.19","OTTHUMG00000015031.7","OTTHUMT00000128713.2","EEF1A1-203","EEF1A1",2048,"protein_coding",1812,2791,0.912821292877197,"GAACT",0.603367968470082,NA,NA,NA,NA,NA,NA,NA,NA,NA,0,0,0,NA,NA,NA
"884","ENST00000331523.7","ENSG00000156508.19","OTTHUMG00000015031.7","OTTHUMT00000128713.2","EEF1A1-203","EEF1A1",2048,"protein_coding",1853,2673,0.933414280414581,"AGACT",0.539842873176206,NA,NA,NA,NA,NA,NA,NA,NA,NA,0,0,0,NA,NA,NA
"885","ENST00000331531.9","ENSG00000183048.12","OTTHUMG00000178173.2","OTTHUMT00000440815.1","SLC25A10-201","SLC25A10",1946,"protein_coding",1398,22,0.975780665874481,"GGACT",0.727272727272727,NA,NA,NA,NA,NA,NA,NA,NA,NA,0,0,0,NA,NA,NA
"886","ENST00000331944.10","ENSG00000222041.13","OTTHUMG00000130273.15","OTTHUMT00000252606.6","CYTOR-201","CYTOR",529,"lncRNA",385,182,0.916455209255219,"GGACT",0.60989010989011,NA,NA,NA,NA,NA,NA,NA,NA,NA,0,0,0,NA,NA,NA
"887","ENST00000332298.9","ENSG00000171700.14","OTTHUMG00000033024.4","OTTHUMT00000080273.2","RGS19-201","RGS19",1510,"protein_coding",1388,63,0.904304623603821,"GAACT",0.507936507936508,NA,NA,NA,NA,NA,NA,NA,NA,NA,0,0,0,NA,NA,NA
"888","ENST00000332303.6","ENSG00000185115.6","OTTHUMG00000129261.3","OTTHUMT00000251370.3","NSMCE3-201","NSMCE3",4834,"protein_coding",1049,41,0.962634444236755,"GGACC",0.682926829268293,NA,NA,NA,NA,NA,NA,NA,NA,NA,0,0,0,NA,NA,NA
"889","ENST00000332395.7","ENSG00000182810.7","OTTHUMG00000137549.1","OTTHUMT00000268883.1","DDX28-201","DDX28",2317,"protein_coding",1777,45,0.948099136352539,"GAACT",0.666666666666667,NA,NA,NA,NA,NA,NA,NA,NA,NA,0,0,0,NA,NA,NA
"890","ENST00000332598.7","ENSG00000184840.12","OTTHUMG00000130859.3","OTTHUMT00000253433.2","TMED9-201","TMED9",2546,"protein_coding",798,501,0.938823878765106,"GGACT",0.594810379241517,NA,NA,NA,NA,NA,NA,NA,NA,NA,0,0,0,NA,NA,NA
"891","ENST00000333046.8","ENSG00000176058.13","OTTHUMG00000020984.5","OTTHUMT00000055324.2","TPRN-201","TPRN",2109,"protein_coding",2082,20,0.939889907836914,"GGACT",0.5,NA,NA,NA,NA,NA,NA,NA,NA,NA,0,0,0,NA,NA,NA
"892","ENST00000333055.8","ENSG00000131446.17","OTTHUMG00000130937.6","OTTHUMT00000253534.3","MGAT1-202","MGAT1",8863,"protein_coding",1706,20,0.903627097606659,"GGACC",0.55,NA,NA,NA,NA,NA,NA,NA,NA,NA,0,0,0,NA,NA,NA
"893","ENST00000333055.8","ENSG00000131446.17","OTTHUMG00000130937.6","OTTHUMT00000253534.3","MGAT1-202","MGAT1",8863,"protein_coding",1795,51,0.968972027301788,"GGACC",0.686274509803922,NA,NA,NA,NA,NA,NA,NA,NA,NA,0,0,0,NA,NA,NA
"894","ENST00000333175.9","ENSG00000182087.14","OTTHUMG00000181905.8","OTTHUMT00000458237.1","TMEM259-201","TMEM259",2581,"protein_coding",1977,20,0.909249663352966,"GGACT",0.55,NA,NA,NA,NA,NA,NA,NA,NA,NA,0,0,0,NA,NA,NA
"895","ENST00000333213.11","ENSG00000182173.14","OTTHUMG00000179684.3","OTTHUMT00000447618.2","TSEN54-201","TSEN54",1937,"protein_coding",1824,60,0.936786115169525,"GGACT",0.566666666666667,NA,NA,NA,NA,NA,NA,NA,NA,NA,0,0,0,NA,NA,NA
"896","ENST00000333256.11","ENSG00000184281.15","OTTHUMG00000009895.8","OTTHUMT00000027369.4","TSSC4-201","TSSC4",1472,"protein_coding",815,30,0.96806663274765,"TGACT",0.8,NA,NA,NA,NA,NA,NA,NA,NA,NA,0,0,0,NA,NA,NA
"897","ENST00000333483.14","ENSG00000087995.16","OTTHUMG00000164527.3","OTTHUMT00000445131.1","METTL2A-202","METTL2A",1556,"retained_intron",574,50,0.979175686836243,"GGACT",0.72,NA,NA,NA,NA,NA,NA,NA,NA,NA,0,0,0,NA,NA,NA
"898","ENST00000333483.14","ENSG00000087995.16","OTTHUMG00000164527.3","OTTHUMT00000445131.1","METTL2A-202","METTL2A",1556,"retained_intron",629,48,0.933402001857758,"GGACC",0.604166666666667,NA,NA,NA,NA,NA,NA,NA,NA,NA,0,0,0,NA,NA,NA
"899","ENST00000333503.8","ENSG00000184207.9","OTTHUMG00000177047.3","OTTHUMT00000435095.2","PGP-201","PGP",3164,"protein_coding",949,387,0.911188125610352,"TGACT",0.684754521963824,NA,NA,NA,NA,NA,NA,NA,NA,NA,0,0,0,NA,NA,NA
"900","ENST00000333511.9","ENSG00000172270.22","OTTHUMG00000177718.19","OTTHUMT00000438630.6","BSG-201","BSG",1946,"protein_coding",1691,338,0.913172900676727,"GGACT",0.497041420118343,NA,NA,NA,NA,NA,NA,NA,NA,NA,0,0,0,NA,NA,NA
"901","ENST00000334205.9","ENSG00000162302.13","OTTHUMG00000046094.4","OTTHUMT00000106246.3","RPS6KA4-201","RPS6KA4",3128,"protein_coding",2815,120,0.958316922187805,"GGACT",0.741666666666667,NA,NA,NA,NA,NA,NA,NA,NA,NA,0,0,0,NA,NA,NA
"902","ENST00000334598.12","ENSG00000153391.16","OTTHUMG00000132564.6","OTTHUMT00000255768.1","INO80C-202","INO80C",943,"protein_coding",708,22,0.905318439006805,"AGACT",0.727272727272727,NA,NA,NA,NA,NA,NA,NA,NA,NA,0,0,0,NA,NA,NA
"903","ENST00000334598.12","ENSG00000153391.16","OTTHUMG00000132564.6","OTTHUMT00000255768.1","INO80C-202","INO80C",943,"protein_coding",715,23,0.963391900062561,"GGACT",0.826086956521739,NA,NA,NA,NA,NA,NA,NA,NA,NA,0,0,0,NA,NA,NA
"904","ENST00000335125.11","ENSG00000187630.18","OTTHUMG00000028778.8","OTTHUMT00000071858.5","DHRS4L2-201","DHRS4L2",1258,"protein_coding",1079,21,0.96750795841217,"GGACA",0.428571428571428,NA,NA,NA,NA,NA,NA,NA,NA,NA,0,0,0,NA,NA,NA
"905","ENST00000335255.10","ENSG00000141568.21","OTTHUMG00000140374.7","OTTHUMT00000277099.3","FOXK2-201","FOXK2",5243,"protein_coding",2542,22,0.949964284896851,"AGACA",0.681818181818182,NA,NA,NA,NA,NA,NA,NA,NA,NA,0,0,0,NA,NA,NA
"906","ENST00000335255.10","ENSG00000141568.21","OTTHUMG00000140374.7","OTTHUMT00000277099.3","FOXK2-201","FOXK2",5243,"protein_coding",2629,50,0.94215589761734,"AGACT",0.8,NA,NA,NA,NA,NA,NA,NA,NA,NA,0,0,0,NA,NA,NA
"907","ENST00000335255.10","ENSG00000141568.21","OTTHUMG00000140374.7","OTTHUMT00000277099.3","FOXK2-201","FOXK2",5243,"protein_coding",2917,49,0.961876690387726,"GGACT",0.673469387755102,NA,NA,NA,NA,NA,NA,NA,NA,NA,0,0,0,NA,NA,NA
"908","ENST00000335494.5","ENSG00000156521.14","OTTHUMG00000018397.2","OTTHUMT00000048484.1","TYSND1-202","TYSND1",3397,"protein_coding",1904,52,0.962510228157043,"GGACT",0.807692307692308,NA,NA,NA,NA,NA,NA,NA,NA,NA,0,0,0,NA,NA,NA
"909","ENST00000335494.5","ENSG00000156521.14","OTTHUMG00000018397.2","OTTHUMT00000048484.1","TYSND1-202","TYSND1",3397,"protein_coding",1962,49,0.95717442035675,"GGACA",0.612244897959184,NA,NA,NA,NA,NA,NA,NA,NA,NA,0,0,0,NA,NA,NA
"910","ENST00000335765.9","ENSG00000109103.12","OTTHUMG00000132606.7","OTTHUMT00000255842.3","UNC119-202","UNC119",1379,"protein_coding",906,77,0.933916330337524,"GGACC",0.519480519480519,NA,NA,NA,NA,NA,NA,NA,NA,NA,0,0,0,NA,NA,NA
"911","ENST00000336111.9","ENSG00000087263.17","OTTHUMG00000133237.5","OTTHUMT00000434741.2","OGFOD1-201","OGFOD1",2415,"nonsense_mediated_decay",1465,26,0.963754296302795,"GGACT",0.730769230769231,NA,NA,NA,NA,NA,NA,NA,NA,NA,0,0,0,NA,NA,NA
"912","ENST00000336111.9","ENSG00000087263.17","OTTHUMG00000133237.5","OTTHUMT00000434741.2","OGFOD1-201","OGFOD1",2415,"nonsense_mediated_decay",1628,48,0.95707106590271,"GGACT",0.583333333333333,NA,NA,NA,NA,NA,NA,NA,NA,NA,0,0,0,NA,NA,NA
"913","ENST00000336283.9","ENSG00000213523.12","OTTHUMG00000163569.4","OTTHUMT00000374260.4","SRA1-201","SRA1",1328,"protein_coding",781,262,0.961275458335876,"AGACT",0.702290076335878,NA,NA,NA,NA,NA,NA,NA,NA,NA,0,0,0,NA,NA,NA
"914","ENST00000336308.10","ENSG00000131748.16","OTTHUMG00000133213.13","OTTHUMT00000256933.2","STARD3-201","STARD3",2770,"protein_coding",1654,20,0.940135478973389,"GGACT",0.55,139,1293,1338,1,139,140,1476,1477,2769,0,0,1,NA,NA,0.136890951276102
"915","ENST00000336564.5","ENSG00000124444.16","OTTHUMG00000165479.2","OTTHUMT00000384397.1","ZNF576-201","ZNF576",2576,"protein_coding",726,45,0.915969729423523,"GGACT",0.533333333333333,164,1899,513,1,164,165,676,677,2575,0,0,1,NA,NA,0.0258030542390732
"916","ENST00000336761.10","ENSG00000071626.17","OTTHUMG00000180058.9","OTTHUMT00000449528.4","DAZAP1-202","DAZAP1",2290,"protein_coding",1675,147,0.908017933368683,"GGACT",0.707482993197279,NA,NA,NA,NA,NA,NA,NA,NA,NA,0,0,0,NA,NA,NA
"917","ENST00000336767.6","ENSG00000113460.13","OTTHUMG00000162021.3","OTTHUMT00000366826.3","BRIX1-201","BRIX1",1591,"protein_coding",1070,239,0.941419422626495,"GGACA",0.631799163179916,NA,NA,NA,NA,NA,NA,NA,NA,NA,0,0,0,NA,NA,NA
"918","ENST00000337004.8","ENSG00000156471.13","OTTHUMG00000164687.3","OTTHUMT00000379744.1","PTDSS1-201","PTDSS1",2366,"nonsense_mediated_decay",1765,184,0.963024914264679,"GGACT",0.766304347826087,NA,NA,NA,NA,NA,NA,NA,NA,NA,0,0,0,NA,NA,NA
"919","ENST00000337132.10","ENSG00000157191.20","OTTHUMG00000002313.5","OTTHUMT00000006680.3","NECAP2-201","NECAP2",2018,"protein_coding",1446,43,0.93617570400238,"GAACT",0.604651162790698,NA,NA,NA,NA,NA,NA,NA,NA,NA,0,0,0,NA,NA,NA
"920","ENST00000337147.11","ENSG00000092820.19","OTTHUMG00000015917.2","OTTHUMT00000042879.1","EZR-201","EZR",3068,"protein_coding",2152,52,0.945943713188171,"GGACT",0.596153846153846,NA,NA,NA,NA,NA,NA,NA,NA,NA,0,0,0,NA,NA,NA
"921","ENST00000337288.10","ENSG00000084090.14","OTTHUMG00000130457.4","OTTHUMT00000252848.2","STARD7-201","STARD7",3377,"protein_coding",1393,21,0.91699355840683,"GGACT",0.571428571428571,NA,NA,NA,NA,NA,NA,NA,NA,NA,0,0,0,NA,NA,NA
"922","ENST00000337526.11","ENSG00000115310.19","OTTHUMG00000129337.11","OTTHUMT00000251484.2","RTN4-202","RTN4",4697,"protein_coding",3449,20,0.947880029678345,"GAACT",0.55,NA,NA,NA,NA,NA,NA,NA,NA,NA,0,0,0,NA,NA,NA
"923","ENST00000337566.9","ENSG00000100413.17","OTTHUMG00000150971.2","OTTHUMT00000320707.1","POLR3H-201","POLR3H",1330,"protein_coding",1150,44,0.908538579940796,"GGACT",0.613636363636364,NA,NA,NA,NA,NA,NA,NA,NA,NA,0,0,0,NA,NA,NA
"924","ENST00000337573.10","ENSG00000147654.16","OTTHUMG00000165346.4","OTTHUMT00000383536.2","EBAG9-201","EBAG9",2383,"protein_coding",1105,24,0.914250016212463,"GAACT",0.5,NA,NA,NA,NA,NA,NA,NA,NA,NA,0,0,0,NA,NA,NA
"925","ENST00000337970.7","ENSG00000169813.17","OTTHUMG00000018029.3","OTTHUMT00000047705.2","HNRNPF-201","HNRNPF",2186,"protein_coding",420,52,0.954139292240143,"TGACT",0.557692307692308,NA,NA,NA,NA,NA,NA,NA,NA,NA,0,0,0,NA,NA,NA
"926","ENST00000337970.7","ENSG00000169813.17","OTTHUMG00000018029.3","OTTHUMT00000047705.2","HNRNPF-201","HNRNPF",2186,"protein_coding",559,57,0.935245931148529,"GGACA",0.403508771929824,NA,NA,NA,NA,NA,NA,NA,NA,NA,0,0,0,NA,NA,NA
"927","ENST00000337970.7","ENSG00000169813.17","OTTHUMG00000018029.3","OTTHUMT00000047705.2","HNRNPF-201","HNRNPF",2186,"protein_coding",673,53,0.983025908470154,"GGACT",0.622641509433962,NA,NA,NA,NA,NA,NA,NA,NA,NA,0,0,0,NA,NA,NA
"928","ENST00000337970.7","ENSG00000169813.17","OTTHUMG00000018029.3","OTTHUMT00000047705.2","HNRNPF-201","HNRNPF",2186,"protein_coding",965,75,0.967692196369171,"GGACT",0.733333333333333,NA,NA,NA,NA,NA,NA,NA,NA,NA,0,0,0,NA,NA,NA
"929","ENST00000337970.7","ENSG00000169813.17","OTTHUMG00000018029.3","OTTHUMT00000047705.2","HNRNPF-201","HNRNPF",2186,"protein_coding",1396,165,0.933350563049316,"GAACT",0.575757575757576,NA,NA,NA,NA,NA,NA,NA,NA,NA,0,0,0,NA,NA,NA
"930","ENST00000338034.9","ENSG00000006744.19","OTTHUMG00000058764.16","OTTHUMT00000129934.6","ELAC2-201","ELAC2",3767,"protein_coding",2748,135,0.96460634469986,"GGACT",0.822222222222222,NA,NA,NA,NA,NA,NA,NA,NA,NA,0,0,0,NA,NA,NA
"931","ENST00000338492.9","ENSG00000151640.13","OTTHUMG00000019283.3","OTTHUMT00000051050.3","DPYSL4-201","DPYSL4",2664,"protein_coding",2564,21,0.934064090251923,"GGACA",0.523809523809524,NA,NA,NA,NA,NA,NA,NA,NA,NA,0,0,0,NA,NA,NA
"932","ENST00000339083.12","ENSG00000155366.17","OTTHUMG00000011905.6","OTTHUMT00000032903.3","RHOC-202","RHOC",1117,"protein_coding",833,328,0.907135903835297,"GGACT",0.551829268292683,NA,NA,NA,NA,NA,NA,NA,NA,NA,0,0,0,NA,NA,NA
"933","ENST00000339162.11","ENSG00000120913.24","OTTHUMG00000164270.6","-","PDLIM2-203","PDLIM2",2226,"protein_coding",2012,56,0.920683741569519,"GGACT",0.553571428571429,NA,NA,NA,NA,NA,NA,NA,NA,NA,0,0,0,NA,NA,NA
"934","ENST00000339997.8","ENSG00000133318.14","OTTHUMG00000168056.4","OTTHUMT00000397845.2","RTN3-202","RTN3",4886,"protein_coding",3048,118,0.912560224533081,"GAACT",0.644067796610169,NA,NA,NA,NA,NA,NA,NA,NA,NA,0,0,0,NA,NA,NA
"935","ENST00000339997.8","ENSG00000133318.14","OTTHUMG00000168056.4","OTTHUMT00000397845.2","RTN3-202","RTN3",4886,"protein_coding",3381,147,0.937227606773376,"GGACT",0.653061224489796,NA,NA,NA,NA,NA,NA,NA,NA,NA,0,0,0,NA,NA,NA
"936","ENST00000340124.9","ENSG00000166123.14","OTTHUMG00000132541.5","OTTHUMT00000255741.3","GPT2-201","GPT2",3992,"protein_coding",1779,23,0.930398881435394,"TGACT",0.782608695652174,NA,NA,NA,NA,NA,NA,NA,NA,NA,0,0,0,NA,NA,NA
"937","ENST00000340309.7","ENSG00000244687.13","OTTHUMG00000152626.6","OTTHUMT00000080531.1","UBE2V1-201","UBE2V1",2536,"protein_coding",873,62,0.91824471950531,"GGACA",0.467741935483871,NA,NA,NA,NA,NA,NA,NA,NA,NA,0,0,0,NA,NA,NA
"938","ENST00000340437.8","ENSG00000149532.16","OTTHUMG00000168198.5","OTTHUMT00000347830.2","CPSF7-201","CPSF7",3695,"protein_coding",3119,54,0.922510027885437,"GGACT",0.62962962962963,NA,NA,NA,NA,NA,NA,NA,NA,NA,0,0,0,NA,NA,NA
"939","ENST00000340513.4","ENSG00000088325.16","OTTHUMG00000032190.3","OTTHUMT00000078570.1","TPX2-202","TPX2",3605,"protein_coding",3033,169,0.987685978412628,"GGACT",0.781065088757396,NA,NA,NA,NA,NA,NA,NA,NA,NA,0,0,0,NA,NA,NA
"940","ENST00000340611.9","ENSG00000106009.16","OTTHUMG00000119091.5","OTTHUMT00000239305.3","BRAT1-201","BRAT1",2779,"protein_coding",1993,90,0.969944357872009,"GGACT",0.844444444444444,NA,NA,NA,NA,NA,NA,NA,NA,NA,0,0,0,NA,NA,NA
"941","ENST00000340611.9","ENSG00000106009.16","OTTHUMG00000119091.5","OTTHUMT00000239305.3","BRAT1-201","BRAT1",2779,"protein_coding",2551,193,0.906525492668152,"GGACC",0.559585492227979,NA,NA,NA,NA,NA,NA,NA,NA,NA,0,0,0,NA,NA,NA
"942","ENST00000340857.4","ENSG00000189060.6","OTTHUMG00000150659.1","OTTHUMT00000319453.1","H1-0-201","H1-0",2204,"protein_coding",799,88,0.966255128383636,"AGACT",0.659090909090909,NA,NA,NA,NA,NA,NA,NA,NA,NA,0,0,0,NA,NA,NA
"943","ENST00000340857.4","ENSG00000189060.6","OTTHUMG00000150659.1","OTTHUMT00000319453.1","H1-0-201","H1-0",2204,"protein_coding",922,21,0.981179475784302,"GGACA",0.80952380952381,NA,NA,NA,NA,NA,NA,NA,NA,NA,0,0,0,NA,NA,NA
"944","ENST00000340857.4","ENSG00000189060.6","OTTHUMG00000150659.1","OTTHUMT00000319453.1","H1-0-201","H1-0",2204,"protein_coding",1088,96,0.945717632770538,"GGACA",0.4375,NA,NA,NA,NA,NA,NA,NA,NA,NA,0,0,0,NA,NA,NA
"945","ENST00000340990.10","ENSG00000159346.13","OTTHUMG00000041391.10","OTTHUMT00000099160.3","ADIPOR1-201","ADIPOR1",2091,"protein_coding",1672,63,0.914365589618683,"GGACT",0.73015873015873,NA,NA,NA,NA,NA,NA,NA,NA,NA,0,0,0,NA,NA,NA
"946","ENST00000341116.7","ENSG00000128309.17","OTTHUMG00000150543.2","OTTHUMT00000318829.1","MPST-201","MPST",1504,"protein_coding",1210,167,0.905311584472656,"GGACA",0.502994011976048,NA,NA,NA,NA,NA,NA,NA,NA,NA,0,0,0,NA,NA,NA
"947","ENST00000341247.9","ENSG00000050405.14","OTTHUMG00000169852.6","OTTHUMT00000406235.2","LIMA1-201","LIMA1",3680,"protein_coding",3274,74,0.944056034088135,"GAACT",0.635135135135135,NA,NA,NA,NA,NA,NA,NA,NA,NA,0,0,0,NA,NA,NA
"948","ENST00000341249.11","ENSG00000181038.14","OTTHUMG00000180371.3","OTTHUMT00000451002.1","METTL23-201","METTL23",1128,"protein_coding",923,24,0.999775409698486,"GGACA",0.791666666666667,NA,NA,NA,NA,NA,NA,NA,NA,NA,0,0,0,NA,NA,NA
"949","ENST00000341249.11","ENSG00000181038.14","OTTHUMG00000180371.3","OTTHUMT00000451002.1","METTL23-201","METTL23",1128,"protein_coding",958,50,0.912477672100067,"GGACA",0.52,NA,NA,NA,NA,NA,NA,NA,NA,NA,0,0,0,NA,NA,NA
"950","ENST00000341307.6","ENSG00000133318.14","OTTHUMG00000168056.4","OTTHUMT00000397844.1","RTN3-203","RTN3",2524,"protein_coding",754,117,0.902872085571289,"GAACT",0.623931623931624,NA,NA,NA,NA,NA,NA,NA,NA,NA,0,0,0,NA,NA,NA
"951","ENST00000341307.6","ENSG00000133318.14","OTTHUMG00000168056.4","OTTHUMT00000397844.1","RTN3-203","RTN3",2524,"protein_coding",1028,148,0.935160040855408,"GGACT",0.648648648648649,NA,NA,NA,NA,NA,NA,NA,NA,NA,0,0,0,NA,NA,NA
"952","ENST00000341333.10","ENSG00000164081.13","OTTHUMG00000156901.2","OTTHUMT00000346527.1","TEX264-201","TEX264",1320,"protein_coding",1205,150,0.928209006786346,"GGACT",0.586666666666667,NA,NA,NA,NA,NA,NA,NA,NA,NA,0,0,0,NA,NA,NA
"953","ENST00000341567.8","ENSG00000106609.16","OTTHUMG00000129553.6","OTTHUMT00000251745.2","TMEM248-201","TMEM248",4229,"protein_coding",1324,164,0.981493890285492,"AGACA",0.859756097560976,NA,NA,NA,NA,NA,NA,NA,NA,NA,0,0,0,NA,NA,NA
"954","ENST00000341698.2","ENSG00000124208.16","OTTHUMG00000033085.12","OTTHUMT00000080532.5","PEDS1-UBE2V1-201","PEDS1-UBE2V1",2757,"protein_coding",1094,55,0.935978472232819,"GGACA",0.472727272727273,NA,NA,NA,NA,NA,NA,NA,NA,NA,0,0,0,NA,NA,NA
"955","ENST00000341698.2","ENSG00000124208.16","OTTHUMG00000033085.12","OTTHUMT00000080532.5","PEDS1-UBE2V1-201","PEDS1-UBE2V1",2757,"protein_coding",1358,22,0.975119173526764,"GAACT",0.681818181818182,NA,NA,NA,NA,NA,NA,NA,NA,NA,0,0,0,NA,NA,NA
"956","ENST00000342173.11","ENSG00000117543.22","OTTHUMG00000010829.3","OTTHUMT00000029883.1","DPH5-201","DPH5",1143,"protein_coding",952,22,0.938570737838745,"GGACT",0.727272727272727,NA,NA,NA,NA,NA,NA,NA,NA,NA,0,0,0,NA,NA,NA
"957","ENST00000342192.9","ENSG00000185651.16","OTTHUMG00000150823.2","OTTHUMT00000320219.2","UBE2L3-201","UBE2L3",2861,"protein_coding",570,367,0.95813262462616,"GGACT",0.632152588555858,NA,NA,NA,NA,NA,NA,NA,NA,NA,0,0,0,NA,NA,NA
"958","ENST00000342192.9","ENSG00000185651.16","OTTHUMG00000150823.2","OTTHUMT00000320219.2","UBE2L3-201","UBE2L3",2861,"protein_coding",1532,56,0.982198119163513,"GGACT",0.785714285714286,NA,NA,NA,NA,NA,NA,NA,NA,NA,0,0,0,NA,NA,NA
"959","ENST00000342192.9","ENSG00000185651.16","OTTHUMG00000150823.2","OTTHUMT00000320219.2","UBE2L3-201","UBE2L3",2861,"protein_coding",1640,48,0.931392848491669,"GGACT",0.583333333333333,NA,NA,NA,NA,NA,NA,NA,NA,NA,0,0,0,NA,NA,NA
"960","ENST00000342480.7","ENSG00000114631.11","OTTHUMG00000159642.2","OTTHUMT00000356638.2","PODXL2-201","PODXL2",2175,"protein_coding",1818,25,0.944624483585358,"GGACT",0.72,NA,NA,NA,NA,NA,NA,NA,NA,NA,0,0,0,NA,NA,NA
"961","ENST00000342480.7","ENSG00000114631.11","OTTHUMG00000159642.2","OTTHUMT00000356638.2","PODXL2-201","PODXL2",2175,"protein_coding",1888,22,0.920962154865265,"GGACC",0.409090909090909,NA,NA,NA,NA,NA,NA,NA,NA,NA,0,0,0,NA,NA,NA
"962","ENST00000342480.7","ENSG00000114631.11","OTTHUMG00000159642.2","OTTHUMT00000356638.2","PODXL2-201","PODXL2",2175,"protein_coding",2135,23,0.949201285839081,"GGACT",0.652173913043478,NA,NA,NA,NA,NA,NA,NA,NA,NA,0,0,0,NA,NA,NA
"963","ENST00000342556.6","ENSG00000166886.13","OTTHUMG00000171192.2","OTTHUMT00000412224.1","NAB2-202","NAB2",2318,"protein_coding",1805,25,0.956041395664215,"GGACT",0.6,NA,NA,NA,NA,NA,NA,NA,NA,NA,0,0,0,NA,NA,NA
"964","ENST00000342556.6","ENSG00000166886.13","OTTHUMG00000171192.2","OTTHUMT00000412224.1","NAB2-202","NAB2",2318,"protein_coding",1896,22,0.991967797279358,"GGACT",0.863636363636364,NA,NA,NA,NA,NA,NA,NA,NA,NA,0,0,0,NA,NA,NA
"965","ENST00000342679.9","ENSG00000034152.20","OTTHUMG00000134322.7","OTTHUMT00000259374.3","MAP2K3-202","MAP2K3",2256,"protein_coding",2100,26,0.94959568977356,"GGACT",0.730769230769231,NA,NA,NA,NA,NA,NA,NA,NA,NA,0,0,0,NA,NA,NA
"966","ENST00000342784.7","ENSG00000105137.13","OTTHUMG00000183207.4","OTTHUMT00000465666.2","SYDE1-201","SYDE1",3252,"protein_coding",2275,23,0.95063316822052,"GGACC",0.652173913043478,NA,NA,NA,NA,NA,NA,NA,NA,NA,0,0,0,NA,NA,NA
"967","ENST00000342784.7","ENSG00000105137.13","OTTHUMG00000183207.4","OTTHUMT00000465666.2","SYDE1-201","SYDE1",3252,"protein_coding",2394,20,0.962177217006683,"AGACT",0.7,NA,NA,NA,NA,NA,NA,NA,NA,NA,0,0,0,NA,NA,NA
"968","ENST00000342784.7","ENSG00000105137.13","OTTHUMG00000183207.4","OTTHUMT00000465666.2","SYDE1-201","SYDE1",3252,"protein_coding",2761,54,0.927321493625641,"GGACA",0.592592592592593,NA,NA,NA,NA,NA,NA,NA,NA,NA,0,0,0,NA,NA,NA
"969","ENST00000342981.8","ENSG00000114867.22","OTTHUMG00000156784.21","OTTHUMT00000345727.1","EIF4G1-201","EIF4G1",5667,"protein_coding",5280,194,0.936271190643311,"GGACT",0.649484536082474,NA,NA,NA,NA,NA,NA,NA,NA,NA,0,0,0,NA,NA,NA
"970","ENST00000343028.9","ENSG00000064115.11","OTTHUMG00000169243.9","OTTHUMT00000403033.2","TM7SF3-201","TM7SF3",4315,"protein_coding",1813,50,0.937267601490021,"GGACC",0.52,NA,NA,NA,NA,NA,NA,NA,NA,NA,0,0,0,NA,NA,NA
"971","ENST00000343043.7","ENSG00000132676.16","OTTHUMG00000035439.6","OTTHUMT00000086043.1","DAP3-201","DAP3",1649,"protein_coding",1489,258,0.959889233112335,"GGACT",0.748062015503876,NA,NA,NA,NA,NA,NA,NA,NA,NA,0,0,0,NA,NA,NA
"972","ENST00000343053.6","ENSG00000188986.9","OTTHUMG00000131778.3","OTTHUMT00000254710.3","NELFB-201","NELFB",2540,"protein_coding",2097,64,0.994855463504791,"GGACC",0.71875,NA,NA,NA,NA,NA,NA,NA,NA,NA,0,0,0,NA,NA,NA
"973","ENST00000343380.6","ENSG00000101412.13","OTTHUMG00000032265.3","OTTHUMT00000078731.3","E2F1-201","E2F1",2690,"protein_coding",2134,49,0.917678534984589,"GAACT",0.551020408163265,NA,NA,NA,NA,NA,NA,NA,NA,NA,0,0,0,NA,NA,NA
"974","ENST00000343597.4","ENSG00000189057.11","OTTHUMG00000167279.5","OTTHUMT00000393974.2","FAM111B-201","FAM111B",3506,"protein_coding",2940,58,0.974546015262604,"GAACT",0.655172413793103,NA,NA,NA,NA,NA,NA,NA,NA,NA,0,0,0,NA,NA,NA
"975","ENST00000343597.4","ENSG00000189057.11","OTTHUMG00000167279.5","OTTHUMT00000393974.2","FAM111B-201","FAM111B",3506,"protein_coding",3290,106,0.942284286022186,"GGACA",0.660377358490566,NA,NA,NA,NA,NA,NA,NA,NA,NA,0,0,0,NA,NA,NA
"976","ENST00000343597.4","ENSG00000189057.11","OTTHUMG00000167279.5","OTTHUMT00000393974.2","FAM111B-201","FAM111B",3506,"protein_coding",3463,101,0.933677971363068,"GGACT",0.683168316831683,NA,NA,NA,NA,NA,NA,NA,NA,NA,0,0,0,NA,NA,NA
"977","ENST00000343638.9","ENSG00000108312.16","OTTHUMG00000167585.6","OTTHUMT00000395204.2","UBTF-202","UBTF",4684,"protein_coding",2458,22,0.957530915737152,"AGACT",0.5,NA,NA,NA,NA,NA,NA,NA,NA,NA,0,0,0,NA,NA,NA
"978","ENST00000343638.9","ENSG00000108312.16","OTTHUMG00000167585.6","OTTHUMT00000395204.2","UBTF-202","UBTF",4684,"protein_coding",2780,30,0.90214866399765,"GGACA",0.5,NA,NA,NA,NA,NA,NA,NA,NA,NA,0,0,0,NA,NA,NA
"979","ENST00000343666.6","ENSG00000187713.7","OTTHUMG00000020985.3","OTTHUMT00000055325.3","TMEM203-201","TMEM203",1567,"protein_coding",953,119,0.940920293331146,"AAACT",0.563025210084034,NA,NA,NA,NA,NA,NA,NA,NA,NA,0,0,0,NA,NA,NA
"980","ENST00000343666.6","ENSG00000187713.7","OTTHUMG00000020985.3","OTTHUMT00000055325.3","TMEM203-201","TMEM203",1567,"protein_coding",981,115,0.992134153842926,"GGACT",0.904347826086957,NA,NA,NA,NA,NA,NA,NA,NA,NA,0,0,0,NA,NA,NA
"981","ENST00000343666.6","ENSG00000187713.7","OTTHUMG00000020985.3","OTTHUMT00000055325.3","TMEM203-201","TMEM203",1567,"protein_coding",1041,128,0.994715809822083,"GGACT",0.8984375,NA,NA,NA,NA,NA,NA,NA,NA,NA,0,0,0,NA,NA,NA
"982","ENST00000343666.6","ENSG00000187713.7","OTTHUMG00000020985.3","OTTHUMT00000055325.3","TMEM203-201","TMEM203",1567,"protein_coding",1210,149,0.902335941791534,"AGACA",0.469798657718121,NA,NA,NA,NA,NA,NA,NA,NA,NA,0,0,0,NA,NA,NA
"983","ENST00000343666.6","ENSG00000187713.7","OTTHUMG00000020985.3","OTTHUMT00000055325.3","TMEM203-201","TMEM203",1567,"protein_coding",1318,152,0.967109262943268,"AGACT",0.769736842105263,NA,NA,NA,NA,NA,NA,NA,NA,NA,0,0,0,NA,NA,NA
"984","ENST00000343666.6","ENSG00000187713.7","OTTHUMG00000020985.3","OTTHUMT00000055325.3","TMEM203-201","TMEM203",1567,"protein_coding",1333,160,0.946136236190796,"GGACT",0.79375,NA,NA,NA,NA,NA,NA,NA,NA,NA,0,0,0,NA,NA,NA
"985","ENST00000343674.10","ENSG00000149091.15","OTTHUMG00000166437.8","OTTHUMT00000389770.1","DGKZ-202","DGKZ",3816,"protein_coding",3371,25,0.991977751255035,"GGACT",0.8,NA,NA,NA,NA,NA,NA,NA,NA,NA,0,0,0,NA,NA,NA
"986","ENST00000343674.10","ENSG00000149091.15","OTTHUMG00000166437.8","OTTHUMT00000389770.1","DGKZ-202","DGKZ",3816,"protein_coding",3419,22,0.987389326095581,"GGACC",0.5,NA,NA,NA,NA,NA,NA,NA,NA,NA,0,0,0,NA,NA,NA
"987","ENST00000343674.10","ENSG00000149091.15","OTTHUMG00000166437.8","OTTHUMT00000389770.1","DGKZ-202","DGKZ",3816,"protein_coding",3727,21,0.992921769618988,"GGACT",0.904761904761905,NA,NA,NA,NA,NA,NA,NA,NA,NA,0,0,0,NA,NA,NA
"988","ENST00000343813.10","ENSG00000116237.16","OTTHUMG00000001254.3","OTTHUMT00000003681.2","ICMT-201","ICMT",4795,"protein_coding",900,20,0.911823391914368,"GGACC",0.6,NA,NA,NA,NA,NA,NA,NA,NA,NA,0,0,0,NA,NA,NA
"989","ENST00000343813.10","ENSG00000116237.16","OTTHUMG00000001254.3","OTTHUMT00000003681.2","ICMT-201","ICMT",4795,"protein_coding",958,20,0.973837912082672,"GGACA",0.9,NA,NA,NA,NA,NA,NA,NA,NA,NA,0,0,0,NA,NA,NA
"990","ENST00000343813.10","ENSG00000116237.16","OTTHUMG00000001254.3","OTTHUMT00000003681.2","ICMT-201","ICMT",4795,"protein_coding",1068,23,0.908776462078094,"GGACC",0.521739130434783,NA,NA,NA,NA,NA,NA,NA,NA,NA,0,0,0,NA,NA,NA
"991","ENST00000343813.10","ENSG00000116237.16","OTTHUMG00000001254.3","OTTHUMT00000003681.2","ICMT-201","ICMT",4795,"protein_coding",1246,24,0.990547955036163,"GGACT",0.875,NA,NA,NA,NA,NA,NA,NA,NA,NA,0,0,0,NA,NA,NA
"992","ENST00000343813.10","ENSG00000116237.16","OTTHUMG00000001254.3","OTTHUMT00000003681.2","ICMT-201","ICMT",4795,"protein_coding",1264,24,0.98819100856781,"GGACT",0.791666666666667,NA,NA,NA,NA,NA,NA,NA,NA,NA,0,0,0,NA,NA,NA
"993","ENST00000343813.10","ENSG00000116237.16","OTTHUMG00000001254.3","OTTHUMT00000003681.2","ICMT-201","ICMT",4795,"protein_coding",2101,145,0.912280023097992,"GGACT",0.662068965517241,NA,NA,NA,NA,NA,NA,NA,NA,NA,0,0,0,NA,NA,NA
"994","ENST00000343815.10","ENSG00000143569.20","OTTHUMG00000035983.6","OTTHUMT00000087674.1","UBAP2L-202","UBAP2L",3411,"protein_coding",3215,73,0.982181370258331,"GAACT",0.602739726027397,NA,NA,NA,NA,NA,NA,NA,NA,NA,0,0,0,NA,NA,NA
"995","ENST00000343938.9","ENSG00000224051.7","OTTHUMG00000003171.4","OTTHUMT00000008742.2","CPTP-201","CPTP",2154,"protein_coding",1818,20,0.939171016216278,"GGACT",0.65,NA,NA,NA,NA,NA,NA,NA,NA,NA,0,0,0,NA,NA,NA
"996","ENST00000343938.9","ENSG00000224051.7","OTTHUMG00000003171.4","OTTHUMT00000008742.2","CPTP-201","CPTP",2154,"protein_coding",1926,23,0.902023673057556,"GGACC",0.391304347826087,NA,NA,NA,NA,NA,NA,NA,NA,NA,0,0,0,NA,NA,NA
"997","ENST00000344376.9","ENSG00000168397.17","OTTHUMG00000151514.17","OTTHUMT00000322970.1","ATG4B-201","ATG4B",1566,"nonsense_mediated_decay",1377,26,0.981294691562653,"GGACT",0.884615384615385,NA,NA,NA,NA,NA,NA,NA,NA,NA,0,0,0,NA,NA,NA
"998","ENST00000344376.9","ENSG00000168397.17","OTTHUMG00000151514.17","OTTHUMT00000322970.1","ATG4B-201","ATG4B",1566,"nonsense_mediated_decay",1420,26,0.964522004127502,"AGACT",0.730769230769231,NA,NA,NA,NA,NA,NA,NA,NA,NA,0,0,0,NA,NA,NA
"999","ENST00000344417.10","ENSG00000146576.13","OTTHUMG00000125517.3","OTTHUMT00000246844.3","INTS15-201","INTS15",2178,"protein_coding",1267,21,0.935859024524689,"GAACT",0.666666666666667,NA,NA,NA,NA,NA,NA,NA,NA,NA,0,0,0,NA,NA,NA
"1000","ENST00000344697.3","ENSG00000144647.7","OTTHUMG00000133038.3","OTTHUMT00000256643.2","POMGNT2-201","POMGNT2",2547,"protein_coding",2271,21,0.930584609508514,"GGACC",0.619047619047619,NA,NA,NA,NA,NA,NA,NA,NA,NA,0,0,0,NA,NA,NA
"1001","ENST00000344843.12","ENSG00000242485.6","OTTHUMG00000002916.4","OTTHUMT00000008139.2","MRPL20-201","MRPL20",700,"protein_coding",528,501,0.949198961257935,"GGACT",0.6187624750499,NA,NA,NA,NA,NA,NA,NA,NA,NA,0,0,0,NA,NA,NA
"1002","ENST00000344951.8","ENSG00000036257.14","OTTHUMG00000133167.6","-","CUL3-202","CUL3",6592,"protein_coding",2527,64,0.97420746088028,"GGACT",0.828125,NA,NA,NA,NA,NA,NA,NA,NA,NA,0,0,0,NA,NA,NA
"1003","ENST00000344951.8","ENSG00000036257.14","OTTHUMG00000133167.6","-","CUL3-202","CUL3",6592,"protein_coding",2545,60,0.981757998466492,"GGACT",0.85,NA,NA,NA,NA,NA,NA,NA,NA,NA,0,0,0,NA,NA,NA
"1004","ENST00000344956.8","ENSG00000073008.16","OTTHUMG00000151527.5","OTTHUMT00000451617.2","PVR-202","PVR",3166,"protein_coding",2622,24,0.932534992694855,"GGACT",0.625,NA,NA,NA,NA,NA,NA,NA,NA,NA,0,0,0,NA,NA,NA
"1005","ENST00000344956.8","ENSG00000073008.16","OTTHUMG00000151527.5","OTTHUMT00000451617.2","PVR-202","PVR",3166,"protein_coding",2841,22,0.966963350772858,"AAACT",0.590909090909091,NA,NA,NA,NA,NA,NA,NA,NA,NA,0,0,0,NA,NA,NA
"1006","ENST00000345016.9","ENSG00000065000.20","OTTHUMG00000180354.6","OTTHUMT00000450912.2","AP3D1-201","AP3D1",4870,"protein_coding",4632,54,0.932314515113831,"GGACT",0.648148148148148,NA,NA,NA,NA,NA,NA,NA,NA,NA,0,0,0,NA,NA,NA
"1007","ENST00000345094.7","ENSG00000134077.16","OTTHUMG00000097031.8","OTTHUMT00000214127.1","THUMPD3-201","THUMPD3",3961,"protein_coding",967,21,0.917476296424866,"AGACT",0.523809523809524,NA,NA,NA,NA,NA,NA,NA,NA,NA,0,0,0,NA,NA,NA
"1008","ENST00000345358.12","ENSG00000087088.21","OTTHUMG00000160476.4","OTTHUMT00000360767.2","BAX-202","BAX",795,"protein_coding",651,47,0.984314441680908,"GGACT",0.808510638297872,NA,NA,NA,NA,NA,NA,NA,NA,NA,0,0,0,NA,NA,NA
"1009","ENST00000345496.7","ENSG00000184787.19","OTTHUMG00000089179.7","OTTHUMT00000202647.4","UBE2G2-202","UBE2G2",3367,"protein_coding",2314,65,0.941054403781891,"AGACT",0.492307692307692,NA,NA,NA,NA,NA,NA,NA,NA,NA,0,0,0,NA,NA,NA
"1010","ENST00000345724.7","ENSG00000172175.16","OTTHUMG00000132761.7","OTTHUMT00000256133.2","MALT1-201","MALT1",2866,"protein_coding",2422,25,0.960607886314392,"GGACT",0.6,NA,NA,NA,NA,NA,NA,NA,NA,NA,0,0,0,NA,NA,NA
"1011","ENST00000345745.9","ENSG00000171307.19","OTTHUMG00000018847.6","OTTHUMT00000049661.1","ZDHHC16-201","ZDHHC16",1519,"protein_coding",1235,52,0.9765704870224,"GGACT",0.75,NA,NA,NA,NA,NA,NA,NA,NA,NA,0,0,0,NA,NA,NA
"1012","ENST00000345813.7","ENSG00000171606.18","OTTHUMG00000183456.6","OTTHUMT00000466732.4","ZNF274-202","ZNF274",2678,"protein_coding",2347,21,0.98190826177597,"GGACT",0.761904761904762,NA,NA,NA,NA,NA,NA,NA,NA,NA,0,0,0,NA,NA,NA
"1013","ENST00000345813.7","ENSG00000171606.18","OTTHUMG00000183456.6","OTTHUMT00000466732.4","ZNF274-202","ZNF274",2678,"protein_coding",2378,22,0.966988146305084,"GGACA",0.590909090909091,NA,NA,NA,NA,NA,NA,NA,NA,NA,0,0,0,NA,NA,NA
"1014","ENST00000346162.10","ENSG00000096063.16","OTTHUMG00000014583.7","OTTHUMT00000040321.2","SRPK1-201","SRPK1",4762,"retained_intron",3940,80,0.924298584461212,"GGACT",0.5625,NA,NA,NA,NA,NA,NA,NA,NA,NA,0,0,0,NA,NA,NA
"1015","ENST00000346169.7","ENSG00000114867.22","OTTHUMG00000156784.21","OTTHUMT00000345733.1","EIF4G1-202","EIF4G1",5405,"protein_coding",5023,190,0.950718522071838,"GGACT",0.673684210526316,NA,NA,NA,NA,NA,NA,NA,NA,NA,0,0,0,NA,NA,NA
"1016","ENST00000346528.9","ENSG00000100461.18","OTTHUMG00000171467.10","OTTHUMT00000413547.1","RBM23-202","RBM23",2361,"protein_coding",1596,51,0.962481796741486,"GGACT",0.764705882352941,NA,NA,NA,NA,NA,NA,NA,NA,NA,0,0,0,NA,NA,NA
"1017","ENST00000346528.9","ENSG00000100461.18","OTTHUMG00000171467.10","OTTHUMT00000413547.1","RBM23-202","RBM23",2361,"protein_coding",1840,55,0.911130964756012,"GGACT",0.545454545454545,NA,NA,NA,NA,NA,NA,NA,NA,NA,0,0,0,NA,NA,NA
"1018","ENST00000346693.8","ENSG00000102181.22","OTTHUMG00000024247.7","OTTHUMT00000061200.3","CD99L2-201","CD99L2",4935,"nonsense_mediated_decay",4611,20,0.964639067649841,"GGACT",0.85,NA,NA,NA,NA,NA,NA,NA,NA,NA,0,0,0,NA,NA,NA
"1019","ENST00000346916.9","ENSG00000172270.22","OTTHUMG00000177718.19","OTTHUMT00000438629.4","BSG-202","BSG",1605,"protein_coding",1350,329,0.915608048439026,"GGACT",0.492401215805471,NA,NA,NA,NA,NA,NA,NA,NA,NA,0,0,0,NA,NA,NA
"1020","ENST00000347048.8","ENSG00000119383.21","OTTHUMG00000020774.22","OTTHUMT00000313605.1","PTPA-202","PTPA",1989,"protein_coding",1537,132,0.901041090488434,"GAACT",0.568181818181818,NA,NA,NA,NA,NA,NA,NA,NA,NA,0,0,0,NA,NA,NA
"1021","ENST00000347370.6","ENSG00000160087.21","OTTHUMG00000001911.9","-","UBE2J2-201","UBE2J2",2387,"protein_coding",998,87,0.983233153820038,"GGACT",0.770114942528736,NA,NA,NA,NA,NA,NA,NA,NA,NA,0,0,0,NA,NA,NA
"1022","ENST00000349038.8","ENSG00000011304.22","OTTHUMG00000181789.13","OTTHUMT00000457605.2","PTBP1-201","PTBP1",3155,"protein_coding",1872,52,0.921824932098389,"TGACT",0.673076923076923,NA,NA,NA,NA,NA,NA,NA,NA,NA,0,0,0,NA,NA,NA
"1023","ENST00000349139.6","ENSG00000065183.16","OTTHUMG00000012197.3","OTTHUMT00000033720.3","WDR3-201","WDR3",10004,"protein_coding",2909,112,0.982577800750732,"GAACT",0.696428571428571,NA,NA,NA,NA,NA,NA,NA,NA,NA,0,0,0,NA,NA,NA
"1024","ENST00000349139.6","ENSG00000065183.16","OTTHUMG00000012197.3","OTTHUMT00000033720.3","WDR3-201","WDR3",10004,"protein_coding",2955,94,0.960429668426514,"GGACT",0.648936170212766,NA,NA,NA,NA,NA,NA,NA,NA,NA,0,0,0,NA,NA,NA
"1025","ENST00000349139.6","ENSG00000065183.16","OTTHUMG00000012197.3","OTTHUMT00000033720.3","WDR3-201","WDR3",10004,"protein_coding",3101,102,0.953361093997955,"GGACT",0.705882352941177,NA,NA,NA,NA,NA,NA,NA,NA,NA,0,0,0,NA,NA,NA
"1026","ENST00000349157.10","ENSG00000179950.15","OTTHUMG00000165155.3","OTTHUMT00000382226.1","PUF60-202","PUF60",1821,"protein_coding",1570,202,0.96836906671524,"AGACT",0.767326732673267,NA,NA,NA,NA,NA,NA,NA,NA,NA,0,0,0,NA,NA,NA
"1027","ENST00000349157.10","ENSG00000179950.15","OTTHUMG00000165155.3","OTTHUMT00000382226.1","PUF60-202","PUF60",1821,"protein_coding",1697,134,0.982511103153229,"GGACT",0.783582089552239,NA,NA,NA,NA,NA,NA,NA,NA,NA,0,0,0,NA,NA,NA
"1028","ENST00000349310.7","ENSG00000142208.18","OTTHUMG00000170795.7","OTTHUMT00000410379.2","AKT1-201","AKT1",2866,"protein_coding",2159,60,0.955321490764618,"GGACT",0.716666666666667,NA,NA,NA,NA,NA,NA,NA,NA,NA,0,0,0,NA,NA,NA
"1029","ENST00000349431.11","ENSG00000160087.21","OTTHUMG00000001911.9","OTTHUMT00000005430.1","UBE2J2-202","UBE2J2",2260,"protein_coding",869,107,0.983361601829529,"GGACT",0.785046728971963,NA,NA,NA,NA,NA,NA,NA,NA,NA,0,0,0,NA,NA,NA
"1030","ENST00000349752.10","ENSG00000158089.15","OTTHUMG00000074077.4","OTTHUMT00000157264.2","GALNT14-202","GALNT14",2447,"protein_coding",2118,44,0.905606925487518,"GGACT",0.659090909090909,NA,NA,NA,NA,NA,NA,NA,NA,NA,0,0,0,NA,NA,NA
"1031","ENST00000350481.9","ENSG00000114867.22","OTTHUMG00000156784.21","OTTHUMT00000345735.1","EIF4G1-203","EIF4G1",4990,"protein_coding",4608,175,0.937008917331696,"GGACT",0.651428571428571,NA,NA,NA,NA,NA,NA,NA,NA,NA,0,0,0,NA,NA,NA
"1032","ENST00000350592.7","ENSG00000143612.21","OTTHUMG00000035981.5","OTTHUMT00000087663.1","C1orf43-201","C1orf43",1610,"protein_coding",889,309,0.965030133724213,"GGACT",0.676375404530744,217,733,660,1,217,218,876,877,1609,0,0,1,NA,NA,0.0163710777626194
"1033","ENST00000350669.5","ENSG00000111716.14","OTTHUMG00000133760.5","OTTHUMT00000258219.1","LDHB-201","LDHB",1303,"protein_coding",356,1175,0.955463230609894,"TGACT",0.707234042553191,NA,NA,NA,NA,NA,NA,NA,NA,NA,0,0,0,NA,NA,NA
"1034","ENST00000350690.10","ENSG00000183048.12","OTTHUMG00000178173.2","OTTHUMT00000440816.2","SLC25A10-202","SLC25A10",1942,"protein_coding",1394,22,0.976377069950104,"GGACT",0.727272727272727,NA,NA,NA,NA,NA,NA,NA,NA,NA,0,0,0,NA,NA,NA
"1035","ENST00000351018.5","ENSG00000177105.10","OTTHUMG00000012287.4","OTTHUMT00000034125.3","RHOG-201","RHOG",1295,"protein_coding",486,24,0.974052548408508,"GGACC",0.625,NA,NA,NA,NA,NA,NA,NA,NA,NA,0,0,0,NA,NA,NA
"1036","ENST00000351018.5","ENSG00000177105.10","OTTHUMG00000012287.4","OTTHUMT00000034125.3","RHOG-201","RHOG",1295,"protein_coding",796,58,0.96224445104599,"GGACT",0.672413793103448,NA,NA,NA,NA,NA,NA,NA,NA,NA,0,0,0,NA,NA,NA
"1037","ENST00000351111.7","ENSG00000159111.13","OTTHUMG00000156302.2","OTTHUMT00000343764.2","MRPL10-202","MRPL10",1749,"protein_coding",808,79,0.940529346466064,"GGACT",0.506329113924051,NA,NA,NA,NA,NA,NA,NA,NA,NA,0,0,0,NA,NA,NA
"1038","ENST00000351486.10","ENSG00000113734.18","OTTHUMG00000130521.4","OTTHUMT00000252939.1","BNIP1-202","BNIP1",1168,"protein_coding",923,68,0.971166014671326,"GGACA",0.661764705882353,NA,NA,NA,NA,NA,NA,NA,NA,NA,0,0,0,NA,NA,NA
"1039","ENST00000351698.5","ENSG00000136827.12","OTTHUMG00000020794.5","OTTHUMT00000054611.2","TOR1A-201","TOR1A",2080,"protein_coding",1427,20,0.97026401758194,"AGACT",0.75,NA,NA,NA,NA,NA,NA,NA,NA,NA,0,0,0,NA,NA,NA
"1040","ENST00000351948.8","ENSG00000163029.16","OTTHUMG00000090675.7","OTTHUMT00000207358.1","SMC6-201","SMC6",5173,"protein_coding",3548,24,0.907405376434326,"GGACT",0.625,NA,NA,NA,NA,NA,NA,NA,NA,NA,0,0,0,NA,NA,NA
"1041","ENST00000352203.8","ENSG00000042753.12","OTTHUMG00000183437.2","OTTHUMT00000466639.1","AP2S1-202","AP2S1",793,"protein_coding",352,489,0.924777805805206,"GAACT",0.580777096114519,NA,NA,NA,NA,NA,NA,NA,NA,NA,0,0,0,NA,NA,NA
"1042","ENST00000352319.8","ENSG00000141076.18","OTTHUMG00000137570.7","OTTHUMT00000433341.1","UTP4-202","UTP4",1841,"protein_coding",1787,119,0.922933399677277,"GAACT",0.504201680672269,NA,NA,NA,NA,NA,NA,NA,NA,NA,0,0,0,NA,NA,NA
"1043","ENST00000352397.10","ENSG00000100243.22","OTTHUMG00000150745.7","OTTHUMT00000320439.2","CYB5R3-201","CYB5R3",2916,"protein_coding",1724,46,0.93876576423645,"GAACT",0.5,NA,NA,NA,NA,NA,NA,NA,NA,NA,0,0,0,NA,NA,NA
"1044","ENST00000352634.8","ENSG00000171307.19","OTTHUMG00000018847.6","OTTHUMT00000049659.1","ZDHHC16-202","ZDHHC16",1718,"protein_coding",1438,65,0.974977493286133,"GGACT",0.769230769230769,NA,NA,NA,NA,NA,NA,NA,NA,NA,0,0,0,NA,NA,NA
"1045","ENST00000352689.11","ENSG00000128585.18","OTTHUMG00000154880.7","OTTHUMT00000337473.5","MKLN1-201","MKLN1",11136,"protein_coding",2331,20,0.935265481472015,"GGACT",0.5,NA,NA,NA,NA,NA,NA,NA,NA,NA,0,0,0,NA,NA,NA
"1046","ENST00000352767.7","ENSG00000114867.22","OTTHUMG00000156784.21","-","EIF4G1-204","EIF4G1",5484,"protein_coding",5098,187,0.948657929897308,"GGACT",0.663101604278075,NA,NA,NA,NA,NA,NA,NA,NA,NA,0,0,0,NA,NA,NA
"1047","ENST00000352940.8","ENSG00000213782.7","OTTHUMG00000168709.2","OTTHUMT00000400671.1","DDX47-201","DDX47",1698,"protein_coding",1353,201,0.969594240188599,"AGACT",0.766169154228856,NA,NA,NA,NA,NA,NA,NA,NA,NA,0,0,0,NA,NA,NA
"1048","ENST00000352940.8","ENSG00000213782.7","OTTHUMG00000168709.2","OTTHUMT00000400671.1","DDX47-201","DDX47",1698,"protein_coding",1462,190,0.953714966773987,"AGACT",0.636842105263158,NA,NA,NA,NA,NA,NA,NA,NA,NA,0,0,0,NA,NA,NA
"1049","ENST00000353214.6","ENSG00000136950.13","OTTHUMG00000020660.2","OTTHUMT00000054041.2","ARPC5L-202","ARPC5L",2507,"protein_coding",1705,126,0.927921414375305,"AGACT",0.571428571428571,NA,NA,NA,NA,NA,NA,NA,NA,NA,0,0,0,NA,NA,NA
"1050","ENST00000353214.6","ENSG00000136950.13","OTTHUMG00000020660.2","OTTHUMT00000054041.2","ARPC5L-202","ARPC5L",2507,"protein_coding",1727,127,0.938441395759583,"AGACT",0.677165354330709,NA,NA,NA,NA,NA,NA,NA,NA,NA,0,0,0,NA,NA,NA
"1051","ENST00000353275.9","ENSG00000109685.19","OTTHUMG00000121147.15","OTTHUMT00000241630.4","NSD2-202","NSD2",7980,"nonsense_mediated_decay",7523,22,0.907407462596893,"GGACT",0.409090909090909,NA,NA,NA,NA,NA,NA,NA,NA,NA,0,0,0,NA,NA,NA
"1052","ENST00000353979.7","ENSG00000171307.19","OTTHUMG00000018847.6","OTTHUMT00000049660.1","ZDHHC16-203","ZDHHC16",1647,"protein_coding",1367,58,0.974851071834564,"GGACT",0.758620689655172,NA,NA,NA,NA,NA,NA,NA,NA,NA,0,0,0,NA,NA,NA
"1053","ENST00000354250.7","ENSG00000160194.18","OTTHUMG00000086823.4","OTTHUMT00000195447.2","NDUFV3-202","NDUFV3",5725,"protein_coding",891,23,0.984690546989441,"GGACC",0.608695652173913,NA,NA,NA,NA,NA,NA,NA,NA,NA,0,0,0,NA,NA,NA
"1054","ENST00000354321.11","ENSG00000169718.18","OTTHUMG00000178525.4","OTTHUMT00000442347.1","DUS1L-202","DUS1L",2151,"protein_coding",1932,159,0.914954483509064,"GGACT",0.540880503144654,NA,NA,NA,NA,NA,NA,NA,NA,NA,0,0,0,NA,NA,NA
"1055","ENST00000354429.7","ENSG00000170291.16","OTTHUMG00000177974.8","OTTHUMT00000440160.2","ELP5-201","ELP5",1522,"protein_coding",1518,46,0.933353543281555,"GAACA",0.695652173913043,NA,NA,NA,NA,NA,NA,NA,NA,NA,0,0,0,NA,NA,NA
"1056","ENST00000354464.11","ENSG00000196497.17","OTTHUMG00000028801.7","OTTHUMT00000071931.5","IPO4-201","IPO4",3498,"protein_coding",3372,122,0.940961956977844,"AGACT",0.639344262295082,NA,NA,NA,NA,NA,NA,NA,NA,NA,0,0,0,NA,NA,NA
"1057","ENST00000354473.4","ENSG00000163159.15","OTTHUMG00000012345.10","OTTHUMT00000034394.3","VPS72-201","VPS72",1347,"protein_coding",1062,102,0.941895246505737,"GGACT",0.57843137254902,NA,NA,NA,NA,NA,NA,NA,NA,NA,0,0,0,NA,NA,NA
"1058","ENST00000354558.7","ENSG00000175216.15","OTTHUMG00000166599.5","OTTHUMT00000390680.1","CKAP5-202","CKAP5",6428,"protein_coding",5914,65,0.987954199314117,"AGACT",0.738461538461539,NA,NA,NA,NA,NA,NA,NA,NA,NA,0,0,0,NA,NA,NA
"1059","ENST00000354911.9","ENSG00000095787.26","OTTHUMG00000017872.11","OTTHUMT00000047371.2","WAC-203","WAC",5912,"protein_coding",3387,20,0.902262806892395,"GAACT",0.55,NA,NA,NA,NA,NA,NA,NA,NA,NA,0,0,0,NA,NA,NA
"1060","ENST00000355007.7","ENSG00000119383.21","OTTHUMG00000020774.22","OTTHUMT00000313606.1","PTPA-204","PTPA",2515,"protein_coding",2063,142,0.908048927783966,"GAACT",0.570422535211268,NA,NA,NA,NA,NA,NA,NA,NA,NA,0,0,0,NA,NA,NA
"1061","ENST00000355143.8","ENSG00000242114.6","OTTHUMG00000151057.6","OTTHUMT00000321167.1","MTFP1-202","MTFP1",891,"protein_coding",612,61,0.968515634536743,"GGACC",0.622950819672131,NA,NA,NA,NA,NA,NA,NA,NA,NA,0,0,0,NA,NA,NA
"1062","ENST00000355143.8","ENSG00000242114.6","OTTHUMG00000151057.6","OTTHUMT00000321167.1","MTFP1-202","MTFP1",891,"protein_coding",675,82,0.978439331054688,"AGACT",0.682926829268293,NA,NA,NA,NA,NA,NA,NA,NA,NA,0,0,0,NA,NA,NA
"1063","ENST00000355203.6","ENSG00000197021.9","OTTHUMG00000034327.6","OTTHUMT00000082897.2","EOLA2-201","EOLA2",1067,"protein_coding",607,30,0.901555776596069,"TGACT",0.6,NA,NA,NA,NA,NA,NA,NA,NA,NA,0,0,0,NA,NA,NA
"1064","ENST00000355238.11","ENSG00000135316.20","OTTHUMG00000015141.5","OTTHUMT00000041397.2","SYNCRIP-201","SYNCRIP",6443,"protein_coding",2060,50,0.955316662788391,"GGACT",0.84,NA,NA,NA,NA,NA,NA,NA,NA,NA,0,0,0,NA,NA,NA
"1065","ENST00000355423.7","ENSG00000161526.15","OTTHUMG00000179798.3","OTTHUMT00000448230.1","SAP30BP-202","SAP30BP",2439,"protein_coding",925,66,0.917028605937958,"GGACT",0.590909090909091,NA,NA,NA,NA,NA,NA,NA,NA,NA,0,0,0,NA,NA,NA
"1066","ENST00000355423.7","ENSG00000161526.15","OTTHUMG00000179798.3","OTTHUMT00000448230.1","SAP30BP-202","SAP30BP",2439,"protein_coding",991,78,0.973470032215118,"GGACT",0.730769230769231,NA,NA,NA,NA,NA,NA,NA,NA,NA,0,0,0,NA,NA,NA
"1067","ENST00000355426.8","ENSG00000115380.20","OTTHUMG00000129343.7","OTTHUMT00000324899.2","EFEMP1-201","EFEMP1",2708,"protein_coding",2344,20,0.953257024288177,"GAACT",0.6,NA,NA,NA,NA,NA,NA,NA,NA,NA,0,0,0,NA,NA,NA
"1068","ENST00000355426.8","ENSG00000115380.20","OTTHUMG00000129343.7","OTTHUMT00000324899.2","EFEMP1-201","EFEMP1",2708,"protein_coding",2581,49,0.912851333618164,"GAACT",0.408163265306123,NA,NA,NA,NA,NA,NA,NA,NA,NA,0,0,0,NA,NA,NA
"1069","ENST00000355527.8","ENSG00000172893.18","OTTHUMG00000167346.3","OTTHUMT00000394243.1","DHCR7-201","DHCR7",2627,"protein_coding",1607,263,0.945262730121613,"GGACT",0.775665399239544,NA,NA,NA,NA,NA,NA,NA,NA,NA,0,0,0,NA,NA,NA
"1070","ENST00000355527.8","ENSG00000172893.18","OTTHUMG00000167346.3","OTTHUMT00000394243.1","DHCR7-201","DHCR7",2627,"protein_coding",2199,338,0.93694680929184,"GGACA",0.636094674556213,NA,NA,NA,NA,NA,NA,NA,NA,NA,0,0,0,NA,NA,NA
"1071","ENST00000355628.9","ENSG00000163946.14","OTTHUMG00000158827.5","OTTHUMT00000352342.2","TASOR-201","TASOR",5239,"protein_coding",4761,22,0.92750471830368,"GAACT",0.454545454545454,NA,NA,NA,NA,NA,NA,NA,NA,NA,0,0,0,NA,NA,NA
"1072","ENST00000355703.4","ENSG00000197136.5","OTTHUMG00000166539.2","OTTHUMT00000390321.2","PCNX3-201","PCNX3",7102,"protein_coding",6718,79,0.935563325881958,"GAACT",0.518987341772152,NA,NA,NA,NA,NA,NA,NA,NA,NA,0,0,0,NA,NA,NA
"1073","ENST00000355703.4","ENSG00000197136.5","OTTHUMG00000166539.2","OTTHUMT00000390321.2","PCNX3-201","PCNX3",7102,"protein_coding",6782,62,0.900472700595856,"AAACT",0.596774193548387,NA,NA,NA,NA,NA,NA,NA,NA,NA,0,0,0,NA,NA,NA
"1074","ENST00000355842.7","ENSG00000087274.19","OTTHUMG00000122080.23","OTTHUMT00000242839.1","ADD1-202","ADD1",4743,"protein_coding",4555,48,0.942932724952698,"GGACT",0.666666666666667,NA,NA,NA,NA,NA,NA,NA,NA,NA,0,0,0,NA,NA,NA
"1075","ENST00000355992.7","ENSG00000157349.17","OTTHUMG00000137577.6","OTTHUMT00000435038.1","DDX19B-202","DDX19B",1692,"protein_coding",1595,42,0.919524729251862,"GGACT",0.69047619047619,NA,NA,NA,NA,NA,NA,NA,NA,NA,0,0,0,NA,NA,NA
"1076","ENST00000356000.7","ENSG00000133318.14","OTTHUMG00000168056.4","-","RTN3-205","RTN3",2645,"protein_coding",807,125,0.909452497959137,"GAACT",0.64,NA,NA,NA,NA,NA,NA,NA,NA,NA,0,0,0,NA,NA,NA
"1077","ENST00000356000.7","ENSG00000133318.14","OTTHUMG00000168056.4","-","RTN3-205","RTN3",2645,"protein_coding",1140,151,0.935483753681183,"GGACT",0.655629139072848,NA,NA,NA,NA,NA,NA,NA,NA,NA,0,0,0,NA,NA,NA
"1078","ENST00000356053.7","ENSG00000169813.17","OTTHUMG00000018029.3","OTTHUMT00000047706.2","HNRNPF-202","HNRNPF",2670,"protein_coding",499,52,0.955651104450226,"TGACT",0.557692307692308,NA,NA,NA,NA,NA,NA,NA,NA,NA,0,0,0,NA,NA,NA
"1079","ENST00000356053.7","ENSG00000169813.17","OTTHUMG00000018029.3","OTTHUMT00000047706.2","HNRNPF-202","HNRNPF",2670,"protein_coding",638,57,0.935988783836365,"GGACA",0.403508771929824,NA,NA,NA,NA,NA,NA,NA,NA,NA,0,0,0,NA,NA,NA
"1080","ENST00000356053.7","ENSG00000169813.17","OTTHUMG00000018029.3","OTTHUMT00000047706.2","HNRNPF-202","HNRNPF",2670,"protein_coding",752,53,0.983953416347504,"GGACT",0.622641509433962,NA,NA,NA,NA,NA,NA,NA,NA,NA,0,0,0,NA,NA,NA
"1081","ENST00000356053.7","ENSG00000169813.17","OTTHUMG00000018029.3","OTTHUMT00000047706.2","HNRNPF-202","HNRNPF",2670,"protein_coding",1044,75,0.969331324100494,"GGACT",0.733333333333333,NA,NA,NA,NA,NA,NA,NA,NA,NA,0,0,0,NA,NA,NA
"1082","ENST00000356053.7","ENSG00000169813.17","OTTHUMG00000018029.3","OTTHUMT00000047706.2","HNRNPF-202","HNRNPF",2670,"protein_coding",1475,167,0.935021281242371,"GAACT",0.574850299401198,NA,NA,NA,NA,NA,NA,NA,NA,NA,0,0,0,NA,NA,NA
"1083","ENST00000356195.9","ENSG00000164649.20","OTTHUMG00000128429.8","OTTHUMT00000326585.1","CDCA7L-201","CDCA7L",2915,"protein_coding",681,22,0.921651124954224,"AGACT",0.590909090909091,NA,NA,NA,NA,NA,NA,NA,NA,NA,0,0,0,NA,NA,NA
"1084","ENST00000356221.8","ENSG00000130177.16","OTTHUMG00000017402.7","OTTHUMT00000276737.2","CDC16-203","CDC16",2331,"protein_coding",2050,87,0.924830257892609,"TGACT",0.689655172413793,NA,NA,NA,NA,NA,NA,NA,NA,NA,0,0,0,NA,NA,NA
"1085","ENST00000356244.8","ENSG00000100401.21","OTTHUMG00000150940.12","OTTHUMT00000320603.1","RANGAP1-201","RANGAP1",3828,"protein_coding",2098,100,0.986420035362244,"GGACT",0.71,NA,NA,NA,NA,NA,NA,NA,NA,NA,0,0,0,NA,NA,NA
"1086","ENST00000356244.8","ENSG00000100401.21","OTTHUMG00000150940.12","OTTHUMT00000320603.1","RANGAP1-201","RANGAP1",3828,"protein_coding",2570,197,0.919899225234985,"GGACT",0.593908629441624,NA,NA,NA,NA,NA,NA,NA,NA,NA,0,0,0,NA,NA,NA
"1087","ENST00000356303.7","ENSG00000156508.19","OTTHUMG00000015031.7","OTTHUMT00000132694.2","EEF1A1-204","EEF1A1",1883,"protein_coding",1647,2792,0.90789270401001,"GAACT",0.588825214899714,199,295,1389,1,199,200,1587,1588,1882,0,0,1,NA,NA,0.2
"1088","ENST00000356303.7","ENSG00000156508.19","OTTHUMG00000015031.7","OTTHUMT00000132694.2","EEF1A1-204","EEF1A1",1883,"protein_coding",1688,2660,0.932347655296326,"AGACT",0.537218045112782,199,295,1389,1,199,200,1587,1588,1882,0,0,1,NA,NA,0.338983050847458
"1089","ENST00000356634.7","ENSG00000004487.18","OTTHUMG00000003220.7","OTTHUMT00000008880.3","KDM1A-201","KDM1A",3033,"protein_coding",2929,59,0.924702167510986,"AGACT",0.593220338983051,NA,NA,NA,NA,NA,NA,NA,NA,NA,0,0,0,NA,NA,NA
"1090","ENST00000356648.5","ENSG00000143543.15","OTTHUMG00000036590.4","OTTHUMT00000090418.1","JTB-202","JTB",1040,"protein_coding",936,167,0.91943222284317,"GGACT",0.718562874251497,NA,NA,NA,NA,NA,NA,NA,NA,NA,0,0,0,NA,NA,NA
"1091","ENST00000356660.9","ENSG00000176697.20","OTTHUMG00000178797.3","OTTHUMT00000388096.2","BDNF-202","BDNF",3985,"protein_coding",775,23,0.997253358364105,"AGACT",0.956521739130435,NA,NA,NA,NA,NA,NA,NA,NA,NA,0,0,0,NA,NA,NA
"1092","ENST00000356660.9","ENSG00000176697.20","OTTHUMG00000178797.3","OTTHUMT00000388096.2","BDNF-202","BDNF",3985,"protein_coding",1317,52,0.961735129356384,"GAACT",0.538461538461538,NA,NA,NA,NA,NA,NA,NA,NA,NA,0,0,0,NA,NA,NA
"1093","ENST00000356797.7","ENSG00000122644.13","OTTHUMG00000023374.7","OTTHUMT00000246874.1","ARL4A-201","ARL4A",1147,"protein_coding",310,44,0.994541883468628,"GGACT",0.977272727272727,NA,NA,NA,NA,NA,NA,NA,NA,NA,0,0,0,NA,NA,NA
"1094","ENST00000356797.7","ENSG00000122644.13","OTTHUMG00000023374.7","OTTHUMT00000246874.1","ARL4A-201","ARL4A",1147,"protein_coding",526,57,0.994682610034943,"GGACT",0.982456140350877,NA,NA,NA,NA,NA,NA,NA,NA,NA,0,0,0,NA,NA,NA
"1095","ENST00000356797.7","ENSG00000122644.13","OTTHUMG00000023374.7","OTTHUMT00000246874.1","ARL4A-201","ARL4A",1147,"protein_coding",643,62,0.923990249633789,"GAACT",0.564516129032258,NA,NA,NA,NA,NA,NA,NA,NA,NA,0,0,0,NA,NA,NA
"1096","ENST00000356797.7","ENSG00000122644.13","OTTHUMG00000023374.7","OTTHUMT00000246874.1","ARL4A-201","ARL4A",1147,"protein_coding",758,72,0.926444709300995,"GGACT",0.625,NA,NA,NA,NA,NA,NA,NA,NA,NA,0,0,0,NA,NA,NA
"1097","ENST00000356825.8","ENSG00000175387.16","OTTHUMG00000132652.5","-","SMAD2-202","SMAD2",10445,"protein_coding",1742,72,0.913102924823761,"AGACT",0.708333333333333,NA,NA,NA,NA,NA,NA,NA,NA,NA,0,0,0,NA,NA,NA
"1098","ENST00000356825.8","ENSG00000175387.16","OTTHUMG00000132652.5","-","SMAD2-202","SMAD2",10445,"protein_coding",1791,73,0.953114449977875,"GGACT",0.794520547945205,NA,NA,NA,NA,NA,NA,NA,NA,NA,0,0,0,NA,NA,NA
"1099","ENST00000356836.10","ENSG00000117411.18","OTTHUMG00000008296.1","OTTHUMT00000022840.1","B4GALT2-202","B4GALT2",2629,"protein_coding",1918,21,0.969135224819183,"GGACA",0.666666666666667,NA,NA,NA,NA,NA,NA,NA,NA,NA,0,0,0,NA,NA,NA
"1100","ENST00000356836.10","ENSG00000117411.18","OTTHUMG00000008296.1","OTTHUMT00000022840.1","B4GALT2-202","B4GALT2",2629,"protein_coding",2001,20,0.947033107280731,"GGACT",0.65,NA,NA,NA,NA,NA,NA,NA,NA,NA,0,0,0,NA,NA,NA
"1101","ENST00000356887.12","ENSG00000136732.16","OTTHUMG00000131464.4","OTTHUMT00000330926.2","GYPC-202","GYPC",1805,"protein_coding",1481,70,0.905651211738586,"GGACC",0.528571428571429,NA,NA,NA,NA,NA,NA,NA,NA,NA,0,0,0,NA,NA,NA
"1102","ENST00000356948.11","ENSG00000011304.22","OTTHUMG00000181789.13","OTTHUMT00000457603.5","PTBP1-203","PTBP1",3206,"protein_coding",1923,77,0.931835949420929,"TGACT",0.727272727272727,NA,NA,NA,NA,NA,NA,NA,NA,NA,0,0,0,NA,NA,NA
"1103","ENST00000357028.6","ENSG00000160563.14","OTTHUMG00000020833.7","OTTHUMT00000054771.2","MED27-202","MED27",1281,"protein_coding",1057,111,0.952585160732269,"GGACT",0.648648648648649,NA,NA,NA,NA,NA,NA,NA,NA,NA,0,0,0,NA,NA,NA
"1104","ENST00000357065.8","ENSG00000169813.17","OTTHUMG00000018029.3","OTTHUMT00000047702.1","HNRNPF-203","HNRNPF",2617,"protein_coding",446,52,0.956709325313568,"TGACT",0.557692307692308,NA,NA,NA,NA,NA,NA,NA,NA,NA,0,0,0,NA,NA,NA
"1105","ENST00000357065.8","ENSG00000169813.17","OTTHUMG00000018029.3","OTTHUMT00000047702.1","HNRNPF-203","HNRNPF",2617,"protein_coding",585,57,0.933114409446716,"GGACA",0.403508771929824,NA,NA,NA,NA,NA,NA,NA,NA,NA,0,0,0,NA,NA,NA
"1106","ENST00000357065.8","ENSG00000169813.17","OTTHUMG00000018029.3","OTTHUMT00000047702.1","HNRNPF-203","HNRNPF",2617,"protein_coding",699,53,0.983685672283173,"GGACT",0.622641509433962,NA,NA,NA,NA,NA,NA,NA,NA,NA,0,0,0,NA,NA,NA
"1107","ENST00000357065.8","ENSG00000169813.17","OTTHUMG00000018029.3","OTTHUMT00000047702.1","HNRNPF-203","HNRNPF",2617,"protein_coding",991,75,0.968522965908051,"GGACT",0.733333333333333,NA,NA,NA,NA,NA,NA,NA,NA,NA,0,0,0,NA,NA,NA
"1108","ENST00000357065.8","ENSG00000169813.17","OTTHUMG00000018029.3","OTTHUMT00000047702.1","HNRNPF-203","HNRNPF",2617,"protein_coding",1422,167,0.931244909763336,"GAACT",0.574850299401198,NA,NA,NA,NA,NA,NA,NA,NA,NA,0,0,0,NA,NA,NA
"1109","ENST00000357338.3","ENSG00000171462.15","OTTHUMG00000014735.3","OTTHUMT00000040618.1","DLK2-201","DLK2",2038,"protein_coding",1720,66,0.905613839626312,"GGACC",0.454545454545454,NA,NA,NA,NA,NA,NA,NA,NA,NA,0,0,0,NA,NA,NA
"1110","ENST00000357466.6","ENSG00000196642.19","OTTHUMG00000020947.13","OTTHUMT00000055137.3","RABL6-202","RABL6",1820,"protein_coding",1445,24,0.908726036548615,"TGACT",0.791666666666667,NA,NA,NA,NA,NA,NA,NA,NA,NA,0,0,0,NA,NA,NA
"1111","ENST00000357466.6","ENSG00000196642.19","OTTHUMG00000020947.13","OTTHUMT00000055137.3","RABL6-202","RABL6",1820,"protein_coding",1462,30,0.930070638656616,"GGACC",0.433333333333333,NA,NA,NA,NA,NA,NA,NA,NA,NA,0,0,0,NA,NA,NA
"1112","ENST00000357732.8","ENSG00000115310.19","OTTHUMG00000129337.11","OTTHUMT00000326316.1","RTN4-204","RTN4",2390,"protein_coding",1142,47,0.916675209999084,"GAACT",0.51063829787234,NA,NA,NA,NA,NA,NA,NA,NA,NA,0,0,0,NA,NA,NA
"1113","ENST00000357743.9","ENSG00000147533.19","OTTHUMG00000164077.2","OTTHUMT00000377142.2","GOLGA7-201","GOLGA7",2099,"protein_coding",901,25,0.90532261133194,"GGACT",0.52,NA,NA,NA,NA,NA,NA,NA,NA,NA,0,0,0,NA,NA,NA
"1114","ENST00000357943.9","ENSG00000105173.14","OTTHUMG00000177626.4","-","CCNE1-202","CCNE1",1641,"protein_coding",1389,51,0.953875720500946,"GGACT",0.666666666666667,NA,NA,NA,NA,NA,NA,NA,NA,NA,0,0,0,NA,NA,NA
"1115","ENST00000357949.5","ENSG00000197019.5","OTTHUMG00000182594.3","OTTHUMT00000462571.3","SERTAD1-201","SERTAD1",2084,"protein_coding",772,92,0.957371413707733,"GGACT",0.717391304347826,NA,NA,NA,NA,NA,NA,NA,NA,NA,0,0,0,NA,NA,NA
"1116","ENST00000357949.5","ENSG00000197019.5","OTTHUMG00000182594.3","OTTHUMT00000462571.3","SERTAD1-201","SERTAD1",2084,"protein_coding",870,100,0.928480565547943,"GAACT",0.61,NA,NA,NA,NA,NA,NA,NA,NA,NA,0,0,0,NA,NA,NA
"1117","ENST00000357949.5","ENSG00000197019.5","OTTHUMG00000182594.3","OTTHUMT00000462571.3","SERTAD1-201","SERTAD1",2084,"protein_coding",1064,101,0.934702157974243,"GGACT",0.792079207920792,NA,NA,NA,NA,NA,NA,NA,NA,NA,0,0,0,NA,NA,NA
"1118","ENST00000358007.7","ENSG00000213782.7","OTTHUMG00000168709.2","OTTHUMT00000400674.1","DDX47-202","DDX47",1817,"protein_coding",1470,207,0.971880733966827,"AGACT",0.772946859903382,22,427,1368,1,22,23,1389,1390,1816,0,0,1,NA,NA,0.187353629976581
"1119","ENST00000358007.7","ENSG00000213782.7","OTTHUMG00000168709.2","OTTHUMT00000400674.1","DDX47-202","DDX47",1817,"protein_coding",1579,195,0.953195512294769,"AGACT",0.641025641025641,22,427,1368,1,22,23,1389,1390,1816,0,0,1,NA,NA,0.442622950819672
"1120","ENST00000358022.6","ENSG00000198680.6","OTTHUMG00000159591.1","-","TUSC1-201","TUSC1",1476,"protein_coding",733,44,0.95184326171875,"GGACT",0.75,NA,NA,NA,NA,NA,NA,NA,NA,NA,0,0,0,NA,NA,NA
"1121","ENST00000358022.6","ENSG00000198680.6","OTTHUMG00000159591.1","-","TUSC1-201","TUSC1",1476,"protein_coding",876,53,0.985092222690582,"GGACT",0.867924528301887,NA,NA,NA,NA,NA,NA,NA,NA,NA,0,0,0,NA,NA,NA
"1122","ENST00000358022.6","ENSG00000198680.6","OTTHUMG00000159591.1","-","TUSC1-201","TUSC1",1476,"protein_coding",1101,63,0.935616910457611,"GAACT",0.650793650793651,NA,NA,NA,NA,NA,NA,NA,NA,NA,0,0,0,NA,NA,NA
"1123","ENST00000358154.8","ENSG00000197006.15","OTTHUMG00000131584.4","OTTHUMT00000254465.2","METTL9-201","METTL9",3153,"protein_coding",1202,163,0.947023808956146,"GGACC",0.552147239263804,NA,NA,NA,NA,NA,NA,NA,NA,NA,0,0,0,NA,NA,NA
"1124","ENST00000358154.8","ENSG00000197006.15","OTTHUMG00000131584.4","OTTHUMT00000254465.2","METTL9-201","METTL9",3153,"protein_coding",1413,221,0.919620752334595,"GGACT",0.647058823529412,NA,NA,NA,NA,NA,NA,NA,NA,NA,0,0,0,NA,NA,NA
"1125","ENST00000358171.8","ENSG00000149257.16","OTTHUMG00000165362.7","OTTHUMT00000383606.1","SERPINH1-201","SERPINH1",2058,"protein_coding",1407,60,0.907039165496826,"AGACA",0.483333333333333,NA,NA,NA,NA,NA,NA,NA,NA,NA,0,0,0,NA,NA,NA
"1126","ENST00000358227.5","ENSG00000137038.8","OTTHUMG00000019539.2","OTTHUMT00000051705.2","DMAC1-201","DMAC1",2456,"protein_coding",486,312,0.939791023731232,"GGACA",0.551282051282051,NA,NA,NA,NA,NA,NA,NA,NA,NA,0,0,0,NA,NA,NA
"1127","ENST00000358387.9","ENSG00000113621.15","OTTHUMG00000129115.4","OTTHUMT00000251160.1","TXNDC15-201","TXNDC15",3090,"protein_coding",1024,22,0.9509636759758,"GGACT",0.681818181818182,NA,NA,NA,NA,NA,NA,NA,NA,NA,0,0,0,NA,NA,NA
"1128","ENST00000358387.9","ENSG00000113621.15","OTTHUMG00000129115.4","OTTHUMT00000251160.1","TXNDC15-201","TXNDC15",3090,"protein_coding",1086,27,0.904983878135681,"GAACT",0.481481481481482,NA,NA,NA,NA,NA,NA,NA,NA,NA,0,0,0,NA,NA,NA
"1129","ENST00000358409.7","ENSG00000197905.10","OTTHUMG00000168153.3","OTTHUMT00000398472.1","TEAD4-201","TEAD4",1637,"protein_coding",1453,22,0.905156254768372,"AGACT",0.545454545454545,NA,NA,NA,NA,NA,NA,NA,NA,NA,0,0,0,NA,NA,NA
"1130","ENST00000358476.7","ENSG00000143442.24","OTTHUMG00000012499.10","OTTHUMT00000034918.2","POGZ-202","POGZ",6459,"retained_intron",6139,21,0.940829634666443,"GGACT",0.714285714285714,NA,NA,NA,NA,NA,NA,NA,NA,NA,0,0,0,NA,NA,NA
"1131","ENST00000358901.11","ENSG00000165280.18","OTTHUMG00000019855.5","OTTHUMT00000052290.2","VCP-201","VCP",3746,"protein_coding",3550,20,0.962145745754242,"AGACT",0.75,NA,NA,NA,NA,NA,NA,NA,NA,NA,0,0,0,NA,NA,NA
"1132","ENST00000358994.9","ENSG00000119383.21","OTTHUMG00000020774.22","OTTHUMT00000054566.6","PTPA-206","PTPA",2664,"protein_coding",2214,153,0.908983051776886,"GAACT",0.549019607843137,NA,NA,NA,NA,NA,NA,NA,NA,NA,0,0,0,NA,NA,NA
"1133","ENST00000359208.6","ENSG00000067334.14","OTTHUMG00000010268.7","OTTHUMT00000389785.1","DNTTIP2-201","DNTTIP2",2199,"nonsense_mediated_decay",248,27,0.960397720336914,"GGACT",0.777777777777778,NA,NA,NA,NA,NA,NA,NA,NA,NA,0,0,0,NA,NA,NA
"1134","ENST00000359208.6","ENSG00000067334.14","OTTHUMG00000010268.7","OTTHUMT00000389785.1","DNTTIP2-201","DNTTIP2",2199,"nonsense_mediated_decay",653,48,0.922695577144623,"AAACT",0.479166666666667,NA,NA,NA,NA,NA,NA,NA,NA,NA,0,0,0,NA,NA,NA
"1135","ENST00000359315.6","ENSG00000141933.9","OTTHUMG00000180557.5","OTTHUMT00000451887.5","TPGS1-201","TPGS1",1114,"protein_coding",629,22,0.954015910625458,"GGACT",0.590909090909091,NA,NA,NA,NA,NA,NA,NA,NA,NA,0,0,0,NA,NA,NA
"1136","ENST00000359315.6","ENSG00000141933.9","OTTHUMG00000180557.5","OTTHUMT00000451887.5","TPGS1-201","TPGS1",1114,"protein_coding",677,46,0.921959757804871,"GGACA",0.565217391304348,NA,NA,NA,NA,NA,NA,NA,NA,NA,0,0,0,NA,NA,NA
"1137","ENST00000359337.9","ENSG00000196576.16","OTTHUMG00000150219.10","OTTHUMT00000504274.2","PLXNB2-201","PLXNB2",6409,"protein_coding",6197,25,0.935579419136047,"GGACT",0.6,NA,NA,NA,NA,NA,NA,NA,NA,NA,0,0,0,NA,NA,NA
"1138","ENST00000359393.6","ENSG00000110047.18","OTTHUMG00000066832.18","OTTHUMT00000143230.3","EHD1-202","EHD1",3618,"protein_coding",2109,23,0.993987441062927,"AGACT",0.91304347826087,NA,NA,NA,NA,NA,NA,NA,NA,NA,0,0,0,NA,NA,NA
"1139","ENST00000359393.6","ENSG00000110047.18","OTTHUMG00000066832.18","OTTHUMT00000143230.3","EHD1-202","EHD1",3618,"protein_coding",2224,22,0.950726568698883,"GAACT",0.772727272727273,NA,NA,NA,NA,NA,NA,NA,NA,NA,0,0,0,NA,NA,NA
"1140","ENST00000359393.6","ENSG00000110047.18","OTTHUMG00000066832.18","OTTHUMT00000143230.3","EHD1-202","EHD1",3618,"protein_coding",3607,28,0.961491942405701,"GAACT",0.607142857142857,NA,NA,NA,NA,NA,NA,NA,NA,NA,0,0,0,NA,NA,NA
"1141","ENST00000359435.8","ENSG00000105393.16","OTTHUMG00000182755.3","OTTHUMT00000463471.1","BABAM1-201","BABAM1",1472,"protein_coding",1263,136,0.959259033203125,"GGACC",0.514705882352941,NA,NA,NA,NA,NA,NA,NA,NA,NA,0,0,0,NA,NA,NA
"1142","ENST00000359523.7","ENSG00000197965.12","OTTHUMG00000034571.5","OTTHUMT00000083655.3","MPZL1-201","MPZL1",4978,"protein_coding",1026,121,0.971838593482971,"GGACT",0.793388429752066,NA,NA,NA,NA,NA,NA,NA,NA,NA,0,0,0,NA,NA,NA
"1143","ENST00000359541.6","ENSG00000115207.15","OTTHUMG00000097785.9","OTTHUMT00000215028.2","GTF3C2-202","GTF3C2",3992,"protein_coding",3256,25,0.937647700309753,"GGACA",0.68,NA,NA,NA,NA,NA,NA,NA,NA,NA,0,0,0,NA,NA,NA
"1144","ENST00000359541.6","ENSG00000115207.15","OTTHUMG00000097785.9","OTTHUMT00000215028.2","GTF3C2-202","GTF3C2",3992,"protein_coding",3301,23,0.990923821926117,"GGACT",0.782608695652174,NA,NA,NA,NA,NA,NA,NA,NA,NA,0,0,0,NA,NA,NA
"1145","ENST00000359541.6","ENSG00000115207.15","OTTHUMG00000097785.9","OTTHUMT00000215028.2","GTF3C2-202","GTF3C2",3992,"protein_coding",3401,48,0.905618965625763,"AGACT",0.458333333333333,NA,NA,NA,NA,NA,NA,NA,NA,NA,0,0,0,NA,NA,NA
"1146","ENST00000359626.10","ENSG00000198874.14","OTTHUMG00000129723.5","OTTHUMT00000251932.3","TYW1-201","TYW1",3330,"protein_coding",3083,52,0.948249936103821,"GGACT",0.692307692307692,NA,NA,NA,NA,NA,NA,NA,NA,NA,0,0,0,NA,NA,NA
"1147","ENST00000359655.9","ENSG00000156502.14","OTTHUMG00000018375.4","OTTHUMT00000048396.3","SUPV3L1-201","SUPV3L1",2477,"protein_coding",2368,129,0.971311032772064,"GGACT",0.643410852713178,NA,NA,NA,NA,NA,NA,NA,NA,NA,0,0,0,NA,NA,NA
"1148","ENST00000359683.8","ENSG00000196290.17","OTTHUMG00000154588.5","OTTHUMT00000336198.1","NIF3L1-201","NIF3L1",1626,"protein_coding",1344,60,0.969534158706665,"AGACT",0.816666666666667,NA,NA,NA,NA,NA,NA,NA,NA,NA,0,0,0,NA,NA,NA
"1149","ENST00000359683.8","ENSG00000196290.17","OTTHUMG00000154588.5","OTTHUMT00000336198.1","NIF3L1-201","NIF3L1",1626,"protein_coding",1449,74,0.963341057300568,"GGACT",0.72972972972973,NA,NA,NA,NA,NA,NA,NA,NA,NA,0,0,0,NA,NA,NA
"1150","ENST00000359864.8","ENSG00000197905.10","OTTHUMG00000168153.3","OTTHUMT00000398475.2","TEAD4-202","TEAD4",1710,"protein_coding",1515,22,0.908765614032745,"AGACT",0.545454545454545,NA,NA,NA,NA,NA,NA,NA,NA,NA,0,0,0,NA,NA,NA
"1151","ENST00000359890.8","ENSG00000100461.18","OTTHUMG00000171467.10","OTTHUMT00000413545.5","RBM23-203","RBM23",10007,"protein_coding",1669,49,0.964361369609833,"GGACT",0.755102040816326,NA,NA,NA,NA,NA,NA,NA,NA,NA,0,0,0,NA,NA,NA
"1152","ENST00000359890.8","ENSG00000100461.18","OTTHUMG00000171467.10","OTTHUMT00000413545.5","RBM23-203","RBM23",10007,"protein_coding",1913,56,0.90885716676712,"GGACT",0.553571428571429,NA,NA,NA,NA,NA,NA,NA,NA,NA,0,0,0,NA,NA,NA
"1153","ENST00000359984.12","ENSG00000188603.22","OTTHUMG00000097024.10","OTTHUMT00000214115.3","CLN3-205","CLN3",1876,"protein_coding",1721,48,0.93116956949234,"GAACT",0.625,NA,NA,NA,NA,NA,NA,NA,NA,NA,0,0,0,NA,NA,NA
"1154","ENST00000360000.8","ENSG00000180964.17","OTTHUMG00000022094.3","OTTHUMT00000057699.1","TCEAL8-201","TCEAL8",1131,"protein_coding",336,56,0.958366215229034,"GGACA",0.464285714285714,NA,NA,NA,NA,NA,NA,NA,NA,NA,0,0,0,NA,NA,NA
"1155","ENST00000360000.8","ENSG00000180964.17","OTTHUMG00000022094.3","OTTHUMT00000057699.1","TCEAL8-201","TCEAL8",1131,"protein_coding",357,71,0.923869609832764,"GGACC",0.450704225352113,NA,NA,NA,NA,NA,NA,NA,NA,NA,0,0,0,NA,NA,NA
"1156","ENST00000360000.8","ENSG00000180964.17","OTTHUMG00000022094.3","OTTHUMT00000057699.1","TCEAL8-201","TCEAL8",1131,"protein_coding",457,72,0.971563100814819,"AGACA",0.680555555555556,NA,NA,NA,NA,NA,NA,NA,NA,NA,0,0,0,NA,NA,NA
"1157","ENST00000360001.12","ENSG00000078808.20","OTTHUMG00000001812.7","OTTHUMT00000005064.2","SDF4-202","SDF4",1933,"protein_coding",1320,29,0.964453220367432,"GGACT",0.758620689655172,NA,NA,NA,NA,NA,NA,NA,NA,NA,0,0,0,NA,NA,NA
"1158","ENST00000360001.12","ENSG00000078808.20","OTTHUMG00000001812.7","OTTHUMT00000005064.2","SDF4-202","SDF4",1933,"protein_coding",1753,75,0.942786276340485,"AAACT",0.493333333333333,NA,NA,NA,NA,NA,NA,NA,NA,NA,0,0,0,NA,NA,NA
"1159","ENST00000360383.7","ENSG00000130177.16","OTTHUMG00000017402.7","-","CDC16-204","CDC16",2211,"protein_coding",2060,41,0.914814114570618,"TGACT",0.609756097560976,NA,NA,NA,NA,NA,NA,NA,NA,NA,0,0,0,NA,NA,NA
"1160","ENST00000360458.5","ENSG00000123562.18","OTTHUMG00000022104.3","OTTHUMT00000057733.1","MORF4L2-201","MORF4L2",1824,"protein_coding",698,196,0.977176129817963,"GGACT",0.831632653061224,NA,NA,NA,NA,NA,NA,NA,NA,NA,0,0,0,NA,NA,NA
"1161","ENST00000360458.5","ENSG00000123562.18","OTTHUMG00000022104.3","OTTHUMT00000057733.1","MORF4L2-201","MORF4L2",1824,"protein_coding",704,208,0.952235460281372,"GGACT",0.706730769230769,NA,NA,NA,NA,NA,NA,NA,NA,NA,0,0,0,NA,NA,NA
"1162","ENST00000360541.10","ENSG00000120705.13","OTTHUMG00000129199.6","OTTHUMT00000251276.3","ETF1-201","ETF1",3682,"protein_coding",1585,226,0.965031981468201,"GAACT",0.619469026548673,NA,NA,NA,NA,NA,NA,NA,NA,NA,0,0,0,NA,NA,NA
"1163","ENST00000360541.10","ENSG00000120705.13","OTTHUMG00000129199.6","OTTHUMT00000251276.3","ETF1-201","ETF1",3682,"protein_coding",1709,242,0.952096462249756,"GGACT",0.814049586776859,NA,NA,NA,NA,NA,NA,NA,NA,NA,0,0,0,NA,NA,NA
"1164","ENST00000360768.5","ENSG00000196715.7","OTTHUMG00000129449.5","OTTHUMT00000251612.5","VKORC1L1-201","VKORC1L1",6087,"protein_coding",824,53,0.93185818195343,"GGACT",0.566037735849057,NA,NA,NA,NA,NA,NA,NA,NA,NA,0,0,0,NA,NA,NA
"1165","ENST00000360768.5","ENSG00000196715.7","OTTHUMG00000129449.5","OTTHUMT00000251612.5","VKORC1L1-201","VKORC1L1",6087,"protein_coding",5542,56,0.953900218009949,"GGACT",0.75,NA,NA,NA,NA,NA,NA,NA,NA,NA,0,0,0,NA,NA,NA
"1166","ENST00000360768.5","ENSG00000196715.7","OTTHUMG00000129449.5","OTTHUMT00000251612.5","VKORC1L1-201","VKORC1L1",6087,"protein_coding",5850,42,0.990422129631042,"GGACT",0.928571428571429,NA,NA,NA,NA,NA,NA,NA,NA,NA,0,0,0,NA,NA,NA
"1167","ENST00000360864.9","ENSG00000101152.12","OTTHUMG00000033007.4","OTTHUMT00000080244.2","DNAJC5-201","DNAJC5",5249,"protein_coding",4243,27,0.924072206020355,"TGACT",0.555555555555556,NA,NA,NA,NA,NA,NA,NA,NA,NA,0,0,0,NA,NA,NA
"1168","ENST00000360876.9","ENSG00000106263.19","OTTHUMG00000022839.6","OTTHUMT00000207006.2","EIF3B-201","EIF3B",3096,"protein_coding",2713,865,0.949117064476013,"GGACT",0.715606936416185,NA,NA,NA,NA,NA,NA,NA,NA,NA,0,0,0,NA,NA,NA
"1169","ENST00000361007.7","ENSG00000197879.17","OTTHUMG00000090323.17","OTTHUMT00000438815.3","MYO1C-201","MYO1C",4714,"protein_coding",3559,44,0.919349014759064,"GGACA",0.454545454545454,NA,NA,NA,NA,NA,NA,NA,NA,NA,0,0,0,NA,NA,NA
"1170","ENST00000361114.10","ENSG00000107745.20","OTTHUMG00000018437.13","OTTHUMT00000048586.2","MICU1-201","MICU1",2357,"protein_coding",1479,21,0.976244986057281,"GGACT",0.714285714285714,NA,NA,NA,NA,NA,NA,NA,NA,NA,0,0,0,NA,NA,NA
"1171","ENST00000361114.10","ENSG00000107745.20","OTTHUMG00000018437.13","OTTHUMT00000048586.2","MICU1-201","MICU1",2357,"protein_coding",1627,24,0.978624105453491,"GGACT",0.666666666666667,NA,NA,NA,NA,NA,NA,NA,NA,NA,0,0,0,NA,NA,NA
"1172","ENST00000361219.11","ENSG00000142864.15","OTTHUMG00000009372.3","OTTHUMT00000095784.1","SERBP1-201","SERBP1",6681,"protein_coding",1385,530,0.965588867664337,"AGACT",0.711320754716981,NA,NA,NA,NA,NA,NA,NA,NA,NA,0,0,0,NA,NA,NA
"1173","ENST00000361219.11","ENSG00000142864.15","OTTHUMG00000009372.3","OTTHUMT00000095784.1","SERBP1-201","SERBP1",6681,"protein_coding",1414,528,0.94318300485611,"AGACT",0.621212121212121,NA,NA,NA,NA,NA,NA,NA,NA,NA,0,0,0,NA,NA,NA
"1174","ENST00000361242.9","ENSG00000198925.12","OTTHUMG00000154557.20","OTTHUMT00000335929.2","ATG9A-201","ATG9A",3770,"protein_coding",2914,22,0.928973078727722,"GGACT",0.636363636363636,NA,NA,NA,NA,NA,NA,NA,NA,NA,0,0,0,NA,NA,NA
"1175","ENST00000361288.9","ENSG00000064995.19","OTTHUMG00000014556.4","OTTHUMT00000040259.2","TAF11-201","TAF11",1849,"protein_coding",678,49,0.931769192218781,"GGACA",0.408163265306123,NA,NA,NA,NA,NA,NA,NA,NA,NA,0,0,0,NA,NA,NA
"1176","ENST00000361288.9","ENSG00000064995.19","OTTHUMG00000014556.4","OTTHUMT00000040259.2","TAF11-201","TAF11",1849,"protein_coding",784,54,0.984257400035858,"AGACT",0.907407407407407,NA,NA,NA,NA,NA,NA,NA,NA,NA,0,0,0,NA,NA,NA
"1177","ENST00000361288.9","ENSG00000064995.19","OTTHUMG00000014556.4","OTTHUMT00000040259.2","TAF11-201","TAF11",1849,"protein_coding",922,46,0.993263185024261,"GGACC",0.760869565217391,NA,NA,NA,NA,NA,NA,NA,NA,NA,0,0,0,NA,NA,NA
"1178","ENST00000361611.11","ENSG00000100804.19","OTTHUMG00000028713.6","OTTHUMT00000071695.6","PSMB5-202","PSMB5",1044,"protein_coding",867,1157,0.900638937950134,"GGACA",0.486603284356093,NA,NA,NA,NA,NA,NA,NA,NA,NA,0,0,0,NA,NA,NA
"1179","ENST00000361660.8","ENSG00000198874.14","OTTHUMG00000129723.5","OTTHUMT00000346619.2","TYW1-202","TYW1",3255,"nonsense_mediated_decay",3010,52,0.948872745037079,"GGACT",0.692307692307692,NA,NA,NA,NA,NA,NA,NA,NA,NA,0,0,0,NA,NA,NA
"1180","ENST00000361690.7","ENSG00000096063.16","OTTHUMG00000014583.7","OTTHUMT00000370434.1","SRPK1-202","SRPK1",4286,"protein_coding",3464,80,0.928382098674774,"GGACT",0.5625,0,2270,2016,1,0,1,2015,2016,4285,0,0,1,NA,NA,0.637885462555066
"1181","ENST00000361723.7","ENSG00000166801.17","OTTHUMG00000167280.6","OTTHUMT00000393976.2","FAM111A-201","FAM111A",3592,"protein_coding",3240,106,0.904156446456909,"GGACT",0.547169811320755,NA,NA,NA,NA,NA,NA,NA,NA,NA,0,0,0,NA,NA,NA
"1182","ENST00000361735.4","ENSG00000010165.20","OTTHUMG00000034912.7","OTTHUMT00000084528.6","METTL13-201","METTL13",3368,"protein_coding",2330,66,0.980743825435638,"GGACC",0.666666666666667,NA,NA,NA,NA,NA,NA,NA,NA,NA,0,0,0,NA,NA,NA
"1183","ENST00000361735.4","ENSG00000010165.20","OTTHUMG00000034912.7","OTTHUMT00000084528.6","METTL13-201","METTL13",3368,"protein_coding",2449,74,0.975684285163879,"GGACT",0.716216216216216,NA,NA,NA,NA,NA,NA,NA,NA,NA,0,0,0,NA,NA,NA
"1184","ENST00000361756.8","ENSG00000137522.18","OTTHUMG00000157023.4","OTTHUMT00000347132.2","RNF121-201","RNF121",2282,"protein_coding",1092,51,0.928027927875519,"AGACT",0.725490196078431,NA,NA,NA,NA,NA,NA,NA,NA,NA,0,0,0,NA,NA,NA
"1185","ENST00000361756.8","ENSG00000137522.18","OTTHUMG00000157023.4","OTTHUMT00000347132.2","RNF121-201","RNF121",2282,"protein_coding",1139,45,0.952065825462341,"GGACT",0.622222222222222,NA,NA,NA,NA,NA,NA,NA,NA,NA,0,0,0,NA,NA,NA
"1186","ENST00000361818.9","ENSG00000034152.20","OTTHUMG00000134322.7","-","MAP2K3-203","MAP2K3",2034,"protein_coding",1897,25,0.957119464874268,"GGACT",0.76,NA,NA,NA,NA,NA,NA,NA,NA,NA,0,0,0,NA,NA,NA
"1187","ENST00000361871.8","ENSG00000198736.13","OTTHUMG00000129143.2","OTTHUMT00000251203.1","MSRB1-201","MSRB1",1277,"protein_coding",571,27,0.929839134216309,"AGACT",0.666666666666667,NA,NA,NA,NA,NA,NA,NA,NA,NA,0,0,0,NA,NA,NA
"1188","ENST00000361871.8","ENSG00000198736.13","OTTHUMG00000129143.2","OTTHUMT00000251203.1","MSRB1-201","MSRB1",1277,"protein_coding",778,27,0.920206189155579,"AGACT",0.777777777777778,NA,NA,NA,NA,NA,NA,NA,NA,NA,0,0,0,NA,NA,NA
"1189","ENST00000361909.8","ENSG00000140931.20","OTTHUMG00000137503.9","OTTHUMT00000421019.1","CMTM3-201","CMTM3",2159,"protein_coding",1563,67,0.930791795253754,"AGACT",0.552238805970149,NA,NA,NA,NA,NA,NA,NA,NA,NA,0,0,0,NA,NA,NA
"1190","ENST00000362019.7","ENSG00000010165.20","OTTHUMG00000034912.7","OTTHUMT00000084845.1","METTL13-202","METTL13",3022,"protein_coding",1983,66,0.980415642261505,"GGACC",0.666666666666667,NA,NA,NA,NA,NA,NA,NA,NA,NA,0,0,0,NA,NA,NA
"1191","ENST00000362019.7","ENSG00000010165.20","OTTHUMG00000034912.7","OTTHUMT00000084845.1","METTL13-202","METTL13",3022,"protein_coding",2102,74,0.974758684635162,"GGACT",0.716216216216216,NA,NA,NA,NA,NA,NA,NA,NA,NA,0,0,0,NA,NA,NA
"1192","ENST00000362076.8","ENSG00000143612.21","OTTHUMG00000035981.5","OTTHUMT00000087666.2","C1orf43-202","C1orf43",1551,"protein_coding",830,309,0.964197874069214,"GGACT",0.673139158576052,NA,NA,NA,NA,NA,NA,NA,NA,NA,0,0,0,NA,NA,NA
"1193","ENST00000362091.9","ENSG00000134452.20","OTTHUMG00000017609.5","OTTHUMT00000046596.1","FBH1-201","FBH1",3548,"protein_coding",3324,65,0.978543996810913,"AGACT",0.738461538461539,NA,NA,NA,NA,NA,NA,NA,NA,NA,0,0,0,NA,NA,NA
"1194","ENST00000366472.6","ENSG00000175137.11","OTTHUMG00000040389.3","OTTHUMT00000097140.2","SH3BP5L-201","SH3BP5L",3148,"protein_coding",2337,21,0.91869443655014,"GAACT",0.333333333333333,NA,NA,NA,NA,NA,NA,NA,NA,NA,0,0,0,NA,NA,NA
"1195","ENST00000366472.6","ENSG00000175137.11","OTTHUMG00000040389.3","OTTHUMT00000097140.2","SH3BP5L-201","SH3BP5L",3148,"protein_coding",2960,53,0.951458036899567,"GGACT",0.735849056603774,NA,NA,NA,NA,NA,NA,NA,NA,NA,0,0,0,NA,NA,NA
"1196","ENST00000366525.8","ENSG00000153187.21","OTTHUMG00000040396.17","OTTHUMT00000492376.2","HNRNPU-202","HNRNPU",2851,"retained_intron",2108,209,0.966735541820526,"GAACT",0.69377990430622,NA,NA,NA,NA,NA,NA,NA,NA,NA,0,0,0,NA,NA,NA
"1197","ENST00000366607.5","ENSG00000173726.11","OTTHUMG00000039619.2","OTTHUMT00000095551.2","TOMM20-201","TOMM20",3283,"protein_coding",2025,61,0.963315665721893,"GAACT",0.540983606557377,NA,NA,NA,NA,NA,NA,NA,NA,NA,0,0,0,NA,NA,NA
"1198","ENST00000366695.3","ENSG00000181218.6","OTTHUMG00000040046.1","-","H2AC25-201","H2AC25",895,"protein_coding",635,215,0.92797863483429,"GGACT",0.67906976744186,NA,NA,NA,NA,NA,NA,NA,NA,NA,0,0,0,NA,NA,NA
"1199","ENST00000367029.5","ENSG00000123689.6","OTTHUMG00000036479.2","OTTHUMT00000088732.2","G0S2-201","G0S2",876,"protein_coding",484,79,0.930951058864594,"GAACT",0.594936708860759,NA,NA,NA,NA,NA,NA,NA,NA,NA,0,0,0,NA,NA,NA
"1200","ENST00000367029.5","ENSG00000123689.6","OTTHUMG00000036479.2","OTTHUMT00000088732.2","G0S2-201","G0S2",876,"protein_coding",625,20,0.960895717144012,"GGACT",0.7,NA,NA,NA,NA,NA,NA,NA,NA,NA,0,0,0,NA,NA,NA
"1201","ENST00000367029.5","ENSG00000123689.6","OTTHUMG00000036479.2","OTTHUMT00000088732.2","G0S2-201","G0S2",876,"protein_coding",657,56,0.964006125926971,"GAACT",0.589285714285714,NA,NA,NA,NA,NA,NA,NA,NA,NA,0,0,0,NA,NA,NA
"1202","ENST00000367075.4","ENSG00000092820.19","OTTHUMG00000015917.2","OTTHUMT00000042878.2","EZR-202","EZR",3052,"protein_coding",2143,52,0.946359634399414,"GGACT",0.596153846153846,NA,NA,NA,NA,NA,NA,NA,NA,NA,0,0,0,NA,NA,NA
"1203","ENST00000367287.5","ENSG00000134375.11","OTTHUMG00000035806.2","OTTHUMT00000087092.2","TIMM17A-201","TIMM17A",1650,"protein_coding",664,139,0.922782361507416,"AGACA",0.633093525179856,NA,NA,NA,NA,NA,NA,NA,NA,NA,0,0,0,NA,NA,NA
"1204","ENST00000367419.10","ENSG00000055211.14","OTTHUMG00000015789.3","OTTHUMT00000042644.3","GINM1-201","GINM1",1943,"protein_coding",1053,42,0.979679703712463,"GGACT",0.738095238095238,NA,NA,NA,NA,NA,NA,NA,NA,NA,0,0,0,NA,NA,NA
"1205","ENST00000367419.10","ENSG00000055211.14","OTTHUMG00000015789.3","OTTHUMT00000042644.3","GINM1-201","GINM1",1943,"protein_coding",1155,23,0.950412213802338,"AGACT",0.695652173913043,NA,NA,NA,NA,NA,NA,NA,NA,NA,0,0,0,NA,NA,NA
"1206","ENST00000367569.4","ENSG00000169976.7","OTTHUMG00000015737.2","OTTHUMT00000042537.2","SF3B5-201","SF3B5",690,"protein_coding",338,607,0.915984630584717,"AGACT",0.561779242174629,NA,NA,NA,NA,NA,NA,NA,NA,NA,0,0,0,NA,NA,NA
"1207","ENST00000367600.5","ENSG00000116260.17","OTTHUMG00000035256.4","OTTHUMT00000100310.1","QSOX1-201","QSOX1",2519,"protein_coding",1982,27,0.965725600719452,"GGACA",0.555555555555556,NA,NA,NA,NA,NA,NA,NA,NA,NA,0,0,0,NA,NA,NA
"1208","ENST00000367627.8","ENSG00000186283.14","OTTHUMG00000035077.6","OTTHUMT00000084927.2","TOR3A-203","TOR3A",2031,"protein_coding",1299,27,0.91135048866272,"GGACC",0.481481481481482,NA,NA,NA,NA,NA,NA,NA,NA,NA,0,0,0,NA,NA,NA
"1209","ENST00000367627.8","ENSG00000186283.14","OTTHUMG00000035077.6","OTTHUMT00000084927.2","TOR3A-203","TOR3A",2031,"protein_coding",1331,30,0.961820185184479,"GGACT",0.8,NA,NA,NA,NA,NA,NA,NA,NA,NA,0,0,0,NA,NA,NA
"1210","ENST00000367627.8","ENSG00000186283.14","OTTHUMG00000035077.6","OTTHUMT00000084927.2","TOR3A-203","TOR3A",2031,"protein_coding",1355,24,0.966005265712738,"GGACT",0.666666666666667,NA,NA,NA,NA,NA,NA,NA,NA,NA,0,0,0,NA,NA,NA
"1211","ENST00000367737.9","ENSG00000010165.20","OTTHUMG00000034912.7","OTTHUMT00000084846.1","METTL13-203","METTL13",2865,"protein_coding",1674,21,0.920049130916595,"AGACT",0.571428571428571,NA,NA,NA,NA,NA,NA,NA,NA,NA,0,0,0,NA,NA,NA
"1212","ENST00000367737.9","ENSG00000010165.20","OTTHUMG00000034912.7","OTTHUMT00000084846.1","METTL13-203","METTL13",2865,"protein_coding",1826,45,0.982077896595001,"GGACC",0.644444444444444,NA,NA,NA,NA,NA,NA,NA,NA,NA,0,0,0,NA,NA,NA
"1213","ENST00000367737.9","ENSG00000010165.20","OTTHUMG00000034912.7","OTTHUMT00000084846.1","METTL13-203","METTL13",2865,"protein_coding",1945,49,0.964260756969452,"GGACT",0.673469387755102,NA,NA,NA,NA,NA,NA,NA,NA,NA,0,0,0,NA,NA,NA
"1214","ENST00000367853.3","ENSG00000197965.12","OTTHUMG00000034571.5","OTTHUMT00000083657.2","MPZL1-202","MPZL1",881,"protein_coding",675,64,0.947599589824677,"GGACT",0.6875,NA,NA,NA,NA,NA,NA,NA,NA,NA,0,0,0,NA,NA,NA
"1215","ENST00000367942.4","ENSG00000118217.7","OTTHUMG00000023961.3","OTTHUMT00000060304.3","ATF6-201","ATF6",7470,"protein_coding",2151,43,0.921281933784485,"GAACT",0.627906976744186,NA,NA,NA,NA,NA,NA,NA,NA,NA,0,0,0,NA,NA,NA
"1216","ENST00000367976.4","ENSG00000118523.6","OTTHUMG00000015573.3","OTTHUMT00000042239.3","CCN2-201","CCN2",2338,"protein_coding",1266,74,0.90423047542572,"AGACA",0.648648648648649,NA,NA,NA,NA,NA,NA,NA,NA,NA,0,0,0,NA,NA,NA
"1217","ENST00000367976.4","ENSG00000118523.6","OTTHUMG00000015573.3","OTTHUMT00000042239.3","CCN2-201","CCN2",2338,"protein_coding",1293,73,0.961763679981232,"GAACT",0.616438356164384,NA,NA,NA,NA,NA,NA,NA,NA,NA,0,0,0,NA,NA,NA
"1218","ENST00000367987.1","ENSG00000158882.15","OTTHUMG00000034345.2","OTTHUMT00000083030.1","TOMM40L-201","TOMM40L",2636,"protein_coding",2376,63,0.910179734230042,"AGACT",0.777777777777778,NA,NA,NA,NA,NA,NA,NA,NA,NA,0,0,0,NA,NA,NA
"1219","ENST00000367987.1","ENSG00000158882.15","OTTHUMG00000034345.2","OTTHUMT00000083030.1","TOMM40L-201","TOMM40L",2636,"protein_coding",2522,56,0.929109871387482,"GGACT",0.678571428571429,NA,NA,NA,NA,NA,NA,NA,NA,NA,0,0,0,NA,NA,NA
"1220","ENST00000367988.8","ENSG00000158882.15","OTTHUMG00000034345.2","OTTHUMT00000083029.2","TOMM40L-202","TOMM40L",2790,"protein_coding",2402,64,0.904009997844696,"AGACT",0.765625,NA,NA,NA,NA,NA,NA,NA,NA,NA,0,0,0,NA,NA,NA
"1221","ENST00000367988.8","ENSG00000158882.15","OTTHUMG00000034345.2","OTTHUMT00000083029.2","TOMM40L-202","TOMM40L",2790,"protein_coding",2548,58,0.923792481422424,"GGACT",0.672413793103448,NA,NA,NA,NA,NA,NA,NA,NA,NA,0,0,0,NA,NA,NA
"1222","ENST00000367998.5","ENSG00000158850.15","OTTHUMG00000034348.2","OTTHUMT00000083055.1","B4GALT3-202","B4GALT3",1871,"protein_coding",1214,45,0.905028820037842,"GGACT",0.644444444444444,NA,NA,NA,NA,NA,NA,NA,NA,NA,0,0,0,NA,NA,NA
"1223","ENST00000368006.8","ENSG00000158796.17","OTTHUMG00000033104.7","OTTHUMT00000080582.2","DEDD-202","DEDD",2344,"protein_coding",1112,20,0.965345203876495,"GGACT",0.55,NA,NA,NA,NA,NA,NA,NA,NA,NA,0,0,0,NA,NA,NA
"1224","ENST00000368006.8","ENSG00000158796.17","OTTHUMG00000033104.7","OTTHUMT00000080582.2","DEDD-202","DEDD",2344,"protein_coding",1196,20,0.914730906486511,"GGACT",0.65,NA,NA,NA,NA,NA,NA,NA,NA,NA,0,0,0,NA,NA,NA
"1225","ENST00000368020.5","ENSG00000158773.14","OTTHUMG00000031472.3","OTTHUMT00000077052.1","USF1-202","USF1",1717,"protein_coding",1417,21,0.922921240329742,"GGACT",0.619047619047619,NA,NA,NA,NA,NA,NA,NA,NA,NA,0,0,0,NA,NA,NA
"1226","ENST00000368021.7","ENSG00000158773.14","OTTHUMG00000031472.3","OTTHUMT00000077050.1","USF1-203","USF1",1807,"protein_coding",1507,21,0.924123108386993,"GGACT",0.619047619047619,NA,NA,NA,NA,NA,NA,NA,NA,NA,0,0,0,NA,NA,NA
"1227","ENST00000368073.7","ENSG00000132716.19","OTTHUMG00000031604.10","OTTHUMT00000077402.2","DCAF8-202","DCAF8",4106,"protein_coding",2371,23,0.936219274997711,"GGACA",0.391304347826087,NA,NA,NA,NA,NA,NA,NA,NA,NA,0,0,0,NA,NA,NA
"1228","ENST00000368073.7","ENSG00000132716.19","OTTHUMG00000031604.10","OTTHUMT00000077402.2","DCAF8-202","DCAF8",4106,"protein_coding",2455,23,0.912593901157379,"GGACT",0.434782608695652,NA,NA,NA,NA,NA,NA,NA,NA,NA,0,0,0,NA,NA,NA
"1229","ENST00000368074.6","ENSG00000132716.19","OTTHUMG00000031604.10","OTTHUMT00000077403.3","DCAF8-203","DCAF8",3867,"protein_coding",2137,23,0.936770975589752,"GGACA",0.391304347826087,NA,NA,NA,NA,NA,NA,NA,NA,NA,0,0,0,NA,NA,NA
"1230","ENST00000368074.6","ENSG00000132716.19","OTTHUMG00000031604.10","OTTHUMT00000077403.3","DCAF8-203","DCAF8",3867,"protein_coding",2221,23,0.911532938480377,"GGACT",0.434782608695652,NA,NA,NA,NA,NA,NA,NA,NA,NA,0,0,0,NA,NA,NA
"1231","ENST00000368277.3","ENSG00000160783.19","OTTHUMG00000177123.3","OTTHUMT00000040860.1","PMF1-202","PMF1",1068,"protein_coding",764,160,0.932084441184998,"GGACT",0.51875,NA,NA,NA,NA,NA,NA,NA,NA,NA,0,0,0,NA,NA,NA
"1232","ENST00000368279.7","ENSG00000160783.19","OTTHUMG00000177123.3","OTTHUMT00000040861.1","PMF1-203","PMF1",1019,"protein_coding",717,159,0.93139511346817,"GGACT",0.522012578616352,NA,NA,NA,NA,NA,NA,NA,NA,NA,0,0,0,NA,NA,NA
"1233","ENST00000368336.10","ENSG00000132676.16","OTTHUMG00000035439.6","OTTHUMT00000086042.2","DAP3-202","DAP3",2056,"protein_coding",1412,254,0.96049290895462,"GGACT",0.751968503937008,NA,NA,NA,NA,NA,NA,NA,NA,NA,0,0,0,NA,NA,NA
"1234","ENST00000368339.9","ENSG00000163374.20","OTTHUMG00000035437.8","-","YY1AP1-210","YY1AP1",3073,"protein_coding",2882,20,0.900528430938721,"AGACT",0.45,NA,NA,NA,NA,NA,NA,NA,NA,NA,0,0,0,NA,NA,NA
"1235","ENST00000368341.8","ENSG00000125459.18","OTTHUMG00000014014.9","OTTHUMT00000039410.1","MSTO1-202","MSTO1",2245,"protein_coding",1945,22,0.977618634700775,"GGACT",0.727272727272727,NA,NA,NA,NA,NA,NA,NA,NA,NA,0,0,0,NA,NA,NA
"1236","ENST00000368401.6","ENSG00000169241.19","OTTHUMG00000035333.5","-","SLC50A1-202","SLC50A1",1218,"protein_coding",777,111,0.900563895702362,"GGACC",0.441441441441441,NA,NA,NA,NA,NA,NA,NA,NA,NA,0,0,0,NA,NA,NA
"1237","ENST00000368431.7","ENSG00000160688.19","OTTHUMG00000037416.2","OTTHUMT00000091093.1","FLAD1-205","FLAD1",1803,"protein_coding",1466,20,0.907696187496185,"TGACT",0.5,NA,NA,NA,NA,NA,NA,NA,NA,NA,0,0,0,NA,NA,NA
"1238","ENST00000368432.5","ENSG00000160688.19","OTTHUMG00000037416.2","OTTHUMT00000091091.1","FLAD1-206","FLAD1",1839,"protein_coding",695,21,0.983254849910736,"GGACT",0.761904761904762,NA,NA,NA,NA,NA,NA,NA,NA,NA,0,0,0,NA,NA,NA
"1239","ENST00000368432.5","ENSG00000160688.19","OTTHUMG00000037416.2","OTTHUMT00000091091.1","FLAD1-206","FLAD1",1839,"protein_coding",829,22,0.916042804718018,"TGACT",0.636363636363636,NA,NA,NA,NA,NA,NA,NA,NA,NA,0,0,0,NA,NA,NA
"1240","ENST00000368445.9","ENSG00000160691.19","OTTHUMG00000037295.6","OTTHUMT00000090781.2","SHC1-202","SHC1",3472,"protein_coding",1896,95,0.948868155479431,"GGACA",0.473684210526316,NA,NA,NA,NA,NA,NA,NA,NA,NA,0,0,0,NA,NA,NA
"1241","ENST00000368445.9","ENSG00000160691.19","OTTHUMG00000037295.6","OTTHUMT00000090781.2","SHC1-202","SHC1",3472,"protein_coding",2092,142,0.989785015583038,"GGACT",0.915492957746479,NA,NA,NA,NA,NA,NA,NA,NA,NA,0,0,0,NA,NA,NA
"1242","ENST00000368449.8","ENSG00000160691.19","OTTHUMG00000037295.6","OTTHUMT00000090780.3","SHC1-203","SHC1",2879,"protein_coding",1303,82,0.953338742256165,"GGACA",0.475609756097561,NA,NA,NA,NA,NA,NA,NA,NA,NA,0,0,0,NA,NA,NA
"1243","ENST00000368449.8","ENSG00000160691.19","OTTHUMG00000037295.6","OTTHUMT00000090780.3","SHC1-203","SHC1",2879,"protein_coding",1441,99,0.906605124473572,"GGACC",0.434343434343434,NA,NA,NA,NA,NA,NA,NA,NA,NA,0,0,0,NA,NA,NA
"1244","ENST00000368449.8","ENSG00000160691.19","OTTHUMG00000037295.6","OTTHUMT00000090780.3","SHC1-203","SHC1",2879,"protein_coding",1499,126,0.989992678165436,"GGACT",0.920634920634921,NA,NA,NA,NA,NA,NA,NA,NA,NA,0,0,0,NA,NA,NA
"1245","ENST00000368450.5","ENSG00000160691.19","OTTHUMG00000037295.6","OTTHUMT00000090928.1","SHC1-204","SHC1",3059,"protein_coding",1483,93,0.954242527484894,"GGACA",0.473118279569892,NA,NA,NA,NA,NA,NA,NA,NA,NA,0,0,0,NA,NA,NA
"1246","ENST00000368450.5","ENSG00000160691.19","OTTHUMG00000037295.6","OTTHUMT00000090928.1","SHC1-204","SHC1",3059,"protein_coding",1679,139,0.990481376647949,"GGACT",0.920863309352518,NA,NA,NA,NA,NA,NA,NA,NA,NA,0,0,0,NA,NA,NA
"1247","ENST00000368453.8","ENSG00000160691.19","OTTHUMG00000037295.6","OTTHUMT00000090927.1","SHC1-205","SHC1",3062,"protein_coding",1486,93,0.955054938793182,"GGACA",0.473118279569892,NA,NA,NA,NA,NA,NA,NA,NA,NA,0,0,0,NA,NA,NA
"1248","ENST00000368453.8","ENSG00000160691.19","OTTHUMG00000037295.6","OTTHUMT00000090927.1","SHC1-205","SHC1",3062,"protein_coding",1682,139,0.990394055843353,"GGACT",0.920863309352518,NA,NA,NA,NA,NA,NA,NA,NA,NA,0,0,0,NA,NA,NA
"1249","ENST00000368521.10","ENSG00000143612.21","OTTHUMG00000035981.5","OTTHUMT00000087664.2","C1orf43-206","C1orf43",1678,"protein_coding",957,260,0.965330302715302,"GGACT",0.696153846153846,NA,NA,NA,NA,NA,NA,NA,NA,NA,0,0,0,NA,NA,NA
"1250","ENST00000368589.5","ENSG00000143543.15","OTTHUMG00000036590.4","OTTHUMT00000090419.1","JTB-203","JTB",1216,"protein_coding",1112,176,0.927459836006165,"GGACT",0.727272727272727,NA,NA,NA,NA,NA,NA,NA,NA,NA,0,0,0,NA,NA,NA
"1251","ENST00000368653.7","ENSG00000148773.14","OTTHUMG00000019255.2","OTTHUMT00000051000.1","MKI67-201","MKI67",11417,"protein_coding",9074,52,0.983614027500153,"GGACT",0.903846153846154,NA,NA,NA,NA,NA,NA,NA,NA,NA,0,0,0,NA,NA,NA
"1252","ENST00000368653.7","ENSG00000148773.14","OTTHUMG00000019255.2","OTTHUMT00000051000.1","MKI67-201","MKI67",11417,"protein_coding",9522,21,0.960138499736786,"TGACT",0.80952380952381,NA,NA,NA,NA,NA,NA,NA,NA,NA,0,0,0,NA,NA,NA
"1253","ENST00000368653.7","ENSG00000148773.14","OTTHUMG00000019255.2","OTTHUMT00000051000.1","MKI67-201","MKI67",11417,"protein_coding",9639,23,0.907567620277405,"AAACT",0.391304347826087,NA,NA,NA,NA,NA,NA,NA,NA,NA,0,0,0,NA,NA,NA
"1254","ENST00000368653.7","ENSG00000148773.14","OTTHUMG00000019255.2","OTTHUMT00000051000.1","MKI67-201","MKI67",11417,"protein_coding",9797,25,0.92365550994873,"AGACT",0.6,NA,NA,NA,NA,NA,NA,NA,NA,NA,0,0,0,NA,NA,NA
"1255","ENST00000368654.8","ENSG00000148773.14","OTTHUMG00000019255.2","OTTHUMT00000050999.2","MKI67-202","MKI67",12716,"protein_coding",10373,52,0.983723282814026,"GGACT",0.903846153846154,NA,NA,NA,NA,NA,NA,NA,NA,NA,0,0,0,NA,NA,NA
"1256","ENST00000368654.8","ENSG00000148773.14","OTTHUMG00000019255.2","OTTHUMT00000050999.2","MKI67-202","MKI67",12716,"protein_coding",10821,21,0.960551559925079,"TGACT",0.80952380952381,NA,NA,NA,NA,NA,NA,NA,NA,NA,0,0,0,NA,NA,NA
"1257","ENST00000368654.8","ENSG00000148773.14","OTTHUMG00000019255.2","OTTHUMT00000050999.2","MKI67-202","MKI67",12716,"protein_coding",11096,25,0.925495982170105,"AGACT",0.6,NA,NA,NA,NA,NA,NA,NA,NA,NA,0,0,0,NA,NA,NA
"1258","ENST00000368685.6","ENSG00000143553.11","OTTHUMG00000037086.2","OTTHUMT00000090036.2","SNAPIN-201","SNAPIN",1003,"protein_coding",467,105,0.924975574016571,"GGACT",0.59047619047619,NA,NA,NA,NA,NA,NA,NA,NA,NA,0,0,0,NA,NA,NA
"1259","ENST00000368687.1","ENSG00000160679.14","OTTHUMG00000037052.2","OTTHUMT00000089970.1","CHTOP-202","CHTOP",1094,"protein_coding",1012,70,0.90362548828125,"GGACT",0.571428571428571,NA,NA,NA,NA,NA,NA,NA,NA,NA,0,0,0,NA,NA,NA
"1260","ENST00000368690.7","ENSG00000160679.14","OTTHUMG00000037052.2","-","CHTOP-203","CHTOP",2165,"protein_coding",207,79,0.906057894229889,"GAACT",0.531645569620253,NA,NA,NA,NA,NA,NA,NA,NA,NA,0,0,0,NA,NA,NA
"1261","ENST00000368690.7","ENSG00000160679.14","OTTHUMG00000037052.2","-","CHTOP-203","CHTOP",2165,"protein_coding",1248,127,0.91735702753067,"GGACT",0.551181102362205,NA,NA,NA,NA,NA,NA,NA,NA,NA,0,0,0,NA,NA,NA
"1262","ENST00000368694.8","ENSG00000160679.14","OTTHUMG00000037052.2","OTTHUMT00000089967.2","CHTOP-204","CHTOP",2079,"protein_coding",123,79,0.904343247413635,"GAACT",0.531645569620253,NA,NA,NA,NA,NA,NA,NA,NA,NA,0,0,0,NA,NA,NA
"1263","ENST00000368694.8","ENSG00000160679.14","OTTHUMG00000037052.2","OTTHUMT00000089967.2","CHTOP-204","CHTOP",2079,"protein_coding",1161,131,0.917539894580841,"GGACT",0.549618320610687,NA,NA,NA,NA,NA,NA,NA,NA,NA,0,0,0,NA,NA,NA
"1264","ENST00000368863.6","ENSG00000143442.24","OTTHUMG00000012499.10","OTTHUMT00000034917.1","POGZ-203","POGZ",6054,"protein_coding",5735,21,0.93976354598999,"GGACT",0.714285714285714,NA,NA,NA,NA,NA,NA,NA,NA,NA,0,0,0,NA,NA,NA
"1265","ENST00000368873.6","ENSG00000143393.17","OTTHUMG00000012348.14","OTTHUMT00000034400.3","PI4KB-202","PI4KB",3673,"protein_coding",2883,34,0.908811807632446,"GGACT",0.647058823529412,NA,NA,NA,NA,NA,NA,NA,NA,NA,0,0,0,NA,NA,NA
"1266","ENST00000368874.8","ENSG00000143393.17","OTTHUMG00000012348.14","OTTHUMT00000034401.5","PI4KB-203","PI4KB",3934,"protein_coding",3137,34,0.910796582698822,"GGACT",0.647058823529412,NA,NA,NA,NA,NA,NA,NA,NA,NA,0,0,0,NA,NA,NA
"1267","ENST00000368875.6","ENSG00000143393.17","OTTHUMG00000012348.14","OTTHUMT00000034402.5","PI4KB-204","PI4KB",3983,"protein_coding",3326,34,0.913646638393402,"GGACT",0.647058823529412,NA,NA,NA,NA,NA,NA,NA,NA,NA,0,0,0,NA,NA,NA
"1268","ENST00000368888.9","ENSG00000143398.20","OTTHUMG00000012351.22","OTTHUMT00000034425.2","PIP5K1A-202","PIP5K1A",3800,"protein_coding",2886,20,0.910335600376129,"GGACA",0.4,NA,NA,NA,NA,NA,NA,NA,NA,NA,0,0,0,NA,NA,NA
"1269","ENST00000368890.8","ENSG00000143398.20","OTTHUMG00000012351.22","OTTHUMT00000034423.3","PIP5K1A-203","PIP5K1A",3613,"protein_coding",2699,20,0.901413798332214,"GGACA",0.4,NA,NA,NA,NA,NA,NA,NA,NA,NA,0,0,0,NA,NA,NA
"1270","ENST00000368892.9","ENSG00000163159.15","OTTHUMG00000012345.10","OTTHUMT00000034393.3","VPS72-202","VPS72",1511,"protein_coding",1068,103,0.938173711299896,"GGACT",0.572815533980582,NA,NA,NA,NA,NA,NA,NA,NA,NA,0,0,0,NA,NA,NA
"1271","ENST00000369093.6","ENSG00000151923.18","OTTHUMG00000019156.8","OTTHUMT00000050668.2","TIAL1-203","TIAL1",5072,"protein_coding",1215,109,0.96838903427124,"GGACT",0.743119266055046,NA,NA,NA,NA,NA,NA,NA,NA,NA,0,0,0,NA,NA,NA
"1272","ENST00000369093.6","ENSG00000151923.18","OTTHUMG00000019156.8","OTTHUMT00000050668.2","TIAL1-203","TIAL1",5072,"protein_coding",1360,119,0.908377707004547,"GGACA",0.428571428571428,NA,NA,NA,NA,NA,NA,NA,NA,NA,0,0,0,NA,NA,NA
"1273","ENST00000369101.7","ENSG00000148908.15","OTTHUMG00000019150.2","OTTHUMT00000050655.1","RGS10-201","RGS10",738,"protein_coding",643,145,0.902690172195435,"GGACT",0.544827586206897,NA,NA,NA,NA,NA,NA,NA,NA,NA,0,0,0,NA,NA,NA
"1274","ENST00000369103.3","ENSG00000148908.15","OTTHUMG00000019150.2","OTTHUMT00000050654.2","RGS10-202","RGS10",923,"protein_coding",720,162,0.90305882692337,"GGACT",0.561728395061728,NA,NA,NA,NA,NA,NA,NA,NA,NA,0,0,0,NA,NA,NA
"1275","ENST00000369415.9","ENSG00000025039.15","OTTHUMG00000015200.3","OTTHUMT00000041484.2","RRAGD-202","RRAGD",4923,"protein_coding",1575,52,0.902696013450623,"GGACA",0.365384615384615,NA,NA,NA,NA,NA,NA,NA,NA,NA,0,0,0,NA,NA,NA
"1276","ENST00000369500.4","ENSG00000173212.5","OTTHUMG00000012110.3","OTTHUMT00000033486.1","MAB21L3-201","MAB21L3",6376,"protein_coding",5755,22,0.948041498661041,"GGACT",0.772727272727273,NA,NA,NA,NA,NA,NA,NA,NA,NA,0,0,0,NA,NA,NA
"1277","ENST00000369505.5","ENSG00000288709.1","OTTHUMG00000034293.2","OTTHUMT00000082837.2","F8A2-201","F8A2",1707,"protein_coding",1178,57,0.927468121051788,"GGACT",0.701754385964912,NA,NA,NA,NA,NA,NA,NA,NA,NA,0,0,0,NA,NA,NA
"1278","ENST00000369633.6","ENSG00000155366.17","OTTHUMG00000011905.6","-","RHOC-204","RHOC",1295,"protein_coding",1007,329,0.904098033905029,"GGACT",0.550151975683891,NA,NA,NA,NA,NA,NA,NA,NA,NA,0,0,0,NA,NA,NA
"1279","ENST00000369638.6","ENSG00000155366.17","OTTHUMG00000011905.6","OTTHUMT00000033244.2","RHOC-207","RHOC",1028,"protein_coding",888,143,0.906230330467224,"GGACT",0.559440559440559,NA,NA,NA,NA,NA,NA,NA,NA,NA,0,0,0,NA,NA,NA
"1280","ENST00000369642.7","ENSG00000155366.17","OTTHUMG00000011905.6","OTTHUMT00000032905.2","RHOC-208","RHOC",1355,"protein_coding",1071,327,0.910914301872253,"GGACT",0.556574923547401,NA,NA,NA,NA,NA,NA,NA,NA,NA,0,0,0,NA,NA,NA
"1281","ENST00000369660.9","ENSG00000102178.13","OTTHUMG00000013370.6","OTTHUMT00000037238.4","UBL4A-202","UBL4A",2327,"protein_coding",1101,124,0.99567323923111,"GGACT",0.951612903225806,NA,NA,NA,NA,NA,NA,NA,NA,NA,0,0,0,NA,NA,NA
"1282","ENST00000369660.9","ENSG00000102178.13","OTTHUMG00000013370.6","OTTHUMT00000037238.4","UBL4A-202","UBL4A",2327,"protein_coding",1185,124,0.931411623954773,"AAACT",0.620967741935484,NA,NA,NA,NA,NA,NA,NA,NA,NA,0,0,0,NA,NA,NA
"1283","ENST00000369660.9","ENSG00000102178.13","OTTHUMG00000013370.6","OTTHUMT00000037238.4","UBL4A-202","UBL4A",2327,"protein_coding",1494,179,0.974188625812531,"GGACT",0.877094972067039,NA,NA,NA,NA,NA,NA,NA,NA,NA,0,0,0,NA,NA,NA
"1284","ENST00000369750.4","ENSG00000146242.9","OTTHUMG00000015103.1","OTTHUMT00000041340.1","TPBG-201","TPBG",2890,"protein_coding",1653,21,0.946059465408325,"GGACC",0.428571428571428,NA,NA,NA,NA,NA,NA,NA,NA,NA,0,0,0,NA,NA,NA
"1285","ENST00000369750.4","ENSG00000146242.9","OTTHUMG00000015103.1","OTTHUMT00000041340.1","TPBG-201","TPBG",2890,"protein_coding",1707,24,0.974566757678986,"GGACA",0.708333333333333,NA,NA,NA,NA,NA,NA,NA,NA,NA,0,0,0,NA,NA,NA
"1286","ENST00000369762.7","ENSG00000071553.18","OTTHUMG00000033291.11","OTTHUMT00000081639.6","ATP6AP1-201","ATP6AP1",2054,"protein_coding",907,104,0.908770203590393,"TGACT",0.721153846153846,NA,NA,NA,NA,NA,NA,NA,NA,NA,0,0,0,NA,NA,NA
"1287","ENST00000369784.9","ENSG00000162775.17","OTTHUMG00000011284.7","OTTHUMT00000031114.3","RBM15-201","RBM15",3373,"protein_coding",3053,29,0.911851167678833,"GGACC",0.758620689655172,NA,NA,NA,NA,NA,NA,NA,NA,NA,0,0,0,NA,NA,NA
"1288","ENST00000369798.7","ENSG00000112742.10","OTTHUMG00000015088.5","OTTHUMT00000041316.3","TTK-202","TTK",2966,"protein_coding",2687,97,0.923953652381897,"GGACT",0.65979381443299,NA,NA,NA,NA,NA,NA,NA,NA,NA,0,0,0,NA,NA,NA
"1289","ENST00000369903.6","ENSG00000134222.16","OTTHUMG00000012000.6","OTTHUMT00000335570.2","PSRC1-201","PSRC1",1710,"protein_coding",1583,94,0.980853974819183,"GGACT",0.840425531914894,NA,NA,NA,NA,NA,NA,NA,NA,NA,0,0,0,NA,NA,NA
"1290","ENST00000369904.7","ENSG00000134222.16","OTTHUMG00000012000.6","OTTHUMT00000033185.1","PSRC1-202","PSRC1",1584,"protein_coding",1428,55,0.982309937477112,"GGACT",0.818181818181818,NA,NA,NA,NA,NA,NA,NA,NA,NA,0,0,0,NA,NA,NA
"1291","ENST00000369907.7","ENSG00000134222.16","OTTHUMG00000012000.6","OTTHUMT00000033184.1","PSRC1-203","PSRC1",1717,"protein_coding",1561,109,0.969254195690155,"GGACT",0.798165137614679,118,597,1002,1,118,119,1119,1120,1716,0,0,1,NA,NA,0.738693467336683
"1292","ENST00000369909.7","ENSG00000134222.16","OTTHUMG00000012000.6","-","PSRC1-204","PSRC1",1720,"protein_coding",1564,112,0.970021486282349,"GGACT",0.794642857142857,NA,NA,NA,NA,NA,NA,NA,NA,NA,0,0,0,NA,NA,NA
"1293","ENST00000369937.5","ENSG00000107874.11","OTTHUMG00000018958.3","OTTHUMT00000050060.2","CUEDC2-201","CUEDC2",1100,"protein_coding",935,129,0.903349220752716,"GGACT",0.534883720930233,NA,NA,NA,NA,NA,NA,NA,NA,NA,0,0,0,NA,NA,NA
"1294","ENST00000370007.5","ENSG00000166197.17","OTTHUMG00000018944.5","OTTHUMT00000470038.1","NOLC1-201","NOLC1",3727,"protein_coding",1428,21,0.920319557189941,"GGACA",0.428571428571428,NA,NA,NA,NA,NA,NA,NA,NA,NA,0,0,0,NA,NA,NA
"1295","ENST00000370105.7","ENSG00000117543.22","OTTHUMG00000010829.3","OTTHUMT00000029884.1","DPH5-202","DPH5",2159,"protein_coding_CDS_not_defined",1367,77,0.905064463615417,"GGACT",0.74025974025974,NA,NA,NA,NA,NA,NA,NA,NA,NA,0,0,0,NA,NA,NA
"1296","ENST00000370109.8","ENSG00000117543.22","OTTHUMG00000010829.3","OTTHUMT00000029881.2","DPH5-203","DPH5",1768,"protein_coding",976,79,0.903169572353363,"GGACT",0.746835443037975,NA,NA,NA,NA,NA,NA,NA,NA,NA,0,0,0,NA,NA,NA
"1297","ENST00000370267.1","ENSG00000117505.13","OTTHUMG00000010862.3","OTTHUMT00000029977.1","DR1-201","DR1",1647,"protein_coding",535,20,0.964138388633728,"GGACC",0.5,NA,NA,NA,NA,NA,NA,NA,NA,NA,0,0,0,NA,NA,NA
"1298","ENST00000370267.1","ENSG00000117505.13","OTTHUMG00000010862.3","OTTHUMT00000029977.1","DR1-201","DR1",1647,"protein_coding",659,51,0.914016425609589,"AGACT",0.705882352941177,NA,NA,NA,NA,NA,NA,NA,NA,NA,0,0,0,NA,NA,NA
"1299","ENST00000370272.9","ENSG00000117505.13","OTTHUMG00000010862.3","OTTHUMT00000029976.3","DR1-202","DR1",10124,"protein_coding",687,42,0.989204823970795,"GGACC",0.619047619047619,NA,NA,NA,NA,NA,NA,NA,NA,NA,0,0,0,NA,NA,NA
"1300","ENST00000370272.9","ENSG00000117505.13","OTTHUMG00000010862.3","OTTHUMT00000029976.3","DR1-202","DR1",10124,"protein_coding",811,54,0.909243822097778,"AGACT",0.685185185185185,NA,NA,NA,NA,NA,NA,NA,NA,NA,0,0,0,NA,NA,NA
"1301","ENST00000370275.8","ENSG00000101199.13","OTTHUMG00000032965.8","OTTHUMT00000316915.2","ARFGAP1-202","ARFGAP1",3467,"protein_coding",2496,23,0.926135718822479,"TGACT",0.608695652173913,NA,NA,NA,NA,NA,NA,NA,NA,NA,0,0,0,NA,NA,NA
"1302","ENST00000370275.8","ENSG00000101199.13","OTTHUMG00000032965.8","OTTHUMT00000316915.2","ARFGAP1-202","ARFGAP1",3467,"protein_coding",2717,23,0.991475105285645,"GGACT",0.956521739130435,NA,NA,NA,NA,NA,NA,NA,NA,NA,0,0,0,NA,NA,NA
"1303","ENST00000370275.8","ENSG00000101199.13","OTTHUMG00000032965.8","OTTHUMT00000316915.2","ARFGAP1-202","ARFGAP1",3467,"protein_coding",2744,25,0.985429704189301,"GGACC",0.68,NA,NA,NA,NA,NA,NA,NA,NA,NA,0,0,0,NA,NA,NA
"1304","ENST00000370275.8","ENSG00000101199.13","OTTHUMG00000032965.8","OTTHUMT00000316915.2","ARFGAP1-202","ARFGAP1",3467,"protein_coding",2882,21,0.975778579711914,"GGACC",0.952380952380952,NA,NA,NA,NA,NA,NA,NA,NA,NA,0,0,0,NA,NA,NA
"1305","ENST00000370275.8","ENSG00000101199.13","OTTHUMG00000032965.8","OTTHUMT00000316915.2","ARFGAP1-202","ARFGAP1",3467,"protein_coding",3058,82,0.974652230739594,"GGACC",0.865853658536585,NA,NA,NA,NA,NA,NA,NA,NA,NA,0,0,0,NA,NA,NA
"1306","ENST00000370275.8","ENSG00000101199.13","OTTHUMG00000032965.8","OTTHUMT00000316915.2","ARFGAP1-202","ARFGAP1",3467,"protein_coding",3092,87,0.947101414203644,"GGACT",0.632183908045977,NA,NA,NA,NA,NA,NA,NA,NA,NA,0,0,0,NA,NA,NA
"1307","ENST00000370283.9","ENSG00000101199.13","OTTHUMG00000032965.8","OTTHUMT00000080134.5","ARFGAP1-203","ARFGAP1",3250,"protein_coding",2252,23,0.969728946685791,"GGACT",0.782608695652174,NA,NA,NA,NA,NA,NA,NA,NA,NA,0,0,0,NA,NA,NA
"1308","ENST00000370283.9","ENSG00000101199.13","OTTHUMG00000032965.8","OTTHUMT00000080134.5","ARFGAP1-203","ARFGAP1",3250,"protein_coding",2277,28,0.935426771640778,"TGACT",0.642857142857143,NA,NA,NA,NA,NA,NA,NA,NA,NA,0,0,0,NA,NA,NA
"1309","ENST00000370283.9","ENSG00000101199.13","OTTHUMG00000032965.8","OTTHUMT00000080134.5","ARFGAP1-203","ARFGAP1",3250,"protein_coding",2498,27,0.994561910629272,"GGACT",0.962962962962963,NA,NA,NA,NA,NA,NA,NA,NA,NA,0,0,0,NA,NA,NA
"1310","ENST00000370283.9","ENSG00000101199.13","OTTHUMG00000032965.8","OTTHUMT00000080134.5","ARFGAP1-203","ARFGAP1",3250,"protein_coding",2525,30,0.985155999660492,"GGACC",0.666666666666667,NA,NA,NA,NA,NA,NA,NA,NA,NA,0,0,0,NA,NA,NA
"1311","ENST00000370283.9","ENSG00000101199.13","OTTHUMG00000032965.8","OTTHUMT00000080134.5","ARFGAP1-203","ARFGAP1",3250,"protein_coding",2663,25,0.972674965858459,"GGACC",0.92,NA,NA,NA,NA,NA,NA,NA,NA,NA,0,0,0,NA,NA,NA
"1312","ENST00000370283.9","ENSG00000101199.13","OTTHUMG00000032965.8","OTTHUMT00000080134.5","ARFGAP1-203","ARFGAP1",3250,"protein_coding",2839,89,0.975756824016571,"GGACC",0.853932584269663,NA,NA,NA,NA,NA,NA,NA,NA,NA,0,0,0,NA,NA,NA
"1313","ENST00000370283.9","ENSG00000101199.13","OTTHUMG00000032965.8","OTTHUMT00000080134.5","ARFGAP1-203","ARFGAP1",3250,"protein_coding",2873,92,0.953690588474274,"GGACT",0.641304347826087,NA,NA,NA,NA,NA,NA,NA,NA,NA,0,0,0,NA,NA,NA
"1314","ENST00000370355.3","ENSG00000099194.6","OTTHUMG00000018906.3","OTTHUMT00000049857.3","SCD-201","SCD",5245,"protein_coding",216,24,0.925104796886444,"GAACT",0.666666666666667,NA,NA,NA,NA,NA,NA,NA,NA,NA,0,0,0,NA,NA,NA
"1315","ENST00000370372.7","ENSG00000196072.12","OTTHUMG00000018908.3","OTTHUMT00000049861.3","BLOC1S2-202","BLOC1S2",2619,"protein_coding",604,53,0.956802427768707,"GGACT",0.566037735849057,NA,NA,NA,NA,NA,NA,NA,NA,NA,0,0,0,NA,NA,NA
"1316","ENST00000370372.7","ENSG00000196072.12","OTTHUMG00000018908.3","OTTHUMT00000049861.3","BLOC1S2-202","BLOC1S2",2619,"protein_coding",707,85,0.948662459850311,"AGACT",0.823529411764706,NA,NA,NA,NA,NA,NA,NA,NA,NA,0,0,0,NA,NA,NA
"1317","ENST00000370377.8","ENSG00000102181.22","OTTHUMG00000024247.7","OTTHUMT00000061199.2","CD99L2-203","CD99L2",3567,"protein_coding",3242,20,0.963814675807953,"GGACT",0.85,NA,NA,NA,NA,NA,NA,NA,NA,NA,0,0,0,NA,NA,NA
"1318","ENST00000370404.5","ENSG00000197021.9","OTTHUMG00000034327.6","OTTHUMT00000083079.1","EOLA2-202","EOLA2",1316,"protein_coding",859,91,0.916035115718842,"TGACT",0.582417582417582,NA,NA,NA,NA,NA,NA,NA,NA,NA,0,0,0,NA,NA,NA
"1319","ENST00000370406.8","ENSG00000197021.9","OTTHUMG00000034327.6","OTTHUMT00000082896.3","EOLA2-203","EOLA2",1333,"protein_coding",872,93,0.917307138442993,"TGACT",0.56989247311828,NA,NA,NA,NA,NA,NA,NA,NA,NA,0,0,0,NA,NA,NA
"1320","ENST00000370435.5","ENSG00000119900.9","OTTHUMG00000015000.5","OTTHUMT00000041153.3","OGFRL1-201","OGFRL1",8492,"protein_coding",1168,43,0.970445096492767,"GGACT",0.697674418604651,NA,NA,NA,NA,NA,NA,NA,NA,NA,0,0,0,NA,NA,NA
"1321","ENST00000370435.5","ENSG00000119900.9","OTTHUMG00000015000.5","OTTHUMT00000041153.3","OGFRL1-201","OGFRL1",8492,"protein_coding",1315,54,0.993464231491089,"GGACA",0.611111111111111,NA,NA,NA,NA,NA,NA,NA,NA,NA,0,0,0,NA,NA,NA
"1322","ENST00000370476.10","ENSG00000119929.13","OTTHUMG00000018889.5","OTTHUMT00000049811.2","CUTC-202","CUTC",1332,"protein_coding",1034,23,0.988798260688782,"GGACA",0.652173913043478,NA,NA,NA,NA,NA,NA,NA,NA,NA,0,0,0,NA,NA,NA
"1323","ENST00000370487.5","ENSG00000101189.7","OTTHUMG00000032940.3","OTTHUMT00000080080.3","MRGBP-201","MRGBP",2752,"protein_coding",850,99,0.908170998096466,"GGACC",0.606060606060606,NA,NA,NA,NA,NA,NA,NA,NA,NA,0,0,0,NA,NA,NA
"1324","ENST00000370487.5","ENSG00000101189.7","OTTHUMG00000032940.3","OTTHUMT00000080080.3","MRGBP-201","MRGBP",2752,"protein_coding",860,106,0.972126364707947,"GGACC",0.622641509433962,NA,NA,NA,NA,NA,NA,NA,NA,NA,0,0,0,NA,NA,NA
"1325","ENST00000370487.5","ENSG00000101189.7","OTTHUMG00000032940.3","OTTHUMT00000080080.3","MRGBP-201","MRGBP",2752,"protein_coding",870,104,0.973260879516602,"GGACC",0.75,NA,NA,NA,NA,NA,NA,NA,NA,NA,0,0,0,NA,NA,NA
"1326","ENST00000370487.5","ENSG00000101189.7","OTTHUMG00000032940.3","OTTHUMT00000080080.3","MRGBP-201","MRGBP",2752,"protein_coding",1113,98,0.978774189949036,"TGACT",0.826530612244898,NA,NA,NA,NA,NA,NA,NA,NA,NA,0,0,0,NA,NA,NA
"1327","ENST00000370500.10","ENSG00000137947.12","OTTHUMG00000010611.4","OTTHUMT00000029279.2","GTF2B-201","GTF2B",1599,"protein_coding",925,65,0.982221901416779,"AGACA",0.830769230769231,NA,NA,NA,NA,NA,NA,NA,NA,NA,0,0,0,NA,NA,NA
"1328","ENST00000370544.10","ENSG00000143013.13","OTTHUMG00000010248.3","OTTHUMT00000028264.3","LMO4-202","LMO4",4993,"protein_coding",1061,52,0.916071772575378,"GGACT",0.519230769230769,NA,NA,NA,NA,NA,NA,NA,NA,NA,0,0,0,NA,NA,NA
"1329","ENST00000370608.8","ENSG00000153898.13","OTTHUMG00000009954.6","OTTHUMT00000027567.4","MCOLN2-202","MCOLN2",3044,"protein_coding",2961,20,0.903300762176514,"GAACT",0.6,NA,NA,NA,NA,NA,NA,NA,NA,NA,0,0,0,NA,NA,NA
"1330","ENST00000370693.5","ENSG00000112208.11","OTTHUMG00000014919.3","OTTHUMT00000041044.2","BAG2-201","BAG2",6651,"protein_coding",897,69,0.945754289627075,"AGACT",0.811594202898551,372,5643,636,1,372,373,1007,1008,6650,0,1,0,NA,0.825471698113208,NA
"1331","ENST00000370775.3","ENSG00000203950.7","OTTHUMG00000022466.3","OTTHUMT00000058393.2","RTL8A-201","RTL8A",1204,"protein_coding",835,46,0.985893547534943,"GGACT",0.869565217391304,NA,NA,NA,NA,NA,NA,NA,NA,NA,0,0,0,NA,NA,NA
"1332","ENST00000370823.8","ENSG00000101181.18","OTTHUMG00000032897.5","OTTHUMT00000079989.1","MTG2-201","MTG2",3747,"protein_coding",1015,20,0.952301502227783,"GAACT",0.7,NA,NA,NA,NA,NA,NA,NA,NA,NA,0,0,0,NA,NA,NA
"1333","ENST00000370842.6","ENSG00000171307.19","OTTHUMG00000018847.6","OTTHUMT00000049662.2","ZDHHC16-204","ZDHHC16",1877,"protein_coding",1597,53,0.963948249816895,"GGACT",0.735849056603774,NA,NA,NA,NA,NA,NA,NA,NA,NA,0,0,0,NA,NA,NA
"1334","ENST00000370854.7","ENSG00000171307.19","OTTHUMG00000018847.6","OTTHUMT00000049658.2","ZDHHC16-206","ZDHHC16",1798,"protein_coding",1518,84,0.974358797073364,"GGACT",0.738095238095238,NA,NA,NA,NA,NA,NA,NA,NA,NA,0,0,0,NA,NA,NA
"1335","ENST00000370990.5","ENSG00000142864.15","OTTHUMG00000009372.3","OTTHUMT00000095785.1","SERBP1-202","SERBP1",1621,"protein_coding",1382,503,0.9631627202034,"AGACT",0.693836978131213,NA,NA,NA,NA,NA,NA,NA,NA,NA,0,0,0,NA,NA,NA
"1336","ENST00000370990.5","ENSG00000142864.15","OTTHUMG00000009372.3","OTTHUMT00000095785.1","SERBP1-202","SERBP1",1621,"protein_coding",1411,496,0.943219006061554,"AGACT",0.629032258064516,NA,NA,NA,NA,NA,NA,NA,NA,NA,0,0,0,NA,NA,NA
"1337","ENST00000370994.8","ENSG00000142864.15","OTTHUMG00000009372.3","OTTHUMT00000025983.2","SERBP1-203","SERBP1",6676,"protein_coding",1380,530,0.964852392673492,"AGACT",0.711320754716981,NA,NA,NA,NA,NA,NA,NA,NA,NA,0,0,0,NA,NA,NA
"1338","ENST00000370994.8","ENSG00000142864.15","OTTHUMG00000009372.3","OTTHUMT00000025983.2","SERBP1-203","SERBP1",6676,"protein_coding",1409,528,0.942748129367828,"AGACT",0.621212121212121,NA,NA,NA,NA,NA,NA,NA,NA,NA,0,0,0,NA,NA,NA
"1339","ENST00000370995.6","ENSG00000142864.15","OTTHUMG00000009372.3","OTTHUMT00000025984.2","SERBP1-204","SERBP1",3482,"protein_coding",1414,531,0.967151939868927,"AGACT",0.709981167608286,NA,NA,NA,NA,NA,NA,NA,NA,NA,0,0,0,NA,NA,NA
"1340","ENST00000370995.6","ENSG00000142864.15","OTTHUMG00000009372.3","OTTHUMT00000025984.2","SERBP1-204","SERBP1",3482,"protein_coding",1443,529,0.942266523838043,"AGACT",0.621928166351607,NA,NA,NA,NA,NA,NA,NA,NA,NA,0,0,0,NA,NA,NA
"1341","ENST00000371083.4","ENSG00000079739.17","OTTHUMG00000008968.5","OTTHUMT00000024869.1","PGM1-201","PGM1",2657,"protein_coding",2303,69,0.901609838008881,"GGACC",0.449275362318841,NA,NA,NA,NA,NA,NA,NA,NA,NA,0,0,0,NA,NA,NA
"1342","ENST00000371217.10","ENSG00000119977.22","OTTHUMG00000018814.7","OTTHUMT00000471858.2","TCTN3-203","TCTN3",2518,"protein_coding",2265,21,0.978032231330872,"GGACT",0.80952380952381,NA,NA,NA,NA,NA,NA,NA,NA,NA,0,0,0,NA,NA,NA
"1343","ENST00000371225.4","ENSG00000184292.7","OTTHUMG00000010067.2","OTTHUMT00000027818.2","TACSTD2-201","TACSTD2",1820,"protein_coding",1653,26,0.978552281856537,"GGACA",0.5,NA,NA,NA,NA,NA,NA,NA,NA,NA,0,0,0,NA,NA,NA
"1344","ENST00000371269.9","ENSG00000116133.13","OTTHUMG00000009989.17","OTTHUMT00000501208.2","DHCR24-201","DHCR24",4233,"protein_coding",3162,23,0.995855689048767,"GGACA",1,NA,NA,NA,NA,NA,NA,NA,NA,NA,0,0,0,NA,NA,NA
"1345","ENST00000371281.4","ENSG00000243725.7","OTTHUMG00000009914.4","OTTHUMT00000027432.2","TTC4-201","TTC4",2356,"protein_coding",1450,58,0.949115216732025,"GGACT",0.655172413793103,NA,NA,NA,NA,NA,NA,NA,NA,NA,0,0,0,NA,NA,NA
"1346","ENST00000371281.4","ENSG00000243725.7","OTTHUMG00000009914.4","OTTHUMT00000027432.2","TTC4-201","TTC4",2356,"protein_coding",1527,28,0.972519755363464,"GGACT",0.821428571428571,NA,NA,NA,NA,NA,NA,NA,NA,NA,0,0,0,NA,NA,NA
"1347","ENST00000371281.4","ENSG00000243725.7","OTTHUMG00000009914.4","OTTHUMT00000027432.2","TTC4-201","TTC4",2356,"protein_coding",1837,69,0.964909315109253,"GGACT",0.695652173913043,NA,NA,NA,NA,NA,NA,NA,NA,NA,0,0,0,NA,NA,NA
"1348","ENST00000371281.4","ENSG00000243725.7","OTTHUMG00000009914.4","OTTHUMT00000027432.2","TTC4-201","TTC4",2356,"protein_coding",1854,25,0.990923225879669,"GGACA",0.92,NA,NA,NA,NA,NA,NA,NA,NA,NA,0,0,0,NA,NA,NA
"1349","ENST00000371284.9","ENSG00000243725.7","OTTHUMG00000009914.4","OTTHUMT00000027433.2","TTC4-202","TTC4",2124,"protein_coding_CDS_not_defined",1568,28,0.933230936527252,"GGACT",0.642857142857143,NA,NA,NA,NA,NA,NA,NA,NA,NA,0,0,0,NA,NA,NA
"1350","ENST00000371284.9","ENSG00000243725.7","OTTHUMG00000009914.4","OTTHUMT00000027433.2","TTC4-202","TTC4",2124,"protein_coding_CDS_not_defined",1645,25,0.965040385723114,"GGACT",0.8,NA,NA,NA,NA,NA,NA,NA,NA,NA,0,0,0,NA,NA,NA
"1351","ENST00000371284.9","ENSG00000243725.7","OTTHUMG00000009914.4","OTTHUMT00000027433.2","TTC4-202","TTC4",2124,"protein_coding_CDS_not_defined",1955,37,0.979594826698303,"GGACT",0.756756756756757,NA,NA,NA,NA,NA,NA,NA,NA,NA,0,0,0,NA,NA,NA
"1352","ENST00000371284.9","ENSG00000243725.7","OTTHUMG00000009914.4","OTTHUMT00000027433.2","TTC4-202","TTC4",2124,"protein_coding_CDS_not_defined",1972,21,0.99198317527771,"GGACA",0.952380952380952,NA,NA,NA,NA,NA,NA,NA,NA,NA,0,0,0,NA,NA,NA
"1353","ENST00000371313.2","ENSG00000171155.8","OTTHUMG00000022305.2","OTTHUMT00000058118.1","C1GALT1C1-202","C1GALT1C1",1492,"protein_coding",843,21,0.93631511926651,"AGACT",0.761904761904762,NA,NA,NA,NA,NA,NA,NA,NA,NA,0,0,0,NA,NA,NA
"1354","ENST00000371313.2","ENSG00000171155.8","OTTHUMG00000022305.2","OTTHUMT00000058118.1","C1GALT1C1-202","C1GALT1C1",1492,"protein_coding",1095,46,0.968354165554047,"GGACT",0.847826086956522,NA,NA,NA,NA,NA,NA,NA,NA,NA,0,0,0,NA,NA,NA
"1355","ENST00000371473.7","ENSG00000165802.23","OTTHUMG00000020989.5","-","NSMF-204","NSMF",3556,"protein_coding",2674,62,0.937354266643524,"GGACT",0.629032258064516,NA,NA,NA,NA,NA,NA,NA,NA,NA,0,0,0,NA,NA,NA
"1356","ENST00000371474.7","ENSG00000165802.23","OTTHUMG00000020989.5","-","NSMF-205","NSMF",3571,"protein_coding",2689,62,0.935776770114899,"GGACT",0.629032258064516,NA,NA,NA,NA,NA,NA,NA,NA,NA,0,0,0,NA,NA,NA
"1357","ENST00000371475.9","ENSG00000165802.23","OTTHUMG00000020989.5","OTTHUMT00000493217.2","NSMF-206","NSMF",3649,"protein_coding",2764,62,0.936495363712311,"GGACT",0.629032258064516,232,1824,1593,1,232,233,1824,1825,3648,0,0,1,NA,NA,0.514802631578947
"1358","ENST00000371482.5","ENSG00000165802.23","OTTHUMG00000020989.5","OTTHUMT00000055332.2","NSMF-207","NSMF",2888,"retained_intron",2658,33,0.936400175094604,"GGACT",0.666666666666667,NA,NA,NA,NA,NA,NA,NA,NA,NA,0,0,0,NA,NA,NA
"1359","ENST00000371579.7","ENSG00000176978.15","OTTHUMG00000020977.4","OTTHUMT00000055279.2","DPP7-201","DPP7",1601,"protein_coding",1506,22,0.913233399391174,"GGACT",0.545454545454545,NA,NA,NA,NA,NA,NA,NA,NA,NA,0,0,0,NA,NA,NA
"1360","ENST00000371663.10","ENSG00000196642.19","OTTHUMG00000020947.13","OTTHUMT00000488642.2","RABL6-203","RABL6",3078,"protein_coding",2713,94,0.914617300033569,"TGACT",0.659574468085106,NA,NA,NA,NA,NA,NA,NA,NA,NA,0,0,0,NA,NA,NA
"1361","ENST00000371674.8","ENSG00000244687.13","OTTHUMG00000152626.6","OTTHUMT00000080530.1","UBE2V1-203","UBE2V1",2110,"protein_coding",447,90,0.909958600997925,"GGACA",0.488888888888889,NA,NA,NA,NA,NA,NA,NA,NA,NA,0,0,0,NA,NA,NA
"1362","ENST00000371674.8","ENSG00000244687.13","OTTHUMG00000152626.6","OTTHUMT00000080530.1","UBE2V1-203","UBE2V1",2110,"protein_coding",711,22,0.9765984416008,"GAACT",0.727272727272727,NA,NA,NA,NA,NA,NA,NA,NA,NA,0,0,0,NA,NA,NA
"1363","ENST00000371677.7","ENSG00000244687.13","OTTHUMG00000152626.6","OTTHUMT00000101290.1","UBE2V1-204","UBE2V1",2459,"protein_coding",796,61,0.928813457489014,"GGACA",0.442622950819672,NA,NA,NA,NA,NA,NA,NA,NA,NA,0,0,0,NA,NA,NA
"1364","ENST00000371691.5","ENSG00000165716.11","OTTHUMG00000020940.2","OTTHUMT00000055103.1","DIPK1B-201","DIPK1B",2410,"protein_coding",2321,24,0.903337299823761,"GGACA",0.458333333333333,NA,NA,NA,NA,NA,NA,NA,NA,NA,0,0,0,NA,NA,NA
"1365","ENST00000371708.1","ENSG00000112759.19","OTTHUMG00000014759.5","OTTHUMT00000040719.1","SLC29A1-201","SLC29A1",2159,"protein_coding",1719,282,0.979366362094879,"GGACA",0.680851063829787,NA,NA,NA,NA,NA,NA,NA,NA,NA,0,0,0,NA,NA,NA
"1366","ENST00000371713.6","ENSG00000112759.19","OTTHUMG00000014759.5","OTTHUMT00000494221.1","SLC29A1-202","SLC29A1",2283,"protein_coding",1842,280,0.977631449699402,"GGACA",0.682142857142857,NA,NA,NA,NA,NA,NA,NA,NA,NA,0,0,0,NA,NA,NA
"1367","ENST00000371717.8","ENSG00000165688.14","OTTHUMG00000020926.5","OTTHUMT00000055054.3","PMPCA-201","PMPCA",2086,"protein_coding",1657,48,0.968750953674316,"GGACA",0.729166666666667,NA,NA,NA,NA,NA,NA,NA,NA,NA,0,0,0,NA,NA,NA
"1368","ENST00000371717.8","ENSG00000165688.14","OTTHUMG00000020926.5","OTTHUMT00000055054.3","PMPCA-201","PMPCA",2086,"protein_coding",1745,56,0.922479093074799,"GAACT",0.642857142857143,NA,NA,NA,NA,NA,NA,NA,NA,NA,0,0,0,NA,NA,NA
"1369","ENST00000371717.8","ENSG00000165688.14","OTTHUMG00000020926.5","OTTHUMT00000055054.3","PMPCA-201","PMPCA",2086,"protein_coding",1977,27,0.986213266849518,"GGACT",0.62962962962963,NA,NA,NA,NA,NA,NA,NA,NA,NA,0,0,0,NA,NA,NA
"1370","ENST00000371724.6","ENSG00000112759.19","OTTHUMG00000014759.5","OTTHUMT00000494223.1","SLC29A1-203","SLC29A1",2301,"protein_coding",1861,281,0.978733539581299,"GGACA",0.686832740213523,NA,NA,NA,NA,NA,NA,NA,NA,NA,0,0,0,NA,NA,NA
"1371","ENST00000371755.9","ENSG00000112759.19","OTTHUMG00000014759.5","OTTHUMT00000040717.3","SLC29A1-206","SLC29A1",2083,"protein_coding",1642,284,0.977811634540558,"GGACA",0.679577464788732,NA,NA,NA,NA,NA,NA,NA,NA,NA,0,0,0,NA,NA,NA
"1372","ENST00000371756.4","ENSG00000130560.9","OTTHUMG00000020920.2","OTTHUMT00000055034.2","UBAC1-201","UBAC1",1860,"protein_coding",1537,109,0.968417465686798,"GGACT",0.798165137614679,NA,NA,NA,NA,NA,NA,NA,NA,NA,0,0,0,NA,NA,NA
"1373","ENST00000371785.5","ENSG00000122140.13","OTTHUMG00000020910.4","OTTHUMT00000054998.1","MRPS2-202","MRPS2",1640,"protein_coding",690,73,0.940266132354736,"TGACT",0.671232876712329,NA,NA,NA,NA,NA,NA,NA,NA,NA,0,0,0,NA,NA,NA
"1374","ENST00000371785.5","ENSG00000122140.13","OTTHUMG00000020910.4","OTTHUMT00000054998.1","MRPS2-202","MRPS2",1640,"protein_coding",1261,216,0.922546446323395,"GGACC",0.523148148148148,NA,NA,NA,NA,NA,NA,NA,NA,NA,0,0,0,NA,NA,NA
"1375","ENST00000371785.5","ENSG00000122140.13","OTTHUMG00000020910.4","OTTHUMT00000054998.1","MRPS2-202","MRPS2",1640,"protein_coding",1350,223,0.912425100803375,"GGACC",0.57847533632287,NA,NA,NA,NA,NA,NA,NA,NA,NA,0,0,0,NA,NA,NA
"1376","ENST00000371989.8","ENSG00000148248.14","OTTHUMG00000020868.3","OTTHUMT00000054886.2","SURF4-202","SURF4",2930,"protein_coding",948,101,0.967113256454468,"GGACT",0.702970297029703,NA,NA,NA,NA,NA,NA,NA,NA,NA,0,0,0,NA,NA,NA
"1377","ENST00000371989.8","ENSG00000148248.14","OTTHUMG00000020868.3","OTTHUMT00000054886.2","SURF4-202","SURF4",2930,"protein_coding",1912,88,0.929240524768829,"GGACA",0.579545454545455,NA,NA,NA,NA,NA,NA,NA,NA,NA,0,0,0,NA,NA,NA
"1378","ENST00000371989.8","ENSG00000148248.14","OTTHUMG00000020868.3","OTTHUMT00000054886.2","SURF4-202","SURF4",2930,"protein_coding",2332,126,0.906793713569641,"GAACT",0.515873015873016,NA,NA,NA,NA,NA,NA,NA,NA,NA,0,0,0,NA,NA,NA
"1379","ENST00000372014.5","ENSG00000180992.7","OTTHUMG00000014756.3","OTTHUMT00000040707.3","MRPL14-201","MRPL14",957,"protein_coding",554,1300,0.931255757808685,"GAACT",0.533076923076923,NA,NA,NA,NA,NA,NA,NA,NA,NA,0,0,0,NA,NA,NA
"1380","ENST00000372014.5","ENSG00000180992.7","OTTHUMG00000014756.3","OTTHUMT00000040707.3","MRPL14-201","MRPL14",957,"protein_coding",591,1226,0.942255079746246,"GGACT",0.614192495921697,NA,NA,NA,NA,NA,NA,NA,NA,NA,0,0,0,NA,NA,NA
"1381","ENST00000372102.3","ENSG00000172315.6","OTTHUMG00000085887.2","OTTHUMT00000193688.1","TP53RK-201","TP53RK",2012,"protein_coding",391,104,0.907562494277954,"TGACT",0.778846153846154,NA,NA,NA,NA,NA,NA,NA,NA,NA,0,0,0,NA,NA,NA
"1382","ENST00000372114.4","ENSG00000172315.6","OTTHUMG00000085887.2","OTTHUMT00000193687.2","TP53RK-202","TP53RK",3180,"protein_coding",390,105,0.908599972724915,"TGACT",0.780952380952381,NA,NA,NA,NA,NA,NA,NA,NA,NA,0,0,0,NA,NA,NA
"1383","ENST00000372171.5","ENSG00000124688.14","OTTHUMG00000014747.2","OTTHUMT00000040692.2","MAD2L1BP-201","MAD2L1BP",1269,"protein_coding",468,110,0.902328968048096,"GGACA",0.654545454545455,NA,NA,NA,NA,NA,NA,NA,NA,NA,0,0,0,NA,NA,NA
"1384","ENST00000372171.5","ENSG00000124688.14","OTTHUMG00000014747.2","OTTHUMT00000040692.2","MAD2L1BP-201","MAD2L1BP",1269,"protein_coding",759,163,0.985515773296356,"TGACT",0.809815950920245,NA,NA,NA,NA,NA,NA,NA,NA,NA,0,0,0,NA,NA,NA
"1385","ENST00000372171.5","ENSG00000124688.14","OTTHUMG00000014747.2","OTTHUMT00000040692.2","MAD2L1BP-201","MAD2L1BP",1269,"protein_coding",1036,187,0.960204660892487,"TGACT",0.786096256684492,NA,NA,NA,NA,NA,NA,NA,NA,NA,0,0,0,NA,NA,NA
"1386","ENST00000372171.5","ENSG00000124688.14","OTTHUMG00000014747.2","OTTHUMT00000040692.2","MAD2L1BP-201","MAD2L1BP",1269,"protein_coding",1042,189,0.948179125785828,"TGACT",0.814814814814815,NA,NA,NA,NA,NA,NA,NA,NA,NA,0,0,0,NA,NA,NA
"1387","ENST00000372171.5","ENSG00000124688.14","OTTHUMG00000014747.2","OTTHUMT00000040692.2","MAD2L1BP-201","MAD2L1BP",1269,"protein_coding",1236,188,0.930372774600983,"GAACT",0.558510638297872,NA,NA,NA,NA,NA,NA,NA,NA,NA,0,0,0,NA,NA,NA
"1388","ENST00000372181.1","ENSG00000122378.14","OTTHUMG00000018614.4","OTTHUMT00000049077.2","PRXL2A-201","PRXL2A",2058,"protein_coding",1342,93,0.912396371364594,"AGACT",0.548387096774194,NA,NA,NA,NA,NA,NA,NA,NA,NA,0,0,0,NA,NA,NA
"1389","ENST00000372185.5","ENSG00000122378.14","OTTHUMG00000018614.4","OTTHUMT00000049075.2","PRXL2A-202","PRXL2A",1723,"protein_coding",1007,93,0.910359025001526,"AGACT",0.548387096774194,NA,NA,NA,NA,NA,NA,NA,NA,NA,0,0,0,NA,NA,NA
"1390","ENST00000372187.9","ENSG00000122378.14","OTTHUMG00000018614.4","-","PRXL2A-203","PRXL2A",1647,"protein_coding",932,93,0.912001490592957,"AGACT",0.548387096774194,NA,NA,NA,NA,NA,NA,NA,NA,NA,0,0,0,NA,NA,NA
"1391","ENST00000372227.5","ENSG00000080189.15","OTTHUMG00000033050.5","OTTHUMT00000080363.2","SLC35C2-203","SLC35C2",2505,"protein_coding",1776,28,0.937641382217407,"GGACT",0.75,NA,NA,NA,NA,NA,NA,NA,NA,NA,0,0,0,NA,NA,NA
"1392","ENST00000372230.10","ENSG00000080189.15","OTTHUMG00000033050.5","OTTHUMT00000080373.2","SLC35C2-204","SLC35C2",5820,"protein_coding",1547,28,0.93735682964325,"GGACT",0.75,NA,NA,NA,NA,NA,NA,NA,NA,NA,0,0,0,NA,NA,NA
"1393","ENST00000372276.7","ENSG00000101017.15","OTTHUMG00000033053.4","OTTHUMT00000080377.1","CD40-201","CD40",1623,"protein_coding",1041,33,0.948509275913239,"AGACA",0.666666666666667,28,983,612,1,28,29,639,640,1622,0,0,1,NA,NA,0.40793489318413
"1394","ENST00000372276.7","ENSG00000101017.15","OTTHUMG00000033053.4","OTTHUMT00000080377.1","CD40-201","CD40",1623,"protein_coding",1242,53,0.901575207710266,"AGACT",0.452830188679245,28,983,612,1,28,29,639,640,1622,0,0,1,NA,NA,0.612410986775178
"1395","ENST00000372285.8","ENSG00000101017.15","OTTHUMG00000033053.4","OTTHUMT00000080376.2","CD40-202","CD40",1682,"protein_coding",1105,29,0.962845623493195,"AGACA",0.689655172413793,NA,NA,NA,NA,NA,NA,NA,NA,NA,0,0,0,NA,NA,NA
"1396","ENST00000372285.8","ENSG00000101017.15","OTTHUMG00000033053.4","OTTHUMT00000080376.2","CD40-202","CD40",1682,"protein_coding",1306,30,0.926138699054718,"AGACT",0.5,NA,NA,NA,NA,NA,NA,NA,NA,NA,0,0,0,NA,NA,NA
"1397","ENST00000372324.6","ENSG00000117411.18","OTTHUMG00000008296.1","-","B4GALT2-203","B4GALT2",2193,"protein_coding",1482,21,0.968262076377869,"GGACA",0.666666666666667,NA,NA,NA,NA,NA,NA,NA,NA,NA,0,0,0,NA,NA,NA
"1398","ENST00000372324.6","ENSG00000117411.18","OTTHUMG00000008296.1","-","B4GALT2-203","B4GALT2",2193,"protein_coding",1565,20,0.947946906089783,"GGACT",0.65,NA,NA,NA,NA,NA,NA,NA,NA,NA,0,0,0,NA,NA,NA
"1399","ENST00000372351.7","ENSG00000130713.17","OTTHUMG00000020811.5","OTTHUMT00000054674.1","EXOSC2-202","EXOSC2",1885,"protein_coding",820,52,0.910314083099365,"GGACT",0.692307692307692,NA,NA,NA,NA,NA,NA,NA,NA,NA,0,0,0,NA,NA,NA
"1400","ENST00000372351.7","ENSG00000130713.17","OTTHUMG00000020811.5","OTTHUMT00000054674.1","EXOSC2-202","EXOSC2",1885,"protein_coding",881,58,0.928102910518646,"AGACT",0.793103448275862,NA,NA,NA,NA,NA,NA,NA,NA,NA,0,0,0,NA,NA,NA
"1401","ENST00000372351.7","ENSG00000130713.17","OTTHUMG00000020811.5","OTTHUMT00000054674.1","EXOSC2-202","EXOSC2",1885,"protein_coding",1224,24,0.95549488067627,"TGACT",0.583333333333333,NA,NA,NA,NA,NA,NA,NA,NA,NA,0,0,0,NA,NA,NA
"1402","ENST00000372352.7","ENSG00000130713.17","OTTHUMG00000020811.5","OTTHUMT00000054678.1","EXOSC2-203","EXOSC2",1957,"protein_coding",892,68,0.918177008628845,"GGACT",0.720588235294118,NA,NA,NA,NA,NA,NA,NA,NA,NA,0,0,0,NA,NA,NA
"1403","ENST00000372352.7","ENSG00000130713.17","OTTHUMG00000020811.5","OTTHUMT00000054678.1","EXOSC2-203","EXOSC2",1957,"protein_coding",953,74,0.93763256072998,"AGACT",0.797297297297297,NA,NA,NA,NA,NA,NA,NA,NA,NA,0,0,0,NA,NA,NA
"1404","ENST00000372352.7","ENSG00000130713.17","OTTHUMG00000020811.5","OTTHUMT00000054678.1","EXOSC2-203","EXOSC2",1957,"protein_coding",1296,48,0.960569202899933,"TGACT",0.6875,NA,NA,NA,NA,NA,NA,NA,NA,NA,0,0,0,NA,NA,NA
"1405","ENST00000372352.7","ENSG00000130713.17","OTTHUMG00000020811.5","OTTHUMT00000054678.1","EXOSC2-203","EXOSC2",1957,"protein_coding",1615,44,0.986863255500793,"AGACT",0.659090909090909,NA,NA,NA,NA,NA,NA,NA,NA,NA,0,0,0,NA,NA,NA
"1406","ENST00000372358.10","ENSG00000130713.17","OTTHUMG00000020811.5","OTTHUMT00000054673.2","EXOSC2-204","EXOSC2",2012,"protein_coding",916,65,0.918363511562347,"GGACT",0.707692307692308,NA,NA,NA,NA,NA,NA,NA,NA,NA,0,0,0,NA,NA,NA
"1407","ENST00000372358.10","ENSG00000130713.17","OTTHUMG00000020811.5","OTTHUMT00000054673.2","EXOSC2-204","EXOSC2",2012,"protein_coding",977,70,0.937024533748627,"AGACT",0.785714285714286,NA,NA,NA,NA,NA,NA,NA,NA,NA,0,0,0,NA,NA,NA
"1408","ENST00000372358.10","ENSG00000130713.17","OTTHUMG00000020811.5","OTTHUMT00000054673.2","EXOSC2-204","EXOSC2",2012,"protein_coding",1320,26,0.931399285793304,"TGACT",0.615384615384615,NA,NA,NA,NA,NA,NA,NA,NA,NA,0,0,0,NA,NA,NA
"1409","ENST00000372358.10","ENSG00000130713.17","OTTHUMG00000020811.5","OTTHUMT00000054673.2","EXOSC2-204","EXOSC2",2012,"protein_coding",1639,21,0.987282693386078,"AGACT",0.714285714285714,NA,NA,NA,NA,NA,NA,NA,NA,NA,0,0,0,NA,NA,NA
"1410","ENST00000372422.7","ENSG00000137207.12","OTTHUMG00000014738.6","OTTHUMT00000040639.3","YIPF3-202","YIPF3",1507,"protein_coding",1238,204,0.986152231693268,"GGACA",0.612745098039216,NA,NA,NA,NA,NA,NA,NA,NA,NA,0,0,0,NA,NA,NA
"1411","ENST00000372447.7","ENSG00000136819.15","OTTHUMG00000020796.2","OTTHUMT00000054625.1","C9orf78-201","C9orf78",1795,"protein_coding",1349,44,0.90596067905426,"GGACA",0.5,NA,NA,NA,NA,NA,NA,NA,NA,NA,0,0,0,NA,NA,NA
"1412","ENST00000372458.8","ENSG00000066322.15","OTTHUMG00000007422.3","OTTHUMT00000019496.2","ELOVL1-201","ELOVL1",1466,"protein_coding",991,127,0.990897834300995,"GGACT",0.748031496062992,NA,NA,NA,NA,NA,NA,NA,NA,NA,0,0,0,NA,NA,NA
"1413","ENST00000372458.8","ENSG00000066322.15","OTTHUMG00000007422.3","OTTHUMT00000019496.2","ELOVL1-201","ELOVL1",1466,"protein_coding",1062,179,0.920021891593933,"GGACT",0.715083798882682,NA,NA,NA,NA,NA,NA,NA,NA,NA,0,0,0,NA,NA,NA
"1414","ENST00000372485.5","ENSG00000171462.15","OTTHUMG00000014735.3","OTTHUMT00000040616.1","DLK2-202","DLK2",1572,"protein_coding",1252,66,0.903518557548523,"GGACC",0.454545454545454,NA,NA,NA,NA,NA,NA,NA,NA,NA,0,0,0,NA,NA,NA
"1415","ENST00000372488.8","ENSG00000171462.15","OTTHUMG00000014735.3","OTTHUMT00000040620.2","DLK2-203","DLK2",1548,"protein_coding",1228,64,0.908326268196106,"GGACC",0.46875,NA,NA,NA,NA,NA,NA,NA,NA,NA,0,0,0,NA,NA,NA
"1416","ENST00000372491.4","ENSG00000188483.8","OTTHUMG00000020773.3","OTTHUMT00000054556.3","IER5L-201","IER5L",2710,"protein_coding",1478,21,0.983867824077606,"AGACT",0.952380952380952,NA,NA,NA,NA,NA,NA,NA,NA,NA,0,0,0,NA,NA,NA
"1417","ENST00000372561.4","ENSG00000127125.9","OTTHUMG00000007332.5","OTTHUMT00000019166.2","PPCS-203","PPCS",2269,"protein_coding",840,55,0.941707670688629,"AGACT",0.654545454545455,23,1310,936,1,23,24,958,959,2268,0,1,0,NA,0.872863247863248,NA
"1418","ENST00000372561.4","ENSG00000127125.9","OTTHUMG00000007332.5","OTTHUMT00000019166.2","PPCS-203","PPCS",2269,"protein_coding",1044,63,0.918510019779205,"GGACA",0.492063492063492,23,1310,936,1,23,24,958,959,2268,0,0,1,NA,NA,0.0648854961832061
"1419","ENST00000372561.4","ENSG00000127125.9","OTTHUMG00000007332.5","OTTHUMT00000019166.2","PPCS-203","PPCS",2269,"protein_coding",1160,79,0.933794438838959,"GAACT",0.620253164556962,23,1310,936,1,23,24,958,959,2268,0,0,1,NA,NA,0.153435114503817
"1420","ENST00000372642.5","ENSG00000167136.7","OTTHUMG00000020763.2","OTTHUMT00000054505.2","ENDOG-201","ENDOG",1145,"protein_coding",1096,49,0.977530539035797,"AGACT",0.673469387755102,NA,NA,NA,NA,NA,NA,NA,NA,NA,0,0,0,NA,NA,NA
"1421","ENST00000372685.8","ENSG00000180964.17","OTTHUMG00000022094.3","OTTHUMT00000057698.2","TCEAL8-202","TCEAL8",1174,"protein_coding",379,58,0.952664434909821,"GGACA",0.448275862068966,NA,NA,NA,NA,NA,NA,NA,NA,NA,0,0,0,NA,NA,NA
"1422","ENST00000372685.8","ENSG00000180964.17","OTTHUMG00000022094.3","OTTHUMT00000057698.2","TCEAL8-202","TCEAL8",1174,"protein_coding",400,72,0.917632877826691,"GGACC",0.444444444444444,NA,NA,NA,NA,NA,NA,NA,NA,NA,0,0,0,NA,NA,NA
"1423","ENST00000372685.8","ENSG00000180964.17","OTTHUMG00000022094.3","OTTHUMT00000057698.2","TCEAL8-202","TCEAL8",1174,"protein_coding",500,93,0.974493861198425,"AGACA",0.666666666666667,NA,NA,NA,NA,NA,NA,NA,NA,NA,0,0,0,NA,NA,NA
"1424","ENST00000372717.5","ENSG00000244274.9","OTTHUMG00000032576.2","OTTHUMT00000079445.1","DBNDD2-205","DBNDD2",1207,"protein_coding",825,64,0.914045810699463,"AGACT",0.546875,NA,NA,NA,NA,NA,NA,NA,NA,NA,0,0,0,NA,NA,NA
"1425","ENST00000372722.7","ENSG00000244274.9","OTTHUMG00000032576.2","OTTHUMT00000079440.1","DBNDD2-207","DBNDD2",1202,"protein_coding",820,48,0.913831770420074,"AGACT",0.583333333333333,NA,NA,NA,NA,NA,NA,NA,NA,NA,0,0,0,NA,NA,NA
"1426","ENST00000372764.4","ENSG00000122861.16","OTTHUMG00000018494.6","OTTHUMT00000048727.2","PLAU-201","PLAU",2343,"protein_coding",1502,60,0.93632048368454,"AGACT",0.5,NA,NA,NA,NA,NA,NA,NA,NA,NA,0,0,0,NA,NA,NA
"1427","ENST00000372764.4","ENSG00000122861.16","OTTHUMG00000018494.6","OTTHUMT00000048727.2","PLAU-201","PLAU",2343,"protein_coding",1677,68,0.98613440990448,"GGACT",0.926470588235294,NA,NA,NA,NA,NA,NA,NA,NA,NA,0,0,0,NA,NA,NA
"1428","ENST00000372836.5","ENSG00000137161.18","OTTHUMG00000014708.2","OTTHUMT00000040564.2","CNPY3-201","CNPY3",1431,"protein_coding",1186,210,0.926697015762329,"GGACT",0.519047619047619,NA,NA,NA,NA,NA,NA,NA,NA,NA,0,0,0,NA,NA,NA
"1429","ENST00000372836.5","ENSG00000137161.18","OTTHUMG00000014708.2","OTTHUMT00000040564.2","CNPY3-201","CNPY3",1431,"protein_coding",1234,198,0.971644759178162,"GGACT",0.742424242424242,NA,NA,NA,NA,NA,NA,NA,NA,NA,0,0,0,NA,NA,NA
"1430","ENST00000372838.9","ENSG00000167123.20","OTTHUMG00000020747.6","OTTHUMT00000054435.4","CERCAM-201","CERCAM",2308,"protein_coding",2121,21,0.925337851047516,"GGACT",0.571428571428571,NA,NA,NA,NA,NA,NA,NA,NA,NA,0,0,0,NA,NA,NA
"1431","ENST00000372842.5","ENSG00000167123.20","OTTHUMG00000020747.6","OTTHUMT00000054438.3","CERCAM-202","CERCAM",5201,"protein_coding",5010,22,0.955355525016785,"GGACT",0.590909090909091,NA,NA,NA,NA,NA,NA,NA,NA,NA,0,0,0,NA,NA,NA
"1432","ENST00000372876.2","ENSG00000124659.7","OTTHUMG00000014704.2","OTTHUMT00000040559.2","TBCC-201","TBCC",1606,"protein_coding",659,44,0.964253306388855,"GAACT",0.613636363636364,NA,NA,NA,NA,NA,NA,NA,NA,NA,0,0,0,NA,NA,NA
"1433","ENST00000372876.2","ENSG00000124659.7","OTTHUMG00000014704.2","OTTHUMT00000040559.2","TBCC-201","TBCC",1606,"protein_coding",680,24,0.974589467048645,"AGACT",0.875,NA,NA,NA,NA,NA,NA,NA,NA,NA,0,0,0,NA,NA,NA
"1434","ENST00000372876.2","ENSG00000124659.7","OTTHUMG00000014704.2","OTTHUMT00000040559.2","TBCC-201","TBCC",1606,"protein_coding",772,47,0.908812642097473,"GGACT",0.531914893617021,NA,NA,NA,NA,NA,NA,NA,NA,NA,0,0,0,NA,NA,NA
"1435","ENST00000372876.2","ENSG00000124659.7","OTTHUMG00000014704.2","OTTHUMT00000040559.2","TBCC-201","TBCC",1606,"protein_coding",1066,46,0.989325821399689,"GGACT",0.826086956521739,NA,NA,NA,NA,NA,NA,NA,NA,NA,0,0,0,NA,NA,NA
"1436","ENST00000372970.6","ENSG00000132823.11","OTTHUMG00000032518.3","OTTHUMT00000079334.2","OSER1-202","OSER1",1616,"protein_coding",731,85,0.95612096786499,"TGACT",0.741176470588235,NA,NA,NA,NA,NA,NA,NA,NA,NA,0,0,0,NA,NA,NA
"1437","ENST00000372996.2","ENSG00000112578.10","OTTHUMG00000014687.3","OTTHUMT00000357859.1","BYSL-202","BYSL",1299,"nonsense_mediated_decay",1166,186,0.945004045963287,"GGACT",0.634408602150538,NA,NA,NA,NA,NA,NA,NA,NA,NA,0,0,0,NA,NA,NA
"1438","ENST00000373042.5","ENSG00000197982.14","OTTHUMG00000004319.7","OTTHUMT00000012471.3","C1orf122-201","C1orf122",1329,"protein_coding",1002,154,0.9162917137146,"GGACT",0.642857142857143,NA,NA,NA,NA,NA,NA,NA,NA,NA,0,0,0,NA,NA,NA
"1439","ENST00000373043.1","ENSG00000197982.14","OTTHUMG00000004319.7","OTTHUMT00000012472.3","C1orf122-202","C1orf122",2229,"protein_coding",1904,154,0.909375667572021,"GGACT",0.623376623376623,NA,NA,NA,NA,NA,NA,NA,NA,NA,0,0,0,NA,NA,NA
"1440","ENST00000373045.11","ENSG00000185090.15","OTTHUMG00000004317.3","OTTHUMT00000012469.2","MANEAL-202","MANEAL",2640,"protein_coding",2560,25,0.902663826942444,"GAACT",0.52,NA,NA,NA,NA,NA,NA,NA,NA,NA,0,0,0,NA,NA,NA
"1441","ENST00000373116.6","ENSG00000116898.12","OTTHUMG00000008042.5","OTTHUMT00000022052.3","MRPS15-201","MRPS15",953,"protein_coding",836,346,0.939292967319489,"AGACA",0.725433526011561,NA,NA,NA,NA,NA,NA,NA,NA,NA,0,0,0,NA,NA,NA
"1442","ENST00000373166.8","ENSG00000054116.12","OTTHUMG00000007664.4","OTTHUMT00000020384.2","TRAPPC3-204","TRAPPC3",1282,"protein_coding",903,89,0.929783821105957,"GGACT",0.674157303370786,NA,NA,NA,NA,NA,NA,NA,NA,NA,0,0,0,NA,NA,NA
"1443","ENST00000373178.5","ENSG00000116863.11","OTTHUMG00000007628.3","OTTHUMT00000020199.2","ADPRS-201","ADPRS",1651,"protein_coding",922,44,0.983457982540131,"GGACT",0.818181818181818,NA,NA,NA,NA,NA,NA,NA,NA,NA,0,0,0,NA,NA,NA
"1444","ENST00000373178.5","ENSG00000116863.11","OTTHUMG00000007628.3","OTTHUMT00000020199.2","ADPRS-201","ADPRS",1651,"protein_coding",953,24,0.937766373157501,"GGACA",0.5,NA,NA,NA,NA,NA,NA,NA,NA,NA,0,0,0,NA,NA,NA
"1445","ENST00000373178.5","ENSG00000116863.11","OTTHUMG00000007628.3","OTTHUMT00000020199.2","ADPRS-201","ADPRS",1651,"protein_coding",1220,56,0.94590151309967,"TGACT",0.607142857142857,NA,NA,NA,NA,NA,NA,NA,NA,NA,0,0,0,NA,NA,NA
"1446","ENST00000373178.5","ENSG00000116863.11","OTTHUMG00000007628.3","OTTHUMT00000020199.2","ADPRS-201","ADPRS",1651,"protein_coding",1282,54,0.910332441329956,"GGACT",0.666666666666667,NA,NA,NA,NA,NA,NA,NA,NA,NA,0,0,0,NA,NA,NA
"1447","ENST00000373178.5","ENSG00000116863.11","OTTHUMG00000007628.3","OTTHUMT00000020199.2","ADPRS-201","ADPRS",1651,"protein_coding",1331,54,0.913846909999847,"GGACA",0.444444444444444,NA,NA,NA,NA,NA,NA,NA,NA,NA,0,0,0,NA,NA,NA
"1448","ENST00000373178.5","ENSG00000116863.11","OTTHUMG00000007628.3","OTTHUMT00000020199.2","ADPRS-201","ADPRS",1651,"protein_coding",1353,54,0.929732859134674,"GGACA",0.37037037037037,NA,NA,NA,NA,NA,NA,NA,NA,NA,0,0,0,NA,NA,NA
"1449","ENST00000373225.7","ENSG00000136877.15","OTTHUMG00000020716.6","OTTHUMT00000054252.2","FPGS-201","FPGS",2278,"protein_coding",1880,92,0.929604113101959,"GAACT",0.41304347826087,NA,NA,NA,NA,NA,NA,NA,NA,NA,0,0,0,NA,NA,NA
"1450","ENST00000373247.7","ENSG00000136877.15","OTTHUMG00000020716.6","OTTHUMT00000054251.3","FPGS-203","FPGS",2284,"protein_coding",1864,92,0.924303591251373,"GAACT",0.41304347826087,NA,NA,NA,NA,NA,NA,NA,NA,NA,0,0,0,NA,NA,NA
"1451","ENST00000373264.5","ENSG00000136807.14","OTTHUMG00000020715.4","OTTHUMT00000054235.2","CDK9-201","CDK9",2483,"protein_coding",1285,47,0.975560128688812,"TGACT",0.787234042553192,NA,NA,NA,NA,NA,NA,NA,NA,NA,0,0,0,NA,NA,NA
"1452","ENST00000373264.5","ENSG00000136807.14","OTTHUMG00000020715.4","OTTHUMT00000054235.2","CDK9-201","CDK9",2483,"protein_coding",1380,53,0.978029131889343,"GGACT",0.924528301886792,NA,NA,NA,NA,NA,NA,NA,NA,NA,0,0,0,NA,NA,NA
"1453","ENST00000373312.4","ENSG00000136830.12","OTTHUMG00000020705.3","OTTHUMT00000054196.2","NIBAN2-201","NIBAN2",3942,"protein_coding",3652,61,0.93504273891449,"GGACT",0.639344262295082,NA,NA,NA,NA,NA,NA,NA,NA,NA,0,0,0,NA,NA,NA
"1454","ENST00000373314.7","ENSG00000136830.12","OTTHUMG00000020705.3","OTTHUMT00000054195.1","NIBAN2-202","NIBAN2",3760,"protein_coding",3466,61,0.936547458171844,"GGACT",0.639344262295082,NA,NA,NA,NA,NA,NA,NA,NA,NA,0,0,0,NA,NA,NA
"1455","ENST00000373357.3","ENSG00000102390.11","OTTHUMG00000021876.3","OTTHUMT00000057295.2","PBDC1-201","PBDC1",977,"protein_coding",877,68,0.919444918632507,"AGACT",0.558823529411765,NA,NA,NA,NA,NA,NA,NA,NA,NA,0,0,0,NA,NA,NA
"1456","ENST00000373358.8","ENSG00000102390.11","OTTHUMG00000021876.3","OTTHUMT00000057294.2","PBDC1-202","PBDC1",1185,"protein_coding",967,66,0.925963044166565,"AGACT",0.575757575757576,NA,NA,NA,NA,NA,NA,NA,NA,NA,0,0,0,NA,NA,NA
"1457","ENST00000373365.5","ENSG00000124767.7","OTTHUMG00000014636.3","OTTHUMT00000040438.3","GLO1-201","GLO1",2016,"protein_coding",727,180,0.912729740142822,"GGACT",0.6,NA,NA,NA,NA,NA,NA,NA,NA,NA,0,0,0,NA,NA,NA
"1458","ENST00000373477.9","ENSG00000134684.13","OTTHUMG00000003933.2","OTTHUMT00000011225.1","YARS1-201","YARS1",2443,"protein_coding",1815,169,0.988664150238037,"GGACT",0.846153846153846,NA,NA,NA,NA,NA,NA,NA,NA,NA,0,0,0,NA,NA,NA
"1459","ENST00000373537.7","ENSG00000166619.15","OTTHUMG00000032419.8","OTTHUMT00000079113.4","BLCAP-201","BLCAP",2018,"protein_coding",1681,65,0.953007757663727,"AGACT",0.661538461538462,NA,NA,NA,NA,NA,NA,NA,NA,NA,0,0,0,NA,NA,NA
"1460","ENST00000373537.7","ENSG00000166619.15","OTTHUMG00000032419.8","OTTHUMT00000079113.4","BLCAP-201","BLCAP",2018,"protein_coding",1718,73,0.958366096019745,"TGACT",0.698630136986301,NA,NA,NA,NA,NA,NA,NA,NA,NA,0,0,0,NA,NA,NA
"1461","ENST00000373537.7","ENSG00000166619.15","OTTHUMG00000032419.8","OTTHUMT00000079113.4","BLCAP-201","BLCAP",2018,"protein_coding",1910,70,0.942540645599365,"GGACT",0.642857142857143,NA,NA,NA,NA,NA,NA,NA,NA,NA,0,0,0,NA,NA,NA
"1462","ENST00000373622.9","ENSG00000118705.18","OTTHUMG00000032409.6","OTTHUMT00000079078.2","RPN2-202","RPN2",2348,"protein_coding",2023,24,0.963061273097992,"GGACA",0.625,NA,NA,NA,NA,NA,NA,NA,NA,NA,0,0,0,NA,NA,NA
"1463","ENST00000373625.8","ENSG00000025800.14","OTTHUMG00000004333.6","OTTHUMT00000012527.5","KPNA6-201","KPNA6",7355,"protein_coding",1992,21,0.984008550643921,"GGACT",0.714285714285714,NA,NA,NA,NA,NA,NA,NA,NA,NA,0,0,0,NA,NA,NA
"1464","ENST00000373703.5","ENSG00000162517.13","OTTHUMG00000003877.3","OTTHUMT00000011046.2","PEF1-201","PEF1",1614,"protein_coding",938,117,0.925190210342407,"GGACA",0.572649572649573,NA,NA,NA,NA,NA,NA,NA,NA,NA,0,0,0,NA,NA,NA
"1465","ENST00000373714.5","ENSG00000121766.16","OTTHUMG00000003791.2","OTTHUMT00000010665.1","ZCCHC17-202","ZCCHC17",1730,"protein_coding",1058,84,0.907435059547424,"AGACT",0.595238095238095,NA,NA,NA,NA,NA,NA,NA,NA,NA,0,0,0,NA,NA,NA
"1466","ENST00000373740.7","ENSG00000149636.16","OTTHUMG00000032396.5","OTTHUMT00000079045.1","DSN1-202","DSN1",1922,"protein_coding",1045,20,0.975154638290405,"TGACT",0.75,NA,NA,NA,NA,NA,NA,NA,NA,NA,0,0,0,NA,NA,NA
"1467","ENST00000373747.7","ENSG00000134644.16","OTTHUMG00000003795.5","OTTHUMT00000010674.1","PUM1-204","PUM1",5375,"protein_coding",5099,33,0.900428950786591,"GAACT",0.636363636363636,NA,NA,NA,NA,NA,NA,NA,NA,NA,0,0,0,NA,NA,NA
"1468","ENST00000373750.9","ENSG00000149636.16","OTTHUMG00000032396.5","OTTHUMT00000079043.2","DSN1-203","DSN1",2181,"protein_coding",1300,24,0.988190412521362,"GGACT",0.791666666666667,NA,NA,NA,NA,NA,NA,NA,NA,NA,0,0,0,NA,NA,NA
"1469","ENST00000373750.9","ENSG00000149636.16","OTTHUMG00000032396.5","OTTHUMT00000079043.2","DSN1-203","DSN1",2181,"protein_coding",1304,24,0.957893073558807,"TGACT",0.75,NA,NA,NA,NA,NA,NA,NA,NA,NA,0,0,0,NA,NA,NA
"1470","ENST00000373795.7","ENSG00000116350.18","OTTHUMG00000003663.7","OTTHUMT00000010392.2","SRSF4-201","SRSF4",2300,"protein_coding",2077,79,0.967178642749786,"GGACT",0.772151898734177,NA,NA,NA,NA,NA,NA,NA,NA,NA,0,0,0,NA,NA,NA
"1471","ENST00000373812.8","ENSG00000198492.16","OTTHUMG00000003648.6","OTTHUMT00000010335.2","YTHDF2-201","YTHDF2",2744,"protein_coding",1503,47,0.982296526432037,"AGACT",0.829787234042553,NA,NA,NA,NA,NA,NA,NA,NA,NA,0,0,0,NA,NA,NA
"1472","ENST00000373812.8","ENSG00000198492.16","OTTHUMG00000003648.6","OTTHUMT00000010335.2","YTHDF2-201","YTHDF2",2744,"protein_coding",1575,51,0.938847959041595,"GGACA",0.745098039215686,NA,NA,NA,NA,NA,NA,NA,NA,NA,0,0,0,NA,NA,NA
"1473","ENST00000373812.8","ENSG00000198492.16","OTTHUMG00000003648.6","OTTHUMT00000010335.2","YTHDF2-201","YTHDF2",2744,"protein_coding",1613,51,0.901003062725067,"GGACT",0.588235294117647,NA,NA,NA,NA,NA,NA,NA,NA,NA,0,0,0,NA,NA,NA
"1474","ENST00000373812.8","ENSG00000198492.16","OTTHUMG00000003648.6","OTTHUMT00000010335.2","YTHDF2-201","YTHDF2",2744,"protein_coding",1646,45,0.903808176517487,"GGACA",0.577777777777778,NA,NA,NA,NA,NA,NA,NA,NA,NA,0,0,0,NA,NA,NA
"1475","ENST00000373812.8","ENSG00000198492.16","OTTHUMG00000003648.6","OTTHUMT00000010335.2","YTHDF2-201","YTHDF2",2744,"protein_coding",1763,58,0.956959903240204,"GGACA",0.586206896551724,NA,NA,NA,NA,NA,NA,NA,NA,NA,0,0,0,NA,NA,NA
"1476","ENST00000373825.7","ENSG00000096063.16","OTTHUMG00000014583.7","OTTHUMT00000040319.4","SRPK1-204","SRPK1",4348,"protein_coding",3458,80,0.927309334278107,"GGACT",0.5625,NA,NA,NA,NA,NA,NA,NA,NA,NA,0,0,0,NA,NA,NA
"1477","ENST00000373932.3","ENSG00000131043.13","OTTHUMG00000032380.3","OTTHUMT00000079001.2","AAR2-202","AAR2",2689,"protein_coding",1851,22,0.93251633644104,"GAACT",0.5,NA,NA,NA,NA,NA,NA,NA,NA,NA,0,0,0,NA,NA,NA
"1478","ENST00000373944.8","ENSG00000122952.17","OTTHUMG00000018261.3","OTTHUMT00000048132.2","ZWINT-203","ZWINT",1857,"protein_coding",1112,76,0.917931318283081,"GGACT",0.671052631578947,NA,NA,NA,NA,NA,NA,NA,NA,NA,0,0,0,NA,NA,NA
"1479","ENST00000373991.3","ENSG00000171222.11","OTTHUMG00000032370.2","OTTHUMT00000078958.2","SCAND1-202","SCAND1",1727,"protein_coding",1653,227,0.978652000427246,"GGACT",0.722466960352423,NA,NA,NA,NA,NA,NA,NA,NA,NA,0,0,0,NA,NA,NA
"1480","ENST00000374076.9","ENSG00000186501.15","OTTHUMG00000004410.6","OTTHUMT00000012809.2","TMEM222-201","TMEM222",1596,"protein_coding",807,54,0.904104828834534,"GGACT",0.462962962962963,NA,NA,NA,NA,NA,NA,NA,NA,NA,0,0,0,NA,NA,NA
"1481","ENST00000374085.5","ENSG00000244005.13","OTTHUMG00000032361.12","OTTHUMT00000078938.3","NFS1-202","NFS1",2645,"protein_coding",1974,54,0.917241811752319,"AGACA",0.537037037037037,NA,NA,NA,NA,NA,NA,NA,NA,NA,0,0,0,NA,NA,NA
"1482","ENST00000374092.9","ENSG00000244005.13","OTTHUMG00000032361.12","OTTHUMT00000078936.5","NFS1-203","NFS1",3008,"protein_coding",1690,54,0.917890191078186,"AGACA",0.537037037037037,NA,NA,NA,NA,NA,NA,NA,NA,NA,0,0,0,NA,NA,NA
"1483","ENST00000374163.5","ENSG00000117676.14","OTTHUMG00000004003.5","OTTHUMT00000011432.2","RPS6KA1-202","RPS6KA1",3202,"nonsense_mediated_decay",2728,23,0.998357653617859,"AGACT",0.739130434782609,NA,NA,NA,NA,NA,NA,NA,NA,NA,0,0,0,NA,NA,NA
"1484","ENST00000374163.5","ENSG00000117676.14","OTTHUMG00000004003.5","OTTHUMT00000011432.2","RPS6KA1-202","RPS6KA1",3202,"nonsense_mediated_decay",2853,46,0.954959988594055,"GAACT",0.565217391304348,NA,NA,NA,NA,NA,NA,NA,NA,NA,0,0,0,NA,NA,NA
"1485","ENST00000374166.8","ENSG00000117676.14","OTTHUMG00000004003.5","OTTHUMT00000390850.1","RPS6KA1-203","RPS6KA1",3131,"protein_coding",2673,23,0.99829638004303,"AGACT",0.739130434782609,NA,NA,NA,NA,NA,NA,NA,NA,NA,0,0,0,NA,NA,NA
"1486","ENST00000374166.8","ENSG00000117676.14","OTTHUMG00000004003.5","OTTHUMT00000390850.1","RPS6KA1-203","RPS6KA1",3131,"protein_coding",2798,46,0.957525491714478,"GAACT",0.565217391304348,NA,NA,NA,NA,NA,NA,NA,NA,NA,0,0,0,NA,NA,NA
"1487","ENST00000374168.7","ENSG00000117676.14","OTTHUMG00000004003.5","OTTHUMT00000011431.1","RPS6KA1-204","RPS6KA1",3192,"protein_coding",2723,23,0.998207747936249,"AGACT",0.739130434782609,NA,NA,NA,NA,NA,NA,NA,NA,NA,0,0,0,NA,NA,NA
"1488","ENST00000374168.7","ENSG00000117676.14","OTTHUMG00000004003.5","OTTHUMT00000011431.1","RPS6KA1-204","RPS6KA1",3192,"protein_coding",2848,46,0.953431487083435,"GAACT",0.565217391304348,NA,NA,NA,NA,NA,NA,NA,NA,NA,0,0,0,NA,NA,NA
"1489","ENST00000374169.7","ENSG00000148229.13","OTTHUMG00000020523.3","OTTHUMT00000053729.2","POLE3-201","POLE3",2109,"protein_coding",662,63,0.988184332847595,"AAACT",0.777777777777778,NA,NA,NA,NA,NA,NA,NA,NA,NA,0,0,0,NA,NA,NA
"1490","ENST00000374171.5","ENSG00000148229.13","OTTHUMG00000020523.3","OTTHUMT00000053730.2","POLE3-202","POLE3",2194,"protein_coding",747,63,0.987265169620514,"AAACT",0.777777777777778,NA,NA,NA,NA,NA,NA,NA,NA,NA,0,0,0,NA,NA,NA
"1491","ENST00000374198.5","ENSG00000136875.13","OTTHUMG00000020517.3","OTTHUMT00000053707.3","PRPF4-201","PRPF4",2897,"protein_coding",2265,27,0.975880086421967,"TGACT",0.777777777777778,NA,NA,NA,NA,NA,NA,NA,NA,NA,0,0,0,NA,NA,NA
"1492","ENST00000374198.5","ENSG00000136875.13","OTTHUMG00000020517.3","OTTHUMT00000053707.3","PRPF4-201","PRPF4",2897,"protein_coding",2326,27,0.947106242179871,"GGACT",0.555555555555556,NA,NA,NA,NA,NA,NA,NA,NA,NA,0,0,0,NA,NA,NA
"1493","ENST00000374199.9","ENSG00000136875.13","OTTHUMG00000020517.3","OTTHUMT00000053708.3","PRPF4-202","PRPF4",4020,"protein_coding",2284,27,0.97580760717392,"TGACT",0.777777777777778,NA,NA,NA,NA,NA,NA,NA,NA,NA,0,0,0,NA,NA,NA
"1494","ENST00000374199.9","ENSG00000136875.13","OTTHUMG00000020517.3","OTTHUMT00000053708.3","PRPF4-202","PRPF4",4020,"protein_coding",2345,27,0.94420313835144,"GGACT",0.555555555555556,NA,NA,NA,NA,NA,NA,NA,NA,NA,0,0,0,NA,NA,NA
"1495","ENST00000374403.4","ENSG00000090889.12","OTTHUMG00000021775.2","OTTHUMT00000057068.2","KIF4A-201","KIF4A",4388,"protein_coding",3845,95,0.962204694747925,"TGACT",0.705263157894737,NA,NA,NA,NA,NA,NA,NA,NA,NA,0,0,0,NA,NA,NA
"1496","ENST00000374433.7","ENSG00000169740.14","OTTHUMG00000018043.2","OTTHUMT00000047723.2","ZNF32-201","ZNF32",1159,"protein_coding",619,124,0.958693563938141,"GGACA",0.669354838709677,NA,NA,NA,NA,NA,NA,NA,NA,NA,0,0,0,NA,NA,NA
"1497","ENST00000374467.4","ENSG00000030110.14","OTTHUMG00000014530.4","OTTHUMT00000040202.2","BAK1-201","BAK1",2170,"protein_coding",964,23,0.907123446464539,"GGACT",0.478260869565217,NA,NA,NA,NA,NA,NA,NA,NA,NA,0,0,0,NA,NA,NA
"1498","ENST00000374491.3","ENSG00000088298.13","OTTHUMG00000032322.5","OTTHUMT00000471967.1","EDEM2-201","EDEM2",1756,"protein_coding",1448,21,0.913368284702301,"GGACT",0.523809523809524,NA,NA,NA,NA,NA,NA,NA,NA,NA,0,0,0,NA,NA,NA
"1499","ENST00000374492.8","ENSG00000088298.13","OTTHUMG00000032322.5","OTTHUMT00000078842.4","EDEM2-202","EDEM2",1884,"protein_coding",1576,20,0.901409506797791,"GGACT",0.5,NA,NA,NA,NA,NA,NA,NA,NA,NA,0,0,0,NA,NA,NA
"1500","ENST00000374518.6","ENSG00000165733.8","OTTHUMG00000018020.3","OTTHUMT00000047690.3","BMS1-201","BMS1",7759,"protein_coding",3926,70,0.980584919452667,"GGACT",0.871428571428571,NA,NA,NA,NA,NA,NA,NA,NA,NA,0,0,0,NA,NA,NA
"1501","ENST00000374518.6","ENSG00000165733.8","OTTHUMG00000018020.3","OTTHUMT00000047690.3","BMS1-201","BMS1",7759,"protein_coding",3935,47,0.918520033359528,"GGACT",0.574468085106383,NA,NA,NA,NA,NA,NA,NA,NA,NA,0,0,0,NA,NA,NA
"1502","ENST00000374612.5","ENSG00000125944.22","OTTHUMG00000003224.6","OTTHUMT00000008889.1","HNRNPR-202","HNRNPR",2694,"protein_coding",1901,106,0.900346398353577,"GAACT",0.5,NA,NA,NA,NA,NA,NA,NA,NA,NA,0,0,0,NA,NA,NA
"1503","ENST00000374656.5","ENSG00000204227.5","OTTHUMG00000031278.3","OTTHUMT00000076609.3","RING1-201","RING1",1741,"protein_coding",1186,54,0.917755365371704,"GGACC",0.555555555555556,NA,NA,NA,NA,NA,NA,NA,NA,NA,0,0,0,NA,NA,NA
"1504","ENST00000374656.5","ENSG00000204227.5","OTTHUMG00000031278.3","OTTHUMT00000076609.3","RING1-201","RING1",1741,"protein_coding",1536,107,0.952991962432861,"GGACA",0.457943925233645,NA,NA,NA,NA,NA,NA,NA,NA,NA,0,0,0,NA,NA,NA
"1505","ENST00000374656.5","ENSG00000204227.5","OTTHUMG00000031278.3","OTTHUMT00000076609.3","RING1-201","RING1",1741,"protein_coding",1548,110,0.959157109260559,"GGACA",0.672727272727273,NA,NA,NA,NA,NA,NA,NA,NA,NA,0,0,0,NA,NA,NA
"1506","ENST00000374720.8","ENSG00000070214.17","OTTHUMG00000020421.6","OTTHUMT00000053500.2","SLC44A1-201","SLC44A1",10482,"protein_coding",4352,25,0.928914487361908,"GGACT",0.72,NA,NA,NA,NA,NA,NA,NA,NA,NA,0,0,0,NA,NA,NA
"1507","ENST00000374723.5","ENSG00000070214.17","OTTHUMG00000020421.6","OTTHUMT00000053498.1","SLC44A1-202","SLC44A1",9640,"protein_coding",3510,24,0.936482548713684,"GGACT",0.75,NA,NA,NA,NA,NA,NA,NA,NA,NA,0,0,0,NA,NA,NA
"1508","ENST00000374746.6","ENSG00000108094.17","OTTHUMG00000017950.5","-","CUL2-201","CUL2",3867,"protein_coding",2182,24,0.947409927845001,"GGACT",0.75,NA,NA,NA,NA,NA,NA,NA,NA,NA,0,0,0,NA,NA,NA
"1509","ENST00000374748.5","ENSG00000108094.17","OTTHUMG00000017950.5","OTTHUMT00000047538.1","CUL2-202","CUL2",4312,"protein_coding",2627,68,0.970583379268646,"GGACT",0.764705882352941,NA,NA,NA,NA,NA,NA,NA,NA,NA,0,0,0,NA,NA,NA
"1510","ENST00000374749.8","ENSG00000108094.17","OTTHUMG00000017950.5","OTTHUMT00000047542.1","CUL2-203","CUL2",4183,"protein_coding",2498,69,0.962865054607391,"GGACT",0.753623188405797,NA,NA,NA,NA,NA,NA,NA,NA,NA,0,0,0,NA,NA,NA
"1511","ENST00000374751.7","ENSG00000108094.17","OTTHUMG00000017950.5","OTTHUMT00000047537.1","CUL2-204","CUL2",4233,"protein_coding",2548,63,0.976434946060181,"GGACT",0.825396825396825,NA,NA,NA,NA,NA,NA,NA,NA,NA,0,0,0,NA,NA,NA
"1512","ENST00000374859.3","ENSG00000240065.8","OTTHUMG00000031287.7","OTTHUMT00000076624.6","PSMB9-207","PSMB9",1017,"protein_coding",673,48,0.91486132144928,"GAACT",0.625,NA,NA,NA,NA,NA,NA,NA,NA,NA,0,0,0,NA,NA,NA
"1513","ENST00000374897.4","ENSG00000204267.19","OTTHUMG00000031068.4","OTTHUMT00000076088.3","TAP2-201","TAP2",5643,"protein_coding",2198,69,0.908272266387939,"GGACT",0.608695652173913,NA,NA,NA,NA,NA,NA,NA,NA,NA,0,0,0,NA,NA,NA
"1514","ENST00000374897.4","ENSG00000204267.19","OTTHUMG00000031068.4","OTTHUMT00000076088.3","TAP2-201","TAP2",5643,"protein_coding",2331,74,0.951077342033386,"GGACA",0.594594594594595,NA,NA,NA,NA,NA,NA,NA,NA,NA,0,0,0,NA,NA,NA
"1515","ENST00000375167.1","ENSG00000188486.4","OTTHUMG00000166196.4","OTTHUMT00000442282.1","H2AX-201","H2AX",1373,"nonsense_mediated_decay",588,67,0.98503440618515,"AGACT",0.776119402985075,NA,NA,NA,NA,NA,NA,NA,NA,NA,0,0,0,NA,NA,NA
"1516","ENST00000375167.1","ENSG00000188486.4","OTTHUMG00000166196.4","OTTHUMT00000442282.1","H2AX-201","H2AX",1373,"nonsense_mediated_decay",1116,154,0.927273452281952,"GGACA",0.519480519480519,NA,NA,NA,NA,NA,NA,NA,NA,NA,0,0,0,NA,NA,NA
"1517","ENST00000375167.1","ENSG00000188486.4","OTTHUMG00000166196.4","OTTHUMT00000442282.1","H2AX-201","H2AX",1373,"nonsense_mediated_decay",1258,218,0.952955842018127,"GGACT",0.807339449541284,NA,NA,NA,NA,NA,NA,NA,NA,NA,0,0,0,NA,NA,NA
"1518","ENST00000375167.1","ENSG00000188486.4","OTTHUMG00000166196.4","OTTHUMT00000442282.1","H2AX-201","H2AX",1373,"nonsense_mediated_decay",1281,208,0.913440883159637,"GAACT",0.644230769230769,NA,NA,NA,NA,NA,NA,NA,NA,NA,0,0,0,NA,NA,NA
"1519","ENST00000375308.5","ENSG00000130177.16","OTTHUMG00000017402.7","OTTHUMT00000045967.2","CDC16-205","CDC16",2034,"protein_coding",1883,45,0.916498005390167,"TGACT",0.6,NA,NA,NA,NA,NA,NA,NA,NA,NA,0,0,0,NA,NA,NA
"1520","ENST00000375401.8","ENSG00000126012.13","OTTHUMG00000021606.2","OTTHUMT00000056737.2","KDM5C-204","KDM5C",5810,"protein_coding",5548,21,0.918353617191315,"GAACA",0.476190476190476,NA,NA,NA,NA,NA,NA,NA,NA,NA,0,0,0,NA,NA,NA
"1521","ENST00000375571.6","ENSG00000101367.9","OTTHUMG00000032228.3","OTTHUMT00000078647.3","MAPRE1-201","MAPRE1",2562,"protein_coding",973,123,0.935375392436981,"GGACT",0.560975609756098,NA,NA,NA,NA,NA,NA,NA,NA,NA,0,0,0,NA,NA,NA
"1522","ENST00000375631.5","ENSG00000204386.12","OTTHUMG00000031284.5","OTTHUMT00000076616.3","NEU1-206","NEU1",3353,"protein_coding",1329,154,0.967663407325745,"GGACT",0.701298701298701,45,2060,1248,1,45,46,1292,1293,3352,0,0,1,NA,NA,0.0174757281553398
"1523","ENST00000375631.5","ENSG00000204386.12","OTTHUMG00000031284.5","OTTHUMT00000076616.3","NEU1-206","NEU1",3353,"protein_coding",1383,139,0.965795040130615,"AGACA",0.690647482014389,45,2060,1248,1,45,46,1292,1293,3352,0,0,1,NA,NA,0.0436893203883495
"1524","ENST00000375631.5","ENSG00000204386.12","OTTHUMG00000031284.5","OTTHUMT00000076616.3","NEU1-206","NEU1",3353,"protein_coding",1458,174,0.984640717506409,"GGACT",0.781609195402299,45,2060,1248,1,45,46,1292,1293,3352,0,0,1,NA,NA,0.0800970873786408
"1525","ENST00000375650.5","ENSG00000204388.7","OTTHUMG00000031202.3","OTTHUMT00000076402.3","HSPA1B-201","HSPA1B",2517,"protein_coding",907,83,0.959308087825775,"GGACT",0.710843373493976,NA,NA,NA,NA,NA,NA,NA,NA,NA,0,0,0,NA,NA,NA
"1526","ENST00000375650.5","ENSG00000204388.7","OTTHUMG00000031202.3","OTTHUMT00000076402.3","HSPA1B-201","HSPA1B",2517,"protein_coding",2039,190,0.994749903678894,"GGACT",0.936842105263158,NA,NA,NA,NA,NA,NA,NA,NA,NA,0,0,0,NA,NA,NA
"1527","ENST00000375650.5","ENSG00000204388.7","OTTHUMG00000031202.3","OTTHUMT00000076402.3","HSPA1B-201","HSPA1B",2517,"protein_coding",2176,147,0.987368404865265,"GGACT",0.897959183673469,NA,NA,NA,NA,NA,NA,NA,NA,NA,0,0,0,NA,NA,NA
"1528","ENST00000375650.5","ENSG00000204388.7","OTTHUMG00000031202.3","OTTHUMT00000076402.3","HSPA1B-201","HSPA1B",2517,"protein_coding",2185,173,0.958048701286316,"GGACT",0.630057803468208,NA,NA,NA,NA,NA,NA,NA,NA,NA,0,0,0,NA,NA,NA
"1529","ENST00000375651.7","ENSG00000204389.10","OTTHUMG00000031201.4","OTTHUMT00000076401.3","HSPA1A-201","HSPA1A",2400,"protein_coding",908,54,0.945614218711853,"GGACT",0.648148148148148,NA,NA,NA,NA,NA,NA,NA,NA,NA,0,0,0,NA,NA,NA
"1530","ENST00000375651.7","ENSG00000204389.10","OTTHUMG00000031201.4","OTTHUMT00000076401.3","HSPA1A-201","HSPA1A",2400,"protein_coding",2040,214,0.993201076984406,"GGACT",0.911214953271028,NA,NA,NA,NA,NA,NA,NA,NA,NA,0,0,0,NA,NA,NA
"1531","ENST00000375712.4","ENSG00000101350.8","OTTHUMG00000032214.2","OTTHUMT00000078619.2","KIF3B-201","KIF3B",6116,"protein_coding",5262,20,0.992627918720245,"AGACT",0.85,NA,NA,NA,NA,NA,NA,NA,NA,NA,0,0,0,NA,NA,NA
"1532","ENST00000375712.4","ENSG00000101350.8","OTTHUMG00000032214.2","OTTHUMT00000078619.2","KIF3B-201","KIF3B",6116,"protein_coding",5406,43,0.969300508499146,"AGACT",0.790697674418605,NA,NA,NA,NA,NA,NA,NA,NA,NA,0,0,0,NA,NA,NA
"1533","ENST00000375733.6","ENSG00000116809.12","OTTHUMG00000009377.3","-","ZBTB17-201","ZBTB17",2770,"protein_coding",2688,21,0.976731300354004,"TGACT",0.714285714285714,NA,NA,NA,NA,NA,NA,NA,NA,NA,0,0,0,NA,NA,NA
"1534","ENST00000375743.9","ENSG00000116809.12","OTTHUMG00000009377.3","OTTHUMT00000025998.1","ZBTB17-202","ZBTB17",2720,"protein_coding",2636,21,0.976166784763336,"TGACT",0.714285714285714,NA,NA,NA,NA,NA,NA,NA,NA,NA,0,0,0,NA,NA,NA
"1535","ENST00000375991.9","ENSG00000135070.15","OTTHUMG00000020135.3","OTTHUMT00000052914.2","ISCA1-203","ISCA1",1967,"protein_coding",479,99,0.970933735370636,"GGACT",0.555555555555556,NA,NA,NA,NA,NA,NA,NA,NA,NA,0,0,0,NA,NA,NA
"1536","ENST00000376372.9","ENSG00000196998.19","OTTHUMG00000034500.12","OTTHUMT00000083418.4","WDR45-206","WDR45",1598,"protein_coding",1239,20,0.946199357509613,"GGACC",0.7,NA,NA,NA,NA,NA,NA,NA,NA,NA,0,0,0,NA,NA,NA
"1537","ENST00000376545.7","ENSG00000204574.14","OTTHUMG00000031094.8","OTTHUMT00000076136.3","ABCF1-202","ABCF1",3131,"protein_coding",2704,91,0.922175168991089,"AGACT",0.835164835164835,NA,NA,NA,NA,NA,NA,NA,NA,NA,0,0,0,NA,NA,NA
"1538","ENST00000376545.7","ENSG00000204574.14","OTTHUMG00000031094.8","OTTHUMT00000076136.3","ABCF1-202","ABCF1",3131,"protein_coding",2834,109,0.97105884552002,"GGACT",0.715596330275229,NA,NA,NA,NA,NA,NA,NA,NA,NA,0,0,0,NA,NA,NA
"1539","ENST00000376545.7","ENSG00000204574.14","OTTHUMG00000031094.8","OTTHUMT00000076136.3","ABCF1-202","ABCF1",3131,"protein_coding",2939,120,0.970708131790161,"TGACT",0.841666666666667,NA,NA,NA,NA,NA,NA,NA,NA,NA,0,0,0,NA,NA,NA
"1540","ENST00000376572.8","ENSG00000116685.17","OTTHUMG00000002391.2","OTTHUMT00000006858.2","KIAA2013-201","KIAA2013",2819,"protein_coding",1949,62,0.925835847854614,"GGACC",0.467741935483871,NA,NA,NA,NA,NA,NA,NA,NA,NA,0,0,0,NA,NA,NA
"1541","ENST00000376588.4","ENSG00000135069.14","OTTHUMG00000020066.2","OTTHUMT00000052777.2","PSAT1-202","PSAT1",2206,"protein_coding",1503,84,0.911677241325378,"GGACT",0.547619047619048,NA,NA,NA,NA,NA,NA,NA,NA,NA,0,0,0,NA,NA,NA
"1542","ENST00000376629.8","ENSG00000177674.16","OTTHUMG00000002230.6","OTTHUMT00000006336.2","AGTRAP-203","AGTRAP",1100,"protein_coding",609,43,0.920037984848022,"GGACC",0.465116279069767,NA,NA,NA,NA,NA,NA,NA,NA,NA,0,0,0,NA,NA,NA
"1543","ENST00000376629.8","ENSG00000177674.16","OTTHUMG00000002230.6","OTTHUMT00000006336.2","AGTRAP-203","AGTRAP",1100,"protein_coding",851,97,0.925242483615875,"GGACT",0.56701030927835,NA,NA,NA,NA,NA,NA,NA,NA,NA,0,0,0,NA,NA,NA
"1544","ENST00000376637.7","ENSG00000177674.16","OTTHUMG00000002230.6","OTTHUMT00000006337.1","AGTRAP-204","AGTRAP",1067,"protein_coding",637,41,0.911264598369598,"GGACC",0.439024390243902,NA,NA,NA,NA,NA,NA,NA,NA,NA,0,0,0,NA,NA,NA
"1545","ENST00000376637.7","ENSG00000177674.16","OTTHUMG00000002230.6","OTTHUMT00000006337.1","AGTRAP-204","AGTRAP",1067,"protein_coding",879,90,0.928598701953888,"GGACT",0.577777777777778,NA,NA,NA,NA,NA,NA,NA,NA,NA,0,0,0,NA,NA,NA
"1546","ENST00000376693.3","ENSG00000167799.10","OTTHUMG00000167292.2","OTTHUMT00000394036.2","NUDT8-202","NUDT8",745,"protein_coding",718,93,0.924125075340271,"GGACT",0.580645161290323,NA,NA,NA,NA,NA,NA,NA,NA,NA,0,0,0,NA,NA,NA
"1547","ENST00000376810.6","ENSG00000120942.14","OTTHUMG00000002075.2","OTTHUMT00000005773.1","UBIAD1-202","UBIAD1",3654,"protein_coding",1267,41,0.971622586250305,"GGACT",0.634146341463415,NA,NA,NA,NA,NA,NA,NA,NA,NA,0,0,0,NA,NA,NA
"1548","ENST00000376810.6","ENSG00000120942.14","OTTHUMG00000002075.2","OTTHUMT00000005773.1","UBIAD1-202","UBIAD1",3654,"protein_coding",1293,20,0.918395578861237,"GGACT",0.6,NA,NA,NA,NA,NA,NA,NA,NA,NA,0,0,0,NA,NA,NA
"1549","ENST00000376911.1","ENSG00000135046.14","OTTHUMG00000020016.3","OTTHUMT00000052665.1","ANXA1-202","ANXA1",2209,"protein_coding",2205,315,0.916804492473602,"AGACA",0.266666666666667,NA,NA,NA,NA,NA,NA,NA,NA,NA,0,0,0,NA,NA,NA
"1550","ENST00000377045.9","ENSG00000078061.14","OTTHUMG00000021446.3","OTTHUMT00000056418.2","ARAF-202","ARAF",2378,"protein_coding",2111,22,0.968463778495789,"AGACT",0.681818181818182,NA,NA,NA,NA,NA,NA,NA,NA,NA,0,0,0,NA,NA,NA
"1551","ENST00000377819.10","ENSG00000133318.14","OTTHUMG00000168056.4","OTTHUMT00000397846.2","RTN3-206","RTN3",4917,"protein_coding",3088,118,0.909380674362183,"GAACT",0.644067796610169,NA,NA,NA,NA,NA,NA,NA,NA,NA,0,0,0,NA,NA,NA
"1552","ENST00000377819.10","ENSG00000133318.14","OTTHUMG00000168056.4","OTTHUMT00000397846.2","RTN3-206","RTN3",4917,"protein_coding",3421,147,0.935128808021545,"GGACT",0.653061224489796,NA,NA,NA,NA,NA,NA,NA,NA,NA,0,0,0,NA,NA,NA
"1553","ENST00000377891.6","ENSG00000168003.19","OTTHUMG00000074091.8","OTTHUMT00000396040.2","SLC3A2-204","SLC3A2",2222,"protein_coding",2071,148,0.910642981529236,"GGACC",0.398648648648649,NA,NA,NA,NA,NA,NA,NA,NA,NA,0,0,0,NA,NA,NA
"1554","ENST00000377953.4","ENSG00000204922.5","OTTHUMG00000167546.4","OTTHUMT00000504355.2","UQCC3-201","UQCC3",1927,"protein_coding",522,236,0.98465770483017,"GGACT",0.855932203389831,NA,NA,NA,NA,NA,NA,NA,NA,NA,0,0,0,NA,NA,NA
"1555","ENST00000377953.4","ENSG00000204922.5","OTTHUMG00000167546.4","OTTHUMT00000504355.2","UQCC3-201","UQCC3",1927,"protein_coding",582,237,0.973188698291779,"GAACT",0.611814345991561,NA,NA,NA,NA,NA,NA,NA,NA,NA,0,0,0,NA,NA,NA
"1556","ENST00000377970.6","ENSG00000136997.22","OTTHUMG00000128475.10","OTTHUMT00000476371.1","MYC-202","MYC",2351,"protein_coding",1507,70,0.914055287837982,"GGACT",0.471428571428571,NA,NA,NA,NA,NA,NA,NA,NA,NA,0,0,0,NA,NA,NA
"1557","ENST00000377970.6","ENSG00000136997.22","OTTHUMG00000128475.10","OTTHUMT00000476371.1","MYC-202","MYC",2351,"protein_coding",1987,99,0.915501356124878,"AGACT",0.545454545454545,NA,NA,NA,NA,NA,NA,NA,NA,NA,0,0,0,NA,NA,NA
"1558","ENST00000377970.6","ENSG00000136997.22","OTTHUMG00000128475.10","OTTHUMT00000476371.1","MYC-202","MYC",2351,"protein_coding",2027,115,0.937391221523285,"GGACT",0.791304347826087,NA,NA,NA,NA,NA,NA,NA,NA,NA,0,0,0,NA,NA,NA
"1559","ENST00000378026.5","ENSG00000136026.14","OTTHUMG00000170085.3","OTTHUMT00000407196.2","CKAP4-201","CKAP4",3121,"protein_coding",1814,41,0.978052735328674,"GGACT",0.829268292682927,NA,NA,NA,NA,NA,NA,NA,NA,NA,0,0,0,NA,NA,NA
"1560","ENST00000378026.5","ENSG00000136026.14","OTTHUMG00000170085.3","OTTHUMT00000407196.2","CKAP4-201","CKAP4",3121,"protein_coding",1831,20,0.980453312397003,"GGACT",0.6,NA,NA,NA,NA,NA,NA,NA,NA,NA,0,0,0,NA,NA,NA
"1561","ENST00000378119.9","ENSG00000112308.14","OTTHUMG00000014361.2","OTTHUMT00000040017.2","C6orf62-202","C6orf62",2452,"protein_coding",1274,28,0.972146093845367,"GGACT",0.75,NA,NA,NA,NA,NA,NA,NA,NA,NA,0,0,0,NA,NA,NA
"1562","ENST00000378119.9","ENSG00000112308.14","OTTHUMG00000014361.2","OTTHUMT00000040017.2","C6orf62-202","C6orf62",2452,"protein_coding",1346,54,0.910343408584595,"GAACT",0.407407407407407,NA,NA,NA,NA,NA,NA,NA,NA,NA,0,0,0,NA,NA,NA
"1563","ENST00000378119.9","ENSG00000112308.14","OTTHUMG00000014361.2","OTTHUMT00000040017.2","C6orf62-202","C6orf62",2452,"protein_coding",1376,58,0.992663085460663,"GGACT",0.793103448275862,NA,NA,NA,NA,NA,NA,NA,NA,NA,0,0,0,NA,NA,NA
"1564","ENST00000378119.9","ENSG00000112308.14","OTTHUMG00000014361.2","OTTHUMT00000040017.2","C6orf62-202","C6orf62",2452,"protein_coding",1449,67,0.902097404003143,"GGACT",0.417910447761194,NA,NA,NA,NA,NA,NA,NA,NA,NA,0,0,0,NA,NA,NA
"1565","ENST00000378197.5","ENSG00000152464.15","OTTHUMG00000017728.4","OTTHUMT00000046976.2","RPP38-201","RPP38",1484,"protein_coding",689,21,0.977277159690857,"GGACA",0.571428571428571,NA,NA,NA,NA,NA,NA,NA,NA,NA,0,0,0,NA,NA,NA
"1566","ENST00000378197.5","ENSG00000152464.15","OTTHUMG00000017728.4","OTTHUMT00000046976.2","RPP38-201","RPP38",1484,"protein_coding",1103,67,0.927969932556152,"TGACT",0.626865671641791,NA,NA,NA,NA,NA,NA,NA,NA,NA,0,0,0,NA,NA,NA
"1567","ENST00000378197.5","ENSG00000152464.15","OTTHUMG00000017728.4","OTTHUMT00000046976.2","RPP38-201","RPP38",1484,"protein_coding",1238,58,0.97678804397583,"GGACA",0.706896551724138,NA,NA,NA,NA,NA,NA,NA,NA,NA,0,0,0,NA,NA,NA
"1568","ENST00000378202.5","ENSG00000152464.15","OTTHUMG00000017728.4","OTTHUMT00000046977.1","RPP38-203","RPP38",1030,"protein_coding",651,55,0.930311381816864,"TGACT",0.618181818181818,NA,NA,NA,NA,NA,NA,NA,NA,NA,0,0,0,NA,NA,NA
"1569","ENST00000378202.5","ENSG00000152464.15","OTTHUMG00000017728.4","OTTHUMT00000046977.1","RPP38-203","RPP38",1030,"protein_coding",786,47,0.957010388374329,"GGACA",0.659574468085106,NA,NA,NA,NA,NA,NA,NA,NA,NA,0,0,0,NA,NA,NA
"1570","ENST00000378203.5","ENSG00000152464.15","OTTHUMG00000017728.4","OTTHUMT00000046978.1","RPP38-204","RPP38",1296,"protein_coding",921,52,0.93330180644989,"TGACT",0.615384615384615,NA,NA,NA,NA,NA,NA,NA,NA,NA,0,0,0,NA,NA,NA
"1571","ENST00000378203.5","ENSG00000152464.15","OTTHUMG00000017728.4","OTTHUMT00000046978.1","RPP38-204","RPP38",1296,"protein_coding",1056,24,0.967878103256226,"GGACA",0.666666666666667,NA,NA,NA,NA,NA,NA,NA,NA,NA,0,0,0,NA,NA,NA
"1572","ENST00000378204.7","ENSG00000182197.13","OTTHUMG00000059718.6","OTTHUMT00000132768.3","EXT1-201","EXT1",8243,"protein_coding",3197,59,0.91881388425827,"GGACT",0.576271186440678,NA,NA,NA,NA,NA,NA,NA,NA,NA,0,0,0,NA,NA,NA
"1573","ENST00000378634.6","ENSG00000172301.11","OTTHUMG00000132812.4","OTTHUMT00000256258.1","COPRS-202","COPRS",1041,"protein_coding",748,276,0.917946934700012,"GGACA",0.471014492753623,NA,NA,NA,NA,NA,NA,NA,NA,NA,0,0,0,NA,NA,NA
"1574","ENST00000378669.5","ENSG00000115944.15","OTTHUMG00000128605.9","OTTHUMT00000250466.3","COX7A2L-202","COX7A2L",3056,"protein_coding",1190,257,0.923766613006592,"GGACT",0.56420233463035,NA,NA,NA,NA,NA,NA,NA,NA,NA,0,0,0,NA,NA,NA
"1575","ENST00000378726.1","ENSG00000160075.12","OTTHUMG00000000576.6","OTTHUMT00000001367.2","SSU72-204","SSU72",2238,"retained_intron",2170,175,0.969476938247681,"GGACT",0.702857142857143,NA,NA,NA,NA,NA,NA,NA,NA,NA,0,0,0,NA,NA,NA
"1576","ENST00000378798.9","ENSG00000182149.21","OTTHUMG00000137597.9","OTTHUMT00000399580.1","IST1-202","IST1",2255,"protein_coding",1256,26,0.992207944393158,"AGACT",0.884615384615385,NA,NA,NA,NA,NA,NA,NA,NA,NA,0,0,0,NA,NA,NA
"1577","ENST00000378798.9","ENSG00000182149.21","OTTHUMG00000137597.9","OTTHUMT00000399580.1","IST1-202","IST1",2255,"protein_coding",1408,21,0.988380193710327,"GGACA",0.904761904761905,NA,NA,NA,NA,NA,NA,NA,NA,NA,0,0,0,NA,NA,NA
"1578","ENST00000378798.9","ENSG00000182149.21","OTTHUMG00000137597.9","OTTHUMT00000399580.1","IST1-202","IST1",2255,"protein_coding",2046,116,0.906023144721985,"GGACT",0.551724137931034,NA,NA,NA,NA,NA,NA,NA,NA,NA,0,0,0,NA,NA,NA
"1579","ENST00000378799.11","ENSG00000182149.21","OTTHUMG00000137597.9","OTTHUMT00000269005.4","IST1-203","IST1",4561,"protein_coding",1215,22,0.998901844024658,"AGACT",0.954545454545455,NA,NA,NA,NA,NA,NA,NA,NA,NA,0,0,0,NA,NA,NA
"1580","ENST00000378799.11","ENSG00000182149.21","OTTHUMG00000137597.9","OTTHUMT00000269005.4","IST1-203","IST1",4561,"protein_coding",1357,26,0.905973017215729,"AGACT",0.653846153846154,NA,NA,NA,NA,NA,NA,NA,NA,NA,0,0,0,NA,NA,NA
"1581","ENST00000378799.11","ENSG00000182149.21","OTTHUMG00000137597.9","OTTHUMT00000269005.4","IST1-203","IST1",4561,"protein_coding",1371,29,0.990911185741425,"AGACT",0.862068965517241,NA,NA,NA,NA,NA,NA,NA,NA,NA,0,0,0,NA,NA,NA
"1582","ENST00000378799.11","ENSG00000182149.21","OTTHUMG00000137597.9","OTTHUMT00000269005.4","IST1-203","IST1",4561,"protein_coding",1523,22,0.985747814178467,"GGACA",0.909090909090909,NA,NA,NA,NA,NA,NA,NA,NA,NA,0,0,0,NA,NA,NA
"1583","ENST00000378799.11","ENSG00000182149.21","OTTHUMG00000137597.9","OTTHUMT00000269005.4","IST1-203","IST1",4561,"protein_coding",2161,124,0.904139161109924,"GGACT",0.540322580645161,NA,NA,NA,NA,NA,NA,NA,NA,NA,0,0,0,NA,NA,NA
"1584","ENST00000378959.9","ENSG00000164967.10","OTTHUMG00000000443.2","OTTHUMT00000001129.2","RPP25L-202","RPP25L",872,"protein_coding",635,26,0.956016957759857,"TGACT",0.807692307692308,NA,NA,NA,NA,NA,NA,NA,NA,NA,0,0,0,NA,NA,NA
"1585","ENST00000378959.9","ENSG00000164967.10","OTTHUMG00000000443.2","OTTHUMT00000001129.2","RPP25L-202","RPP25L",872,"protein_coding",813,25,0.953259289264679,"GAACT",0.52,NA,NA,NA,NA,NA,NA,NA,NA,NA,0,0,0,NA,NA,NA
"1586","ENST00000379056.5","ENSG00000133112.17","OTTHUMG00000016845.7","OTTHUMT00000044759.2","TPT1-203","TPT1",1101,"protein_coding",927,250,0.928935110569,"GGACT",0.68,NA,NA,NA,NA,NA,NA,NA,NA,NA,0,0,0,NA,NA,NA
"1587","ENST00000379056.5","ENSG00000133112.17","OTTHUMG00000016845.7","OTTHUMT00000044759.2","TPT1-203","TPT1",1101,"protein_coding",1089,187,0.904488146305084,"AGACT",0.636363636363636,NA,NA,NA,NA,NA,NA,NA,NA,NA,0,0,0,NA,NA,NA
"1588","ENST00000379095.5","ENSG00000182768.9","OTTHUMG00000149807.3","OTTHUMT00000313418.2","NGRN-202","NGRN",1340,"protein_coding",1042,223,0.975706160068512,"GGACT",0.852017937219731,41,423,876,1,41,42,916,917,1339,0,0,1,NA,NA,0.295508274231678
"1589","ENST00000379170.9","ENSG00000050393.12","OTTHUMG00000014279.3","OTTHUMT00000039909.3","MCUR1-201","MCUR1",5460,"protein_coding",117,23,0.905784070491791,"GAACT",0.565217391304348,NA,NA,NA,NA,NA,NA,NA,NA,NA,0,0,0,NA,NA,NA
"1590","ENST00000379198.5","ENSG00000176022.7","OTTHUMG00000001813.3","OTTHUMT00000005071.3","B3GALT6-201","B3GALT6",2805,"protein_coding",1056,21,0.936564922332764,"GGACA",0.619047619047619,NA,NA,NA,NA,NA,NA,NA,NA,NA,0,0,0,NA,NA,NA
"1591","ENST00000379198.5","ENSG00000176022.7","OTTHUMG00000001813.3","OTTHUMT00000005071.3","B3GALT6-201","B3GALT6",2805,"protein_coding",2432,20,0.990522921085358,"GGACT",0.95,NA,NA,NA,NA,NA,NA,NA,NA,NA,0,0,0,NA,NA,NA
"1592","ENST00000379198.5","ENSG00000176022.7","OTTHUMG00000001813.3","OTTHUMT00000005071.3","B3GALT6-201","B3GALT6",2805,"protein_coding",2612,21,0.978281795978546,"GGACT",0.761904761904762,NA,NA,NA,NA,NA,NA,NA,NA,NA,0,0,0,NA,NA,NA
"1593","ENST00000379215.9","ENSG00000134463.15","OTTHUMG00000017675.3","OTTHUMT00000046771.2","ECHDC3-201","ECHDC3",1633,"protein_coding",1215,21,0.92669004201889,"TGACT",0.666666666666667,NA,NA,NA,NA,NA,NA,NA,NA,NA,0,0,0,NA,NA,NA
"1594","ENST00000379378.8","ENSG00000205250.9","OTTHUMG00000172975.3","OTTHUMT00000421565.2","E2F4-201","E2F4",2110,"protein_coding",1350,20,0.92442786693573,"AGACT",0.55,NA,NA,NA,NA,NA,NA,NA,NA,NA,0,0,0,NA,NA,NA
"1595","ENST00000379378.8","ENSG00000205250.9","OTTHUMG00000172975.3","OTTHUMT00000421565.2","E2F4-201","E2F4",2110,"protein_coding",1513,60,0.973630845546722,"GGACT",0.7,NA,NA,NA,NA,NA,NA,NA,NA,NA,0,0,0,NA,NA,NA
"1596","ENST00000379751.5","ENSG00000125817.8","OTTHUMG00000031761.3","OTTHUMT00000077772.3","CENPB-201","CENPB",2890,"protein_coding",2115,21,0.98920750617981,"GGACT",0.857142857142857,NA,NA,NA,NA,NA,NA,NA,NA,NA,0,0,0,NA,NA,NA
"1597","ENST00000379751.5","ENSG00000125817.8","OTTHUMG00000031761.3","OTTHUMT00000077772.3","CENPB-201","CENPB",2890,"protein_coding",2358,25,0.938728630542755,"GGACT",0.72,NA,NA,NA,NA,NA,NA,NA,NA,NA,0,0,0,NA,NA,NA
"1598","ENST00000379792.6","ENSG00000051108.15","OTTHUMG00000133276.10","OTTHUMT00000432313.1","HERPUD1-203","HERPUD1",1782,"protein_coding",1228,53,0.961180806159973,"GGACT",0.69811320754717,NA,NA,NA,NA,NA,NA,NA,NA,NA,0,0,0,NA,NA,NA
"1599","ENST00000379888.9","ENSG00000134453.16","OTTHUMG00000017618.4","OTTHUMT00000046635.2","RBM17-201","RBM17",3275,"protein_coding",1500,62,0.931297600269318,"GGACT",0.580645161290323,NA,NA,NA,NA,NA,NA,NA,NA,NA,0,0,0,NA,NA,NA
"1600","ENST00000379999.6","ENSG00000134452.20","OTTHUMG00000017609.5","OTTHUMT00000046597.1","FBH1-202","FBH1",3702,"protein_coding",3478,65,0.978500664234161,"AGACT",0.738461538461539,NA,NA,NA,NA,NA,NA,NA,NA,NA,0,0,0,NA,NA,NA
"1601","ENST00000380244.7","ENSG00000089280.19","OTTHUMG00000132395.5","OTTHUMT00000433551.1","FUS-202","FUS",1818,"protein_coding",1026,29,0.981901884078979,"GGACA",0.689655172413793,NA,NA,NA,NA,NA,NA,NA,NA,NA,0,0,0,NA,NA,NA
"1602","ENST00000380394.9","ENSG00000137154.13","OTTHUMG00000019642.3","OTTHUMT00000051858.2","RPS6-204","RPS6",1369,"protein_coding",822,1069,0.92531955242157,"AGACT",0.423760523854069,NA,NA,NA,NA,NA,NA,NA,NA,NA,0,0,0,NA,NA,NA
"1603","ENST00000380527.3","ENSG00000155876.6","OTTHUMG00000019621.2","OTTHUMT00000051824.2","RRAGA-201","RRAGA",1599,"protein_coding",417,69,0.93369996547699,"GGACT",0.608695652173913,NA,NA,NA,NA,NA,NA,NA,NA,NA,0,0,0,NA,NA,NA
"1604","ENST00000380542.9","ENSG00000205531.14","OTTHUMG00000011009.12","OTTHUMT00000030273.4","NAP1L4-201","NAP1L4",2463,"protein_coding",1683,81,0.98349004983902,"GGACT",0.814814814814815,NA,NA,NA,NA,NA,NA,NA,NA,NA,0,0,0,NA,NA,NA
"1605","ENST00000380739.6","ENSG00000021355.13","OTTHUMG00000014124.2","OTTHUMT00000039637.2","SERPINB1-201","SERPINB1",2476,"protein_coding",1209,94,0.949149310588837,"AGACT",0.659574468085106,NA,NA,NA,NA,NA,NA,NA,NA,NA,0,0,0,NA,NA,NA
"1606","ENST00000380752.10","ENSG00000139514.13","OTTHUMG00000016658.6","OTTHUMT00000044337.3","SLC7A1-201","SLC7A1",7343,"protein_coding",2647,54,0.993337750434875,"GGACT",0.907407407407407,NA,NA,NA,NA,NA,NA,NA,NA,NA,0,0,0,NA,NA,NA
"1607","ENST00000380752.10","ENSG00000139514.13","OTTHUMG00000016658.6","OTTHUMT00000044337.3","SLC7A1-201","SLC7A1",7343,"protein_coding",3021,67,0.92933863401413,"GGACC",0.611940298507463,NA,NA,NA,NA,NA,NA,NA,NA,NA,0,0,0,NA,NA,NA
"1608","ENST00000380752.10","ENSG00000139514.13","OTTHUMG00000016658.6","OTTHUMT00000044337.3","SLC7A1-201","SLC7A1",7343,"protein_coding",6412,342,0.918398082256317,"TGACT",0.464912280701754,NA,NA,NA,NA,NA,NA,NA,NA,NA,0,0,0,NA,NA,NA
"1609","ENST00000380996.9","ENSG00000184281.15","OTTHUMG00000009895.8","OTTHUMT00000027370.4","TSSC4-203","TSSC4",1544,"protein_coding",885,25,0.959155023097992,"TGACT",0.76,NA,NA,NA,NA,NA,NA,NA,NA,NA,0,0,0,NA,NA,NA
"1610","ENST00000381083.9","ENSG00000146674.16","OTTHUMG00000023769.10","OTTHUMT00000353842.2","IGFBP3-201","IGFBP3",2631,"protein_coding",1141,68,0.967153668403625,"GAACT",0.691176470588235,NA,NA,NA,NA,NA,NA,NA,NA,NA,0,0,0,NA,NA,NA
"1611","ENST00000381083.9","ENSG00000146674.16","OTTHUMG00000023769.10","OTTHUMT00000353842.2","IGFBP3-201","IGFBP3",2631,"protein_coding",1290,113,0.98112690448761,"AGACT",0.902654867256637,NA,NA,NA,NA,NA,NA,NA,NA,NA,0,0,0,NA,NA,NA
"1612","ENST00000381083.9","ENSG00000146674.16","OTTHUMG00000023769.10","OTTHUMT00000353842.2","IGFBP3-201","IGFBP3",2631,"protein_coding",1602,124,0.91322135925293,"GGACT",0.620967741935484,NA,NA,NA,NA,NA,NA,NA,NA,NA,0,0,0,NA,NA,NA
"1613","ENST00000381086.9","ENSG00000146674.16","OTTHUMG00000023769.10","OTTHUMT00000340042.3","IGFBP3-202","IGFBP3",2322,"protein_coding",832,62,0.971560657024384,"GAACT",0.725806451612903,NA,NA,NA,NA,NA,NA,NA,NA,NA,0,0,0,NA,NA,NA
"1614","ENST00000381086.9","ENSG00000146674.16","OTTHUMG00000023769.10","OTTHUMT00000340042.3","IGFBP3-202","IGFBP3",2322,"protein_coding",981,106,0.980261087417603,"AGACT",0.89622641509434,NA,NA,NA,NA,NA,NA,NA,NA,NA,0,0,0,NA,NA,NA
"1615","ENST00000381086.9","ENSG00000146674.16","OTTHUMG00000023769.10","OTTHUMT00000340042.3","IGFBP3-202","IGFBP3",2322,"protein_coding",1293,119,0.907215654850006,"GGACT",0.605042016806723,NA,NA,NA,NA,NA,NA,NA,NA,NA,0,0,0,NA,NA,NA
"1616","ENST00000381112.7","ENSG00000136280.17","OTTHUMG00000129246.5","-","CCM2-202","CCM2",1881,"protein_coding",1458,25,0.96470046043396,"GGACT",0.6,NA,NA,NA,NA,NA,NA,NA,NA,NA,0,0,0,NA,NA,NA
"1617","ENST00000381222.8","ENSG00000214717.12","OTTHUMG00000021069.10","OTTHUMT00000055619.3","ZBED1-202","ZBED1",4507,"protein_coding",4213,28,0.981349408626556,"GGACA",0.714285714285714,NA,NA,NA,NA,NA,NA,NA,NA,NA,0,0,0,NA,NA,NA
"1618","ENST00000381222.8","ENSG00000214717.12","OTTHUMG00000021069.10","OTTHUMT00000055619.3","ZBED1-202","ZBED1",4507,"protein_coding",4457,23,0.912472724914551,"GGACT",0.652173913043478,NA,NA,NA,NA,NA,NA,NA,NA,NA,0,0,0,NA,NA,NA
"1619","ENST00000381223.9","ENSG00000214717.12","OTTHUMG00000021069.10","-","ZBED1-203","ZBED1",4510,"protein_coding",4216,28,0.981589138507843,"GGACA",0.714285714285714,NA,NA,NA,NA,NA,NA,NA,NA,NA,0,0,0,NA,NA,NA
"1620","ENST00000381223.9","ENSG00000214717.12","OTTHUMG00000021069.10","-","ZBED1-203","ZBED1",4510,"protein_coding",4460,23,0.909656763076782,"GGACT",0.652173913043478,NA,NA,NA,NA,NA,NA,NA,NA,NA,0,0,0,NA,NA,NA
"1621","ENST00000381346.9","ENSG00000072042.13","OTTHUMG00000171196.7","OTTHUMT00000412257.4","RDH11-201","RDH11",2539,"protein_coding",1456,20,0.968623042106628,"AGACT",0.65,NA,NA,NA,NA,NA,NA,NA,NA,NA,0,0,0,NA,NA,NA
"1622","ENST00000381750.9","ENSG00000120158.12","OTTHUMG00000019474.5","OTTHUMT00000051587.2","RCL1-204","RCL1",2061,"protein_coding",1362,20,0.912676632404327,"GGACA",0.4,NA,NA,NA,NA,NA,NA,NA,NA,NA,0,0,0,NA,NA,NA
"1623","ENST00000381765.7","ENSG00000115756.13","OTTHUMG00000090451.6","OTTHUMT00000206898.1","HPCAL1-202","HPCAL1",1904,"protein_coding",1478,77,0.961359024047852,"TGACT",0.74025974025974,NA,NA,NA,NA,NA,NA,NA,NA,NA,0,0,0,NA,NA,NA
"1624","ENST00000381962.4","ENSG00000271303.2","OTTHUMG00000031644.5","OTTHUMT00000077479.2","SRXN1-201","SRXN1",2528,"protein_coding",589,22,0.995807588100433,"GGACT",1,NA,NA,NA,NA,NA,NA,NA,NA,NA,0,0,0,NA,NA,NA
"1625","ENST00000381962.4","ENSG00000271303.2","OTTHUMG00000031644.5","OTTHUMT00000077479.2","SRXN1-201","SRXN1",2528,"protein_coding",770,48,0.965180933475494,"GGACT",0.770833333333333,NA,NA,NA,NA,NA,NA,NA,NA,NA,0,0,0,NA,NA,NA
"1626","ENST00000381962.4","ENSG00000271303.2","OTTHUMG00000031644.5","OTTHUMT00000077479.2","SRXN1-201","SRXN1",2528,"protein_coding",1232,72,0.975775241851807,"AGACT",0.708333333333333,NA,NA,NA,NA,NA,NA,NA,NA,NA,0,0,0,NA,NA,NA
"1627","ENST00000381989.4","ENSG00000102699.6","OTTHUMG00000016582.4","OTTHUMT00000044189.2","PARP4-201","PARP4",5437,"protein_coding",3941,168,0.993113398551941,"GGACA",0.791666666666667,NA,NA,NA,NA,NA,NA,NA,NA,NA,0,0,0,NA,NA,NA
"1628","ENST00000381995.5","ENSG00000159128.16","OTTHUMG00000065188.5","OTTHUMT00000139917.1","IFNGR2-202","IFNGR2",1742,"protein_coding",1256,73,0.923543453216553,"GGACT",0.616438356164384,NA,NA,NA,NA,NA,NA,NA,NA,NA,0,0,0,NA,NA,NA
"1629","ENST00000382292.9","ENSG00000151835.17","OTTHUMG00000016562.6","OTTHUMT00000044148.5","SACS-201","SACS",15635,"protein_coding",14142,93,0.983480513095856,"GGACT",0.817204301075269,NA,NA,NA,NA,NA,NA,NA,NA,NA,0,0,0,NA,NA,NA
"1630","ENST00000382292.9","ENSG00000151835.17","OTTHUMG00000016562.6","OTTHUMT00000044148.5","SACS-201","SACS",15635,"protein_coding",14587,87,0.93591445684433,"GAACT",0.517241379310345,NA,NA,NA,NA,NA,NA,NA,NA,NA,0,0,0,NA,NA,NA
"1631","ENST00000382361.8","ENSG00000075618.18","OTTHUMG00000090599.6","OTTHUMT00000207153.4","FSCN1-201","FSCN1",2784,"protein_coding",1766,101,0.939853072166443,"GGACT",0.584158415841584,NA,NA,NA,NA,NA,NA,NA,NA,NA,0,0,0,NA,NA,NA
"1632","ENST00000382421.7","ENSG00000111641.13","OTTHUMG00000169163.2","OTTHUMT00000402610.1","NOP2-202","NOP2",2736,"protein_coding",2405,69,0.9590904712677,"GGACC",0.579710144927536,NA,NA,NA,NA,NA,NA,NA,NA,NA,0,0,0,NA,NA,NA
"1633","ENST00000382450.8","ENSG00000167965.18","OTTHUMG00000128827.6","OTTHUMT00000435064.1","MLST8-202","MLST8",1861,"protein_coding",1497,89,0.95383620262146,"GGACT",0.606741573033708,NA,NA,NA,NA,NA,NA,NA,NA,NA,0,0,0,NA,NA,NA
"1634","ENST00000382581.5","ENSG00000179010.16","OTTHUMG00000125504.3","OTTHUMT00000359625.1","MRFAP1-202","MRFAP1",1574,"protein_coding",359,120,0.917993366718292,"GGACA",0.566666666666667,NA,NA,NA,NA,NA,NA,NA,NA,NA,0,0,0,NA,NA,NA
"1635","ENST00000382643.7","ENSG00000051180.17","OTTHUMG00000130067.10","OTTHUMT00000387937.2","RAD51-202","RAD51",1588,"protein_coding",1168,100,0.969170093536377,"AGACT",0.67,150,415,1023,1,150,151,1172,1173,1587,0,1,0,NA,0.995112414467253,NA
"1636","ENST00000382647.7","ENSG00000171421.13","OTTHUMG00000090373.6","OTTHUMT00000365909.2","MRPL36-201","MRPL36",587,"protein_coding",248,314,0.90522700548172,"AGACT",0.531847133757962,NA,NA,NA,NA,NA,NA,NA,NA,NA,0,0,0,NA,NA,NA
"1637","ENST00000382892.6","ENSG00000109685.19","OTTHUMG00000121147.15","-","NSD2-205","NSD2",7706,"protein_coding",7249,21,0.962442338466644,"GGACT",0.476190476190476,NA,NA,NA,NA,NA,NA,NA,NA,NA,0,0,0,NA,NA,NA
"1638","ENST00000382895.7","ENSG00000109685.19","OTTHUMG00000121147.15","OTTHUMT00000366269.2","NSD2-206","NSD2",7827,"protein_coding",7366,23,0.939938366413116,"GGACT",0.434782608695652,NA,NA,NA,NA,NA,NA,NA,NA,NA,0,0,0,NA,NA,NA
"1639","ENST00000382952.8","ENSG00000159692.18","OTTHUMG00000089259.9","OTTHUMT00000359459.1","CTBP1-203","CTBP1",2488,"protein_coding",1798,97,0.924212634563446,"AGACT",0.556701030927835,NA,NA,NA,NA,NA,NA,NA,NA,NA,0,0,0,NA,NA,NA
"1640","ENST00000383675.6","ENSG00000163608.15","OTTHUMG00000159286.7","OTTHUMT00000354406.1","NEPRO-202","NEPRO",4672,"protein_coding",1670,20,0.948551118373871,"GGACT",0.6,NA,NA,NA,NA,NA,NA,NA,NA,NA,0,0,0,NA,NA,NA
"1641","ENST00000388901.10","ENSG00000166200.15","OTTHUMG00000172324.4","OTTHUMT00000417840.3","COPS2-202","COPS2",6576,"protein_coding",1302,90,0.982187628746033,"GGACC",0.766666666666667,NA,NA,NA,NA,NA,NA,NA,NA,NA,0,0,0,NA,NA,NA
"1642","ENST00000389003.7","ENSG00000007202.16","OTTHUMG00000166587.7","OTTHUMT00000445826.3","BLTP2-201","BLTP2",6852,"protein_coding",6725,65,0.943540275096893,"GGACT",0.8,NA,NA,NA,NA,NA,NA,NA,NA,NA,0,0,0,NA,NA,NA
"1643","ENST00000389017.6","ENSG00000196544.8","OTTHUMG00000153930.2","OTTHUMT00000333072.2","BORCS6-201","BORCS6",1836,"protein_coding",1171,43,0.978903412818909,"GGACT",0.697674418604651,NA,NA,NA,NA,NA,NA,NA,NA,NA,0,0,0,NA,NA,NA
"1644","ENST00000389142.10","ENSG00000135506.17","OTTHUMG00000170284.3","OTTHUMT00000408357.1","OS9-203","OS9",2763,"protein_coding",2161,24,0.961172521114349,"GGACT",0.75,NA,NA,NA,NA,NA,NA,NA,NA,NA,0,0,0,NA,NA,NA
"1645","ENST00000389142.10","ENSG00000135506.17","OTTHUMG00000170284.3","OTTHUMT00000408357.1","OS9-203","OS9",2763,"protein_coding",2236,20,0.913432836532593,"GGACC",0.35,NA,NA,NA,NA,NA,NA,NA,NA,NA,0,0,0,NA,NA,NA
"1646","ENST00000389400.4","ENSG00000178429.9","OTTHUMG00000018642.2","OTTHUMT00000049139.2","RPS3AP5-201","RPS3AP5",821,"processed_pseudogene",796,175,0.910986542701721,"GAACT",0.52,NA,NA,NA,NA,NA,NA,NA,NA,NA,0,0,0,NA,NA,NA
"1647","ENST00000389749.9","ENSG00000166166.13","OTTHUMG00000171762.2","OTTHUMT00000414988.2","TRMT61A-202","TRMT61A",3217,"protein_coding",1873,29,0.91248345375061,"GGACA",0.517241379310345,NA,NA,NA,NA,NA,NA,NA,NA,NA,0,0,0,NA,NA,NA
"1648","ENST00000389993.7","ENSG00000068878.15","OTTHUMG00000151852.6","OTTHUMT00000324164.1","PSME4-201","PSME4",6581,"nonsense_mediated_decay",5748,53,0.933820903301239,"GAACT",0.509433962264151,NA,NA,NA,NA,NA,NA,NA,NA,NA,0,0,0,NA,NA,NA
"1649","ENST00000390658.4","ENSG00000176396.11","OTTHUMG00000074073.4","OTTHUMT00000157251.3","EID2-201","EID2",1455,"protein_coding",1092,23,0.982314050197601,"AGACT",0.782608695652174,NA,NA,NA,NA,NA,NA,NA,NA,NA,0,0,0,NA,NA,NA
"1650","ENST00000390658.4","ENSG00000176396.11","OTTHUMG00000074073.4","OTTHUMT00000157251.3","EID2-201","EID2",1455,"protein_coding",1184,22,0.902146100997925,"GGACT",0.590909090909091,NA,NA,NA,NA,NA,NA,NA,NA,NA,0,0,0,NA,NA,NA
"1651","ENST00000391881.7","ENSG00000105443.17","OTTHUMG00000150245.7","OTTHUMT00000317063.1","CYTH2-202","CYTH2",1546,"nonsense_mediated_decay",1149,50,0.911865830421448,"GAACT",0.58,NA,NA,NA,NA,NA,NA,NA,NA,NA,0,0,0,NA,NA,NA
"1652","ENST00000391965.6","ENSG00000124444.16","OTTHUMG00000165479.2","OTTHUMT00000384392.1","ZNF576-202","ZNF576",1468,"protein_coding",771,22,0.919934868812561,"GGACT",0.5,NA,NA,NA,NA,NA,NA,NA,NA,NA,0,0,0,NA,NA,NA
"1653","ENST00000392038.7","ENSG00000105221.18","OTTHUMG00000137375.23","OTTHUMT00000268029.3","AKT2-206","AKT2",5250,"protein_coding",2589,27,0.948467671871185,"GGACA",0.592592592592593,NA,NA,NA,NA,NA,NA,NA,NA,NA,0,0,0,NA,NA,NA
"1654","ENST00000392246.7","ENSG00000116030.17","OTTHUMG00000132839.6","OTTHUMT00000256312.3","SUMO1-203","SUMO1",1523,"protein_coding",821,291,0.908230125904083,"GGACT",0.615120274914089,NA,NA,NA,NA,NA,NA,NA,NA,NA,0,0,0,NA,NA,NA
"1655","ENST00000392325.9","ENSG00000141580.16","OTTHUMG00000150146.4","OTTHUMT00000316536.2","WDR45B-201","WDR45B",2496,"protein_coding",1458,23,0.996594965457916,"GGACC",0.956521739130435,NA,NA,NA,NA,NA,NA,NA,NA,NA,0,0,0,NA,NA,NA
"1656","ENST00000392359.8","ENSG00000169689.15","OTTHUMG00000132129.3","OTTHUMT00000255174.2","CENPX-202","CENPX",765,"protein_coding",428,249,0.920104742050171,"GGACT",0.57429718875502,NA,NA,NA,NA,NA,NA,NA,NA,NA,0,0,0,NA,NA,NA
"1657","ENST00000392359.8","ENSG00000169689.15","OTTHUMG00000132129.3","OTTHUMT00000255174.2","CENPX-202","CENPX",765,"protein_coding",520,224,0.901365458965302,"GGACA",0.473214285714286,NA,NA,NA,NA,NA,NA,NA,NA,NA,0,0,0,NA,NA,NA
"1658","ENST00000392446.10","ENSG00000171302.17","OTTHUMG00000177570.9","OTTHUMT00000437722.2","CANT1-202","CANT1",3287,"protein_coding",2351,20,0.977472960948944,"GAACT",0.8,NA,NA,NA,NA,NA,NA,NA,NA,NA,0,0,0,NA,NA,NA
"1659","ENST00000392522.8","ENSG00000185347.19","OTTHUMG00000170426.4","OTTHUMT00000074613.3","TEDC1-203","TEDC1",1713,"protein_coding",1662,20,0.947503447532654,"GGACT",0.65,NA,NA,NA,NA,NA,NA,NA,NA,NA,0,0,0,NA,NA,NA
"1660","ENST00000392524.7","ENSG00000170144.22","OTTHUMG00000132529.11","OTTHUMT00000255729.3","HNRNPA3-201","HNRNPA3",5710,"protein_coding",1331,330,0.923404157161713,"GGACT",0.584848484848485,NA,NA,NA,NA,NA,NA,NA,NA,NA,0,0,0,NA,NA,NA
"1661","ENST00000392537.6","ENSG00000114867.22","OTTHUMG00000156784.21","OTTHUMT00000345729.2","EIF4G1-206","EIF4G1",5229,"protein_coding",4849,101,0.935610234737396,"GGACT",0.584158415841584,NA,NA,NA,NA,NA,NA,NA,NA,NA,0,0,0,NA,NA,NA
"1662","ENST00000392554.8","ENSG00000184887.14","OTTHUMG00000029887.6","OTTHUMT00000074556.4","BTBD6-202","BTBD6",2217,"protein_coding",1431,21,0.956549108028412,"GGACA",0.80952380952381,NA,NA,NA,NA,NA,NA,NA,NA,NA,0,0,0,NA,NA,NA
"1663","ENST00000392554.8","ENSG00000184887.14","OTTHUMG00000029887.6","OTTHUMT00000074556.4","BTBD6-202","BTBD6",2217,"protein_coding",1539,26,0.936869978904724,"GAACT",0.576923076923077,NA,NA,NA,NA,NA,NA,NA,NA,NA,0,0,0,NA,NA,NA
"1664","ENST00000392554.8","ENSG00000184887.14","OTTHUMG00000029887.6","OTTHUMT00000074556.4","BTBD6-202","BTBD6",2217,"protein_coding",1748,46,0.932407796382904,"GGACT",0.717391304347826,NA,NA,NA,NA,NA,NA,NA,NA,NA,0,0,0,NA,NA,NA
"1665","ENST00000392723.6","ENSG00000143442.24","OTTHUMG00000012499.10","OTTHUMT00000034916.3","POGZ-204","POGZ",6181,"protein_coding",5861,21,0.940894603729248,"GGACT",0.714285714285714,NA,NA,NA,NA,NA,NA,NA,NA,NA,0,0,0,NA,NA,NA
"1666","ENST00000392818.7","ENSG00000164897.14","OTTHUMG00000158621.4","OTTHUMT00000351485.1","TMUB1-202","TMUB1",1563,"protein_coding",1139,46,0.977301418781281,"GGACC",0.717391304347826,NA,NA,NA,NA,NA,NA,NA,NA,NA,0,0,0,NA,NA,NA
"1667","ENST00000392818.7","ENSG00000164897.14","OTTHUMG00000158621.4","OTTHUMT00000351485.1","TMUB1-202","TMUB1",1563,"protein_coding",1241,54,0.900339365005493,"GGACT",0.462962962962963,NA,NA,NA,NA,NA,NA,NA,NA,NA,0,0,0,NA,NA,NA
"1668","ENST00000393000.3","ENSG00000114125.14","OTTHUMG00000141305.4","OTTHUMT00000280603.1","RNF7-202","RNF7",805,"protein_coding",514,246,0.912077128887177,"GGACT",0.520325203252033,NA,NA,NA,NA,NA,NA,NA,NA,NA,0,0,0,NA,NA,NA
"1669","ENST00000393038.3","ENSG00000141378.15","OTTHUMG00000154532.4","OTTHUMT00000335784.2","PTRH2-201","PTRH2",731,"protein_coding",280,99,0.939334094524384,"TGACT",0.686868686868687,NA,NA,NA,NA,NA,NA,NA,NA,NA,0,0,0,NA,NA,NA
"1670","ENST00000393038.3","ENSG00000141378.15","OTTHUMG00000154532.4","OTTHUMT00000335784.2","PTRH2-201","PTRH2",731,"protein_coding",474,107,0.97836434841156,"TGACT",0.663551401869159,NA,NA,NA,NA,NA,NA,NA,NA,NA,0,0,0,NA,NA,NA
"1671","ENST00000393099.3","ENSG00000167526.14","OTTHUMG00000133770.8","OTTHUMT00000258294.2","RPL13-202","RPL13",2385,"protein_coding",1024,322,0.910513281822205,"AGACA",0.608695652173913,NA,NA,NA,NA,NA,NA,NA,NA,NA,0,0,0,NA,NA,NA
"1672","ENST00000393114.8","ENSG00000122783.17","OTTHUMG00000155447.5","OTTHUMT00000340145.1","CYREN-201","CYREN",1494,"protein_coding",687,23,0.91360467672348,"GAACT",0.608695652173913,NA,NA,NA,NA,NA,NA,NA,NA,NA,0,0,0,NA,NA,NA
"1673","ENST00000393114.8","ENSG00000122783.17","OTTHUMG00000155447.5","OTTHUMT00000340145.1","CYREN-201","CYREN",1494,"protein_coding",876,46,0.985842525959015,"GGACT",0.695652173913043,NA,NA,NA,NA,NA,NA,NA,NA,NA,0,0,0,NA,NA,NA
"1674","ENST00000393114.8","ENSG00000122783.17","OTTHUMG00000155447.5","OTTHUMT00000340145.1","CYREN-201","CYREN",1494,"protein_coding",1029,53,0.992725849151611,"AGACA",0.792452830188679,NA,NA,NA,NA,NA,NA,NA,NA,NA,0,0,0,NA,NA,NA
"1675","ENST00000393340.7","ENSG00000131446.17","OTTHUMG00000130937.6","-","MGAT1-203","MGAT1",3077,"protein_coding",1686,20,0.908676385879517,"GGACC",0.55,NA,NA,NA,NA,NA,NA,NA,NA,NA,0,0,0,NA,NA,NA
"1676","ENST00000393340.7","ENSG00000131446.17","OTTHUMG00000130937.6","-","MGAT1-203","MGAT1",3077,"protein_coding",1775,51,0.966713964939117,"GGACC",0.686274509803922,NA,NA,NA,NA,NA,NA,NA,NA,NA,0,0,0,NA,NA,NA
"1677","ENST00000393623.6","ENSG00000079999.14","OTTHUMG00000180579.5","OTTHUMT00000452002.1","KEAP1-202","KEAP1",2648,"protein_coding",1427,69,0.983761012554169,"GGACT",0.898550724637681,NA,NA,NA,NA,NA,NA,NA,NA,NA,0,0,0,NA,NA,NA
"1678","ENST00000393623.6","ENSG00000079999.14","OTTHUMG00000180579.5","OTTHUMT00000452002.1","KEAP1-202","KEAP1",2648,"protein_coding",2108,121,0.935801148414612,"GAACT",0.56198347107438,NA,NA,NA,NA,NA,NA,NA,NA,NA,0,0,0,NA,NA,NA
"1679","ENST00000393623.6","ENSG00000079999.14","OTTHUMG00000180579.5","OTTHUMT00000452002.1","KEAP1-202","KEAP1",2648,"protein_coding",2191,110,0.94986766576767,"GGACT",0.7,NA,NA,NA,NA,NA,NA,NA,NA,NA,0,0,0,NA,NA,NA
"1680","ENST00000393657.6","ENSG00000157349.17","OTTHUMG00000137577.6","OTTHUMT00000435036.2","DDX19B-203","DDX19B",1717,"protein_coding",1617,44,0.916976153850555,"GGACT",0.704545454545455,NA,NA,NA,NA,NA,NA,NA,NA,NA,0,0,0,NA,NA,NA
"1681","ENST00000393664.6","ENSG00000175832.13","OTTHUMG00000180884.2","OTTHUMT00000453490.1","ETV4-202","ETV4",2182,"protein_coding",1932,95,0.973587453365326,"GGACT",0.684210526315789,NA,NA,NA,NA,NA,NA,NA,NA,NA,0,0,0,NA,NA,NA
"1682","ENST00000393706.6","ENSG00000136877.15","OTTHUMG00000020716.6","-","FPGS-204","FPGS",2230,"protein_coding",1810,92,0.928384900093079,"GAACT",0.41304347826087,NA,NA,NA,NA,NA,NA,NA,NA,NA,0,0,0,NA,NA,NA
"1683","ENST00000393708.3","ENSG00000267673.7","OTTHUMG00000141299.4","OTTHUMT00000280567.3","FDX2-202","FDX2",1012,"protein_coding",805,64,0.966326534748077,"GGACT",0.703125,NA,NA,NA,NA,NA,NA,NA,NA,NA,0,0,0,NA,NA,NA
"1684","ENST00000393760.6","ENSG00000171307.19","OTTHUMG00000018847.6","OTTHUMT00000504269.2","ZDHHC16-207","ZDHHC16",1977,"protein_coding",1693,51,0.980863511562347,"GGACT",0.745098039215686,NA,NA,NA,NA,NA,NA,NA,NA,NA,0,0,0,NA,NA,NA
"1685","ENST00000393766.6","ENSG00000052802.13","OTTHUMG00000161126.7","OTTHUMT00000363881.2","MSMO1-202","MSMO1",1789,"protein_coding",647,37,0.910398006439209,"AGACT",0.675675675675676,217,1083,489,1,217,218,705,706,1788,0,1,0,NA,0.879345603271984,NA
"1686","ENST00000393766.6","ENSG00000052802.13","OTTHUMG00000161126.7","OTTHUMT00000363881.2","MSMO1-202","MSMO1",1789,"protein_coding",697,81,0.978021621704102,"AGACT",0.777777777777778,217,1083,489,1,217,218,705,706,1788,0,1,0,NA,0.98159509202454,NA
"1687","ENST00000393810.5","ENSG00000157593.20","OTTHUMG00000014760.3","OTTHUMT00000040725.2","SLC35B2-201","SLC35B2",1898,"protein_coding",440,92,0.990839242935181,"GGACT",0.891304347826087,144,1469,285,1,144,145,428,429,1897,0,0,1,NA,NA,0.00748808713410483
"1688","ENST00000393812.4","ENSG00000157593.20","OTTHUMG00000014760.3","OTTHUMT00000040724.3","SLC35B2-202","SLC35B2",2022,"protein_coding",569,75,0.993334949016571,"GGACT",0.893333333333333,NA,NA,NA,NA,NA,NA,NA,NA,NA,0,0,0,NA,NA,NA
"1689","ENST00000393844.7","ENSG00000112759.19","OTTHUMG00000014759.5","OTTHUMT00000040716.5","SLC29A1-208","SLC29A1",2204,"protein_coding",1763,283,0.976764857769012,"GGACA",0.674911660777385,219,614,1371,1,219,220,1589,1590,2203,0,0,1,NA,NA,0.281758957654723
"1690","ENST00000393877.3","ENSG00000172663.9","OTTHUMG00000168034.5","OTTHUMT00000397633.2","TMEM134-202","TMEM134",823,"protein_coding",310,20,0.974887788295746,"GAACT",0.6,NA,NA,NA,NA,NA,NA,NA,NA,NA,0,0,0,NA,NA,NA
"1691","ENST00000393910.5","ENSG00000141698.17","OTTHUMG00000133499.10","OTTHUMT00000257437.1","NT5C3B-201","NT5C3B",1253,"retained_intron",1186,144,0.911121070384979,"GGACC",0.493055555555556,NA,NA,NA,NA,NA,NA,NA,NA,NA,0,0,0,NA,NA,NA
"1692","ENST00000393979.3","ENSG00000239306.5","OTTHUMG00000140380.5","OTTHUMT00000334204.2","RBM14-202","RBM14",1426,"protein_coding",1253,46,0.910519778728485,"GGACA",0.5,NA,NA,NA,NA,NA,NA,NA,NA,NA,0,0,0,NA,NA,NA
"1693","ENST00000393985.8","ENSG00000197620.11","OTTHUMG00000022622.7","OTTHUMT00000058704.5","EOLA1-202","EOLA1",2407,"protein_coding",924,20,0.923661351203918,"TGACT",0.5,NA,NA,NA,NA,NA,NA,NA,NA,NA,0,0,0,NA,NA,NA
"1694","ENST00000394110.7","ENSG00000112640.16","OTTHUMG00000014716.5","OTTHUMT00000357963.1","PPP2R5D-202","PPP2R5D",2894,"protein_coding",1883,26,0.953657686710358,"GGACA",0.615384615384615,NA,NA,NA,NA,NA,NA,NA,NA,NA,0,0,0,NA,NA,NA
"1695","ENST00000394224.3","ENSG00000213445.10","OTTHUMG00000166541.3","OTTHUMT00000390356.1","SIPA1-201","SIPA1",3628,"protein_coding",3027,24,0.919490158557892,"GAACT",0.541666666666667,NA,NA,NA,NA,NA,NA,NA,NA,NA,0,0,0,NA,NA,NA
"1696","ENST00000394555.6","ENSG00000115380.20","OTTHUMG00000129343.7","OTTHUMT00000251491.2","EFEMP1-202","EFEMP1",3024,"protein_coding",2660,20,0.956287920475006,"GAACT",0.6,NA,NA,NA,NA,NA,NA,NA,NA,NA,0,0,0,NA,NA,NA
"1697","ENST00000394555.6","ENSG00000115380.20","OTTHUMG00000129343.7","OTTHUMT00000251491.2","EFEMP1-202","EFEMP1",3024,"protein_coding",2897,49,0.915539979934692,"GAACT",0.408163265306123,NA,NA,NA,NA,NA,NA,NA,NA,NA,0,0,0,NA,NA,NA
"1698","ENST00000394601.8","ENSG00000011304.22","OTTHUMG00000181789.13","OTTHUMT00000457608.1","PTBP1-204","PTBP1",3185,"protein_coding",1902,61,0.919773578643799,"TGACT",0.688524590163934,NA,NA,NA,NA,NA,NA,NA,NA,NA,0,0,0,NA,NA,NA
"1699","ENST00000394738.7","ENSG00000163933.10","OTTHUMG00000074035.6","OTTHUMT00000157137.1","RFT1-202","RFT1",1800,"protein_coding",1520,59,0.95353889465332,"GGACT",0.593220338983051,NA,NA,NA,NA,NA,NA,NA,NA,NA,0,0,0,NA,NA,NA
"1700","ENST00000394765.7","ENSG00000167671.12","OTTHUMG00000181954.8","OTTHUMT00000458450.1","UBXN6-202","UBXN6",1809,"protein_coding",855,45,0.948767483234406,"GAACT",0.555555555555556,NA,NA,NA,NA,NA,NA,NA,NA,NA,0,0,0,NA,NA,NA
"1701","ENST00000394773.7","ENSG00000149499.12","OTTHUMG00000149817.9","OTTHUMT00000313432.1","EML3-202","EML3",3266,"protein_coding",3109,22,0.988208711147308,"GGACT",0.863636363636364,NA,NA,NA,NA,NA,NA,NA,NA,NA,0,0,0,NA,NA,NA
"1702","ENST00000394783.7","ENSG00000016864.19","OTTHUMG00000158759.8","OTTHUMT00000352144.1","GLT8D1-202","GLT8D1",1621,"protein_coding",1280,47,0.965613603591919,"GAACT",0.680851063829787,NA,NA,NA,NA,NA,NA,NA,NA,NA,0,0,0,NA,NA,NA
"1703","ENST00000394817.7","ENSG00000120725.13","OTTHUMG00000129226.4","OTTHUMT00000251319.2","SIL1-202","SIL1",1889,"protein_coding",1510,73,0.924069464206696,"GGACT",0.561643835616438,NA,NA,NA,NA,NA,NA,NA,NA,NA,0,0,0,NA,NA,NA
"1704","ENST00000394817.7","ENSG00000120725.13","OTTHUMG00000129226.4","OTTHUMT00000251319.2","SIL1-202","SIL1",1889,"protein_coding",1515,70,0.960246443748474,"GGACT",0.771428571428571,NA,NA,NA,NA,NA,NA,NA,NA,NA,0,0,0,NA,NA,NA
"1705","ENST00000394888.8","ENSG00000149532.16","OTTHUMG00000168198.5","OTTHUMT00000347835.3","CPSF7-202","CPSF7",3650,"protein_coding",3082,54,0.924603343009949,"GGACT",0.62962962962963,NA,NA,NA,NA,NA,NA,NA,NA,NA,0,0,0,NA,NA,NA
"1706","ENST00000394943.7","ENSG00000050405.14","OTTHUMG00000169852.6","OTTHUMT00000406234.1","LIMA1-202","LIMA1",3669,"protein_coding",3263,74,0.943073987960815,"GAACT",0.635135135135135,NA,NA,NA,NA,NA,NA,NA,NA,NA,0,0,0,NA,NA,NA
"1707","ENST00000394950.7","ENSG00000103507.14","OTTHUMG00000047356.7","OTTHUMT00000108512.2","BCKDK-203","BCKDK",1997,"protein_coding",1825,52,0.951564133167267,"GGACT",0.788461538461538,NA,NA,NA,NA,NA,NA,NA,NA,NA,0,0,0,NA,NA,NA
"1708","ENST00000394951.5","ENSG00000103507.14","OTTHUMG00000047356.7","OTTHUMT00000108514.1","BCKDK-204","BCKDK",2164,"protein_coding",1992,60,0.94308215379715,"GGACT",0.8,NA,NA,NA,NA,NA,NA,NA,NA,NA,0,0,0,NA,NA,NA
"1709","ENST00000394957.8","ENSG00000107738.20","OTTHUMG00000018426.5","OTTHUMT00000048548.2","VSIR-201","VSIR",4714,"protein_coding",1900,20,0.970741987228394,"GGACA",0.65,NA,NA,NA,NA,NA,NA,NA,NA,NA,0,0,0,NA,NA,NA
"1710","ENST00000395042.2","ENSG00000171700.14","OTTHUMG00000033024.4","OTTHUMT00000504452.2","RGS19-202","RGS19",1619,"protein_coding",1497,63,0.906000256538391,"GAACT",0.507936507936508,NA,NA,NA,NA,NA,NA,NA,NA,NA,0,0,0,NA,NA,NA
"1711","ENST00000395057.5","ENSG00000164081.13","OTTHUMG00000156901.2","OTTHUMT00000346529.1","TEX264-202","TEX264",1555,"protein_coding",1442,156,0.925770044326782,"GGACT",0.576923076923077,NA,NA,NA,NA,NA,NA,NA,NA,NA,0,0,0,NA,NA,NA
"1712","ENST00000395067.7","ENSG00000066697.15","OTTHUMG00000020365.3","OTTHUMT00000053410.1","MSANTD3-203","MSANTD3",1880,"protein_coding",1113,150,0.947864234447479,"AGACT",0.853333333333333,NA,NA,NA,NA,NA,NA,NA,NA,NA,0,0,0,NA,NA,NA
"1713","ENST00000395067.7","ENSG00000066697.15","OTTHUMG00000020365.3","OTTHUMT00000053410.1","MSANTD3-203","MSANTD3",1880,"protein_coding",1172,143,0.918239176273346,"GGACT",0.755244755244755,NA,NA,NA,NA,NA,NA,NA,NA,NA,0,0,0,NA,NA,NA
"1714","ENST00000395159.7","ENSG00000100575.14","OTTHUMG00000140322.8","OTTHUMT00000276936.3","TIMM9-202","TIMM9",1252,"protein_coding",776,122,0.957507252693176,"GGACT",0.639344262295082,NA,NA,NA,NA,NA,NA,NA,NA,NA,0,0,0,NA,NA,NA
"1715","ENST00000395159.7","ENSG00000100575.14","OTTHUMG00000140322.8","OTTHUMT00000276936.3","TIMM9-202","TIMM9",1252,"protein_coding",833,99,0.900392830371857,"TGACT",0.373737373737374,NA,NA,NA,NA,NA,NA,NA,NA,NA,0,0,0,NA,NA,NA
"1716","ENST00000395346.6","ENSG00000087111.22","OTTHUMG00000132604.7","OTTHUMT00000255834.3","PIGS-203","PIGS",2815,"protein_coding",2271,22,0.925494015216827,"GGACT",0.545454545454545,NA,NA,NA,NA,NA,NA,NA,NA,NA,0,0,0,NA,NA,NA
"1717","ENST00000395405.5","ENSG00000122952.17","OTTHUMG00000018261.3","-","ZWINT-204","ZWINT",1851,"protein_coding",1317,58,0.907140135765076,"GGACT",0.620689655172414,NA,NA,NA,NA,NA,NA,NA,NA,NA,0,0,0,NA,NA,NA
"1718","ENST00000395443.7","ENSG00000198218.12","OTTHUMG00000156772.4","OTTHUMT00000345669.2","QRICH1-202","QRICH1",3257,"protein_coding",2803,20,0.944313228130341,"GGACT",0.8,NA,NA,NA,NA,NA,NA,NA,NA,NA,0,0,0,NA,NA,NA
"1719","ENST00000395491.6","ENSG00000034152.20","OTTHUMG00000134322.7","OTTHUMT00000259375.2","MAP2K3-204","MAP2K3",2401,"nonsense_mediated_decay",2264,24,0.942432105541229,"GGACT",0.75,NA,NA,NA,NA,NA,NA,NA,NA,NA,0,0,0,NA,NA,NA
"1720","ENST00000395633.5","ENSG00000099624.8","OTTHUMG00000180143.5","OTTHUMT00000473909.2","ATP5F1D-202","ATP5F1D",704,"protein_coding",662,202,0.946823000907898,"GAACT",0.51980198019802,NA,NA,NA,NA,NA,NA,NA,NA,NA,0,0,0,NA,NA,NA
"1721","ENST00000395693.8","ENSG00000284194.3","OTTHUMG00000191637.2","OTTHUMT00000317090.1","SCO2-202","SCO2",984,"protein_coding",349,103,0.937720775604248,"GGACT",0.621359223300971,NA,NA,NA,NA,NA,NA,NA,NA,NA,0,0,0,NA,NA,NA
"1722","ENST00000395693.8","ENSG00000284194.3","OTTHUMG00000191637.2","OTTHUMT00000317090.1","SCO2-202","SCO2",984,"protein_coding",700,114,0.982325077056885,"AGACT",0.728070175438597,NA,NA,NA,NA,NA,NA,NA,NA,NA,0,0,0,NA,NA,NA
"1723","ENST00000395780.5","ENSG00000188130.14","OTTHUMG00000030145.5","OTTHUMT00000316918.1","MAPK12-203","MAPK12",1459,"protein_coding",1019,21,0.930945813655853,"GGACT",0.619047619047619,NA,NA,NA,NA,NA,NA,NA,NA,NA,0,0,0,NA,NA,NA
"1724","ENST00000395780.5","ENSG00000188130.14","OTTHUMG00000030145.5","OTTHUMT00000316918.1","MAPK12-203","MAPK12",1459,"protein_coding",1096,40,0.982343554496765,"GGACC",0.65,NA,NA,NA,NA,NA,NA,NA,NA,NA,0,0,0,NA,NA,NA
"1725","ENST00000395780.5","ENSG00000188130.14","OTTHUMG00000030145.5","OTTHUMT00000316918.1","MAPK12-203","MAPK12",1459,"protein_coding",1313,50,0.9505974650383,"GGACA",0.5,NA,NA,NA,NA,NA,NA,NA,NA,NA,0,0,0,NA,NA,NA
"1726","ENST00000395785.7","ENSG00000147654.16","OTTHUMG00000165346.4","OTTHUMT00000385482.1","EBAG9-202","EBAG9",6379,"protein_coding",1025,25,0.903191149234772,"GAACT",0.48,NA,NA,NA,NA,NA,NA,NA,NA,NA,0,0,0,NA,NA,NA
"1727","ENST00000395797.1","ENSG00000169740.14","OTTHUMG00000018043.2","-","ZNF32-202","ZNF32",1201,"protein_coding",659,124,0.960036635398865,"GGACA",0.669354838709677,NA,NA,NA,NA,NA,NA,NA,NA,NA,0,0,0,NA,NA,NA
"1728","ENST00000395808.7","ENSG00000175221.16","OTTHUMG00000181841.12","OTTHUMT00000457894.5","MED16-203","MED16",3420,"protein_coding",2760,26,0.982970416545868,"GGACT",0.884615384615385,151,743,2526,1,151,152,2676,2677,3419,0,0,1,NA,NA,0.111709286675639
"1729","ENST00000395808.7","ENSG00000175221.16","OTTHUMG00000181841.12","OTTHUMT00000457894.5","MED16-203","MED16",3420,"protein_coding",3058,44,0.977131009101868,"GGACA",0.5,151,743,2526,1,151,152,2676,2677,3419,0,0,1,NA,NA,0.51278600269179
"1730","ENST00000395862.7","ENSG00000155097.12","OTTHUMG00000164761.2","OTTHUMT00000380101.1","ATP6V1C1-201","ATP6V1C1",5612,"protein_coding",5369,22,0.962839066982269,"AGACT",0.772727272727273,NA,NA,NA,NA,NA,NA,NA,NA,NA,0,0,0,NA,NA,NA
"1731","ENST00000395911.5","ENSG00000087586.18","OTTHUMG00000032796.7","OTTHUMT00000259429.1","AURKA-205","AURKA",2145,"protein_coding",1461,162,0.901224493980408,"TGACT",0.660493827160494,NA,NA,NA,NA,NA,NA,NA,NA,NA,0,0,0,NA,NA,NA
"1732","ENST00000395913.7","ENSG00000087586.18","OTTHUMG00000032796.7","OTTHUMT00000079809.4","AURKA-206","AURKA",2169,"protein_coding",1485,159,0.900622546672821,"TGACT",0.679245283018868,NA,NA,NA,NA,NA,NA,NA,NA,NA,0,0,0,NA,NA,NA
"1733","ENST00000395962.6","ENSG00000006744.19","OTTHUMG00000058764.16","OTTHUMT00000129935.2","ELAC2-202","ELAC2",2924,"protein_coding",2685,133,0.965455234050751,"GGACT",0.819548872180451,NA,NA,NA,NA,NA,NA,NA,NA,NA,0,0,0,NA,NA,NA
"1734","ENST00000395981.7","ENSG00000176697.20","OTTHUMG00000178797.3","OTTHUMT00000388085.2","BDNF-204","BDNF",4071,"protein_coding",1403,21,0.960505962371826,"GAACT",0.619047619047619,NA,NA,NA,NA,NA,NA,NA,NA,NA,0,0,0,NA,NA,NA
"1735","ENST00000395986.6","ENSG00000176697.20","OTTHUMG00000178797.3","OTTHUMT00000388136.2","BDNF-206","BDNF",3979,"protein_coding",1156,20,0.902811408042908,"GAACT",0.5,NA,NA,NA,NA,NA,NA,NA,NA,NA,0,0,0,NA,NA,NA
"1736","ENST00000396014.8","ENSG00000197006.15","OTTHUMG00000131584.4","OTTHUMT00000430011.1","METTL9-202","METTL9",1817,"protein_coding",1218,163,0.948961198329926,"GGACC",0.552147239263804,NA,NA,NA,NA,NA,NA,NA,NA,NA,0,0,0,NA,NA,NA
"1737","ENST00000396014.8","ENSG00000197006.15","OTTHUMG00000131584.4","OTTHUMT00000430011.1","METTL9-202","METTL9",1817,"protein_coding",1429,221,0.917468428611755,"GGACT",0.647058823529412,NA,NA,NA,NA,NA,NA,NA,NA,NA,0,0,0,NA,NA,NA
"1738","ENST00000396076.5","ENSG00000111716.14","OTTHUMG00000133760.5","OTTHUMT00000258220.2","LDHB-203","LDHB",1538,"protein_coding",591,1171,0.949869990348816,"TGACT",0.705380017079419,NA,NA,NA,NA,NA,NA,NA,NA,NA,0,0,0,NA,NA,NA
"1739","ENST00000396200.3","ENSG00000164951.16","OTTHUMG00000164356.5","-","PDP1-202","PDP1",4358,"protein_coding",3738,23,0.916032731533051,"GGACT",0.652173913043478,NA,NA,NA,NA,NA,NA,NA,NA,NA,0,0,0,NA,NA,NA
"1740","ENST00000396591.8","ENSG00000145740.20","OTTHUMG00000131253.6","OTTHUMT00000254017.3","SLC30A5-202","SLC30A5",3992,"protein_coding",2587,21,0.922050178050995,"TGACT",0.714285714285714,NA,NA,NA,NA,NA,NA,NA,NA,NA,0,0,0,NA,NA,NA
"1741","ENST00000396662.5","ENSG00000122644.13","OTTHUMG00000023374.7","OTTHUMT00000246873.1","ARL4A-202","ARL4A",1296,"protein_coding",672,46,0.994127810001373,"GGACT",0.978260869565217,NA,NA,NA,NA,NA,NA,NA,NA,NA,0,0,0,NA,NA,NA
"1742","ENST00000396662.5","ENSG00000122644.13","OTTHUMG00000023374.7","OTTHUMT00000246873.1","ARL4A-202","ARL4A",1296,"protein_coding",904,55,0.916716337203979,"GGACT",0.636363636363636,NA,NA,NA,NA,NA,NA,NA,NA,NA,0,0,0,NA,NA,NA
"1743","ENST00000396663.2","ENSG00000122644.13","OTTHUMG00000023374.7","-","ARL4A-203","ARL4A",3212,"protein_coding",512,21,0.923459768295288,"GGACA",0.714285714285714,NA,NA,NA,NA,NA,NA,NA,NA,NA,0,0,0,NA,NA,NA
"1744","ENST00000396663.2","ENSG00000122644.13","OTTHUMG00000023374.7","-","ARL4A-203","ARL4A",3212,"protein_coding",833,52,0.992373287677765,"GGACT",1,NA,NA,NA,NA,NA,NA,NA,NA,NA,0,0,0,NA,NA,NA
"1745","ENST00000396663.2","ENSG00000122644.13","OTTHUMG00000023374.7","-","ARL4A-203","ARL4A",3212,"protein_coding",950,57,0.911182999610901,"GAACT",0.56140350877193,NA,NA,NA,NA,NA,NA,NA,NA,NA,0,0,0,NA,NA,NA
"1746","ENST00000396663.2","ENSG00000122644.13","OTTHUMG00000023374.7","-","ARL4A-203","ARL4A",3212,"protein_coding",1065,68,0.921975314617157,"GGACT",0.632352941176471,NA,NA,NA,NA,NA,NA,NA,NA,NA,0,0,0,NA,NA,NA
"1747","ENST00000396664.2","ENSG00000122644.13","OTTHUMG00000023374.7","OTTHUMT00000326035.1","ARL4A-204","ARL4A",1144,"protein_coding",307,44,0.994342744350433,"GGACT",0.977272727272727,NA,NA,NA,NA,NA,NA,NA,NA,NA,0,0,0,NA,NA,NA
"1748","ENST00000396664.2","ENSG00000122644.13","OTTHUMG00000023374.7","OTTHUMT00000326035.1","ARL4A-204","ARL4A",1144,"protein_coding",523,57,0.994547665119171,"GGACT",0.982456140350877,NA,NA,NA,NA,NA,NA,NA,NA,NA,0,0,0,NA,NA,NA
"1749","ENST00000396664.2","ENSG00000122644.13","OTTHUMG00000023374.7","OTTHUMT00000326035.1","ARL4A-204","ARL4A",1144,"protein_coding",640,62,0.92258632183075,"GAACT",0.564516129032258,NA,NA,NA,NA,NA,NA,NA,NA,NA,0,0,0,NA,NA,NA
"1750","ENST00000396664.2","ENSG00000122644.13","OTTHUMG00000023374.7","OTTHUMT00000326035.1","ARL4A-204","ARL4A",1144,"protein_coding",755,72,0.926548182964325,"GGACT",0.625,NA,NA,NA,NA,NA,NA,NA,NA,NA,0,0,0,NA,NA,NA
"1751","ENST00000396761.6","ENSG00000198925.12","OTTHUMG00000154557.20","OTTHUMT00000335927.1","ATG9A-202","ATG9A",3799,"protein_coding",2943,22,0.928777575492859,"GGACT",0.636363636363636,NA,NA,NA,NA,NA,NA,NA,NA,NA,0,0,0,NA,NA,NA
"1752","ENST00000396777.8","ENSG00000132254.13","OTTHUMG00000133406.6","OTTHUMT00000257263.2","ARFIP2-202","ARFIP2",1763,"protein_coding",1202,73,0.975077033042908,"AGACA",0.73972602739726,NA,NA,NA,NA,NA,NA,NA,NA,NA,0,0,0,NA,NA,NA
"1753","ENST00000396777.8","ENSG00000132254.13","OTTHUMG00000133406.6","OTTHUMT00000257263.2","ARFIP2-202","ARFIP2",1763,"protein_coding",1239,94,0.950996816158295,"GGACA",0.606382978723404,NA,NA,NA,NA,NA,NA,NA,NA,NA,0,0,0,NA,NA,NA
"1754","ENST00000396777.8","ENSG00000132254.13","OTTHUMG00000133406.6","OTTHUMT00000257263.2","ARFIP2-202","ARFIP2",1763,"protein_coding",1539,108,0.967880010604858,"GGACT",0.62962962962963,NA,NA,NA,NA,NA,NA,NA,NA,NA,0,0,0,NA,NA,NA
"1755","ENST00000396979.1","ENSG00000177105.10","OTTHUMG00000012287.4","OTTHUMT00000034127.1","RHOG-203","RHOG",1289,"protein_coding",484,24,0.974320530891418,"GGACC",0.625,NA,NA,NA,NA,NA,NA,NA,NA,NA,0,0,0,NA,NA,NA
"1756","ENST00000396979.1","ENSG00000177105.10","OTTHUMG00000012287.4","OTTHUMT00000034127.1","RHOG-203","RHOG",1289,"protein_coding",794,58,0.962173104286194,"GGACT",0.672413793103448,NA,NA,NA,NA,NA,NA,NA,NA,NA,0,0,0,NA,NA,NA
"1757","ENST00000396987.7","ENSG00000158669.11","OTTHUMG00000164082.4","OTTHUMT00000377158.1","GPAT4-201","GPAT4",6298,"protein_coding",2427,125,0.959759414196014,"GGACT",0.664,NA,NA,NA,NA,NA,NA,NA,NA,NA,0,0,0,NA,NA,NA
"1758","ENST00000397011.2","ENSG00000106263.19","OTTHUMG00000022839.6","OTTHUMT00000059160.1","EIF3B-202","EIF3B",2966,"protein_coding",2583,796,0.951733291149139,"GGACT",0.718592964824121,NA,NA,NA,NA,NA,NA,NA,NA,NA,0,0,0,NA,NA,NA
"1759","ENST00000397124.5","ENSG00000167965.18","OTTHUMG00000128827.6","OTTHUMT00000250765.2","MLST8-203","MLST8",1691,"protein_coding",1326,97,0.945956587791443,"GGACT",0.597938144329897,NA,NA,NA,NA,NA,NA,NA,NA,NA,0,0,0,NA,NA,NA
"1760","ENST00000397133.2","ENSG00000127774.7","OTTHUMG00000180187.2","OTTHUMT00000450159.1","EMC6-202","EMC6",762,"protein_coding",616,374,0.948236346244812,"GGACT",0.596256684491979,NA,NA,NA,NA,NA,NA,NA,NA,NA,0,0,0,NA,NA,NA
"1761","ENST00000397137.5","ENSG00000166619.15","OTTHUMG00000032419.8","OTTHUMT00000276651.1","BLCAP-205","BLCAP",2036,"protein_coding",1699,65,0.953521072864532,"AGACT",0.661538461538462,NA,NA,NA,NA,NA,NA,NA,NA,NA,0,0,0,NA,NA,NA
"1762","ENST00000397137.5","ENSG00000166619.15","OTTHUMG00000032419.8","OTTHUMT00000276651.1","BLCAP-205","BLCAP",2036,"protein_coding",1736,73,0.957959711551666,"TGACT",0.698630136986301,NA,NA,NA,NA,NA,NA,NA,NA,NA,0,0,0,NA,NA,NA
"1763","ENST00000397137.5","ENSG00000166619.15","OTTHUMG00000032419.8","OTTHUMT00000276651.1","BLCAP-205","BLCAP",2036,"protein_coding",1928,70,0.943538784980774,"GGACT",0.642857142857143,NA,NA,NA,NA,NA,NA,NA,NA,NA,0,0,0,NA,NA,NA
"1764","ENST00000397225.2","ENSG00000128309.17","OTTHUMG00000150543.2","OTTHUMT00000318832.1","MPST-202","MPST",2116,"protein_coding",1820,167,0.90394252538681,"GGACA",0.502994011976048,NA,NA,NA,NA,NA,NA,NA,NA,NA,0,0,0,NA,NA,NA
"1765","ENST00000397269.7","ENSG00000134452.20","OTTHUMG00000017609.5","-","FBH1-203","FBH1",3640,"protein_coding",3415,65,0.978183388710022,"AGACT",0.738461538461539,NA,NA,NA,NA,NA,NA,NA,NA,NA,0,0,0,NA,NA,NA
"1766","ENST00000397281.6","ENSG00000214022.12","OTTHUMG00000158330.4","-","REPIN1-201","REPIN1",3292,"protein_coding",2291,23,0.91793292760849,"GGACA",0.565217391304348,NA,NA,NA,NA,NA,NA,NA,NA,NA,0,0,0,NA,NA,NA
"1767","ENST00000397281.6","ENSG00000214022.12","OTTHUMG00000158330.4","-","REPIN1-201","REPIN1",3292,"protein_coding",2979,62,0.976735830307007,"GGACT",0.709677419354839,NA,NA,NA,NA,NA,NA,NA,NA,NA,0,0,0,NA,NA,NA
"1768","ENST00000397281.6","ENSG00000214022.12","OTTHUMG00000158330.4","-","REPIN1-201","REPIN1",3292,"protein_coding",3056,25,0.951312661170959,"GGACA",0.64,NA,NA,NA,NA,NA,NA,NA,NA,NA,0,0,0,NA,NA,NA
"1769","ENST00000397375.7","ENSG00000074071.15","OTTHUMG00000128636.2","OTTHUMT00000250506.1","MRPS34-202","MRPS34",998,"protein_coding",718,347,0.903775870800018,"GGACC",0.498559077809798,NA,NA,NA,NA,NA,NA,NA,NA,NA,0,0,0,NA,NA,NA
"1770","ENST00000397420.9","ENSG00000177697.19","OTTHUMG00000133311.10","OTTHUMT00000494210.3","CD151-202","CD151",1545,"protein_coding",631,629,0.953265368938446,"GGACT",0.651828298887122,NA,NA,NA,NA,NA,NA,NA,NA,NA,0,0,0,NA,NA,NA
"1771","ENST00000397421.5","ENSG00000177697.19","OTTHUMG00000133311.10","-","CD151-203","CD151",1486,"protein_coding",569,599,0.953743159770966,"GGACT",0.649415692821369,NA,NA,NA,NA,NA,NA,NA,NA,NA,0,0,0,NA,NA,NA
"1772","ENST00000397425.5","ENSG00000244005.13","OTTHUMG00000032361.12","OTTHUMT00000276931.1","NFS1-204","NFS1",1956,"protein_coding",1569,54,0.915703892707825,"AGACA",0.537037037037037,NA,NA,NA,NA,NA,NA,NA,NA,NA,0,0,0,NA,NA,NA
"1773","ENST00000397492.1","ENSG00000128245.15","OTTHUMG00000030833.10","OTTHUMT00000128919.2","YWHAH-202","YWHAH",1879,"protein_coding",979,20,0.922847032546997,"GGACT",0.65,NA,NA,NA,NA,NA,NA,NA,NA,NA,0,0,0,NA,NA,NA
"1774","ENST00000397492.1","ENSG00000128245.15","OTTHUMG00000030833.10","OTTHUMT00000128919.2","YWHAH-202","YWHAH",1879,"protein_coding",1245,64,0.985481858253479,"GGACT",0.984375,NA,NA,NA,NA,NA,NA,NA,NA,NA,0,0,0,NA,NA,NA
"1775","ENST00000397631.7","ENSG00000185090.15","OTTHUMG00000004317.3","OTTHUMT00000388630.1","MANEAL-203","MANEAL",2327,"protein_coding",2247,25,0.907471239566803,"GAACT",0.52,NA,NA,NA,NA,NA,NA,NA,NA,NA,0,0,0,NA,NA,NA
"1776","ENST00000397640.6","ENSG00000257949.7","OTTHUMG00000132686.6","OTTHUMT00000255983.2","TEN1-201","TEN1",974,"protein_coding",870,29,0.955238878726959,"AGACT",0.551724137931034,NA,NA,NA,NA,NA,NA,NA,NA,NA,0,0,0,NA,NA,NA
"1777","ENST00000397677.6","ENSG00000147457.14","OTTHUMG00000131785.6","OTTHUMT00000254717.2","CHMP7-202","CHMP7",3410,"protein_coding",2765,21,0.93164050579071,"GGACC",0.523809523809524,NA,NA,NA,NA,NA,NA,NA,NA,NA,0,0,0,NA,NA,NA
"1778","ENST00000397677.6","ENSG00000147457.14","OTTHUMG00000131785.6","OTTHUMT00000254717.2","CHMP7-202","CHMP7",3410,"protein_coding",2831,23,0.913931906223297,"TAACT",0.347826086956522,NA,NA,NA,NA,NA,NA,NA,NA,NA,0,0,0,NA,NA,NA
"1779","ENST00000397752.8","ENSG00000105976.16","OTTHUMG00000023299.10","OTTHUMT00000141947.3","MET-202","MET",6822,"protein_coding",6526,57,0.912061512470245,"GAACT",0.526315789473684,NA,NA,NA,NA,NA,NA,NA,NA,NA,0,0,0,NA,NA,NA
"1780","ENST00000397760.8","ENSG00000120913.24","OTTHUMG00000164270.6","OTTHUMT00000475133.1","PDLIM2-204","PDLIM2",1847,"protein_coding",1623,68,0.921892106533051,"GGACT",0.544117647058823,NA,NA,NA,NA,NA,NA,NA,NA,NA,0,0,0,NA,NA,NA
"1781","ENST00000397761.6","ENSG00000120913.24","OTTHUMG00000164270.6","OTTHUMT00000334167.1","PDLIM2-205","PDLIM2",1491,"protein_coding",1300,52,0.914541184902191,"GGACT",0.557692307692308,NA,NA,NA,NA,NA,NA,NA,NA,NA,0,0,0,NA,NA,NA
"1782","ENST00000397887.7","ENSG00000183255.12","OTTHUMG00000090254.2","OTTHUMT00000206557.1","PTTG1IP-203","PTTG1IP",2413,"protein_coding",841,58,0.927502274513245,"GAACT",0.5,NA,NA,NA,NA,NA,NA,NA,NA,NA,0,0,0,NA,NA,NA
"1783","ENST00000397887.7","ENSG00000183255.12","OTTHUMG00000090254.2","OTTHUMT00000206557.1","PTTG1IP-203","PTTG1IP",2413,"protein_coding",877,54,0.905062615871429,"GGACA",0.37037037037037,NA,NA,NA,NA,NA,NA,NA,NA,NA,0,0,0,NA,NA,NA
"1784","ENST00000397887.7","ENSG00000183255.12","OTTHUMG00000090254.2","OTTHUMT00000206557.1","PTTG1IP-203","PTTG1IP",2413,"protein_coding",2086,309,0.901184022426605,"GGACT",0.666666666666667,NA,NA,NA,NA,NA,NA,NA,NA,NA,0,0,0,NA,NA,NA
"1785","ENST00000397901.8","ENSG00000131165.16","OTTHUMG00000169521.2","OTTHUMT00000404581.2","CHMP1A-201","CHMP1A",2342,"protein_coding",1783,21,0.9247145652771,"GGACT",0.571428571428571,NA,NA,NA,NA,NA,NA,NA,NA,NA,0,0,0,NA,NA,NA
"1786","ENST00000398013.7","ENSG00000140157.16","OTTHUMG00000129101.8","OTTHUMT00000415640.1","NIPA2-203","NIPA2",2280,"protein_coding",1072,23,0.92438131570816,"TGACT",0.521739130434783,NA,NA,NA,NA,NA,NA,NA,NA,NA,0,0,0,NA,NA,NA
"1787","ENST00000398030.8","ENSG00000100823.12","OTTHUMG00000029544.7","OTTHUMT00000411060.1","APEX1-202","APEX1",1387,"protein_coding",972,479,0.963196098804474,"GGACT",0.820459290187891,NA,NA,NA,NA,NA,NA,NA,NA,NA,0,0,0,NA,NA,NA
"1788","ENST00000398125.5","ENSG00000087274.19","OTTHUMG00000122080.23","-","ADD1-205","ADD1",4079,"protein_coding",3880,54,0.931625664234161,"GGACT",0.611111111111111,NA,NA,NA,NA,NA,NA,NA,NA,NA,0,0,0,NA,NA,NA
"1789","ENST00000398129.5","ENSG00000087274.19","OTTHUMG00000122080.23","OTTHUMT00000242840.1","ADD1-206","ADD1",3787,"protein_coding",3585,55,0.930820763111115,"GGACT",0.618181818181818,NA,NA,NA,NA,NA,NA,NA,NA,NA,0,0,0,NA,NA,NA
"1790","ENST00000398595.7","ENSG00000103415.12","OTTHUMG00000129473.4","OTTHUMT00000438519.1","HMOX2-202","HMOX2",1644,"protein_coding",1097,49,0.962951898574829,"GGACC",0.571428571428571,NA,NA,NA,NA,NA,NA,NA,NA,NA,0,0,0,NA,NA,NA
"1791","ENST00000398595.7","ENSG00000103415.12","OTTHUMG00000129473.4","OTTHUMT00000438519.1","HMOX2-202","HMOX2",1644,"protein_coding",1125,20,0.919090986251831,"GGACA",0.6,NA,NA,NA,NA,NA,NA,NA,NA,NA,0,0,0,NA,NA,NA
"1792","ENST00000398595.7","ENSG00000103415.12","OTTHUMG00000129473.4","OTTHUMT00000438519.1","HMOX2-202","HMOX2",1644,"protein_coding",1474,61,0.919142305850983,"GGACT",0.573770491803279,NA,NA,NA,NA,NA,NA,NA,NA,NA,0,0,0,NA,NA,NA
"1793","ENST00000398645.6","ENSG00000173120.15","OTTHUMG00000167103.3","OTTHUMT00000393139.1","KDM2A-202","KDM2A",6511,"protein_coding",6210,25,0.913408815860748,"GGACT",0.56,NA,NA,NA,NA,NA,NA,NA,NA,NA,0,0,0,NA,NA,NA
"1794","ENST00000398741.5","ENSG00000185686.18","OTTHUMG00000151172.4","-","PRAME-201","PRAME",2202,"protein_coding",1217,21,0.961021542549133,"GGACT",0.761904761904762,NA,NA,NA,NA,NA,NA,NA,NA,NA,0,0,0,NA,NA,NA
"1795","ENST00000398743.6","ENSG00000185686.18","OTTHUMG00000151172.4","OTTHUMT00000321642.2","PRAME-202","PRAME",2196,"protein_coding",1210,21,0.961135983467102,"GGACT",0.761904761904762,NA,NA,NA,NA,NA,NA,NA,NA,NA,0,0,0,NA,NA,NA
"1796","ENST00000398846.6","ENSG00000168061.17","OTTHUMG00000165594.6","OTTHUMT00000385158.3","SAC3D1-201","SAC3D1",1563,"protein_coding",1242,128,0.989344477653503,"GGACT",0.9453125,NA,NA,NA,NA,NA,NA,NA,NA,NA,0,0,0,NA,NA,NA
"1797","ENST00000399061.3","ENSG00000172466.16","OTTHUMG00000132565.6","OTTHUMT00000442597.1","ZNF24-202","ZNF24",6282,"protein_coding",6032,29,0.901490330696106,"GAACT",0.620689655172414,NA,NA,NA,NA,NA,NA,NA,NA,NA,0,0,0,NA,NA,NA
"1798","ENST00000399061.3","ENSG00000172466.16","OTTHUMG00000132565.6","OTTHUMT00000442597.1","ZNF24-202","ZNF24",6282,"protein_coding",6101,31,0.916540265083313,"GGACT",0.612903225806452,NA,NA,NA,NA,NA,NA,NA,NA,NA,0,0,0,NA,NA,NA
"1799","ENST00000399075.6","ENSG00000164096.13","OTTHUMG00000161333.5","OTTHUMT00000364577.3","C4orf3-201","C4orf3",2960,"protein_coding",2273,46,0.91530454158783,"GAACT",0.652173913043478,NA,NA,NA,NA,NA,NA,NA,NA,NA,0,0,0,NA,NA,NA
"1800","ENST00000399133.2","ENSG00000184436.12","OTTHUMG00000150879.2","OTTHUMT00000320407.1","THAP7-202","THAP7",1144,"protein_coding",923,53,0.962604165077209,"AGACT",0.679245283018868,NA,NA,NA,NA,NA,NA,NA,NA,NA,0,0,0,NA,NA,NA
"1801","ENST00000399133.2","ENSG00000184436.12","OTTHUMG00000150879.2","OTTHUMT00000320407.1","THAP7-202","THAP7",1144,"protein_coding",984,50,0.943336546421051,"AGACT",0.68,NA,NA,NA,NA,NA,NA,NA,NA,NA,0,0,0,NA,NA,NA
"1802","ENST00000399133.2","ENSG00000184436.12","OTTHUMG00000150879.2","OTTHUMT00000320407.1","THAP7-202","THAP7",1144,"protein_coding",1006,53,0.914581537246704,"GGACT",0.660377358490566,NA,NA,NA,NA,NA,NA,NA,NA,NA,0,0,0,NA,NA,NA
"1803","ENST00000399133.2","ENSG00000184436.12","OTTHUMG00000150879.2","OTTHUMT00000320407.1","THAP7-202","THAP7",1144,"protein_coding",1052,22,0.994584500789642,"GGACT",1,NA,NA,NA,NA,NA,NA,NA,NA,NA,0,0,0,NA,NA,NA
"1804","ENST00000399336.9","ENSG00000103226.19","OTTHUMG00000177317.23","OTTHUMT00000409528.24","NOMO3-202","NOMO3",4320,"protein_coding",4014,112,0.978354752063751,"GGACC",0.714285714285714,NA,NA,NA,NA,NA,NA,NA,NA,NA,0,0,0,NA,NA,NA
"1805","ENST00000399402.7","ENSG00000170266.16","OTTHUMG00000155781.8","OTTHUMT00000341570.2","GLB1-203","GLB1",2512,"protein_coding",2021,65,0.931167960166931,"AGACT",0.769230769230769,NA,NA,NA,NA,NA,NA,NA,NA,NA,0,0,0,NA,NA,NA
"1806","ENST00000399466.6","ENSG00000111641.13","OTTHUMG00000169163.2","OTTHUMT00000402612.1","NOP2-203","NOP2",2701,"protein_coding",2370,69,0.958447158336639,"GGACC",0.565217391304348,NA,NA,NA,NA,NA,NA,NA,NA,NA,0,0,0,NA,NA,NA
"1807","ENST00000399696.3","ENSG00000186184.20","OTTHUMG00000016635.10","OTTHUMT00000484473.2","POLR1D-202","POLR1D",668,"protein_coding",422,315,0.913762927055359,"GGACT",0.634920634920635,NA,NA,NA,NA,NA,NA,NA,NA,NA,0,0,0,NA,NA,NA
"1808","ENST00000399696.3","ENSG00000186184.20","OTTHUMG00000016635.10","OTTHUMT00000484473.2","POLR1D-202","POLR1D",668,"protein_coding",490,225,0.981370151042938,"GAACT",0.706666666666667,NA,NA,NA,NA,NA,NA,NA,NA,NA,0,0,0,NA,NA,NA
"1809","ENST00000399751.6","ENSG00000290555.1","-","OTTHUMT00000041054.1","LINC00680-202","LINC00680",1621,"lncRNA",1413,44,0.936001241207123,"TGACT",0.840909090909091,NA,NA,NA,NA,NA,NA,NA,NA,NA,0,0,0,NA,NA,NA
"1810","ENST00000399751.6","ENSG00000290555.1","-","OTTHUMT00000041054.1","LINC00680-202","LINC00680",1621,"lncRNA",1558,21,0.979172229766846,"GAACT",0.619047619047619,NA,NA,NA,NA,NA,NA,NA,NA,NA,0,0,0,NA,NA,NA
"1811","ENST00000399922.6","ENSG00000100461.18","OTTHUMG00000171467.10","OTTHUMT00000413546.3","RBM23-204","RBM23",2430,"protein_coding",1654,51,0.961675345897675,"GGACT",0.764705882352941,NA,NA,NA,NA,NA,NA,NA,NA,NA,0,0,0,NA,NA,NA
"1812","ENST00000399922.6","ENSG00000100461.18","OTTHUMG00000171467.10","OTTHUMT00000413546.3","RBM23-204","RBM23",2430,"protein_coding",1898,56,0.913483321666718,"GGACT",0.553571428571429,NA,NA,NA,NA,NA,NA,NA,NA,NA,0,0,0,NA,NA,NA
"1813","ENST00000400181.9","ENSG00000004487.18","OTTHUMG00000003220.7","OTTHUMT00000008881.2","KDM1A-202","KDM1A",3085,"protein_coding",2981,55,0.937851548194885,"AGACT",0.636363636363636,NA,NA,NA,NA,NA,NA,NA,NA,NA,0,0,0,NA,NA,NA
"1814","ENST00000400555.7","ENSG00000154845.16","OTTHUMG00000137466.4","OTTHUMT00000268572.1","PPP4R1-202","PPP4R1",3885,"protein_coding",3003,23,0.992959797382355,"GGACT",0.782608695652174,NA,NA,NA,NA,NA,NA,NA,NA,NA,0,0,0,NA,NA,NA
"1815","ENST00000400555.7","ENSG00000154845.16","OTTHUMG00000137466.4","OTTHUMT00000268572.1","PPP4R1-202","PPP4R1",3885,"protein_coding",3162,25,0.945076882839203,"TGACT",0.56,NA,NA,NA,NA,NA,NA,NA,NA,NA,0,0,0,NA,NA,NA
"1816","ENST00000400555.7","ENSG00000154845.16","OTTHUMG00000137466.4","OTTHUMT00000268572.1","PPP4R1-202","PPP4R1",3885,"protein_coding",3452,32,0.960911273956299,"GGACC",0.6875,NA,NA,NA,NA,NA,NA,NA,NA,NA,0,0,0,NA,NA,NA
"1817","ENST00000400556.8","ENSG00000154845.16","OTTHUMG00000137466.4","OTTHUMT00000268571.1","PPP4R1-203","PPP4R1",3923,"protein_coding",3044,23,0.99270886182785,"GGACT",0.782608695652174,NA,NA,NA,NA,NA,NA,NA,NA,NA,0,0,0,NA,NA,NA
"1818","ENST00000400556.8","ENSG00000154845.16","OTTHUMG00000137466.4","OTTHUMT00000268571.1","PPP4R1-203","PPP4R1",3923,"protein_coding",3203,25,0.940431892871857,"TGACT",0.56,NA,NA,NA,NA,NA,NA,NA,NA,NA,0,0,0,NA,NA,NA
"1819","ENST00000400556.8","ENSG00000154845.16","OTTHUMG00000137466.4","OTTHUMT00000268571.1","PPP4R1-203","PPP4R1",3923,"protein_coding",3493,32,0.959293484687805,"GGACC",0.6875,NA,NA,NA,NA,NA,NA,NA,NA,NA,0,0,0,NA,NA,NA
"1820","ENST00000400677.5","ENSG00000215612.8","OTTHUMG00000160012.20","OTTHUMT00000359147.18","HMX1-201","HMX1",1917,"protein_coding",1667,22,0.983436524868011,"TGACT",0.818181818181818,NA,NA,NA,NA,NA,NA,NA,NA,NA,0,0,0,NA,NA,NA
"1821","ENST00000400677.5","ENSG00000215612.8","OTTHUMG00000160012.20","OTTHUMT00000359147.18","HMX1-201","HMX1",1917,"protein_coding",1680,42,0.928386986255646,"AGACT",0.761904761904762,NA,NA,NA,NA,NA,NA,NA,NA,NA,0,0,0,NA,NA,NA
"1822","ENST00000400817.7","ENSG00000290689.1","-","OTTHUMT00000418803.1","ENST00000400817","ENSG00000290689",2850,"lncRNA",2661,20,0.96880578994751,"GGACT",0.85,NA,NA,NA,NA,NA,NA,NA,NA,NA,0,0,0,NA,NA,NA
"1823","ENST00000400929.6","ENSG00000160087.21","OTTHUMG00000001911.9","OTTHUMT00000365645.1","UBE2J2-204","UBE2J2",1057,"protein_coding",739,47,0.962226212024689,"GGACT",0.617021276595745,NA,NA,NA,NA,NA,NA,NA,NA,NA,0,0,0,NA,NA,NA
"1824","ENST00000401419.7","ENSG00000128309.17","OTTHUMG00000150543.2","OTTHUMT00000318828.1","MPST-203","MPST",1345,"protein_coding",1069,156,0.903872549533844,"GGACA",0.493589743589744,NA,NA,NA,NA,NA,NA,NA,NA,NA,0,0,0,NA,NA,NA
"1825","ENST00000401466.5","ENSG00000144120.13","OTTHUMG00000153312.3","OTTHUMT00000330674.1","TMEM177-202","TMEM177",1346,"protein_coding",1033,23,0.956874430179596,"GGACA",0.695652173913043,NA,NA,NA,NA,NA,NA,NA,NA,NA,0,0,0,NA,NA,NA
"1826","ENST00000401466.5","ENSG00000144120.13","OTTHUMG00000153312.3","OTTHUMT00000330674.1","TMEM177-202","TMEM177",1346,"protein_coding",1175,23,0.914202988147736,"GAACT",0.565217391304348,NA,NA,NA,NA,NA,NA,NA,NA,NA,0,0,0,NA,NA,NA
"1827","ENST00000401466.5","ENSG00000144120.13","OTTHUMG00000153312.3","OTTHUMT00000330674.1","TMEM177-202","TMEM177",1346,"protein_coding",1183,23,0.98490297794342,"GGACT",0.826086956521739,NA,NA,NA,NA,NA,NA,NA,NA,NA,0,0,0,NA,NA,NA
"1828","ENST00000401543.2","ENSG00000219928.2","OTTHUMG00000020147.1","OTTHUMT00000052934.1","ENST00000401543","ENSG00000219928",174,"processed_pseudogene",169,289,0.959774494171143,"GGACT",0.653979238754325,NA,NA,NA,NA,NA,NA,NA,NA,NA,0,0,0,NA,NA,NA
"1829","ENST00000401707.7","ENSG00000104356.11","OTTHUMG00000164635.3","OTTHUMT00000379470.2","POP1-202","POP1",4739,"protein_coding",3001,22,0.922191381454468,"TGACT",0.727272727272727,NA,NA,NA,NA,NA,NA,NA,NA,NA,0,0,0,NA,NA,NA
"1830","ENST00000401724.1","ENSG00000131668.14","OTTHUMG00000020255.6","OTTHUMT00000053165.3","BARX1-202","BARX1",1323,"protein_coding",920,71,0.995163440704346,"GGACA",0.830985915492958,NA,NA,NA,NA,NA,NA,NA,NA,NA,0,0,0,NA,NA,NA
"1831","ENST00000401724.1","ENSG00000131668.14","OTTHUMG00000020255.6","OTTHUMT00000053165.3","BARX1-202","BARX1",1323,"protein_coding",944,98,0.980383038520813,"GGACA",0.612244897959184,NA,NA,NA,NA,NA,NA,NA,NA,NA,0,0,0,NA,NA,NA
"1832","ENST00000401959.6","ENSG00000100138.15","OTTHUMG00000151189.9","OTTHUMT00000321681.2","SNU13-202","SNU13",1458,"protein_coding",1298,116,0.911535859107971,"GGACT",0.637931034482759,NA,NA,NA,NA,NA,NA,NA,NA,NA,0,0,0,NA,NA,NA
"1833","ENST00000402096.5","ENSG00000168397.17","OTTHUMG00000151514.17","OTTHUMT00000322971.1","ATG4B-204","ATG4B",1685,"protein_coding",1460,53,0.976172089576721,"GGACT",0.886792452830189,NA,NA,NA,NA,NA,NA,NA,NA,NA,0,0,0,NA,NA,NA
"1834","ENST00000402096.5","ENSG00000168397.17","OTTHUMG00000151514.17","OTTHUMT00000322971.1","ATG4B-204","ATG4B",1685,"protein_coding",1503,28,0.957476556301117,"AGACT",0.714285714285714,NA,NA,NA,NA,NA,NA,NA,NA,NA,0,0,0,NA,NA,NA
"1835","ENST00000402310.5","ENSG00000115204.15","OTTHUMG00000097074.8","OTTHUMT00000325033.2","MPV17-205","MPV17",906,"protein_coding",655,57,0.903308808803558,"TGACT",0.543859649122807,NA,NA,NA,NA,NA,NA,NA,NA,NA,0,0,0,NA,NA,NA
"1836","ENST00000402364.1","ENSG00000151835.17","OTTHUMG00000016562.6","OTTHUMT00000044150.3","SACS-202","SACS",15134,"protein_coding",13637,93,0.9844691157341,"GGACT",0.817204301075269,NA,NA,NA,NA,NA,NA,NA,NA,NA,0,0,0,NA,NA,NA
"1837","ENST00000402364.1","ENSG00000151835.17","OTTHUMG00000016562.6","OTTHUMT00000044150.3","SACS-202","SACS",15134,"protein_coding",14082,87,0.936951756477356,"GAACT",0.517241379310345,NA,NA,NA,NA,NA,NA,NA,NA,NA,0,0,0,NA,NA,NA
"1838","ENST00000402521.7","ENSG00000108883.13","OTTHUMG00000179865.4","OTTHUMT00000448681.1","EFTUD2-201","EFTUD2",3045,"protein_coding",2899,70,0.965823411941528,"GGACT",0.757142857142857,NA,NA,NA,NA,NA,NA,NA,NA,NA,0,0,0,NA,NA,NA
"1839","ENST00000402615.6","ENSG00000142208.18","OTTHUMG00000170795.7","OTTHUMT00000410422.1","AKT1-202","AKT1",3913,"protein_coding",3209,53,0.961659789085388,"GGACT",0.69811320754717,NA,NA,NA,NA,NA,NA,NA,NA,NA,0,0,0,NA,NA,NA
"1840","ENST00000402690.6","ENSG00000175387.16","OTTHUMG00000132652.5","OTTHUMT00000450571.2","SMAD2-203","SMAD2",12075,"protein_coding",1827,73,0.910681903362274,"AGACT",0.712328767123288,395,10276,1404,1,395,396,1798,1799,12074,0,0,1,NA,NA,0.00272479564032698
"1841","ENST00000402690.6","ENSG00000175387.16","OTTHUMG00000132652.5","OTTHUMT00000450571.2","SMAD2-203","SMAD2",12075,"protein_coding",1876,73,0.952629923820496,"GGACT",0.794520547945205,395,10276,1404,1,395,396,1798,1799,12074,0,0,1,NA,NA,0.00749318801089918
"1842","ENST00000402697.5","ENSG00000185686.18","OTTHUMG00000151172.4","OTTHUMT00000321644.2","PRAME-203","PRAME",2057,"protein_coding",1137,20,0.958591222763062,"GGACT",0.75,NA,NA,NA,NA,NA,NA,NA,NA,NA,0,0,0,NA,NA,NA
"1843","ENST00000402718.4","ENSG00000170619.10","OTTHUMG00000165251.6","OTTHUMT00000382960.2","COMMD5-202","COMMD5",1305,"protein_coding",256,22,0.981063663959503,"GGACC",0.636363636363636,NA,NA,NA,NA,NA,NA,NA,NA,NA,0,0,0,NA,NA,NA
"1844","ENST00000402718.4","ENSG00000170619.10","OTTHUMG00000165251.6","OTTHUMT00000382960.2","COMMD5-202","COMMD5",1305,"protein_coding",319,50,0.949454367160797,"GGACT",0.6,NA,NA,NA,NA,NA,NA,NA,NA,NA,0,0,0,NA,NA,NA
"1845","ENST00000402718.4","ENSG00000170619.10","OTTHUMG00000165251.6","OTTHUMT00000382960.2","COMMD5-202","COMMD5",1305,"protein_coding",505,55,0.967135429382324,"GGACT",0.709090909090909,NA,NA,NA,NA,NA,NA,NA,NA,NA,0,0,0,NA,NA,NA
"1846","ENST00000402718.4","ENSG00000170619.10","OTTHUMG00000165251.6","OTTHUMT00000382960.2","COMMD5-202","COMMD5",1305,"protein_coding",592,65,0.907475829124451,"TGACT",0.769230769230769,NA,NA,NA,NA,NA,NA,NA,NA,NA,0,0,0,NA,NA,NA
"1847","ENST00000402718.4","ENSG00000170619.10","OTTHUMG00000165251.6","OTTHUMT00000382960.2","COMMD5-202","COMMD5",1305,"protein_coding",802,62,0.977728486061096,"GGACT",0.725806451612903,NA,NA,NA,NA,NA,NA,NA,NA,NA,0,0,0,NA,NA,NA
"1848","ENST00000403059.8","ENSG00000073008.16","OTTHUMG00000151527.5","OTTHUMT00000323020.2","PVR-203","PVR",3078,"protein_coding",2534,21,0.930296957492828,"GGACT",0.619047619047619,NA,NA,NA,NA,NA,NA,NA,NA,NA,0,0,0,NA,NA,NA
"1849","ENST00000403059.8","ENSG00000073008.16","OTTHUMG00000151527.5","OTTHUMT00000323020.2","PVR-203","PVR",3078,"protein_coding",2753,20,0.9602170586586,"AAACT",0.55,NA,NA,NA,NA,NA,NA,NA,NA,NA,0,0,0,NA,NA,NA
"1850","ENST00000403433.5","ENSG00000160679.14","OTTHUMG00000037052.2","OTTHUMT00000089968.1","CHTOP-205","CHTOP",1923,"protein_coding",109,72,0.903795540332794,"GAACT",0.527777777777778,NA,NA,NA,NA,NA,NA,NA,NA,NA,0,0,0,NA,NA,NA
"1851","ENST00000403433.5","ENSG00000160679.14","OTTHUMG00000037052.2","OTTHUMT00000089968.1","CHTOP-205","CHTOP",1923,"protein_coding",1009,99,0.921411037445068,"GGACT",0.555555555555556,NA,NA,NA,NA,NA,NA,NA,NA,NA,0,0,0,NA,NA,NA
"1852","ENST00000403490.3","ENSG00000177971.9","OTTHUMG00000142840.3","-","IMP3-202","IMP3",1132,"protein_coding",540,128,0.942743837833405,"GGACT",0.6171875,NA,NA,NA,NA,NA,NA,NA,NA,NA,0,0,0,NA,NA,NA
"1853","ENST00000403490.3","ENSG00000177971.9","OTTHUMG00000142840.3","-","IMP3-202","IMP3",1132,"protein_coding",807,179,0.951010525226593,"GGACT",0.787709497206704,NA,NA,NA,NA,NA,NA,NA,NA,NA,0,0,0,NA,NA,NA
"1854","ENST00000403490.3","ENSG00000177971.9","OTTHUMG00000142840.3","-","IMP3-202","IMP3",1132,"protein_coding",825,194,0.911641359329224,"TGACT",0.65979381443299,NA,NA,NA,NA,NA,NA,NA,NA,NA,0,0,0,NA,NA,NA
"1855","ENST00000403490.3","ENSG00000177971.9","OTTHUMG00000142840.3","-","IMP3-202","IMP3",1132,"protein_coding",964,172,0.96728515625,"GGACT",0.779069767441861,NA,NA,NA,NA,NA,NA,NA,NA,NA,0,0,0,NA,NA,NA
"1856","ENST00000404125.6","ENSG00000068878.15","OTTHUMG00000151852.6","OTTHUMT00000324163.2","PSME4-202","PSME4",7250,"protein_coding",6052,53,0.927300691604614,"GAACT",0.509433962264151,NA,NA,NA,NA,NA,NA,NA,NA,NA,0,0,0,NA,NA,NA
"1857","ENST00000404360.5","ENSG00000164631.19","OTTHUMG00000151910.4","OTTHUMT00000324374.1","ZNF12-203","ZNF12",4474,"protein_coding",3973,28,0.918967306613922,"GAACT",0.5,NA,NA,NA,NA,NA,NA,NA,NA,NA,0,0,0,NA,NA,NA
"1858","ENST00000404674.7","ENSG00000157778.9","OTTHUMG00000119043.3","OTTHUMT00000322724.1","PSMG3-203","PSMG3",774,"protein_coding",490,274,0.939383327960968,"GGACT",0.631386861313869,NA,NA,NA,NA,NA,NA,NA,NA,NA,0,0,0,NA,NA,NA
"1859","ENST00000404674.7","ENSG00000157778.9","OTTHUMG00000119043.3","OTTHUMT00000322724.1","PSMG3-203","PSMG3",774,"protein_coding",560,299,0.940833389759064,"AGACT",0.68561872909699,NA,NA,NA,NA,NA,NA,NA,NA,NA,0,0,0,NA,NA,NA
"1860","ENST00000404914.8","ENSG00000168397.17","OTTHUMG00000151514.17","OTTHUMT00000322967.4","ATG4B-205","ATG4B",2797,"protein_coding",1343,57,0.975384414196014,"GGACT",0.912280701754386,NA,NA,NA,NA,NA,NA,NA,NA,NA,0,0,0,NA,NA,NA
"1861","ENST00000404914.8","ENSG00000168397.17","OTTHUMG00000151514.17","OTTHUMT00000322967.4","ATG4B-205","ATG4B",2797,"protein_coding",1386,49,0.970939695835114,"AGACT",0.73469387755102,NA,NA,NA,NA,NA,NA,NA,NA,NA,0,0,0,NA,NA,NA
"1862","ENST00000405356.5","ENSG00000166197.17","OTTHUMG00000018944.5","-","NOLC1-202","NOLC1",3967,"protein_coding",1667,21,0.917841911315918,"GGACA",0.428571428571428,NA,NA,NA,NA,NA,NA,NA,NA,NA,0,0,0,NA,NA,NA
"1863","ENST00000405436.5","ENSG00000159128.16","OTTHUMG00000065188.5","OTTHUMT00000319375.1","IFNGR2-203","IFNGR2",1684,"protein_coding",1217,73,0.923421740531921,"GGACT",0.616438356164384,NA,NA,NA,NA,NA,NA,NA,NA,NA,0,0,0,NA,NA,NA
"1864","ENST00000405486.5","ENSG00000100401.21","OTTHUMG00000150940.12","OTTHUMT00000320605.1","RANGAP1-202","RANGAP1",3469,"protein_coding",2571,101,0.985690355300903,"GGACT",0.712871287128713,NA,NA,NA,NA,NA,NA,NA,NA,NA,0,0,0,NA,NA,NA
"1865","ENST00000405486.5","ENSG00000100401.21","OTTHUMG00000150940.12","OTTHUMT00000320605.1","RANGAP1-202","RANGAP1",3469,"protein_coding",3043,197,0.916412234306335,"GGACT",0.593908629441624,NA,NA,NA,NA,NA,NA,NA,NA,NA,0,0,0,NA,NA,NA
"1866","ENST00000405546.7","ENSG00000168397.17","OTTHUMG00000151514.17","OTTHUMT00000322966.5","ATG4B-206","ATG4B",3294,"protein_coding",1843,58,0.973264157772064,"GGACT",0.896551724137931,NA,NA,NA,NA,NA,NA,NA,NA,NA,0,0,0,NA,NA,NA
"1867","ENST00000405546.7","ENSG00000168397.17","OTTHUMG00000151514.17","OTTHUMT00000322966.5","ATG4B-206","ATG4B",3294,"protein_coding",1886,50,0.967719852924347,"AGACT",0.72,NA,NA,NA,NA,NA,NA,NA,NA,NA,0,0,0,NA,NA,NA
"1868","ENST00000405655.8","ENSG00000185686.18","OTTHUMG00000151172.4","OTTHUMT00000321645.3","PRAME-205","PRAME",2304,"protein_coding",1318,20,0.959292113780975,"GGACT",0.75,NA,NA,NA,NA,NA,NA,NA,NA,NA,0,0,0,NA,NA,NA
"1869","ENST00000405858.6","ENSG00000164631.19","OTTHUMG00000151910.4","OTTHUMT00000324373.3","ZNF12-204","ZNF12",5075,"protein_coding",4574,28,0.915339827537537,"GAACT",0.5,NA,NA,NA,NA,NA,NA,NA,NA,NA,0,0,0,NA,NA,NA
"1870","ENST00000405938.5","ENSG00000100109.17","OTTHUMG00000150883.5","OTTHUMT00000320421.2","TFIP11-201","TFIP11",2896,"protein_coding",2869,22,0.934606552124023,"GAACT",0.545454545454545,NA,NA,NA,NA,NA,NA,NA,NA,NA,0,0,0,NA,NA,NA
"1871","ENST00000406058.6","ENSG00000269858.6","OTTHUMG00000182703.6","OTTHUMT00000463217.1","EGLN2-202","EGLN2",2150,"protein_coding",2051,83,0.906573057174683,"GGACT",0.746987951807229,NA,NA,NA,NA,NA,NA,NA,NA,NA,0,0,0,NA,NA,NA
"1872","ENST00000406452.8","ENSG00000176623.12","OTTHUMG00000163692.6","OTTHUMT00000374770.3","RMDN1-201","RMDN1",2970,"protein_coding",662,135,0.921900033950806,"GAACT",0.525925925925926,NA,NA,NA,NA,NA,NA,NA,NA,NA,0,0,0,NA,NA,NA
"1873","ENST00000406576.7","ENSG00000144895.12","OTTHUMG00000159775.4","OTTHUMT00000357261.1","EIF2A-202","EIF2A",1795,"protein_coding",810,65,0.95092111825943,"GGACA",0.692307692307692,NA,NA,NA,NA,NA,NA,NA,NA,NA,0,0,0,NA,NA,NA
"1874","ENST00000406581.6","ENSG00000106628.13","OTTHUMG00000022909.15","OTTHUMT00000250994.2","POLD2-202","POLD2",2158,"protein_coding",901,21,0.906166136264801,"GAACT",0.666666666666667,NA,NA,NA,NA,NA,NA,NA,NA,NA,0,0,0,NA,NA,NA
"1875","ENST00000406590.6","ENSG00000103415.12","OTTHUMG00000129473.4","-","HMOX2-203","HMOX2",1727,"protein_coding",735,61,0.98268735408783,"GGACC",0.655737704918033,NA,NA,NA,NA,NA,NA,NA,NA,NA,0,0,0,NA,NA,NA
"1876","ENST00000406590.6","ENSG00000103415.12","OTTHUMG00000129473.4","-","HMOX2-203","HMOX2",1727,"protein_coding",1112,94,0.911282598972321,"GGACT",0.521276595744681,NA,NA,NA,NA,NA,NA,NA,NA,NA,0,0,0,NA,NA,NA
"1877","ENST00000406653.5","ENSG00000158089.15","OTTHUMG00000074077.4","OTTHUMT00000157267.2","GALNT14-203","GALNT14",2496,"protein_coding",2425,46,0.913473010063171,"GGACT",0.5,NA,NA,NA,NA,NA,NA,NA,NA,NA,0,0,0,NA,NA,NA
"1878","ENST00000406877.8","ENSG00000164649.20","OTTHUMG00000128429.8","OTTHUMT00000250218.5","CDCA7L-203","CDCA7L",2883,"protein_coding",648,22,0.917878270149231,"AGACT",0.590909090909091,NA,NA,NA,NA,NA,NA,NA,NA,NA,0,0,0,NA,NA,NA
"1879","ENST00000406890.6","ENSG00000105889.16","OTTHUMG00000193419.2","OTTHUMT00000326617.2","STEAP1B-202","STEAP1B",1193,"protein_coding",1013,167,0.936772704124451,"GGACT",0.562874251497006,NA,NA,NA,NA,NA,NA,NA,NA,NA,0,0,0,NA,NA,NA
"1880","ENST00000407192.5","ENSG00000239857.7","OTTHUMG00000112459.13","OTTHUMT00000322682.1","GET4-202","GET4",4356,"protein_coding",4040,57,0.95139878988266,"GGACT",0.771929824561403,NA,NA,NA,NA,NA,NA,NA,NA,NA,0,0,0,NA,NA,NA
"1881","ENST00000407471.7","ENSG00000138867.17","OTTHUMG00000150728.3","OTTHUMT00000319819.1","GUCD1-204","GUCD1",3482,"protein_coding",3362,20,0.975987136363983,"GGACA",0.9,NA,NA,NA,NA,NA,NA,NA,NA,NA,0,0,0,NA,NA,NA
"1882","ENST00000407653.1","ENSG00000146535.14","OTTHUMG00000023064.6","OTTHUMT00000325238.1","GNA12-202","GNA12",3785,"protein_coding",2360,44,0.990128755569458,"TGACT",0.704545454545455,NA,NA,NA,NA,NA,NA,NA,NA,NA,0,0,0,NA,NA,NA
"1883","ENST00000407653.1","ENSG00000146535.14","OTTHUMG00000023064.6","OTTHUMT00000325238.1","GNA12-202","GNA12",3785,"protein_coding",3489,47,0.948742508888245,"GGACT",0.659574468085106,NA,NA,NA,NA,NA,NA,NA,NA,NA,0,0,0,NA,NA,NA
"1884","ENST00000407721.6","ENSG00000172893.18","OTTHUMG00000167346.3","OTTHUMT00000394242.1","DHCR7-202","DHCR7",2601,"protein_coding",1584,255,0.946639537811279,"GGACT",0.756862745098039,NA,NA,NA,NA,NA,NA,NA,NA,NA,0,0,0,NA,NA,NA
"1885","ENST00000407721.6","ENSG00000172893.18","OTTHUMG00000167346.3","OTTHUMT00000394242.1","DHCR7-202","DHCR7",2601,"protein_coding",2176,347,0.937020659446716,"GGACA",0.634005763688761,NA,NA,NA,NA,NA,NA,NA,NA,NA,0,0,0,NA,NA,NA
"1886","ENST00000407796.7","ENSG00000142208.18","OTTHUMG00000170795.7","OTTHUMT00000410419.1","AKT1-203","AKT1",2779,"protein_coding",2072,58,0.956219136714935,"GGACT",0.689655172413793,NA,NA,NA,NA,NA,NA,NA,NA,NA,0,0,0,NA,NA,NA
"1887","ENST00000407904.7","ENSG00000146535.14","OTTHUMG00000023064.6","OTTHUMT00000325235.1","GNA12-203","GNA12",3918,"protein_coding",2488,45,0.989711582660675,"TGACT",0.688888888888889,NA,NA,NA,NA,NA,NA,NA,NA,NA,0,0,0,NA,NA,NA
"1888","ENST00000407904.7","ENSG00000146535.14","OTTHUMG00000023064.6","OTTHUMT00000325235.1","GNA12-203","GNA12",3918,"protein_coding",3617,47,0.949818313121796,"GGACT",0.659574468085106,NA,NA,NA,NA,NA,NA,NA,NA,NA,0,0,0,NA,NA,NA
"1889","ENST00000408888.8","ENSG00000188739.15","OTTHUMG00000039620.10","OTTHUMT00000100146.2","RBM34-201","RBM34",1847,"protein_coding",1181,155,0.944182515144348,"GGACT",0.741935483870968,NA,NA,NA,NA,NA,NA,NA,NA,NA,0,0,0,NA,NA,NA
"1890","ENST00000408965.4","ENSG00000221869.5","OTTHUMG00000162290.3","OTTHUMT00000368448.3","CEBPD-201","CEBPD",1252,"protein_coding",875,23,0.930587112903595,"AGACT",0.652173913043478,NA,NA,NA,NA,NA,NA,NA,NA,NA,0,0,0,NA,NA,NA
"1891","ENST00000408965.4","ENSG00000221869.5","OTTHUMG00000162290.3","OTTHUMT00000368448.3","CEBPD-201","CEBPD",1252,"protein_coding",1182,22,0.964622914791107,"AGACT",0.590909090909091,NA,NA,NA,NA,NA,NA,NA,NA,NA,0,0,0,NA,NA,NA
"1892","ENST00000409012.6","ENSG00000176058.13","OTTHUMG00000020984.5","OTTHUMT00000055323.5","TPRN-202","TPRN",2659,"protein_coding",1560,21,0.976230561733246,"GGACT",0.761904761904762,NA,NA,NA,NA,NA,NA,NA,NA,NA,0,0,0,NA,NA,NA
"1893","ENST00000409012.6","ENSG00000176058.13","OTTHUMG00000020984.5","OTTHUMT00000055323.5","TPRN-202","TPRN",2659,"protein_coding",2634,22,0.948057115077972,"GGACT",0.5,NA,NA,NA,NA,NA,NA,NA,NA,NA,0,0,0,NA,NA,NA
"1894","ENST00000409020.6","ENSG00000196290.17","OTTHUMG00000154588.5","OTTHUMT00000336201.1","NIF3L1-202","NIF3L1",1689,"protein_coding",1412,60,0.970044910907745,"AGACT",0.816666666666667,NA,NA,NA,NA,NA,NA,NA,NA,NA,0,0,0,NA,NA,NA
"1895","ENST00000409020.6","ENSG00000196290.17","OTTHUMG00000154588.5","OTTHUMT00000336201.1","NIF3L1-202","NIF3L1",1689,"protein_coding",1517,74,0.962654054164886,"GGACT",0.72972972972973,NA,NA,NA,NA,NA,NA,NA,NA,NA,0,0,0,NA,NA,NA
"1896","ENST00000409033.7","ENSG00000198925.12","OTTHUMG00000154557.20","OTTHUMT00000335928.1","ATG9A-203","ATG9A",3701,"nonsense_mediated_decay",2845,22,0.927565574645996,"GGACT",0.636363636363636,NA,NA,NA,NA,NA,NA,NA,NA,NA,0,0,0,NA,NA,NA
"1897","ENST00000409096.5","ENSG00000036257.14","OTTHUMG00000133167.6","OTTHUMT00000331086.2","CUL3-203","CUL3",2701,"protein_coding",2408,64,0.974291443824768,"GGACT",0.828125,NA,NA,NA,NA,NA,NA,NA,NA,NA,0,0,0,NA,NA,NA
"1898","ENST00000409096.5","ENSG00000036257.14","OTTHUMG00000133167.6","OTTHUMT00000331086.2","CUL3-203","CUL3",2701,"protein_coding",2426,60,0.981959342956543,"GGACT",0.85,NA,NA,NA,NA,NA,NA,NA,NA,NA,0,0,0,NA,NA,NA
"1899","ENST00000409138.6","ENSG00000134222.16","OTTHUMG00000012000.6","OTTHUMT00000335567.3","PSRC1-205","PSRC1",1826,"protein_coding",1679,99,0.967508792877197,"GGACT",0.777777777777778,NA,NA,NA,NA,NA,NA,NA,NA,NA,0,0,0,NA,NA,NA
"1900","ENST00000409267.5","ENSG00000134222.16","OTTHUMG00000012000.6","OTTHUMT00000335569.1","PSRC1-206","PSRC1",1730,"protein_coding",1574,116,0.972302675247192,"GGACT",0.801724137931034,NA,NA,NA,NA,NA,NA,NA,NA,NA,0,0,0,NA,NA,NA
"1901","ENST00000409293.6","ENSG00000228300.14","OTTHUMG00000153928.8","OTTHUMT00000333049.5","FAM174C-201","FAM174C",870,"protein_coding",729,337,0.944379866123199,"TGACT",0.626112759643917,NA,NA,NA,NA,NA,NA,NA,NA,NA,0,0,0,NA,NA,NA
"1902","ENST00000409332.5","ENSG00000184182.19","OTTHUMG00000133341.4","OTTHUMT00000328675.1","UBE2F-202","UBE2F",1138,"protein_coding",586,27,0.9045370221138,"GGACT",0.62962962962963,NA,NA,NA,NA,NA,NA,NA,NA,NA,0,0,0,NA,NA,NA
"1903","ENST00000409357.5","ENSG00000196290.17","OTTHUMG00000154588.5","OTTHUMT00000336200.1","NIF3L1-204","NIF3L1",1679,"protein_coding",1431,57,0.966706216335297,"AGACT",0.807017543859649,NA,NA,NA,NA,NA,NA,NA,NA,NA,0,0,0,NA,NA,NA
"1904","ENST00000409357.5","ENSG00000196290.17","OTTHUMG00000154588.5","OTTHUMT00000336200.1","NIF3L1-204","NIF3L1",1679,"protein_coding",1536,71,0.956568360328674,"GGACT",0.71830985915493,NA,NA,NA,NA,NA,NA,NA,NA,NA,0,0,0,NA,NA,NA
"1905","ENST00000409368.5","ENSG00000116030.17","OTTHUMG00000132839.6","OTTHUMT00000327871.1","SUMO1-206","SUMO1",1187,"protein_coding",953,66,0.90074497461319,"GGACT",0.606060606060606,NA,NA,NA,NA,NA,NA,NA,NA,NA,0,0,0,NA,NA,NA
"1906","ENST00000409417.6","ENSG00000120913.24","OTTHUMG00000164270.6","OTTHUMT00000334168.1","PDLIM2-207","PDLIM2",1577,"protein_coding",1353,70,0.924116671085358,"GGACT",0.542857142857143,NA,NA,NA,NA,NA,NA,NA,NA,NA,0,0,0,NA,NA,NA
"1907","ENST00000409426.5","ENSG00000143398.20","OTTHUMG00000012351.22","OTTHUMT00000316366.4","PIP5K1A-204","PIP5K1A",3737,"protein_coding",2850,20,0.903543829917908,"GGACA",0.4,NA,NA,NA,NA,NA,NA,NA,NA,NA,0,0,0,NA,NA,NA
"1908","ENST00000409433.2","ENSG00000141378.15","OTTHUMG00000154532.4","OTTHUMT00000335785.2","PTRH2-202","PTRH2",2246,"protein_coding",1795,107,0.939887046813965,"TGACT",0.682242990654206,NA,NA,NA,NA,NA,NA,NA,NA,NA,0,0,0,NA,NA,NA
"1909","ENST00000409433.2","ENSG00000141378.15","OTTHUMG00000154532.4","OTTHUMT00000335785.2","PTRH2-202","PTRH2",2246,"protein_coding",1989,113,0.979859709739685,"TGACT",0.68141592920354,NA,NA,NA,NA,NA,NA,NA,NA,NA,0,0,0,NA,NA,NA
"1910","ENST00000409569.2","ENSG00000172965.17","OTTHUMG00000150313.58","OTTHUMT00000317532.1","MIR4435-2HG-203","MIR4435-2HG",514,"lncRNA",370,192,0.914704382419586,"GGACT",0.635416666666667,NA,NA,NA,NA,NA,NA,NA,NA,NA,0,0,0,NA,NA,NA
"1911","ENST00000409588.1","ENSG00000196290.17","OTTHUMG00000154588.5","OTTHUMT00000336202.1","NIF3L1-205","NIF3L1",1269,"protein_coding",992,48,0.971233248710632,"AGACT",0.833333333333333,NA,NA,NA,NA,NA,NA,NA,NA,NA,0,0,0,NA,NA,NA
"1912","ENST00000409588.1","ENSG00000196290.17","OTTHUMG00000154588.5","OTTHUMT00000336202.1","NIF3L1-205","NIF3L1",1269,"protein_coding",1097,60,0.966917395591736,"GGACT",0.733333333333333,NA,NA,NA,NA,NA,NA,NA,NA,NA,0,0,0,NA,NA,NA
"1913","ENST00000409618.5","ENSG00000198925.12","OTTHUMG00000154557.20","OTTHUMT00000335930.1","ATG9A-205","ATG9A",4025,"protein_coding",3171,22,0.92813503742218,"GGACT",0.636363636363636,NA,NA,NA,NA,NA,NA,NA,NA,NA,0,0,0,NA,NA,NA
"1914","ENST00000409687.5","ENSG00000186193.9","OTTHUMG00000020961.4","OTTHUMT00000055215.4","SAPCD2-201","SAPCD2",3814,"protein_coding",2831,25,0.984876751899719,"GGACT",0.92,NA,NA,NA,NA,NA,NA,NA,NA,NA,0,0,0,NA,NA,NA
"1915","ENST00000409687.5","ENSG00000186193.9","OTTHUMG00000020961.4","OTTHUMT00000055215.4","SAPCD2-201","SAPCD2",3814,"protein_coding",2970,49,0.989190578460693,"GGACT",0.857142857142857,NA,NA,NA,NA,NA,NA,NA,NA,NA,0,0,0,NA,NA,NA
"1916","ENST00000409777.5","ENSG00000036257.14","OTTHUMG00000133167.6","OTTHUMT00000331087.1","CUL3-204","CUL3",3147,"protein_coding",2871,64,0.97518128156662,"GGACT",0.828125,NA,NA,NA,NA,NA,NA,NA,NA,NA,0,0,0,NA,NA,NA
"1917","ENST00000409777.5","ENSG00000036257.14","OTTHUMG00000133167.6","OTTHUMT00000331087.1","CUL3-204","CUL3",3147,"protein_coding",2889,58,0.980614006519318,"GGACT",0.844827586206897,NA,NA,NA,NA,NA,NA,NA,NA,NA,0,0,0,NA,NA,NA
"1918","ENST00000409836.3","ENSG00000136732.16","OTTHUMG00000131464.4","OTTHUMT00000330925.1","GYPC-203","GYPC",932,"protein_coding",611,73,0.919131219387054,"GGACC",0.547945205479452,NA,NA,NA,NA,NA,NA,NA,NA,NA,0,0,0,NA,NA,NA
"1919","ENST00000409955.1","ENSG00000144231.11","OTTHUMG00000131531.6","OTTHUMT00000331149.1","POLR2D-203","POLR2D",1758,"protein_coding",1266,23,0.974848031997681,"GAACT",0.695652173913043,NA,NA,NA,NA,NA,NA,NA,NA,NA,0,0,0,NA,NA,NA
"1920","ENST00000409955.1","ENSG00000144231.11","OTTHUMG00000131531.6","OTTHUMT00000331149.1","POLR2D-203","POLR2D",1758,"protein_coding",1744,50,0.952588856220245,"GGACT",0.74,NA,NA,NA,NA,NA,NA,NA,NA,NA,0,0,0,NA,NA,NA
"1921","ENST00000411426.1","ENSG00000189057.11","OTTHUMG00000167279.5","-","FAM111B-202","FAM111B",3344,"protein_coding",2780,58,0.973921656608582,"GAACT",0.655172413793103,NA,NA,NA,NA,NA,NA,NA,NA,NA,0,0,0,NA,NA,NA
"1922","ENST00000411426.1","ENSG00000189057.11","OTTHUMG00000167279.5","-","FAM111B-202","FAM111B",3344,"protein_coding",3130,106,0.942700982093811,"GGACA",0.660377358490566,NA,NA,NA,NA,NA,NA,NA,NA,NA,0,0,0,NA,NA,NA
"1923","ENST00000411426.1","ENSG00000189057.11","OTTHUMG00000167279.5","-","FAM111B-202","FAM111B",3344,"protein_coding",3303,102,0.933395862579346,"GGACT",0.686274509803922,NA,NA,NA,NA,NA,NA,NA,NA,NA,0,0,0,NA,NA,NA
"1924","ENST00000411463.2","ENSG00000104679.12","OTTHUMG00000163786.4","-","R3HCC1-202","R3HCC1",1467,"protein_coding",700,20,0.982960164546967,"GGACC",0.65,NA,NA,NA,NA,NA,NA,NA,NA,NA,0,0,0,NA,NA,NA
"1925","ENST00000411529.6","ENSG00000170144.22","OTTHUMG00000132529.11","OTTHUMT00000333926.4","HNRNPA3-202","HNRNPA3",5688,"protein_coding",1310,297,0.912604689598083,"GGACT",0.582491582491583,NA,NA,NA,NA,NA,NA,NA,NA,NA,0,0,0,NA,NA,NA
"1926","ENST00000411962.5","ENSG00000127054.22","OTTHUMG00000003330.13","OTTHUMT00000009370.2","INTS11-202","INTS11",1832,"protein_coding",1644,20,0.911138653755188,"GGACT",0.55,NA,NA,NA,NA,NA,NA,NA,NA,NA,0,0,0,NA,NA,NA
"1927","ENST00000412532.6","ENSG00000105281.12","OTTHUMG00000183434.3","OTTHUMT00000466634.1","SLC1A5-201","SLC1A5",1750,"protein_coding",1208,69,0.974793910980225,"GGACA",0.753623188405797,NA,NA,NA,NA,NA,NA,NA,NA,NA,0,0,0,NA,NA,NA
"1928","ENST00000412830.8","ENSG00000136045.12","OTTHUMG00000169913.3","OTTHUMT00000406539.2","PWP1-201","PWP1",2549,"protein_coding",1699,205,0.948383271694183,"TGACT",0.697560975609756,NA,NA,NA,NA,NA,NA,NA,NA,NA,0,0,0,NA,NA,NA
"1929","ENST00000413518.6","ENSG00000142396.11","OTTHUMG00000150367.8","OTTHUMT00000317862.4","ERVK3-1-201","ERVK3-1",2560,"protein_coding",689,109,0.91032350063324,"GAACT",0.651376146788991,NA,NA,NA,NA,NA,NA,NA,NA,NA,0,0,0,NA,NA,NA
"1930","ENST00000413643.5","ENSG00000006634.8","OTTHUMG00000131034.7","OTTHUMT00000337968.1","DBF4-202","DBF4",2694,"nonsense_mediated_decay",2253,21,0.920818984508514,"GAACT",0.666666666666667,NA,NA,NA,NA,NA,NA,NA,NA,NA,0,0,0,NA,NA,NA
"1931","ENST00000413761.7","ENSG00000236287.8","OTTHUMG00000150341.6","OTTHUMT00000386307.4","ZBED5-201","ZBED5",2687,"protein_coding",2429,63,0.916665613651276,"AGACT",0.714285714285714,NA,NA,NA,NA,NA,NA,NA,NA,NA,0,0,0,NA,NA,NA
"1932","ENST00000413844.3","ENSG00000066322.15","OTTHUMG00000007422.3","-","ELOVL1-202","ELOVL1",1451,"protein_coding",973,127,0.990916788578033,"GGACT",0.748031496062992,NA,NA,NA,NA,NA,NA,NA,NA,NA,0,0,0,NA,NA,NA
"1933","ENST00000413844.3","ENSG00000066322.15","OTTHUMG00000007422.3","-","ELOVL1-202","ELOVL1",1451,"protein_coding",1044,178,0.918296694755554,"GGACT",0.713483146067416,NA,NA,NA,NA,NA,NA,NA,NA,NA,0,0,0,NA,NA,NA
"1934","ENST00000413966.2","ENSG00000155660.11","OTTHUMG00000150248.4","OTTHUMT00000317078.2","PDIA4-202","PDIA4",2551,"protein_coding",2376,171,0.969453513622284,"TGACT",0.660818713450292,NA,NA,NA,NA,NA,NA,NA,NA,NA,0,0,0,NA,NA,NA
"1935","ENST00000413995.1","ENSG00000106591.4","OTTHUMG00000155180.2","OTTHUMT00000338671.1","MRPL32-202","MRPL32",730,"nonsense_mediated_decay",347,25,0.968119382858276,"AGACT",0.72,NA,NA,NA,NA,NA,NA,NA,NA,NA,0,0,0,NA,NA,NA
"1936","ENST00000414011.1","ENSG00000159111.13","OTTHUMG00000156302.2","OTTHUMT00000343765.1","MRPL10-203","MRPL10",1622,"protein_coding",899,79,0.941284537315369,"GGACT",0.506329113924051,NA,NA,NA,NA,NA,NA,NA,NA,NA,0,0,0,NA,NA,NA
"1937","ENST00000414031.5","ENSG00000114867.22","OTTHUMG00000156784.21","OTTHUMT00000345736.1","EIF4G1-209","EIF4G1",5569,"protein_coding",5187,185,0.944859564304352,"GGACT",0.632432432432432,NA,NA,NA,NA,NA,NA,NA,NA,NA,0,0,0,NA,NA,NA
"1938","ENST00000414150.6","ENSG00000271723.5","OTTHUMG00000185328.1","OTTHUMT00000470197.1","MROH7-TTC4-201","MROH7-TTC4",5867,"nonsense_mediated_decay",5387,52,0.955995142459869,"GGACT",0.692307692307692,NA,NA,NA,NA,NA,NA,NA,NA,NA,0,0,0,NA,NA,NA
"1939","ENST00000414150.6","ENSG00000271723.5","OTTHUMG00000185328.1","OTTHUMT00000470197.1","MROH7-TTC4-201","MROH7-TTC4",5867,"nonsense_mediated_decay",5464,26,0.973501980304718,"GGACT",0.807692307692308,NA,NA,NA,NA,NA,NA,NA,NA,NA,0,0,0,NA,NA,NA
"1940","ENST00000414150.6","ENSG00000271723.5","OTTHUMG00000185328.1","OTTHUMT00000470197.1","MROH7-TTC4-201","MROH7-TTC4",5867,"nonsense_mediated_decay",5774,33,0.982988655567169,"GGACT",0.787878787878788,NA,NA,NA,NA,NA,NA,NA,NA,NA,0,0,0,NA,NA,NA
"1941","ENST00000414183.6","ENSG00000182944.18","OTTHUMG00000151107.9","OTTHUMT00000358290.1","EWSR1-208","EWSR1",2189,"protein_coding",1633,21,0.911648631095886,"GAACT",0.476190476190476,NA,NA,NA,NA,NA,NA,NA,NA,NA,0,0,0,NA,NA,NA
"1942","ENST00000414443.5","ENSG00000184182.19","OTTHUMG00000133341.4","-","UBE2F-205","UBE2F",2100,"protein_coding",683,52,0.916833400726318,"GGACT",0.634615384615385,NA,NA,NA,NA,NA,NA,NA,NA,NA,0,0,0,NA,NA,NA
"1943","ENST00000414542.6","ENSG00000166619.15","OTTHUMG00000032419.8","-","BLCAP-208","BLCAP",2205,"protein_coding",1869,63,0.951313853263855,"AGACT",0.666666666666667,NA,NA,NA,NA,NA,NA,NA,NA,NA,0,0,0,NA,NA,NA
"1944","ENST00000414542.6","ENSG00000166619.15","OTTHUMG00000032419.8","-","BLCAP-208","BLCAP",2205,"protein_coding",1906,71,0.961149632930756,"TGACT",0.690140845070423,NA,NA,NA,NA,NA,NA,NA,NA,NA,0,0,0,NA,NA,NA
"1945","ENST00000414542.6","ENSG00000166619.15","OTTHUMG00000032419.8","-","BLCAP-208","BLCAP",2205,"protein_coding",2098,68,0.948096930980682,"GGACT",0.661764705882353,NA,NA,NA,NA,NA,NA,NA,NA,NA,0,0,0,NA,NA,NA
"1946","ENST00000414777.5","ENSG00000103415.12","OTTHUMG00000129473.4","-","HMOX2-204","HMOX2",1752,"protein_coding",760,58,0.981436133384705,"GGACC",0.655172413793103,NA,NA,NA,NA,NA,NA,NA,NA,NA,0,0,0,NA,NA,NA
"1947","ENST00000414777.5","ENSG00000103415.12","OTTHUMG00000129473.4","-","HMOX2-204","HMOX2",1752,"protein_coding",788,22,0.939210951328278,"GGACA",0.545454545454545,NA,NA,NA,NA,NA,NA,NA,NA,NA,0,0,0,NA,NA,NA
"1948","ENST00000415148.6","ENSG00000026508.21","OTTHUMG00000044388.10","OTTHUMT00000388926.1","CD44-206","CD44",2369,"protein_coding",2297,64,0.904779434204102,"GGACA",0.609375,NA,NA,NA,NA,NA,NA,NA,NA,NA,0,0,0,NA,NA,NA
"1949","ENST00000415259.5","ENSG00000164081.13","OTTHUMG00000156901.2","OTTHUMT00000346530.1","TEX264-204","TEX264",2290,"protein_coding",1957,57,0.900953114032745,"GGACT",0.543859649122807,NA,NA,NA,NA,NA,NA,NA,NA,NA,0,0,0,NA,NA,NA
"1950","ENST00000415325.5","ENSG00000091140.15","OTTHUMG00000154813.4","OTTHUMT00000337195.1","DLD-202","DLD",1802,"nonsense_mediated_decay",1568,24,0.964057326316833,"GGACT",0.666666666666667,NA,NA,NA,NA,NA,NA,NA,NA,NA,0,0,0,NA,NA,NA
"1951","ENST00000415472.6","ENSG00000106344.8","OTTHUMG00000157711.3","OTTHUMT00000349443.1","RBM28-202","RBM28",2251,"protein_coding",2087,21,0.915311694145203,"GAACT",0.714285714285714,NA,NA,NA,NA,NA,NA,NA,NA,NA,0,0,0,NA,NA,NA
"1952","ENST00000415762.6","ENSG00000161179.14","OTTHUMG00000150822.2","OTTHUMT00000320214.1","YDJC-203","YDJC",1410,"nonsense_mediated_decay",1007,101,0.973612308502197,"GGACT",0.683168316831683,NA,NA,NA,NA,NA,NA,NA,NA,NA,0,0,0,NA,NA,NA
"1953","ENST00000415826.3","ENSG00000176485.14","OTTHUMG00000167852.3","-","PLAAT3-203","PLAAT3",1075,"protein_coding",601,220,0.917199492454529,"AGACT",0.513636363636364,NA,NA,NA,NA,NA,NA,NA,NA,NA,0,0,0,NA,NA,NA
"1954","ENST00000416151.6","ENSG00000128944.14","OTTHUMG00000172454.3","OTTHUMT00000418634.1","KNSTRN-202","KNSTRN",1899,"protein_coding",1627,43,0.90828150510788,"TGACT",0.627906976744186,NA,NA,NA,NA,NA,NA,NA,NA,NA,0,0,0,NA,NA,NA
"1955","ENST00000416288.6","ENSG00000059122.17","OTTHUMG00000177364.3","OTTHUMT00000436481.1","FLYWCH1-203","FLYWCH1",4963,"protein_coding",3361,20,0.978556632995605,"GGACT",0.6,NA,NA,NA,NA,NA,NA,NA,NA,NA,0,0,0,NA,NA,NA
"1956","ENST00000416589.5","ENSG00000164081.13","OTTHUMG00000156901.2","OTTHUMT00000346528.1","TEX264-205","TEX264",1313,"protein_coding",1204,152,0.926931023597717,"GGACT",0.585526315789474,NA,NA,NA,NA,NA,NA,NA,NA,NA,0,0,0,NA,NA,NA
"1957","ENST00000416718.2","ENSG00000198744.5","OTTHUMG00000002337.2","OTTHUMT00000006719.2","MTCO3P12-201","MTCO3P12",547,"unprocessed_pseudogene",341,240,0.979389071464539,"GGACA",0.708333333333333,NA,NA,NA,NA,NA,NA,NA,NA,NA,0,0,0,NA,NA,NA
"1958","ENST00000416889.6","ENSG00000090487.11","OTTHUMG00000133098.7","OTTHUMT00000418144.2","SPG21-202","SPG21",1533,"protein_coding",1248,21,0.914596557617188,"GGACT",0.571428571428571,NA,NA,NA,NA,NA,NA,NA,NA,NA,0,0,0,NA,NA,NA
"1959","ENST00000416967.1","ENSG00000100348.10","OTTHUMG00000150596.4","OTTHUMT00000319017.3","TXN2-204","TXN2",1280,"protein_coding",571,144,0.948232591152191,"GAACT",0.493055555555556,NA,NA,NA,NA,NA,NA,NA,NA,NA,0,0,0,NA,NA,NA
"1960","ENST00000416970.5","ENSG00000233016.9","OTTHUMG00000020949.5","OTTHUMT00000055148.1","SNHG7-202","SNHG7",789,"lncRNA",679,80,0.930526614189148,"GAACT",0.575,NA,NA,NA,NA,NA,NA,NA,NA,NA,0,0,0,NA,NA,NA
"1961","ENST00000417652.6","ENSG00000115053.17","OTTHUMG00000153866.4","OTTHUMT00000332740.3","NCL-203","NCL",2563,"protein_coding",2221,130,0.950625956058502,"GGACT",0.607692307692308,NA,NA,NA,NA,NA,NA,NA,NA,NA,0,0,0,NA,NA,NA
"1962","ENST00000417736.2","ENSG00000176014.13","OTTHUMG00000131692.4","OTTHUMT00000452802.1","TUBB6-202","TUBB6",2163,"retained_intron",1893,401,0.90545266866684,"AGACT",0.713216957605985,NA,NA,NA,NA,NA,NA,NA,NA,NA,0,0,0,NA,NA,NA
"1963","ENST00000417736.2","ENSG00000176014.13","OTTHUMG00000131692.4","OTTHUMT00000452802.1","TUBB6-202","TUBB6",2163,"retained_intron",1964,398,0.929594993591309,"GGACT",0.64572864321608,NA,NA,NA,NA,NA,NA,NA,NA,NA,0,0,0,NA,NA,NA
"1964","ENST00000417736.2","ENSG00000176014.13","OTTHUMG00000131692.4","OTTHUMT00000452802.1","TUBB6-202","TUBB6",2163,"retained_intron",1976,437,0.963001310825348,"GAACT",0.627002288329519,NA,NA,NA,NA,NA,NA,NA,NA,NA,0,0,0,NA,NA,NA
"1965","ENST00000417736.2","ENSG00000176014.13","OTTHUMG00000131692.4","OTTHUMT00000452802.1","TUBB6-202","TUBB6",2163,"retained_intron",2123,340,0.909185945987701,"GGACT",0.602941176470588,NA,NA,NA,NA,NA,NA,NA,NA,NA,0,0,0,NA,NA,NA
"1966","ENST00000418212.5","ENSG00000176697.20","OTTHUMG00000178797.3","OTTHUMT00000388097.1","BDNF-207","BDNF",4125,"protein_coding",1457,22,0.974518835544586,"GAACT",0.590909090909091,NA,NA,NA,NA,NA,NA,NA,NA,NA,0,0,0,NA,NA,NA
"1967","ENST00000418359.7","ENSG00000111596.14","OTTHUMG00000169481.8","OTTHUMT00000404260.1","CNOT2-202","CNOT2",3152,"protein_coding",3024,23,0.920811116695404,"GAACT",0.608695652173913,NA,NA,NA,NA,NA,NA,NA,NA,NA,0,0,0,NA,NA,NA
"1968","ENST00000418368.1","ENSG00000290555.1","-","OTTHUMT00000041057.1","LINC00680-203","LINC00680",1666,"lncRNA",1458,44,0.936339557170868,"TGACT",0.840909090909091,NA,NA,NA,NA,NA,NA,NA,NA,NA,0,0,0,NA,NA,NA
"1969","ENST00000418368.1","ENSG00000290555.1","-","OTTHUMT00000041057.1","LINC00680-203","LINC00680",1666,"lncRNA",1603,21,0.978582501411438,"GAACT",0.619047619047619,NA,NA,NA,NA,NA,NA,NA,NA,NA,0,0,0,NA,NA,NA
"1970","ENST00000418390.7","ENSG00000011007.13","OTTHUMG00000002957.3","-","ELOA-201","ELOA",4834,"nonsense_mediated_decay",2407,66,0.949021697044373,"GGACA",0.46969696969697,NA,NA,NA,NA,NA,NA,NA,NA,NA,0,0,0,NA,NA,NA
"1971","ENST00000419140.7","ENSG00000167085.14","OTTHUMG00000134271.10","OTTHUMT00000258828.2","PHB1-203","PHB1",1867,"protein_coding",1607,49,0.971048653125763,"GGACT",0.877551020408163,128,920,819,1,128,129,946,947,1866,0,0,1,NA,NA,0.717391304347826
"1972","ENST00000419497.5","ENSG00000172432.19","OTTHUMG00000014744.13","OTTHUMT00000040672.1","GTPBP2-203","GTPBP2",1394,"protein_coding",1242,23,0.957570552825928,"GGACT",0.739130434782609,NA,NA,NA,NA,NA,NA,NA,NA,NA,0,0,0,NA,NA,NA
"1973","ENST00000419610.5","ENSG00000004534.15","OTTHUMG00000156736.13","OTTHUMT00000345529.1","RBM6-202","RBM6",2128,"nonsense_mediated_decay",2098,28,0.94226861000061,"GAACT",0.607142857142857,NA,NA,NA,NA,NA,NA,NA,NA,NA,0,0,0,NA,NA,NA
"1974","ENST00000420244.6","ENSG00000166801.17","OTTHUMG00000167280.6","-","FAM111A-202","FAM111A",4439,"protein_coding",4087,103,0.917915403842926,"GGACT",0.563106796116505,NA,NA,NA,NA,NA,NA,NA,NA,NA,0,0,0,NA,NA,NA
"1975","ENST00000420250.1","ENSG00000138381.10","OTTHUMG00000193522.2","OTTHUMT00000335036.2","ASNSD1-202","ASNSD1",2172,"protein_coding",1551,45,0.953868687152863,"GGACT",0.822222222222222,NA,NA,NA,NA,NA,NA,NA,NA,NA,0,0,0,NA,NA,NA
"1976","ENST00000420343.1","ENSG00000155868.8","OTTHUMG00000130243.5","-","MED7-202","MED7",1382,"protein_coding",663,21,0.977021992206573,"GGACC",0.952380952380952,NA,NA,NA,NA,NA,NA,NA,NA,NA,0,0,0,NA,NA,NA
"1977","ENST00000420343.1","ENSG00000155868.8","OTTHUMG00000130243.5","-","MED7-202","MED7",1382,"protein_coding",947,23,0.912683248519897,"AAACT",0.565217391304348,NA,NA,NA,NA,NA,NA,NA,NA,NA,0,0,0,NA,NA,NA
"1978","ENST00000420343.1","ENSG00000155868.8","OTTHUMG00000130243.5","-","MED7-202","MED7",1382,"protein_coding",988,22,0.97429358959198,"GGACA",0.863636363636364,NA,NA,NA,NA,NA,NA,NA,NA,NA,0,0,0,NA,NA,NA
"1979","ENST00000420584.3","ENSG00000064995.19","OTTHUMG00000014556.4","-","TAF11-202","TAF11",1465,"protein_coding",610,48,0.93987101316452,"GGACA",0.4375,NA,NA,NA,NA,NA,NA,NA,NA,NA,0,0,0,NA,NA,NA
"1980","ENST00000420584.3","ENSG00000064995.19","OTTHUMG00000014556.4","-","TAF11-202","TAF11",1465,"protein_coding",716,53,0.983305692672729,"AGACT",0.924528301886792,NA,NA,NA,NA,NA,NA,NA,NA,NA,0,0,0,NA,NA,NA
"1981","ENST00000420584.3","ENSG00000064995.19","OTTHUMG00000014556.4","-","TAF11-202","TAF11",1465,"protein_coding",854,68,0.990455806255341,"GGACC",0.720588235294118,NA,NA,NA,NA,NA,NA,NA,NA,NA,0,0,0,NA,NA,NA
"1982","ENST00000421103.5","ENSG00000169919.17","OTTHUMG00000023735.5","OTTHUMT00000344645.2","GUSB-202","GUSB",1742,"protein_coding",1625,136,0.964041888713837,"GGACT",0.772058823529412,NA,NA,NA,NA,NA,NA,NA,NA,NA,0,0,0,NA,NA,NA
"1983","ENST00000421487.6","ENSG00000132676.16","OTTHUMG00000035439.6","OTTHUMT00000471572.1","DAP3-203","DAP3",1470,"protein_coding",1310,260,0.959333002567291,"GGACT",0.734615384615385,NA,NA,NA,NA,NA,NA,NA,NA,NA,0,0,0,NA,NA,NA
"1984","ENST00000421763.5","ENSG00000159111.13","OTTHUMG00000156302.2","OTTHUMT00000343767.1","MRPL10-204","MRPL10",1576,"nonsense_mediated_decay",946,78,0.943134903907776,"GGACT",0.5,NA,NA,NA,NA,NA,NA,NA,NA,NA,0,0,0,NA,NA,NA
"1985","ENST00000421974.7","ENSG00000171130.19","OTTHUMG00000158094.5","OTTHUMT00000350171.1","ATP6V0E2-201","ATP6V0E2",2605,"protein_coding",1577,62,0.94273179769516,"GGACT",0.661290322580645,NA,NA,NA,NA,NA,NA,NA,NA,NA,0,0,0,NA,NA,NA
"1986","ENST00000421974.7","ENSG00000171130.19","OTTHUMG00000158094.5","OTTHUMT00000350171.1","ATP6V0E2-201","ATP6V0E2",2605,"protein_coding",2359,155,0.960455000400543,"GGACT",0.793548387096774,NA,NA,NA,NA,NA,NA,NA,NA,NA,0,0,0,NA,NA,NA
"1987","ENST00000422177.5","ENSG00000128581.17","OTTHUMG00000157136.4","OTTHUMT00000347573.1","IFT22-202","IFT22",1785,"nonsense_mediated_decay",659,52,0.901900768280029,"GGACT",0.519230769230769,NA,NA,NA,NA,NA,NA,NA,NA,NA,0,0,0,NA,NA,NA
"1988","ENST00000422177.5","ENSG00000128581.17","OTTHUMG00000157136.4","OTTHUMT00000347573.1","IFT22-202","IFT22",1785,"nonsense_mediated_decay",874,79,0.96346127986908,"GAACT",0.531645569620253,NA,NA,NA,NA,NA,NA,NA,NA,NA,0,0,0,NA,NA,NA
"1989","ENST00000422177.5","ENSG00000128581.17","OTTHUMG00000157136.4","OTTHUMT00000347573.1","IFT22-202","IFT22",1785,"nonsense_mediated_decay",941,76,0.908833384513855,"GGACT",0.605263157894737,NA,NA,NA,NA,NA,NA,NA,NA,NA,0,0,0,NA,NA,NA
"1990","ENST00000422514.7","ENSG00000198242.14","OTTHUMG00000132684.6","OTTHUMT00000255975.2","RPL23A-204","RPL23A",970,"protein_coding",735,52,0.926237046718597,"GAACT",0.576923076923077,NA,NA,NA,NA,NA,NA,NA,NA,NA,0,0,0,NA,NA,NA
"1991","ENST00000422847.1","ENSG00000237523.2","OTTHUMG00000018605.2","OTTHUMT00000049054.1","LINC00857-201","LINC00857",2161,"lncRNA",1752,25,0.980262577533722,"AGACT",0.84,NA,NA,NA,NA,NA,NA,NA,NA,NA,0,0,0,NA,NA,NA
"1992","ENST00000422882.1","ENSG00000290555.1","-","OTTHUMT00000041055.1","LINC00680-205","LINC00680",2622,"lncRNA",2419,23,0.918963253498077,"TGACT",0.826086956521739,NA,NA,NA,NA,NA,NA,NA,NA,NA,0,0,0,NA,NA,NA
"1993","ENST00000422882.1","ENSG00000290555.1","-","OTTHUMT00000041055.1","LINC00680-205","LINC00680",2622,"lncRNA",2564,21,0.961646378040314,"GAACT",0.571428571428571,NA,NA,NA,NA,NA,NA,NA,NA,NA,0,0,0,NA,NA,NA
"1994","ENST00000422955.5","ENSG00000004534.15","OTTHUMG00000156736.13","OTTHUMT00000345551.2","RBM6-204","RBM6",2324,"protein_coding",2294,28,0.955808341503143,"GAACT",0.642857142857143,NA,NA,NA,NA,NA,NA,NA,NA,NA,0,0,0,NA,NA,NA
"1995","ENST00000423169.6","ENSG00000051180.17","OTTHUMG00000130067.10","OTTHUMT00000387935.1","RAD51-203","RAD51",1611,"protein_coding",1192,65,0.964124858379364,"AGACT",0.661538461538462,NA,NA,NA,NA,NA,NA,NA,NA,NA,0,0,0,NA,NA,NA
"1996","ENST00000423325.6","ENSG00000096063.16","OTTHUMG00000014583.7","OTTHUMT00000040320.2","SRPK1-205","SRPK1",4357,"protein_coding",3535,80,0.925547122955322,"GGACT",0.5625,NA,NA,NA,NA,NA,NA,NA,NA,NA,0,0,0,NA,NA,NA
"1997","ENST00000423538.6","ENSG00000160785.14","OTTHUMG00000014816.2","-","SLC25A44-202","SLC25A44",3662,"protein_coding",3576,45,0.903485476970673,"GGACT",0.622222222222222,NA,NA,NA,NA,NA,NA,NA,NA,NA,0,0,0,NA,NA,NA
"1998","ENST00000423725.5","ENSG00000023228.15","OTTHUMG00000132892.7","OTTHUMT00000336450.2","NDUFS1-202","NDUFS1",2631,"protein_coding",731,23,0.903635859489441,"GAACT",0.565217391304348,NA,NA,NA,NA,NA,NA,NA,NA,NA,0,0,0,NA,NA,NA
"1999","ENST00000424011.6","ENSG00000140931.20","OTTHUMG00000137503.9","OTTHUMT00000268814.2","CMTM3-202","CMTM3",2330,"protein_coding",1734,67,0.92826771736145,"AGACT",0.552238805970149,NA,NA,NA,NA,NA,NA,NA,NA,NA,0,0,0,NA,NA,NA
"2000","ENST00000424014.7","ENSG00000111361.13","OTTHUMG00000168696.2","OTTHUMT00000400628.2","EIF2B1-201","EIF2B1",2397,"protein_coding",1169,47,0.927228212356567,"GGACT",0.680851063829787,NA,NA,NA,NA,NA,NA,NA,NA,NA,0,0,0,NA,NA,NA
"2001","ENST00000424085.6","ENSG00000134644.16","OTTHUMG00000003795.5","OTTHUMT00000393196.1","PUM1-205","PUM1",4631,"protein_coding",4355,33,0.901399374008179,"GAACT",0.636363636363636,NA,NA,NA,NA,NA,NA,NA,NA,NA,0,0,0,NA,NA,NA
"2002","ENST00000424086.5","ENSG00000144120.13","OTTHUMG00000153312.3","-","TMEM177-204","TMEM177",1738,"protein_coding",1425,23,0.952828526496887,"GGACA",0.695652173913043,NA,NA,NA,NA,NA,NA,NA,NA,NA,0,0,0,NA,NA,NA
"2003","ENST00000424086.5","ENSG00000144120.13","OTTHUMG00000153312.3","-","TMEM177-204","TMEM177",1738,"protein_coding",1567,23,0.911062121391296,"GAACT",0.565217391304348,NA,NA,NA,NA,NA,NA,NA,NA,NA,0,0,0,NA,NA,NA
"2004","ENST00000424086.5","ENSG00000144120.13","OTTHUMG00000153312.3","-","TMEM177-204","TMEM177",1738,"protein_coding",1575,23,0.984814584255219,"GGACT",0.826086956521739,NA,NA,NA,NA,NA,NA,NA,NA,NA,0,0,0,NA,NA,NA
"2005","ENST00000424142.5","ENSG00000122783.17","OTTHUMG00000155447.5","OTTHUMT00000340146.1","CYREN-202","CYREN",1738,"protein_coding",1120,47,0.987634301185608,"GGACT",0.723404255319149,NA,NA,NA,NA,NA,NA,NA,NA,NA,0,0,0,NA,NA,NA
"2006","ENST00000424142.5","ENSG00000122783.17","OTTHUMG00000155447.5","OTTHUMT00000340146.1","CYREN-202","CYREN",1738,"protein_coding",1273,54,0.991309702396393,"AGACA",0.777777777777778,NA,NA,NA,NA,NA,NA,NA,NA,NA,0,0,0,NA,NA,NA
"2007","ENST00000424196.5","ENSG00000114867.22","OTTHUMG00000156784.21","OTTHUMT00000345739.1","EIF4G1-212","EIF4G1",5653,"protein_coding",5244,62,0.902379155158997,"GGACA",0.548387096774194,389,443,4821,1,389,390,5209,5210,5652,0,0,1,NA,NA,0.0767494356659142
"2008","ENST00000424310.7","ENSG00000145860.13","OTTHUMG00000130306.5","OTTHUMT00000374048.1","RNF145-202","RNF145",3615,"protein_coding",2690,20,0.930825054645538,"GGACT",0.65,NA,NA,NA,NA,NA,NA,NA,NA,NA,0,0,0,NA,NA,NA
"2009","ENST00000424679.6","ENSG00000171606.18","OTTHUMG00000183456.6","OTTHUMT00000466729.3","ZNF274-203","ZNF274",2539,"protein_coding",2200,21,0.982011318206787,"GGACT",0.761904761904762,NA,NA,NA,NA,NA,NA,NA,NA,NA,0,0,0,NA,NA,NA
"2010","ENST00000424679.6","ENSG00000171606.18","OTTHUMG00000183456.6","OTTHUMT00000466729.3","ZNF274-203","ZNF274",2539,"protein_coding",2231,22,0.964753806591034,"GGACA",0.590909090909091,NA,NA,NA,NA,NA,NA,NA,NA,NA,0,0,0,NA,NA,NA
"2011","ENST00000424751.3","ENSG00000185904.12","OTTHUMG00000018010.8","OTTHUMT00000047673.2","LINC00839-201","LINC00839",2253,"lncRNA",1265,20,0.950237989425659,"AGACT",0.6,NA,NA,NA,NA,NA,NA,NA,NA,NA,0,0,0,NA,NA,NA
"2012","ENST00000424880.2","ENSG00000058262.11","OTTHUMG00000159624.5","OTTHUMT00000356554.1","SEC61A1-202","SEC61A1",3238,"protein_coding",1729,50,0.988103866577148,"GGACT",0.82,NA,NA,NA,NA,NA,NA,NA,NA,NA,0,0,0,NA,NA,NA
"2013","ENST00000424880.2","ENSG00000058262.11","OTTHUMG00000159624.5","OTTHUMT00000356554.1","SEC61A1-202","SEC61A1",3238,"protein_coding",1787,54,0.969354808330536,"GGACA",0.518518518518518,NA,NA,NA,NA,NA,NA,NA,NA,NA,0,0,0,NA,NA,NA
"2014","ENST00000424880.2","ENSG00000058262.11","OTTHUMG00000159624.5","OTTHUMT00000356554.1","SEC61A1-202","SEC61A1",3238,"protein_coding",2094,63,0.981983661651611,"GGACA",0.761904761904762,NA,NA,NA,NA,NA,NA,NA,NA,NA,0,0,0,NA,NA,NA
"2015","ENST00000424880.2","ENSG00000058262.11","OTTHUMG00000159624.5","OTTHUMT00000356554.1","SEC61A1-202","SEC61A1",3238,"protein_coding",2100,100,0.957332909107208,"AAACT",0.59,NA,NA,NA,NA,NA,NA,NA,NA,NA,0,0,0,NA,NA,NA
"2016","ENST00000424880.2","ENSG00000058262.11","OTTHUMG00000159624.5","OTTHUMT00000356554.1","SEC61A1-202","SEC61A1",3238,"protein_coding",2104,112,0.934114098548889,"TGACT",0.660714285714286,NA,NA,NA,NA,NA,NA,NA,NA,NA,0,0,0,NA,NA,NA
"2017","ENST00000424880.2","ENSG00000058262.11","OTTHUMG00000159624.5","OTTHUMT00000356554.1","SEC61A1-202","SEC61A1",3238,"protein_coding",2183,111,0.972367525100708,"GGACT",0.702702702702703,NA,NA,NA,NA,NA,NA,NA,NA,NA,0,0,0,NA,NA,NA
"2018","ENST00000424901.5","ENSG00000105221.18","OTTHUMG00000137375.23","-","AKT2-210","AKT2",5170,"protein_coding",2510,27,0.949207127094269,"GGACA",0.592592592592593,NA,NA,NA,NA,NA,NA,NA,NA,NA,0,0,0,NA,NA,NA
"2019","ENST00000425300.6","ENSG00000271723.5","OTTHUMG00000185328.1","OTTHUMT00000470196.1","MROH7-TTC4-202","MROH7-TTC4",6090,"nonsense_mediated_decay",5533,56,0.949498891830444,"GGACT",0.660714285714286,NA,NA,NA,NA,NA,NA,NA,NA,NA,0,0,0,NA,NA,NA
"2020","ENST00000425300.6","ENSG00000271723.5","OTTHUMG00000185328.1","OTTHUMT00000470196.1","MROH7-TTC4-202","MROH7-TTC4",6090,"nonsense_mediated_decay",5610,27,0.96960723400116,"GGACT",0.814814814814815,NA,NA,NA,NA,NA,NA,NA,NA,NA,0,0,0,NA,NA,NA
"2021","ENST00000425300.6","ENSG00000271723.5","OTTHUMG00000185328.1","OTTHUMT00000470196.1","MROH7-TTC4-202","MROH7-TTC4",6090,"nonsense_mediated_decay",5920,66,0.968858003616333,"GGACT",0.696969696969697,NA,NA,NA,NA,NA,NA,NA,NA,NA,0,0,0,NA,NA,NA
"2022","ENST00000425300.6","ENSG00000271723.5","OTTHUMG00000185328.1","OTTHUMT00000470196.1","MROH7-TTC4-202","MROH7-TTC4",6090,"nonsense_mediated_decay",5937,23,0.992575705051422,"GGACA",0.956521739130435,NA,NA,NA,NA,NA,NA,NA,NA,NA,0,0,0,NA,NA,NA
"2023","ENST00000425389.2","ENSG00000214022.12","OTTHUMG00000158330.4","OTTHUMT00000376940.1","REPIN1-202","REPIN1",2876,"protein_coding",1880,23,0.916946947574615,"GGACA",0.565217391304348,NA,NA,NA,NA,NA,NA,NA,NA,NA,0,0,0,NA,NA,NA
"2024","ENST00000425389.2","ENSG00000214022.12","OTTHUMG00000158330.4","OTTHUMT00000376940.1","REPIN1-202","REPIN1",2876,"protein_coding",2568,62,0.974517703056335,"GGACT",0.709677419354839,NA,NA,NA,NA,NA,NA,NA,NA,NA,0,0,0,NA,NA,NA
"2025","ENST00000425389.2","ENSG00000214022.12","OTTHUMG00000158330.4","OTTHUMT00000376940.1","REPIN1-202","REPIN1",2876,"protein_coding",2645,25,0.947371959686279,"GGACA",0.64,NA,NA,NA,NA,NA,NA,NA,NA,NA,0,0,0,NA,NA,NA
"2026","ENST00000425428.6","ENSG00000026508.21","OTTHUMG00000044388.10","OTTHUMT00000388928.1","CD44-207","CD44",1768,"nonsense_mediated_decay",610,100,0.947419285774231,"AGACA",0.82,NA,NA,NA,NA,NA,NA,NA,NA,NA,0,0,0,NA,NA,NA
"2027","ENST00000425428.6","ENSG00000026508.21","OTTHUMG00000044388.10","OTTHUMT00000388928.1","CD44-207","CD44",1768,"nonsense_mediated_decay",1137,223,0.946586191654205,"GGACA",0.641255605381166,NA,NA,NA,NA,NA,NA,NA,NA,NA,0,0,0,NA,NA,NA
"2028","ENST00000425642.3","ENSG00000171130.19","OTTHUMG00000158094.5","OTTHUMT00000470874.1","ATP6V0E2-202","ATP6V0E2",1723,"protein_coding",689,63,0.943626940250397,"GGACT",0.666666666666667,NA,NA,NA,NA,NA,NA,NA,NA,NA,0,0,0,NA,NA,NA
"2029","ENST00000425642.3","ENSG00000171130.19","OTTHUMG00000158094.5","OTTHUMT00000470874.1","ATP6V0E2-202","ATP6V0E2",1723,"protein_coding",1471,156,0.960969388484955,"GGACT",0.794871794871795,NA,NA,NA,NA,NA,NA,NA,NA,NA,0,0,0,NA,NA,NA
"2030","ENST00000425675.7","ENSG00000063241.8","OTTHUMG00000180830.3","OTTHUMT00000453179.2","ISOC2-202","ISOC2",1075,"protein_coding",929,124,0.967510461807251,"AGACT",0.733870967741935,NA,NA,NA,NA,NA,NA,NA,NA,NA,0,0,0,NA,NA,NA
"2031","ENST00000425690.8","ENSG00000073008.16","OTTHUMG00000151527.5","OTTHUMT00000323017.4","PVR-205","PVR",5792,"protein_coding",2669,23,0.954715549945831,"GGACT",0.652173913043478,NA,NA,NA,NA,NA,NA,NA,NA,NA,0,0,0,NA,NA,NA
"2032","ENST00000425690.8","ENSG00000073008.16","OTTHUMG00000151527.5","OTTHUMT00000323017.4","PVR-205","PVR",5792,"protein_coding",2888,20,0.91711014509201,"AAACT",0.5,NA,NA,NA,NA,NA,NA,NA,NA,NA,0,0,0,NA,NA,NA
"2033","ENST00000426105.7","ENSG00000134644.16","OTTHUMG00000003795.5","OTTHUMT00000393198.1","PUM1-206","PUM1",5385,"protein_coding",5109,33,0.900428950786591,"GAACT",0.636363636363636,NA,NA,NA,NA,NA,NA,NA,NA,NA,0,0,0,NA,NA,NA
"2034","ENST00000426263.10","ENSG00000117394.24","OTTHUMG00000007657.12","OTTHUMT00000020358.5","SLC2A1-203","SLC2A1",3384,"protein_coding",2097,57,0.934071660041809,"GGACA",0.508771929824561,NA,NA,NA,NA,NA,NA,NA,NA,NA,0,0,0,NA,NA,NA
"2035","ENST00000426333.7","ENSG00000108883.13","OTTHUMG00000179865.4","OTTHUMT00000448672.2","EFTUD2-202","EFTUD2",4326,"protein_coding",3008,160,0.952749013900757,"GGACT",0.71875,NA,NA,NA,NA,NA,NA,NA,NA,NA,0,0,0,NA,NA,NA
"2036","ENST00000426836.5","ENSG00000149636.16","OTTHUMG00000032396.5","-","DSN1-204","DSN1",2441,"protein_coding",1556,21,0.985047459602356,"GGACT",0.761904761904762,NA,NA,NA,NA,NA,NA,NA,NA,NA,0,0,0,NA,NA,NA
"2037","ENST00000426836.5","ENSG00000149636.16","OTTHUMG00000032396.5","-","DSN1-204","DSN1",2441,"protein_coding",1560,20,0.951547980308533,"TGACT",0.75,NA,NA,NA,NA,NA,NA,NA,NA,NA,0,0,0,NA,NA,NA
"2038","ENST00000427040.3","ENSG00000117543.22","OTTHUMG00000010829.3","-","DPH5-204","DPH5",1962,"protein_coding",1200,79,0.905685424804688,"GGACT",0.746835443037975,NA,NA,NA,NA,NA,NA,NA,NA,NA,0,0,0,NA,NA,NA
"2039","ENST00000427159.7","ENSG00000108592.17","OTTHUMG00000179012.5","OTTHUMT00000444386.2","FTSJ3-201","FTSJ3",3551,"protein_coding",3397,110,0.914339244365692,"GAACT",0.509090909090909,NA,NA,NA,NA,NA,NA,NA,NA,NA,0,0,0,NA,NA,NA
"2040","ENST00000427358.5","ENSG00000180185.13","OTTHUMG00000128663.2","OTTHUMT00000250550.2","FAHD1-203","FAHD1",1705,"protein_coding",1059,22,0.916298270225525,"AGACT",0.681818181818182,NA,NA,NA,NA,NA,NA,NA,NA,NA,0,0,0,NA,NA,NA
"2041","ENST00000427358.5","ENSG00000180185.13","OTTHUMG00000128663.2","OTTHUMT00000250550.2","FAHD1-203","FAHD1",1705,"protein_coding",1246,51,0.946938276290894,"AGACT",0.843137254901961,NA,NA,NA,NA,NA,NA,NA,NA,NA,0,0,0,NA,NA,NA
"2042","ENST00000427358.5","ENSG00000180185.13","OTTHUMG00000128663.2","OTTHUMT00000250550.2","FAHD1-203","FAHD1",1705,"protein_coding",1454,56,0.96515154838562,"GGACT",0.75,NA,NA,NA,NA,NA,NA,NA,NA,NA,0,0,0,NA,NA,NA
"2043","ENST00000427361.5","ENSG00000142396.11","OTTHUMG00000150367.8","OTTHUMT00000317863.2","ERVK3-1-202","ERVK3-1",922,"protein_coding",661,82,0.907876014709473,"GAACT",0.609756097560976,NA,NA,NA,NA,NA,NA,NA,NA,NA,0,0,0,NA,NA,NA
"2044","ENST00000427476.4","ENSG00000105443.17","OTTHUMG00000150245.7","-","CYTH2-203","CYTH2",4606,"protein_coding",1261,50,0.917625367641449,"GAACT",0.58,NA,NA,NA,NA,NA,NA,NA,NA,NA,0,0,0,NA,NA,NA
"2045","ENST00000427587.9","ENSG00000118894.15","OTTHUMG00000129527.11","OTTHUMT00000251713.2","EEF2KMT-201","EEF2KMT",2397,"protein_coding",1050,20,0.986305236816406,"GGACT",0.75,NA,NA,NA,NA,NA,NA,NA,NA,NA,0,0,0,NA,NA,NA
"2046","ENST00000427587.9","ENSG00000118894.15","OTTHUMG00000129527.11","OTTHUMT00000251713.2","EEF2KMT-201","EEF2KMT",2397,"protein_coding",1140,20,0.986094653606415,"GGACT",0.95,NA,NA,NA,NA,NA,NA,NA,NA,NA,0,0,0,NA,NA,NA
"2047","ENST00000427641.2","ENSG00000114503.11","OTTHUMG00000155520.5","OTTHUMT00000340473.1","NCBP2-204","NCBP2",1946,"protein_coding",516,51,0.957665145397186,"GGACA",0.490196078431372,NA,NA,NA,NA,NA,NA,NA,NA,NA,0,0,0,NA,NA,NA
"2048","ENST00000428425.1","ENSG00000114503.11","OTTHUMG00000155520.5","OTTHUMT00000340474.1","NCBP2-205","NCBP2",2220,"nonsense_mediated_decay",765,115,0.940412521362305,"GGACA",0.443478260869565,NA,NA,NA,NA,NA,NA,NA,NA,NA,0,0,0,NA,NA,NA
"2049","ENST00000428726.8","ENSG00000026508.21","OTTHUMG00000044388.10","OTTHUMT00000388927.2","CD44-208","CD44",5431,"protein_coding",2425,134,0.933462381362915,"GGACA",0.649253731343284,NA,NA,NA,NA,NA,NA,NA,NA,NA,0,0,0,NA,NA,NA
"2050","ENST00000428849.7","ENSG00000237649.8","OTTHUMG00000031209.5","OTTHUMT00000076417.2","KIFC1-211","KIFC1",2391,"protein_coding",1012,78,0.94879162311554,"TGACT",0.512820512820513,NA,NA,NA,NA,NA,NA,NA,NA,NA,0,0,0,NA,NA,NA
"2051","ENST00000428849.7","ENSG00000237649.8","OTTHUMG00000031209.5","OTTHUMT00000076417.2","KIFC1-211","KIFC1",2391,"protein_coding",1311,81,0.917606890201569,"GGACA",0.493827160493827,NA,NA,NA,NA,NA,NA,NA,NA,NA,0,0,0,NA,NA,NA
"2052","ENST00000428849.7","ENSG00000237649.8","OTTHUMG00000031209.5","OTTHUMT00000076417.2","KIFC1-211","KIFC1",2391,"protein_coding",1564,108,0.979363858699799,"AGACT",0.777777777777778,NA,NA,NA,NA,NA,NA,NA,NA,NA,0,0,0,NA,NA,NA
"2053","ENST00000429029.6","ENSG00000105993.15","OTTHUMG00000157242.7","OTTHUMT00000348120.1","DNAJB6-204","DNAJB6",1609,"protein_coding",1019,114,0.91454553604126,"GAACT",0.491228070175439,NA,NA,NA,NA,NA,NA,NA,NA,NA,0,0,0,NA,NA,NA
"2054","ENST00000429360.6","ENSG00000128309.17","OTTHUMG00000150543.2","-","MPST-206","MPST",1350,"protein_coding",1060,166,0.911537051200867,"GGACA",0.506024096385542,NA,NA,NA,NA,NA,NA,NA,NA,NA,0,0,0,NA,NA,NA
"2055","ENST00000429586.7","ENSG00000161204.12","OTTHUMG00000156824.1","OTTHUMT00000346047.1","ABCF3-203","ABCF3",2446,"protein_coding",2172,48,0.94420850276947,"GGACT",0.708333333333333,NA,NA,NA,NA,NA,NA,NA,NA,NA,0,0,0,NA,NA,NA
"2056","ENST00000429586.7","ENSG00000161204.12","OTTHUMG00000156824.1","OTTHUMT00000346047.1","ABCF3-203","ABCF3",2446,"protein_coding",2327,88,0.951623976230621,"GGACT",0.625,NA,NA,NA,NA,NA,NA,NA,NA,NA,0,0,0,NA,NA,NA
"2057","ENST00000429940.7","ENSG00000185904.12","OTTHUMG00000018010.8","OTTHUMT00000047672.3","LINC00839-202","LINC00839",2254,"lncRNA",1266,20,0.948960840702057,"AGACT",0.6,NA,NA,NA,NA,NA,NA,NA,NA,NA,0,0,0,NA,NA,NA
"2058","ENST00000430372.1","ENSG00000122783.17","OTTHUMG00000155447.5","OTTHUMT00000340144.2","CYREN-203","CYREN",1579,"protein_coding",1005,46,0.988440752029419,"GGACT",0.739130434782609,NA,NA,NA,NA,NA,NA,NA,NA,NA,0,0,0,NA,NA,NA
"2059","ENST00000430372.1","ENSG00000122783.17","OTTHUMG00000155447.5","OTTHUMT00000340144.2","CYREN-203","CYREN",1579,"protein_coding",1158,53,0.990911364555359,"AGACA",0.773584905660377,NA,NA,NA,NA,NA,NA,NA,NA,NA,0,0,0,NA,NA,NA
"2060","ENST00000430566.6","ENSG00000035141.10","OTTHUMG00000129668.4","OTTHUMT00000331506.2","FAM136A-202","FAM136A",2107,"protein_coding",937,58,0.977097749710083,"GGACA",0.844827586206897,NA,NA,NA,NA,NA,NA,NA,NA,NA,0,0,0,NA,NA,NA
"2061","ENST00000430636.2","ENSG00000173402.13","OTTHUMG00000156869.11","OTTHUMT00000346342.3","DAG1-205","DAG1",5665,"protein_coding",5514,47,0.945410668849945,"GGACT",0.680851063829787,NA,NA,NA,NA,NA,NA,NA,NA,NA,0,0,0,NA,NA,NA
"2062","ENST00000430730.5","ENSG00000169919.17","OTTHUMG00000023735.5","OTTHUMT00000345091.1","GUSB-203","GUSB",1859,"nonsense_mediated_decay",1739,142,0.963233292102814,"GGACT",0.774647887323944,NA,NA,NA,NA,NA,NA,NA,NA,NA,0,0,0,NA,NA,NA
"2063","ENST00000430954.6","ENSG00000153827.15","OTTHUMG00000153623.6","OTTHUMT00000331867.2","TRIP12-208","TRIP12",6585,"protein_coding",6393,27,0.959342002868652,"AGACA",0.62962962962963,NA,NA,NA,NA,NA,NA,NA,NA,NA,0,0,0,NA,NA,NA
"2064","ENST00000431016.6","ENSG00000161217.12","OTTHUMG00000155670.2","OTTHUMT00000341151.1","PCYT1A-206","PCYT1A",5546,"protein_coding",1323,20,0.993051052093506,"GGACA",0.75,NA,NA,NA,NA,NA,NA,NA,NA,NA,0,0,0,NA,NA,NA
"2065","ENST00000431016.6","ENSG00000161217.12","OTTHUMG00000155670.2","OTTHUMT00000341151.1","PCYT1A-206","PCYT1A",5546,"protein_coding",1426,21,0.924900889396667,"GGACT",0.619047619047619,NA,NA,NA,NA,NA,NA,NA,NA,NA,0,0,0,NA,NA,NA
"2066","ENST00000431016.6","ENSG00000161217.12","OTTHUMG00000155670.2","OTTHUMT00000341151.1","PCYT1A-206","PCYT1A",5546,"protein_coding",5300,31,0.932881832122803,"TGACT",0.612903225806452,NA,NA,NA,NA,NA,NA,NA,NA,NA,0,0,0,NA,NA,NA
"2067","ENST00000431138.5","ENSG00000006634.8","OTTHUMG00000131034.7","OTTHUMT00000337969.2","DBF4-204","DBF4",2342,"nonsense_mediated_decay",1904,21,0.919233322143555,"GAACT",0.666666666666667,NA,NA,NA,NA,NA,NA,NA,NA,NA,0,0,0,NA,NA,NA
"2068","ENST00000431842.6","ENSG00000163946.14","OTTHUMG00000158827.5","OTTHUMT00000352341.2","TASOR-202","TASOR",7119,"protein_coding",4327,22,0.934206306934357,"GAACT",0.454545454545454,NA,NA,NA,NA,NA,NA,NA,NA,NA,0,0,0,NA,NA,NA
"2069","ENST00000432901.4","ENSG00000232838.4","OTTHUMG00000186019.2","OTTHUMT00000472038.2","PET117-201","PET117",1151,"protein_coding",787,69,0.973613142967224,"GGACT",0.797101449275362,NA,NA,NA,NA,NA,NA,NA,NA,NA,0,0,0,NA,NA,NA
"2070","ENST00000432918.5","ENSG00000172432.19","OTTHUMG00000014744.13","OTTHUMT00000040673.1","GTPBP2-204","GTPBP2",1850,"protein_coding",1698,43,0.965887546539307,"GGACT",0.767441860465116,NA,NA,NA,NA,NA,NA,NA,NA,NA,0,0,0,NA,NA,NA
"2071","ENST00000432999.6","ENSG00000236287.8","OTTHUMG00000150341.6","OTTHUMT00000317691.1","ZBED5-202","ZBED5",2741,"protein_coding",2481,63,0.914912641048431,"AGACT",0.714285714285714,NA,NA,NA,NA,NA,NA,NA,NA,NA,0,0,0,NA,NA,NA
"2072","ENST00000433176.6","ENSG00000123562.18","OTTHUMG00000022104.3","-","MORF4L2-204","MORF4L2",1965,"protein_coding",843,201,0.977259457111359,"GGACT",0.830845771144279,NA,NA,NA,NA,NA,NA,NA,NA,NA,0,0,0,NA,NA,NA
"2073","ENST00000433176.6","ENSG00000123562.18","OTTHUMG00000022104.3","-","MORF4L2-204","MORF4L2",1965,"protein_coding",849,214,0.95586085319519,"GGACT",0.710280373831776,NA,NA,NA,NA,NA,NA,NA,NA,NA,0,0,0,NA,NA,NA
"2074","ENST00000433259.6","ENSG00000197586.13","OTTHUMG00000032116.4","OTTHUMT00000078413.2","ENTPD6-209","ENTPD6",2654,"protein_coding",2050,23,0.916375637054443,"GGACT",0.739130434782609,NA,NA,NA,NA,NA,NA,NA,NA,NA,0,0,0,NA,NA,NA
"2075","ENST00000433271.6","ENSG00000106609.16","OTTHUMG00000129553.6","OTTHUMT00000346562.1","TMEM248-205","TMEM248",1610,"nonsense_mediated_decay",1103,125,0.982241034507751,"AGACA",0.88,NA,NA,NA,NA,NA,NA,NA,NA,NA,0,0,0,NA,NA,NA
"2076","ENST00000433297.2","ENSG00000112972.15","OTTHUMG00000162231.3","OTTHUMT00000368024.1","HMGCS1-202","HMGCS1",3466,"protein_coding",377,49,0.997917830944061,"TGACT",0.775510204081633,NA,NA,NA,NA,NA,NA,NA,NA,NA,0,0,0,NA,NA,NA
"2077","ENST00000433510.2","ENSG00000272763.1","OTTHUMG00000185832.1","OTTHUMT00000471444.1","LINC03057-202","LINC03057",1270,"lncRNA",715,27,0.990185618400574,"AGACT",0.814814814814815,NA,NA,NA,NA,NA,NA,NA,NA,NA,0,0,0,NA,NA,NA
"2078","ENST00000433892.6","ENSG00000026508.21","OTTHUMG00000044388.10","OTTHUMT00000388929.1","CD44-209","CD44",2292,"protein_coding",738,48,0.95411217212677,"AGACA",0.875,NA,NA,NA,NA,NA,NA,NA,NA,NA,0,0,0,NA,NA,NA
"2079","ENST00000433892.6","ENSG00000026508.21","OTTHUMG00000044388.10","OTTHUMT00000388929.1","CD44-209","CD44",2292,"protein_coding",1661,142,0.940736830234528,"GGACA",0.676056338028169,NA,NA,NA,NA,NA,NA,NA,NA,NA,0,0,0,NA,NA,NA
"2080","ENST00000434061.6","ENSG00000114867.22","OTTHUMG00000156784.21","OTTHUMT00000345742.2","EIF4G1-218","EIF4G1",5026,"protein_coding",4646,96,0.954259932041168,"GGACT",0.625,NA,NA,NA,NA,NA,NA,NA,NA,NA,0,0,0,NA,NA,NA
"2081","ENST00000434205.8","ENSG00000182173.14","OTTHUMG00000179684.3","OTTHUMT00000447617.2","TSEN54-202","TSEN54",2010,"protein_coding",1897,53,0.931807160377502,"GGACT",0.528301886792453,NA,NA,NA,NA,NA,NA,NA,NA,NA,0,0,0,NA,NA,NA
"2082","ENST00000434417.1","ENSG00000179965.12","OTTHUMG00000176985.4","-","ZNF771-202","ZNF771",1454,"protein_coding",808,24,0.963895797729492,"GGACT",0.791666666666667,NA,NA,NA,NA,NA,NA,NA,NA,NA,0,0,0,NA,NA,NA
"2083","ENST00000434417.1","ENSG00000179965.12","OTTHUMG00000176985.4","-","ZNF771-202","ZNF771",1454,"protein_coding",1156,55,0.976862907409668,"GGACT",0.854545454545454,NA,NA,NA,NA,NA,NA,NA,NA,NA,0,0,0,NA,NA,NA
"2084","ENST00000434436.8","ENSG00000071655.18","OTTHUMG00000180081.9","OTTHUMT00000449658.5","MBD3-202","MBD3",5678,"protein_coding",1443,65,0.990028321743011,"AGACT",0.738461538461539,NA,NA,NA,NA,NA,NA,NA,NA,NA,0,0,0,NA,NA,NA
"2085","ENST00000434436.8","ENSG00000071655.18","OTTHUMG00000180081.9","OTTHUMT00000449658.5","MBD3-202","MBD3",5678,"protein_coding",1568,83,0.986483633518219,"GGACT",0.867469879518072,NA,NA,NA,NA,NA,NA,NA,NA,NA,0,0,0,NA,NA,NA
"2086","ENST00000434436.8","ENSG00000071655.18","OTTHUMG00000180081.9","OTTHUMT00000449658.5","MBD3-202","MBD3",5678,"protein_coding",1789,151,0.93058168888092,"GGACT",0.66887417218543,NA,NA,NA,NA,NA,NA,NA,NA,NA,0,0,0,NA,NA,NA
"2087","ENST00000434436.8","ENSG00000071655.18","OTTHUMG00000180081.9","OTTHUMT00000449658.5","MBD3-202","MBD3",5678,"protein_coding",2071,195,0.982434093952179,"GGACT",0.861538461538462,NA,NA,NA,NA,NA,NA,NA,NA,NA,0,0,0,NA,NA,NA
"2088","ENST00000434436.8","ENSG00000071655.18","OTTHUMG00000180081.9","OTTHUMT00000449658.5","MBD3-202","MBD3",5678,"protein_coding",2242,210,0.902729630470276,"GGACT",0.557142857142857,NA,NA,NA,NA,NA,NA,NA,NA,NA,0,0,0,NA,NA,NA
"2089","ENST00000434436.8","ENSG00000071655.18","OTTHUMG00000180081.9","OTTHUMT00000449658.5","MBD3-202","MBD3",5678,"protein_coding",2272,201,0.974358439445496,"GGACT",0.81592039800995,NA,NA,NA,NA,NA,NA,NA,NA,NA,0,0,0,NA,NA,NA
"2090","ENST00000434472.6","ENSG00000026508.21","OTTHUMG00000044388.10","OTTHUMT00000388931.1","CD44-210","CD44",1634,"protein_coding",633,68,0.961306869983673,"AGACA",0.882352941176471,NA,NA,NA,NA,NA,NA,NA,NA,NA,0,0,0,NA,NA,NA
"2091","ENST00000434472.6","ENSG00000026508.21","OTTHUMG00000044388.10","OTTHUMT00000388931.1","CD44-210","CD44",1634,"protein_coding",1364,77,0.919729828834534,"GGACA",0.571428571428571,NA,NA,NA,NA,NA,NA,NA,NA,NA,0,0,0,NA,NA,NA
"2092","ENST00000434726.6","ENSG00000105281.12","OTTHUMG00000183434.3","OTTHUMT00000466631.1","SLC1A5-202","SLC1A5",1872,"protein_coding",1291,69,0.975358128547668,"GGACA",0.753623188405797,NA,NA,NA,NA,NA,NA,NA,NA,NA,0,0,0,NA,NA,NA
"2093","ENST00000435014.1","ENSG00000101457.13","OTTHUMG00000032610.3","OTTHUMT00000079501.1","DNTTIP1-203","DNTTIP1",930,"protein_coding",773,53,0.913262844085693,"GGACT",0.641509433962264,NA,NA,NA,NA,NA,NA,NA,NA,NA,0,0,0,NA,NA,NA
"2094","ENST00000435064.6","ENSG00000127054.22","OTTHUMG00000003330.13","OTTHUMT00000009360.2","INTS11-208","INTS11",2114,"protein_coding",1925,48,0.906377673149109,"GGACT",0.645833333333333,52,259,1803,1,52,53,1854,1855,2113,0,0,1,NA,NA,0.27027027027027
"2095","ENST00000435070.7","ENSG00000111605.18","OTTHUMG00000169340.4","OTTHUMT00000403609.2","CPSF6-202","CPSF6",6584,"protein_coding",1824,72,0.979487895965576,"GAACT",0.763888888888889,NA,NA,NA,NA,NA,NA,NA,NA,NA,0,0,0,NA,NA,NA
"2096","ENST00000435169.1","ENSG00000226085.3","OTTHUMG00000151103.1","OTTHUMT00000321323.1","UQCRFS1P1-201","UQCRFS1P1",820,"processed_pseudogene",591,115,0.957950055599213,"GGACC",0.460869565217391,NA,NA,NA,NA,NA,NA,NA,NA,NA,0,0,0,NA,NA,NA
"2097","ENST00000435406.6","ENSG00000135506.17","OTTHUMG00000170284.3","OTTHUMT00000408354.1","OS9-206","OS9",2346,"protein_coding",1746,48,0.975748479366302,"GGACT",0.833333333333333,NA,NA,NA,NA,NA,NA,NA,NA,NA,0,0,0,NA,NA,NA
"2098","ENST00000435406.6","ENSG00000135506.17","OTTHUMG00000170284.3","OTTHUMT00000408354.1","OS9-206","OS9",2346,"protein_coding",1821,43,0.933761358261108,"GGACC",0.418604651162791,NA,NA,NA,NA,NA,NA,NA,NA,NA,0,0,0,NA,NA,NA
"2099","ENST00000435506.7","ENSG00000141698.17","OTTHUMG00000133499.10","OTTHUMT00000257430.3","NT5C3B-203","NT5C3B",1408,"protein_coding",1160,230,0.905247211456299,"GGACC",0.508695652173913,NA,NA,NA,NA,NA,NA,NA,NA,NA,0,0,0,NA,NA,NA
"2100","ENST00000435634.3","ENSG00000223496.3","OTTHUMG00000137578.2","OTTHUMT00000268966.2","EXOSC6-201","EXOSC6",5163,"protein_coding",977,42,0.997039675712585,"TGACT",0.857142857142857,NA,NA,NA,NA,NA,NA,NA,NA,NA,0,0,0,NA,NA,NA
"2101","ENST00000435634.3","ENSG00000223496.3","OTTHUMG00000137578.2","OTTHUMT00000268966.2","EXOSC6-201","EXOSC6",5163,"protein_coding",988,42,0.984170019626617,"GGACT",0.928571428571429,NA,NA,NA,NA,NA,NA,NA,NA,NA,0,0,0,NA,NA,NA
"2102","ENST00000435634.3","ENSG00000223496.3","OTTHUMG00000137578.2","OTTHUMT00000268966.2","EXOSC6-201","EXOSC6",5163,"protein_coding",1013,41,0.957395017147064,"GGACT",0.780487804878049,NA,NA,NA,NA,NA,NA,NA,NA,NA,0,0,0,NA,NA,NA
"2103","ENST00000435634.3","ENSG00000223496.3","OTTHUMG00000137578.2","OTTHUMT00000268966.2","EXOSC6-201","EXOSC6",5163,"protein_coding",1031,48,0.937527477741241,"GGACT",0.770833333333333,NA,NA,NA,NA,NA,NA,NA,NA,NA,0,0,0,NA,NA,NA
"2104","ENST00000435634.3","ENSG00000223496.3","OTTHUMG00000137578.2","OTTHUMT00000268966.2","EXOSC6-201","EXOSC6",5163,"protein_coding",1094,68,0.903021335601807,"GGACC",0.397058823529412,NA,NA,NA,NA,NA,NA,NA,NA,NA,0,0,0,NA,NA,NA
"2105","ENST00000435634.3","ENSG00000223496.3","OTTHUMG00000137578.2","OTTHUMT00000268966.2","EXOSC6-201","EXOSC6",5163,"protein_coding",1111,68,0.905520021915436,"GGACC",0.617647058823529,NA,NA,NA,NA,NA,NA,NA,NA,NA,0,0,0,NA,NA,NA
"2106","ENST00000435634.3","ENSG00000223496.3","OTTHUMG00000137578.2","OTTHUMT00000268966.2","EXOSC6-201","EXOSC6",5163,"protein_coding",1598,125,0.958308339118958,"GGACT",0.672,NA,NA,NA,NA,NA,NA,NA,NA,NA,0,0,0,NA,NA,NA
"2107","ENST00000435822.6","ENSG00000138867.17","OTTHUMG00000150728.3","OTTHUMT00000319820.1","GUCD1-206","GUCD1",3435,"protein_coding",3315,20,0.976569473743439,"GGACA",0.9,NA,NA,NA,NA,NA,NA,NA,NA,NA,0,0,0,NA,NA,NA
"2108","ENST00000436063.7","ENSG00000067334.14","OTTHUMG00000010268.7","OTTHUMT00000028317.4","DNTTIP2-202","DNTTIP2",5896,"protein_coding",292,27,0.958385109901428,"GGACT",0.777777777777778,NA,NA,NA,NA,NA,NA,NA,NA,NA,0,0,0,NA,NA,NA
"2109","ENST00000436063.7","ENSG00000067334.14","OTTHUMG00000010268.7","OTTHUMT00000028317.4","DNTTIP2-202","DNTTIP2",5896,"protein_coding",697,48,0.916040301322937,"AAACT",0.479166666666667,NA,NA,NA,NA,NA,NA,NA,NA,NA,0,0,0,NA,NA,NA
"2110","ENST00000436088.6","ENSG00000108312.16","OTTHUMG00000167585.6","OTTHUMT00000395214.2","UBTF-204","UBTF",4795,"protein_coding",2576,21,0.963444828987122,"AGACT",0.523809523809524,NA,NA,NA,NA,NA,NA,NA,NA,NA,0,0,0,NA,NA,NA
"2111","ENST00000436117.3","ENSG00000105976.16","OTTHUMG00000023299.10","-","MET-204","MET",6722,"nonsense_mediated_decay",6426,57,0.915761947631836,"GAACT",0.526315789473684,NA,NA,NA,NA,NA,NA,NA,NA,NA,0,0,0,NA,NA,NA
"2112","ENST00000436547.7","ENSG00000151923.18","OTTHUMG00000019156.8","OTTHUMT00000050672.2","TIAL1-205","TIAL1",3827,"protein_coding",1633,113,0.96872478723526,"GGACT",0.734513274336283,NA,NA,NA,NA,NA,NA,NA,NA,NA,0,0,0,NA,NA,NA
"2113","ENST00000436697.3","ENSG00000225973.4","OTTHUMG00000172653.6","OTTHUMT00000419683.3","PIGBOS1-201","PIGBOS1",944,"protein_coding",840,22,0.944832623004913,"GAACT",0.772727272727273,NA,NA,NA,NA,NA,NA,NA,NA,NA,0,0,0,NA,NA,NA
"2114","ENST00000437259.5","ENSG00000165802.23","OTTHUMG00000020989.5","-","NSMF-208","NSMF",3577,"protein_coding",2695,62,0.939758539199829,"GGACT",0.629032258064516,NA,NA,NA,NA,NA,NA,NA,NA,NA,0,0,0,NA,NA,NA
"2115","ENST00000437425.7","ENSG00000127990.19","OTTHUMG00000022828.19","OTTHUMT00000340755.2","SGCE-204","SGCE",1532,"protein_coding",1211,51,0.920720815658569,"GAACT",0.450980392156863,NA,NA,NA,NA,NA,NA,NA,NA,NA,0,0,0,NA,NA,NA
"2116","ENST00000437604.6","ENSG00000091140.15","OTTHUMG00000154813.4","OTTHUMT00000337198.1","DLD-204","DLD",1859,"protein_coding",1563,30,0.951042234897614,"GGACT",0.633333333333333,NA,NA,NA,NA,NA,NA,NA,NA,NA,0,0,0,NA,NA,NA
"2117","ENST00000437787.6","ENSG00000102181.22","OTTHUMG00000024247.7","-","CD99L2-205","CD99L2",3493,"protein_coding",3171,20,0.962642729282379,"GGACT",0.85,NA,NA,NA,NA,NA,NA,NA,NA,NA,0,0,0,NA,NA,NA
"2118","ENST00000438389.6","ENSG00000063241.8","OTTHUMG00000180830.3","OTTHUMT00000453177.1","ISOC2-203","ISOC2",1566,"protein_coding",1420,116,0.971344172954559,"AGACT",0.767241379310345,NA,NA,NA,NA,NA,NA,NA,NA,NA,0,0,0,NA,NA,NA
"2119","ENST00000438576.3","ENSG00000175573.7","OTTHUMG00000157153.3","OTTHUMT00000347644.3","C11orf68-201","C11orf68",1562,"protein_coding",260,52,0.980668127536774,"GGACC",0.615384615384615,NA,NA,NA,NA,NA,NA,NA,NA,NA,0,0,0,NA,NA,NA
"2120","ENST00000438576.3","ENSG00000175573.7","OTTHUMG00000157153.3","OTTHUMT00000347644.3","C11orf68-201","C11orf68",1562,"protein_coding",698,65,0.938756942749023,"GGACC",0.615384615384615,NA,NA,NA,NA,NA,NA,NA,NA,NA,0,0,0,NA,NA,NA
"2121","ENST00000438576.3","ENSG00000175573.7","OTTHUMG00000157153.3","OTTHUMT00000347644.3","C11orf68-201","C11orf68",1562,"protein_coding",903,92,0.95093834400177,"GAACT",0.641304347826087,NA,NA,NA,NA,NA,NA,NA,NA,NA,0,0,0,NA,NA,NA
"2122","ENST00000438576.3","ENSG00000175573.7","OTTHUMG00000157153.3","OTTHUMT00000347644.3","C11orf68-201","C11orf68",1562,"protein_coding",1061,129,0.976388931274414,"GAACT",0.674418604651163,NA,NA,NA,NA,NA,NA,NA,NA,NA,0,0,0,NA,NA,NA
"2123","ENST00000439023.3","ENSG00000249590.7","OTTHUMG00000160853.2","OTTHUMT00000362675.2","ENST00000439023","ENSG00000249590",694,"protein_coding",478,21,0.964346170425415,"GGACC",0.666666666666667,NA,NA,NA,NA,NA,NA,NA,NA,NA,0,0,0,NA,NA,NA
"2124","ENST00000439023.3","ENSG00000249590.7","OTTHUMG00000160853.2","OTTHUMT00000362675.2","ENST00000439023","ENSG00000249590",694,"protein_coding",541,22,0.983767867088318,"AGACT",0.681818181818182,NA,NA,NA,NA,NA,NA,NA,NA,NA,0,0,0,NA,NA,NA
"2125","ENST00000439247.2","ENSG00000197136.5","OTTHUMG00000166539.2","OTTHUMT00000390324.1","PCNX3-202","PCNX3",3104,"retained_intron",2854,56,0.912260770797729,"GAACT",0.464285714285714,NA,NA,NA,NA,NA,NA,NA,NA,NA,0,0,0,NA,NA,NA
"2126","ENST00000439247.2","ENSG00000197136.5","OTTHUMG00000166539.2","OTTHUMT00000390324.1","PCNX3-202","PCNX3",3104,"retained_intron",2918,58,0.908828496932983,"AAACT",0.603448275862069,NA,NA,NA,NA,NA,NA,NA,NA,NA,0,0,0,NA,NA,NA
"2127","ENST00000439476.6","ENSG00000176697.20","OTTHUMG00000178797.3","OTTHUMT00000388134.2","BDNF-209","BDNF",4532,"protein_coding",1864,23,0.964295208454132,"GAACT",0.608695652173913,NA,NA,NA,NA,NA,NA,NA,NA,NA,0,0,0,NA,NA,NA
"2128","ENST00000439561.7","ENSG00000129083.13","OTTHUMG00000165824.2","OTTHUMT00000386411.1","COPB1-202","COPB1",3336,"protein_coding",2069,24,0.96994286775589,"AGACA",0.791666666666667,NA,NA,NA,NA,NA,NA,NA,NA,NA,0,0,0,NA,NA,NA
"2129","ENST00000439720.3","ENSG00000154710.18","OTTHUMG00000129547.8","OTTHUMT00000345649.2","RABGEF1-202","RABGEF1",3065,"protein_coding",1529,25,0.912086486816406,"GGACA",0.64,NA,NA,NA,NA,NA,NA,NA,NA,NA,0,0,0,NA,NA,NA
"2130","ENST00000439838.5","ENSG00000249590.7","OTTHUMG00000160853.2","OTTHUMT00000362674.1","ENST00000439838","ENSG00000249590",1470,"protein_coding",1257,46,0.973654806613922,"GGACC",0.652173913043478,NA,NA,NA,NA,NA,NA,NA,NA,NA,0,0,0,NA,NA,NA
"2131","ENST00000439838.5","ENSG00000249590.7","OTTHUMG00000160853.2","OTTHUMT00000362674.1","ENST00000439838","ENSG00000249590",1470,"protein_coding",1320,45,0.982455253601074,"AGACT",0.688888888888889,NA,NA,NA,NA,NA,NA,NA,NA,NA,0,0,0,NA,NA,NA
"2132","ENST00000439924.6","ENSG00000182149.21","OTTHUMG00000137597.9","OTTHUMT00000399582.2","IST1-205","IST1",1841,"nonsense_mediated_decay",848,24,0.993740200996399,"AGACT",0.875,NA,NA,NA,NA,NA,NA,NA,NA,NA,0,0,0,NA,NA,NA
"2133","ENST00000439929.1","ENSG00000225770.1","OTTHUMG00000155584.1","OTTHUMT00000340781.1","RPS29P3-201","RPS29P3",171,"processed_pseudogene",166,62,0.937916696071625,"GGACT",0.629032258064516,NA,NA,NA,NA,NA,NA,NA,NA,NA,0,0,0,NA,NA,NA
"2134","ENST00000439958.8","ENSG00000149532.16","OTTHUMG00000168198.5","OTTHUMT00000347834.2","CPSF7-205","CPSF7",3487,"protein_coding",2999,54,0.927435159683228,"GGACT",0.62962962962963,NA,NA,NA,NA,NA,NA,NA,NA,NA,0,0,0,NA,NA,NA
"2135","ENST00000439977.7","ENSG00000051108.15","OTTHUMG00000133276.10","OTTHUMT00000257056.7","HERPUD1-204","HERPUD1",2853,"protein_coding",1321,53,0.959092915058136,"GGACT",0.69811320754717,NA,NA,NA,NA,NA,NA,NA,NA,NA,0,0,0,NA,NA,NA
"2136","ENST00000440191.6","ENSG00000156976.17","OTTHUMG00000156564.6","OTTHUMT00000344612.1","EIF4A2-205","EIF4A2",1889,"protein_coding",1463,178,0.902011096477509,"AGACT",0.48314606741573,NA,NA,NA,NA,NA,NA,NA,NA,NA,0,0,0,NA,NA,NA
"2137","ENST00000440274.5","ENSG00000023228.15","OTTHUMG00000132892.7","OTTHUMT00000336448.1","NDUFS1-204","NDUFS1",2394,"protein_coding",631,23,0.901553094387054,"GAACT",0.565217391304348,NA,NA,NA,NA,NA,NA,NA,NA,NA,0,0,0,NA,NA,NA
"2138","ENST00000440306.3","ENSG00000122687.19","OTTHUMG00000023866.8","-","MRM2-203","MRM2",1570,"protein_coding",854,55,0.927068293094635,"GGACA",0.581818181818182,NA,NA,NA,NA,NA,NA,NA,NA,NA,0,0,0,NA,NA,NA
"2139","ENST00000440306.3","ENSG00000122687.19","OTTHUMG00000023866.8","-","MRM2-203","MRM2",1570,"protein_coding",1023,66,0.91310715675354,"AGACT",0.787878787878788,NA,NA,NA,NA,NA,NA,NA,NA,NA,0,0,0,NA,NA,NA
"2140","ENST00000440306.3","ENSG00000122687.19","OTTHUMG00000023866.8","-","MRM2-203","MRM2",1570,"protein_coding",1090,57,0.963840305805206,"GGACT",0.684210526315789,NA,NA,NA,NA,NA,NA,NA,NA,NA,0,0,0,NA,NA,NA
"2141","ENST00000440306.3","ENSG00000122687.19","OTTHUMG00000023866.8","-","MRM2-203","MRM2",1570,"protein_coding",1104,70,0.97279942035675,"AGACT",0.785714285714286,NA,NA,NA,NA,NA,NA,NA,NA,NA,0,0,0,NA,NA,NA
"2142","ENST00000440362.5","ENSG00000128581.17","OTTHUMG00000157136.4","OTTHUMT00000347566.1","IFT22-205","IFT22",1727,"retained_intron",1612,22,0.917558789253235,"GAACT",0.363636363636364,NA,NA,NA,NA,NA,NA,NA,NA,NA,0,0,0,NA,NA,NA
"2143","ENST00000440385.5","ENSG00000244005.13","OTTHUMG00000032361.12","OTTHUMT00000078937.4","NFS1-208","NFS1",1794,"nonsense_mediated_decay",1417,54,0.915631890296936,"AGACA",0.537037037037037,NA,NA,NA,NA,NA,NA,NA,NA,NA,0,0,0,NA,NA,NA
"2144","ENST00000440410.5","ENSG00000091140.15","OTTHUMG00000154813.4","OTTHUMT00000337196.1","DLD-205","DLD",1993,"protein_coding",1639,87,0.915834546089172,"GGACT",0.574712643678161,NA,NA,NA,NA,NA,NA,NA,NA,NA,0,0,0,NA,NA,NA
"2145","ENST00000440428.5","ENSG00000262919.8","OTTHUMG00000024206.8","OTTHUMT00000060993.4","CCNQ-202","CCNQ",1164,"protein_coding",1070,156,0.923466444015503,"AGACT",0.58974358974359,NA,NA,NA,NA,NA,NA,NA,NA,NA,0,0,0,NA,NA,NA
"2146","ENST00000440783.2","ENSG00000166123.14","OTTHUMG00000132541.5","OTTHUMT00000430623.1","GPT2-202","GPT2",4228,"protein_coding",2016,21,0.901567101478577,"TGACT",0.761904761904762,665,2291,1272,1,665,666,1936,1937,4227,0,0,1,NA,NA,0.0344827586206897
"2147","ENST00000440865.2","ENSG00000153187.21","OTTHUMG00000040396.17","OTTHUMT00000097164.4","HNRNPU-204","HNRNPU",3207,"protein_coding",2180,288,0.964897871017456,"GAACT",0.666666666666667,NA,NA,NA,NA,NA,NA,NA,NA,NA,0,0,0,NA,NA,NA
"2148","ENST00000441076.7","ENSG00000123562.18","OTTHUMG00000022104.3","OTTHUMT00000057732.2","MORF4L2-206","MORF4L2",1866,"protein_coding",742,195,0.977565824985504,"GGACT",0.830769230769231,NA,NA,NA,NA,NA,NA,NA,NA,NA,0,0,0,NA,NA,NA
"2149","ENST00000441076.7","ENSG00000123562.18","OTTHUMG00000022104.3","OTTHUMT00000057732.2","MORF4L2-206","MORF4L2",1866,"protein_coding",748,208,0.956283092498779,"GGACT",0.711538461538462,NA,NA,NA,NA,NA,NA,NA,NA,NA,0,0,0,NA,NA,NA
"2150","ENST00000441250.6","ENSG00000149761.9","OTTHUMG00000167791.8","OTTHUMT00000396303.2","NUDT22-204","NUDT22",986,"protein_coding",511,122,0.934521019458771,"GGACC",0.385245901639344,NA,NA,NA,NA,NA,NA,NA,NA,NA,0,0,0,NA,NA,NA
"2151","ENST00000441339.3","ENSG00000172927.9","OTTHUMG00000167836.5","OTTHUMT00000396546.2","MYEOV-202","MYEOV",2381,"protein_coding",1170,52,0.950179100036621,"GGACT",0.692307692307692,NA,NA,NA,NA,NA,NA,NA,NA,NA,0,0,0,NA,NA,NA
"2152","ENST00000441339.3","ENSG00000172927.9","OTTHUMG00000167836.5","OTTHUMT00000396546.2","MYEOV-202","MYEOV",2381,"protein_coding",1327,62,0.926470100879669,"TGACT",0.467741935483871,NA,NA,NA,NA,NA,NA,NA,NA,NA,0,0,0,NA,NA,NA
"2153","ENST00000441339.3","ENSG00000172927.9","OTTHUMG00000167836.5","OTTHUMT00000396546.2","MYEOV-202","MYEOV",2381,"protein_coding",1336,64,0.903990745544434,"TGACT",0.625,NA,NA,NA,NA,NA,NA,NA,NA,NA,0,0,0,NA,NA,NA
"2154","ENST00000441611.5","ENSG00000196072.12","OTTHUMG00000018908.3","OTTHUMT00000049860.2","BLOC1S2-203","BLOC1S2",2024,"protein_coding",672,52,0.960157692432404,"GGACT",0.576923076923077,NA,NA,NA,NA,NA,NA,NA,NA,NA,0,0,0,NA,NA,NA
"2155","ENST00000441611.5","ENSG00000196072.12","OTTHUMG00000018908.3","OTTHUMT00000049860.2","BLOC1S2-203","BLOC1S2",2024,"protein_coding",775,84,0.948176741600037,"AGACT",0.821428571428571,NA,NA,NA,NA,NA,NA,NA,NA,NA,0,0,0,NA,NA,NA
"2156","ENST00000441867.6","ENSG00000204574.14","OTTHUMG00000031094.8","OTTHUMT00000076138.5","ABCF1-203","ABCF1",3426,"protein_coding",2790,92,0.920280694961548,"AGACT",0.83695652173913,NA,NA,NA,NA,NA,NA,NA,NA,NA,0,0,0,NA,NA,NA
"2157","ENST00000441867.6","ENSG00000204574.14","OTTHUMG00000031094.8","OTTHUMT00000076138.5","ABCF1-203","ABCF1",3426,"protein_coding",2920,110,0.969500005245209,"GGACT",0.718181818181818,NA,NA,NA,NA,NA,NA,NA,NA,NA,0,0,0,NA,NA,NA
"2158","ENST00000441867.6","ENSG00000204574.14","OTTHUMG00000031094.8","OTTHUMT00000076138.5","ABCF1-203","ABCF1",3426,"protein_coding",3025,122,0.970695555210114,"TGACT",0.844262295081967,NA,NA,NA,NA,NA,NA,NA,NA,NA,0,0,0,NA,NA,NA
"2159","ENST00000441964.1","ENSG00000144647.7","OTTHUMG00000133038.3","OTTHUMT00000344280.1","POMGNT2-202","POMGNT2",2531,"protein_coding",2253,21,0.929442524909973,"GGACC",0.619047619047619,NA,NA,NA,NA,NA,NA,NA,NA,NA,0,0,0,NA,NA,NA
"2160","ENST00000442039.3","ENSG00000174109.5","OTTHUMG00000192232.2","OTTHUMT00000432502.2","UQCC4-201","UQCC4",917,"protein_coding",328,34,0.960146605968475,"GGACC",0.617647058823529,NA,NA,NA,NA,NA,NA,NA,NA,NA,0,0,0,NA,NA,NA
"2161","ENST00000442039.3","ENSG00000174109.5","OTTHUMG00000192232.2","OTTHUMT00000432502.2","UQCC4-201","UQCC4",917,"protein_coding",496,55,0.939737558364868,"TGACT",0.690909090909091,NA,NA,NA,NA,NA,NA,NA,NA,NA,0,0,0,NA,NA,NA
"2162","ENST00000442039.3","ENSG00000174109.5","OTTHUMG00000192232.2","OTTHUMT00000432502.2","UQCC4-201","UQCC4",917,"protein_coding",533,57,0.942227303981781,"GGACT",0.771929824561403,NA,NA,NA,NA,NA,NA,NA,NA,NA,0,0,0,NA,NA,NA
"2163","ENST00000442092.5","ENSG00000004534.15","OTTHUMG00000156736.13","OTTHUMT00000345533.3","RBM6-210","RBM6",2260,"protein_coding",2229,28,0.941575407981873,"GAACT",0.607142857142857,NA,NA,NA,NA,NA,NA,NA,NA,NA,0,0,0,NA,NA,NA
"2164","ENST00000442148.6","ENSG00000095787.26","OTTHUMG00000017872.11","OTTHUMT00000047364.3","WAC-211","WAC",5554,"protein_coding",3029,20,0.919941067695618,"GAACT",0.55,NA,NA,NA,NA,NA,NA,NA,NA,NA,0,0,0,NA,NA,NA
"2165","ENST00000442215.6","ENSG00000163832.16","OTTHUMG00000133521.14","OTTHUMT00000345336.2","ELP6-206","ELP6",1277,"nonsense_mediated_decay",880,28,0.990679085254669,"GGACT",0.892857142857143,NA,NA,NA,NA,NA,NA,NA,NA,NA,0,0,0,NA,NA,NA
"2166","ENST00000442406.5","ENSG00000114867.22","OTTHUMG00000156784.21","OTTHUMT00000345728.1","EIF4G1-222","EIF4G1",5129,"nonsense_mediated_decay",4747,188,0.941560029983521,"GGACT",0.643617021276596,NA,NA,NA,NA,NA,NA,NA,NA,NA,0,0,0,NA,NA,NA
"2167","ENST00000442415.7","ENSG00000132155.14","OTTHUMG00000129789.8","OTTHUMT00000339671.2","RAF1-205","RAF1",3251,"protein_coding",2455,51,0.950775504112244,"GGACC",0.686274509803922,NA,NA,NA,NA,NA,NA,NA,NA,NA,0,0,0,NA,NA,NA
"2168","ENST00000442415.7","ENSG00000132155.14","OTTHUMG00000129789.8","OTTHUMT00000339671.2","RAF1-205","RAF1",3251,"protein_coding",2765,64,0.915035724639893,"GGACT",0.703125,NA,NA,NA,NA,NA,NA,NA,NA,NA,0,0,0,NA,NA,NA
"2169","ENST00000442597.6","ENSG00000172113.10","OTTHUMG00000133531.6","OTTHUMT00000346109.1","NME6-209","NME6",2903,"protein_coding",815,20,0.900651395320892,"GAACT",0.6,NA,NA,NA,NA,NA,NA,NA,NA,NA,0,0,0,NA,NA,NA
"2170","ENST00000442908.2","ENSG00000183444.10","OTTHUMG00000154186.2","OTTHUMT00000334303.2","OR7E38P-201","OR7E38P",985,"unprocessed_pseudogene",416,103,0.922425448894501,"TGACT",0.466019417475728,NA,NA,NA,NA,NA,NA,NA,NA,NA,0,0,0,NA,NA,NA
"2171","ENST00000442998.6","ENSG00000030110.14","OTTHUMG00000014530.4","-","BAK1-202","BAK1",2212,"protein_coding",1001,23,0.908709824085236,"GGACT",0.478260869565217,NA,NA,NA,NA,NA,NA,NA,NA,NA,0,0,0,NA,NA,NA
"2172","ENST00000443081.5","ENSG00000004534.15","OTTHUMG00000156736.13","OTTHUMT00000345553.2","RBM6-211","RBM6",4010,"protein_coding",3980,28,0.953451633453369,"GAACT",0.642857142857143,NA,NA,NA,NA,NA,NA,NA,NA,NA,0,0,0,NA,NA,NA
"2173","ENST00000443296.1","ENSG00000244274.9","OTTHUMG00000032576.2","OTTHUMT00000079449.1","DBNDD2-209","DBNDD2",1233,"protein_coding",851,50,0.907325088977814,"AGACT",0.54,NA,NA,NA,NA,NA,NA,NA,NA,NA,0,0,0,NA,NA,NA
"2174","ENST00000443524.6","ENSG00000109854.14","OTTHUMG00000166015.6","OTTHUMT00000387442.1","HTATIP2-203","HTATIP2",967,"protein_coding",652,24,0.91566276550293,"AGACT",0.333333333333333,NA,NA,NA,NA,NA,NA,NA,NA,NA,0,0,0,NA,NA,NA
"2175","ENST00000443950.6","ENSG00000169813.17","OTTHUMG00000018029.3","-","HNRNPF-204","HNRNPF",2755,"protein_coding",584,52,0.954355180263519,"TGACT",0.557692307692308,NA,NA,NA,NA,NA,NA,NA,NA,NA,0,0,0,NA,NA,NA
"2176","ENST00000443950.6","ENSG00000169813.17","OTTHUMG00000018029.3","-","HNRNPF-204","HNRNPF",2755,"protein_coding",723,57,0.932876467704773,"GGACA",0.403508771929824,NA,NA,NA,NA,NA,NA,NA,NA,NA,0,0,0,NA,NA,NA
"2177","ENST00000443950.6","ENSG00000169813.17","OTTHUMG00000018029.3","-","HNRNPF-204","HNRNPF",2755,"protein_coding",837,53,0.984207153320312,"GGACT",0.622641509433962,NA,NA,NA,NA,NA,NA,NA,NA,NA,0,0,0,NA,NA,NA
"2178","ENST00000443950.6","ENSG00000169813.17","OTTHUMG00000018029.3","-","HNRNPF-204","HNRNPF",2755,"protein_coding",1129,75,0.968417227268219,"GGACT",0.733333333333333,NA,NA,NA,NA,NA,NA,NA,NA,NA,0,0,0,NA,NA,NA
"2179","ENST00000443950.6","ENSG00000169813.17","OTTHUMG00000018029.3","-","HNRNPF-204","HNRNPF",2755,"protein_coding",1560,167,0.937495470046997,"GAACT",0.574850299401198,NA,NA,NA,NA,NA,NA,NA,NA,NA,0,0,0,NA,NA,NA
"2180","ENST00000443980.6","ENSG00000157191.20","OTTHUMG00000002313.5","OTTHUMT00000368120.1","NECAP2-202","NECAP2",1929,"protein_coding",1358,43,0.933290719985962,"GAACT",0.604651162790698,NA,NA,NA,NA,NA,NA,NA,NA,NA,0,0,0,NA,NA,NA
"2181","ENST00000444232.3","ENSG00000170846.17","OTTHUMG00000125505.7","OTTHUMT00000280445.3","MRFAP1L2-202","MRFAP1L2",1605,"nonsense_mediated_decay",764,22,0.920471608638763,"AGACA",0.590909090909091,NA,NA,NA,NA,NA,NA,NA,NA,NA,0,0,0,NA,NA,NA
"2182","ENST00000444232.3","ENSG00000170846.17","OTTHUMG00000125505.7","OTTHUMT00000280445.3","MRFAP1L2-202","MRFAP1L2",1605,"nonsense_mediated_decay",921,46,0.981128931045532,"GGACT",0.804347826086957,NA,NA,NA,NA,NA,NA,NA,NA,NA,0,0,0,NA,NA,NA
"2183","ENST00000444232.3","ENSG00000170846.17","OTTHUMG00000125505.7","OTTHUMT00000280445.3","MRFAP1L2-202","MRFAP1L2",1605,"nonsense_mediated_decay",1092,47,0.911379814147949,"GGACC",0.425531914893617,NA,NA,NA,NA,NA,NA,NA,NA,NA,0,0,0,NA,NA,NA
"2184","ENST00000444232.3","ENSG00000170846.17","OTTHUMG00000125505.7","OTTHUMT00000280445.3","MRFAP1L2-202","MRFAP1L2",1605,"nonsense_mediated_decay",1278,59,0.964569807052612,"TGACT",0.76271186440678,NA,NA,NA,NA,NA,NA,NA,NA,NA,0,0,0,NA,NA,NA
"2185","ENST00000444376.7","ENSG00000153187.21","OTTHUMG00000040396.17","OTTHUMT00000097162.5","HNRNPU-205","HNRNPU",6827,"protein_coding",2691,299,0.962007224559784,"GAACT",0.645484949832776,NA,NA,NA,NA,NA,NA,NA,NA,NA,0,0,0,NA,NA,NA
"2186","ENST00000444522.6","ENSG00000158552.13","OTTHUMG00000133135.17","-","ZFAND2B-212","ZFAND2B",1199,"protein_coding",632,28,0.935382127761841,"GGACA",0.571428571428571,NA,NA,NA,NA,NA,NA,NA,NA,NA,0,0,0,NA,NA,NA
"2187","ENST00000444957.3","ENSG00000214022.12","OTTHUMG00000158330.4","-","REPIN1-203","REPIN1",2969,"protein_coding",1968,23,0.918242454528809,"GGACA",0.565217391304348,NA,NA,NA,NA,NA,NA,NA,NA,NA,0,0,0,NA,NA,NA
"2188","ENST00000444957.3","ENSG00000214022.12","OTTHUMG00000158330.4","-","REPIN1-203","REPIN1",2969,"protein_coding",2656,62,0.974876463413239,"GGACT",0.709677419354839,NA,NA,NA,NA,NA,NA,NA,NA,NA,0,0,0,NA,NA,NA
"2189","ENST00000444957.3","ENSG00000214022.12","OTTHUMG00000158330.4","-","REPIN1-203","REPIN1",2969,"protein_coding",2733,25,0.94999486207962,"GGACA",0.64,NA,NA,NA,NA,NA,NA,NA,NA,NA,0,0,0,NA,NA,NA
"2190","ENST00000444983.6","ENSG00000105173.14","OTTHUMG00000177626.4","OTTHUMT00000438140.1","CCNE1-203","CCNE1",1680,"protein_coding",1269,22,0.922869622707367,"AGACA",0.363636363636364,NA,NA,NA,NA,NA,NA,NA,NA,NA,0,0,0,NA,NA,NA
"2191","ENST00000444983.6","ENSG00000105173.14","OTTHUMG00000177626.4","OTTHUMT00000438140.1","CCNE1-203","CCNE1",1680,"protein_coding",1524,42,0.976548969745636,"GGACT",0.761904761904762,NA,NA,NA,NA,NA,NA,NA,NA,NA,0,0,0,NA,NA,NA
"2192","ENST00000445193.7","ENSG00000163684.12","OTTHUMG00000159152.2","OTTHUMT00000353527.2","RPP14-202","RPP14",7985,"protein_coding",1053,21,0.927755236625671,"AGACT",0.761904761904762,NA,NA,NA,NA,NA,NA,NA,NA,NA,0,0,0,NA,NA,NA
"2193","ENST00000445724.3","ENSG00000183255.12","OTTHUMG00000090254.2","-","PTTG1IP-204","PTTG1IP",2497,"protein_coding",926,53,0.924688577651978,"GAACT",0.490566037735849,NA,NA,NA,NA,NA,NA,NA,NA,NA,0,0,0,NA,NA,NA
"2194","ENST00000445724.3","ENSG00000183255.12","OTTHUMG00000090254.2","-","PTTG1IP-204","PTTG1IP",2497,"protein_coding",962,50,0.910705804824829,"GGACA",0.38,NA,NA,NA,NA,NA,NA,NA,NA,NA,0,0,0,NA,NA,NA
"2195","ENST00000445724.3","ENSG00000183255.12","OTTHUMG00000090254.2","-","PTTG1IP-204","PTTG1IP",2497,"protein_coding",2171,304,0.900016903877258,"GGACT",0.661184210526316,NA,NA,NA,NA,NA,NA,NA,NA,NA,0,0,0,NA,NA,NA
"2196","ENST00000446023.6","ENSG00000131446.17","OTTHUMG00000130937.6","OTTHUMT00000368189.1","MGAT1-205","MGAT1",3175,"protein_coding",1784,20,0.907500743865967,"GGACC",0.55,NA,NA,NA,NA,NA,NA,NA,NA,NA,0,0,0,NA,NA,NA
"2197","ENST00000446023.6","ENSG00000131446.17","OTTHUMG00000130937.6","OTTHUMT00000368189.1","MGAT1-205","MGAT1",3175,"protein_coding",1873,51,0.970029473304749,"GGACC",0.686274509803922,NA,NA,NA,NA,NA,NA,NA,NA,NA,0,0,0,NA,NA,NA
"2198","ENST00000446026.1","ENSG00000163866.9","OTTHUMG00000004375.4","OTTHUMT00000012716.2","SMIM12-204","SMIM12",2817,"protein_coding",2109,92,0.997787535190582,"GGACA",0.83695652173913,NA,NA,NA,NA,NA,NA,NA,NA,NA,0,0,0,NA,NA,NA
"2199","ENST00000446026.1","ENSG00000163866.9","OTTHUMG00000004375.4","OTTHUMT00000012716.2","SMIM12-204","SMIM12",2817,"protein_coding",2174,92,0.993819236755371,"GGACA",0.760869565217391,NA,NA,NA,NA,NA,NA,NA,NA,NA,0,0,0,NA,NA,NA
"2200","ENST00000446108.5","ENSG00000134453.16","OTTHUMG00000017618.4","-","RBM17-205","RBM17",3751,"protein_coding",1966,62,0.926671087741852,"GGACT",0.580645161290323,NA,NA,NA,NA,NA,NA,NA,NA,NA,0,0,0,NA,NA,NA
"2201","ENST00000446342.5","ENSG00000122861.16","OTTHUMG00000018494.6","-","PLAU-202","PLAU",2658,"protein_coding",1815,59,0.937421023845673,"AGACT",0.508474576271186,NA,NA,NA,NA,NA,NA,NA,NA,NA,0,0,0,NA,NA,NA
"2202","ENST00000446342.5","ENSG00000122861.16","OTTHUMG00000018494.6","-","PLAU-202","PLAU",2658,"protein_coding",1990,68,0.986141085624695,"GGACT",0.926470588235294,NA,NA,NA,NA,NA,NA,NA,NA,NA,0,0,0,NA,NA,NA
"2203","ENST00000446526.8","ENSG00000161542.17","OTTHUMG00000155969.5","OTTHUMT00000342480.3","PRPSAP1-206","PRPSAP1",3435,"protein_coding",1272,25,0.952174603939056,"AGACT",0.6,NA,NA,NA,NA,NA,NA,NA,NA,NA,0,0,0,NA,NA,NA
"2204","ENST00000446526.8","ENSG00000161542.17","OTTHUMG00000155969.5","OTTHUMT00000342480.3","PRPSAP1-206","PRPSAP1",3435,"protein_coding",1460,44,0.978064894676208,"GGACT",0.659090909090909,NA,NA,NA,NA,NA,NA,NA,NA,NA,0,0,0,NA,NA,NA
"2205","ENST00000446735.6","ENSG00000167085.14","OTTHUMG00000134271.10","OTTHUMT00000364814.1","PHB1-205","PHB1",1604,"protein_coding",1344,24,0.936629831790924,"GGACT",0.75,NA,NA,NA,NA,NA,NA,NA,NA,NA,0,0,0,NA,NA,NA
"2206","ENST00000447325.5","ENSG00000114503.11","OTTHUMG00000155520.5","OTTHUMT00000340476.1","NCBP2-206","NCBP2",2216,"protein_coding",758,96,0.935103178024292,"GGACA",0.458333333333333,NA,NA,NA,NA,NA,NA,NA,NA,NA,0,0,0,NA,NA,NA
"2207","ENST00000447801.5","ENSG00000188739.15","OTTHUMG00000039620.10","OTTHUMT00000100153.1","RBM34-203","RBM34",1273,"protein_coding",1091,149,0.942213773727417,"GGACT",0.731543624161074,NA,NA,NA,NA,NA,NA,NA,NA,NA,0,0,0,NA,NA,NA
"2208","ENST00000447929.5","ENSG00000169919.17","OTTHUMG00000023735.5","OTTHUMT00000345090.1","GUSB-205","GUSB",1983,"nonsense_mediated_decay",1863,150,0.96601790189743,"GGACT",0.78,NA,NA,NA,NA,NA,NA,NA,NA,NA,0,0,0,NA,NA,NA
"2209","ENST00000448108.7","ENSG00000166012.17","OTTHUMG00000167451.6","OTTHUMT00000394662.3","TAF1D-203","TAF1D",1632,"protein_coding",1153,45,0.98441082239151,"GAACT",0.666666666666667,NA,NA,NA,NA,NA,NA,NA,NA,NA,0,0,0,NA,NA,NA
"2210","ENST00000448110.6","ENSG00000149636.16","OTTHUMG00000032396.5","OTTHUMT00000079048.4","DSN1-207","DSN1",2129,"protein_coding",1248,23,0.985541880130768,"GGACT",0.782608695652174,NA,NA,NA,NA,NA,NA,NA,NA,NA,0,0,0,NA,NA,NA
"2211","ENST00000448110.6","ENSG00000149636.16","OTTHUMG00000032396.5","OTTHUMT00000079048.4","DSN1-207","DSN1",2129,"protein_coding",1252,23,0.96217405796051,"TGACT",0.739130434782609,NA,NA,NA,NA,NA,NA,NA,NA,NA,0,0,0,NA,NA,NA
"2212","ENST00000448116.7","ENSG00000160691.19","OTTHUMG00000037295.6","OTTHUMT00000090779.2","SHC1-210","SHC1",3481,"protein_coding",1905,95,0.949576437473297,"GGACA",0.463157894736842,NA,NA,NA,NA,NA,NA,NA,NA,NA,0,0,0,NA,NA,NA
"2213","ENST00000448116.7","ENSG00000160691.19","OTTHUMG00000037295.6","OTTHUMT00000090779.2","SHC1-210","SHC1",3481,"protein_coding",2101,142,0.990034282207489,"GGACT",0.922535211267606,NA,NA,NA,NA,NA,NA,NA,NA,NA,0,0,0,NA,NA,NA
"2214","ENST00000448136.5","ENSG00000163597.17","OTTHUMG00000132201.6","OTTHUMT00000255258.1","SNHG16-201","SNHG16",3607,"lncRNA",1603,58,0.967973828315735,"GGACT",0.758620689655172,NA,NA,NA,NA,NA,NA,NA,NA,NA,0,0,0,NA,NA,NA
"2215","ENST00000448187.6","ENSG00000205531.14","OTTHUMG00000011009.12","OTTHUMT00000030391.2","NAP1L4-204","NAP1L4",2425,"protein_coding",1652,81,0.983842432498932,"GGACT",0.814814814814815,NA,NA,NA,NA,NA,NA,NA,NA,NA,0,0,0,NA,NA,NA
"2216","ENST00000448223.7","ENSG00000163029.16","OTTHUMG00000090675.7","OTTHUMT00000207359.2","SMC6-207","SMC6",5240,"protein_coding",3615,24,0.911013722419739,"GGACT",0.625,NA,NA,NA,NA,NA,NA,NA,NA,NA,0,0,0,NA,NA,NA
"2217","ENST00000448361.5","ENSG00000148444.16","OTTHUMG00000017806.4","OTTHUMT00000047162.2","COMMD3-203","COMMD3",757,"protein_coding",126,21,0.938659191131592,"AGACT",0.428571428571428,NA,NA,NA,NA,NA,NA,NA,NA,NA,0,0,0,NA,NA,NA
"2218","ENST00000448395.6","ENSG00000128944.14","OTTHUMG00000172454.3","OTTHUMT00000418637.1","KNSTRN-203","KNSTRN",1464,"protein_coding",978,119,0.976909875869751,"GGACT",0.663865546218487,NA,NA,NA,NA,NA,NA,NA,NA,NA,0,0,0,NA,NA,NA
"2219","ENST00000448395.6","ENSG00000128944.14","OTTHUMG00000172454.3","OTTHUMT00000418637.1","KNSTRN-203","KNSTRN",1464,"protein_coding",1024,148,0.923628211021423,"GGACA",0.567567567567568,NA,NA,NA,NA,NA,NA,NA,NA,NA,0,0,0,NA,NA,NA
"2220","ENST00000448395.6","ENSG00000128944.14","OTTHUMG00000172454.3","OTTHUMT00000418637.1","KNSTRN-203","KNSTRN",1464,"protein_coding",1174,138,0.909442663192749,"TGACT",0.594202898550725,NA,NA,NA,NA,NA,NA,NA,NA,NA,0,0,0,NA,NA,NA
"2221","ENST00000448405.5","ENSG00000197965.12","OTTHUMG00000034571.5","OTTHUMT00000326410.1","MPZL1-205","MPZL1",1596,"nonsense_mediated_decay",810,59,0.95115327835083,"GGACT",0.694915254237288,NA,NA,NA,NA,NA,NA,NA,NA,NA,0,0,0,NA,NA,NA
"2222","ENST00000448443.6","ENSG00000145817.17","OTTHUMG00000129679.6","OTTHUMT00000371886.1","YIPF5-202","YIPF5",2255,"protein_coding",1185,21,0.934833467006683,"GAACT",0.476190476190476,NA,NA,NA,NA,NA,NA,NA,NA,NA,0,0,0,NA,NA,NA
"2223","ENST00000448530.6","ENSG00000165280.18","OTTHUMG00000019855.5","OTTHUMT00000052295.4","VCP-203","VCP",3849,"protein_coding",3653,24,0.969380080699921,"AGACT",0.833333333333333,NA,NA,NA,NA,NA,NA,NA,NA,NA,0,0,0,NA,NA,NA
"2224","ENST00000448552.7","ENSG00000168802.14","OTTHUMG00000163909.9","OTTHUMT00000376352.2","CHTF8-202","CHTF8",2921,"protein_coding",2393,49,0.900907099246979,"GGACT",0.63265306122449,NA,NA,NA,NA,NA,NA,NA,NA,NA,0,0,0,NA,NA,NA
"2225","ENST00000448838.8","ENSG00000110435.13","OTTHUMG00000166491.4","OTTHUMT00000390016.2","PDHX-203","PDHX",2659,"protein_coding",1639,20,0.954563200473785,"GAACT",0.45,NA,NA,NA,NA,NA,NA,NA,NA,NA,0,0,0,NA,NA,NA
"2226","ENST00000449103.5","ENSG00000196576.16","OTTHUMG00000150219.10","OTTHUMT00000316874.3","PLXNB2-207","PLXNB2",6383,"protein_coding",6171,25,0.933367013931274,"GGACT",0.6,NA,NA,NA,NA,NA,NA,NA,NA,NA,0,0,0,NA,NA,NA
"2227","ENST00000449692.3","ENSG00000175573.7","OTTHUMG00000157153.3","OTTHUMT00000391172.1","C11orf68-202","C11orf68",1559,"protein_coding",257,52,0.980982065200806,"GGACC",0.615384615384615,NA,NA,NA,NA,NA,NA,NA,NA,NA,0,0,0,NA,NA,NA
"2228","ENST00000449692.3","ENSG00000175573.7","OTTHUMG00000157153.3","OTTHUMT00000391172.1","C11orf68-202","C11orf68",1559,"protein_coding",695,65,0.941786885261536,"GGACC",0.615384615384615,NA,NA,NA,NA,NA,NA,NA,NA,NA,0,0,0,NA,NA,NA
"2229","ENST00000449692.3","ENSG00000175573.7","OTTHUMG00000157153.3","OTTHUMT00000391172.1","C11orf68-202","C11orf68",1559,"protein_coding",900,92,0.949712932109833,"GAACT",0.641304347826087,NA,NA,NA,NA,NA,NA,NA,NA,NA,0,0,0,NA,NA,NA
"2230","ENST00000449692.3","ENSG00000175573.7","OTTHUMG00000157153.3","OTTHUMT00000391172.1","C11orf68-202","C11orf68",1559,"protein_coding",1058,129,0.975285589694977,"GAACT",0.674418604651163,NA,NA,NA,NA,NA,NA,NA,NA,NA,0,0,0,NA,NA,NA
"2231","ENST00000449699.5","ENSG00000023228.15","OTTHUMG00000132892.7","OTTHUMT00000336452.1","NDUFS1-205","NDUFS1",2371,"protein_coding",753,22,0.900852620601654,"GAACT",0.545454545454545,NA,NA,NA,NA,NA,NA,NA,NA,NA,0,0,0,NA,NA,NA
"2232","ENST00000450081.5","ENSG00000290555.1","-","OTTHUMT00000041056.1","LINC00680-206","LINC00680",1593,"lncRNA",1124,20,0.988212704658508,"GGACA",0.85,NA,NA,NA,NA,NA,NA,NA,NA,NA,0,0,0,NA,NA,NA
"2233","ENST00000450081.5","ENSG00000290555.1","-","OTTHUMT00000041056.1","LINC00680-206","LINC00680",1593,"lncRNA",1381,46,0.917050182819366,"TGACT",0.804347826086957,NA,NA,NA,NA,NA,NA,NA,NA,NA,0,0,0,NA,NA,NA
"2234","ENST00000450081.5","ENSG00000290555.1","-","OTTHUMT00000041056.1","LINC00680-206","LINC00680",1593,"lncRNA",1526,25,0.966350197792053,"GAACT",0.56,NA,NA,NA,NA,NA,NA,NA,NA,NA,0,0,0,NA,NA,NA
"2235","ENST00000450361.2","ENSG00000170619.10","OTTHUMG00000165251.6","OTTHUMT00000382961.1","COMMD5-203","COMMD5",1573,"protein_coding",546,22,0.980765283107758,"GGACC",0.636363636363636,NA,NA,NA,NA,NA,NA,NA,NA,NA,0,0,0,NA,NA,NA
"2236","ENST00000450361.2","ENSG00000170619.10","OTTHUMG00000165251.6","OTTHUMT00000382961.1","COMMD5-203","COMMD5",1573,"protein_coding",609,50,0.947912037372589,"GGACT",0.6,NA,NA,NA,NA,NA,NA,NA,NA,NA,0,0,0,NA,NA,NA
"2237","ENST00000450361.2","ENSG00000170619.10","OTTHUMG00000165251.6","OTTHUMT00000382961.1","COMMD5-203","COMMD5",1573,"protein_coding",795,55,0.968041181564331,"GGACT",0.709090909090909,NA,NA,NA,NA,NA,NA,NA,NA,NA,0,0,0,NA,NA,NA
"2238","ENST00000450361.2","ENSG00000170619.10","OTTHUMG00000165251.6","OTTHUMT00000382961.1","COMMD5-203","COMMD5",1573,"protein_coding",882,65,0.907105445861816,"TGACT",0.769230769230769,NA,NA,NA,NA,NA,NA,NA,NA,NA,0,0,0,NA,NA,NA
"2239","ENST00000450361.2","ENSG00000170619.10","OTTHUMG00000165251.6","OTTHUMT00000382961.1","COMMD5-203","COMMD5",1573,"protein_coding",1092,62,0.977795004844666,"GGACT",0.725806451612903,NA,NA,NA,NA,NA,NA,NA,NA,NA,0,0,0,NA,NA,NA
"2240","ENST00000450390.6","ENSG00000160087.21","OTTHUMG00000001911.9","OTTHUMT00000005431.3","UBE2J2-208","UBE2J2",2455,"nonsense_mediated_decay",1061,88,0.97894150018692,"GGACT",0.75,NA,NA,NA,NA,NA,NA,NA,NA,NA,0,0,0,NA,NA,NA
"2241","ENST00000450873.6","ENSG00000154710.18","OTTHUMG00000129547.8","OTTHUMT00000345648.2","RABGEF1-204","RABGEF1",2281,"protein_coding",1595,25,0.91238135099411,"GGACA",0.64,NA,NA,NA,NA,NA,NA,NA,NA,NA,0,0,0,NA,NA,NA
"2242","ENST00000451025.6","ENSG00000124688.14","OTTHUMG00000014747.2","OTTHUMT00000368050.1","MAD2L1BP-202","MAD2L1BP",1517,"protein_coding",738,109,0.905966281890869,"GGACA",0.660550458715596,NA,NA,NA,NA,NA,NA,NA,NA,NA,0,0,0,NA,NA,NA
"2243","ENST00000451025.6","ENSG00000124688.14","OTTHUMG00000014747.2","OTTHUMT00000368050.1","MAD2L1BP-202","MAD2L1BP",1517,"protein_coding",1029,163,0.986742556095123,"TGACT",0.809815950920245,NA,NA,NA,NA,NA,NA,NA,NA,NA,0,0,0,NA,NA,NA
"2244","ENST00000451025.6","ENSG00000124688.14","OTTHUMG00000014747.2","OTTHUMT00000368050.1","MAD2L1BP-202","MAD2L1BP",1517,"protein_coding",1306,186,0.960598528385162,"TGACT",0.790322580645161,NA,NA,NA,NA,NA,NA,NA,NA,NA,0,0,0,NA,NA,NA
"2245","ENST00000451025.6","ENSG00000124688.14","OTTHUMG00000014747.2","OTTHUMT00000368050.1","MAD2L1BP-202","MAD2L1BP",1517,"protein_coding",1312,188,0.947068572044373,"TGACT",0.813829787234043,NA,NA,NA,NA,NA,NA,NA,NA,NA,0,0,0,NA,NA,NA
"2246","ENST00000451025.6","ENSG00000124688.14","OTTHUMG00000014747.2","OTTHUMT00000368050.1","MAD2L1BP-202","MAD2L1BP",1517,"protein_coding",1506,181,0.923800408840179,"GAACT",0.530386740331492,NA,NA,NA,NA,NA,NA,NA,NA,NA,0,0,0,NA,NA,NA
"2247","ENST00000451137.7","ENSG00000142871.18","OTTHUMG00000010577.2","OTTHUMT00000029187.2","CCN1-201","CCN1",2278,"protein_coding",1552,759,0.963652372360229,"GGACA",0.615283267457181,NA,NA,NA,NA,NA,NA,NA,NA,NA,0,0,0,NA,NA,NA
"2248","ENST00000451301.5","ENSG00000123562.18","OTTHUMG00000022104.3","-","MORF4L2-208","MORF4L2",1830,"protein_coding",708,198,0.978713393211365,"GGACT",0.838383838383838,302,661,867,1,302,303,1168,1169,1829,0,1,0,NA,0.468281430219146,NA
"2249","ENST00000451301.5","ENSG00000123562.18","OTTHUMG00000022104.3","-","MORF4L2-208","MORF4L2",1830,"protein_coding",714,212,0.954348862171173,"GGACT",0.712264150943396,302,661,867,1,302,303,1168,1169,1829,0,1,0,NA,0.47520184544406,NA
"2250","ENST00000451491.2","ENSG00000184281.15","OTTHUMG00000009895.8","-","TSSC4-207","TSSC4",1423,"protein_coding",767,30,0.968230307102203,"TGACT",0.8,NA,NA,NA,NA,NA,NA,NA,NA,NA,0,0,0,NA,NA,NA
"2251","ENST00000451657.6","ENSG00000172113.10","OTTHUMG00000133531.6","OTTHUMT00000346108.2","NME6-213","NME6",4776,"protein_coding",1093,20,0.902978956699371,"GAACT",0.6,NA,NA,NA,NA,NA,NA,NA,NA,NA,0,0,0,NA,NA,NA
"2252","ENST00000452032.6","ENSG00000167807.15","OTTHUMG00000180407.3","OTTHUMT00000451222.2","ENST00000452032","ENSG00000167807",1956,"nonsense_mediated_decay",719,32,0.970096051692963,"GGACT",0.6875,NA,NA,NA,NA,NA,NA,NA,NA,NA,0,0,0,NA,NA,NA
"2253","ENST00000452317.6","ENSG00000173402.13","OTTHUMG00000156869.11","OTTHUMT00000346336.3","DAG1-209","DAG1",5673,"protein_coding",5525,47,0.945801854133606,"GGACT",0.680851063829787,NA,NA,NA,NA,NA,NA,NA,NA,NA,0,0,0,NA,NA,NA
"2254","ENST00000452368.7","ENSG00000167526.14","OTTHUMG00000133770.8","OTTHUMT00000426174.1","RPL13-204","RPL13",1455,"protein_coding",684,601,0.903063118457794,"AGACA",0.582362728785358,NA,NA,NA,NA,NA,NA,NA,NA,NA,0,0,0,NA,NA,NA
"2255","ENST00000452489.6","ENSG00000119383.21","OTTHUMG00000020774.22","OTTHUMT00000315871.16","PTPA-221","PTPA",2526,"protein_coding",2075,151,0.90033483505249,"GAACT",0.549668874172185,NA,NA,NA,NA,NA,NA,NA,NA,NA,0,0,0,NA,NA,NA
"2256","ENST00000452733.7","ENSG00000105443.17","OTTHUMG00000150245.7","OTTHUMT00000317060.4","CYTH2-204","CYTH2",4443,"protein_coding",1097,50,0.914149403572083,"GAACT",0.58,NA,NA,NA,NA,NA,NA,NA,NA,NA,0,0,0,NA,NA,NA
"2257","ENST00000452837.7","ENSG00000134077.16","OTTHUMG00000097031.8","OTTHUMT00000338127.3","THUMPD3-206","THUMPD3",3754,"protein_coding",760,21,0.918437302112579,"AGACT",0.523809523809524,NA,NA,NA,NA,NA,NA,NA,NA,NA,0,0,0,NA,NA,NA
"2258","ENST00000452955.1","ENSG00000136718.10","OTTHUMG00000131627.4","OTTHUMT00000332767.1","IMP4-205","IMP4",923,"protein_coding",917,26,0.931939601898193,"GAACT",0.730769230769231,NA,NA,NA,NA,NA,NA,NA,NA,NA,0,0,0,NA,NA,NA
"2259","ENST00000453551.6","ENSG00000179950.15","OTTHUMG00000165155.3","OTTHUMT00000382223.1","PUF60-203","PUF60",1842,"protein_coding",1591,213,0.967109620571136,"AGACT",0.769953051643192,148,143,1551,1,148,149,1698,1699,1841,0,1,0,NA,0.93036750483559,NA
"2260","ENST00000453551.6","ENSG00000179950.15","OTTHUMG00000165155.3","OTTHUMT00000382223.1","PUF60-203","PUF60",1842,"protein_coding",1718,136,0.982193887233734,"GGACT",0.779411764705882,148,143,1551,1,148,149,1698,1699,1841,0,0,1,NA,NA,0.132867132867133
"2261","ENST00000453788.6","ENSG00000109971.14","OTTHUMG00000166030.2","OTTHUMT00000387519.1","HSPA8-202","HSPA8",2004,"protein_coding",1188,26,0.938253104686737,"GAACT",0.5,NA,NA,NA,NA,NA,NA,NA,NA,NA,0,0,0,NA,NA,NA
"2262","ENST00000453992.6","ENSG00000115053.17","OTTHUMG00000153866.4","OTTHUMT00000332742.2","NCL-205","NCL",2978,"protein_coding",2636,135,0.953901588916779,"GGACT",0.6,NA,NA,NA,NA,NA,NA,NA,NA,NA,0,0,0,NA,NA,NA
"2263","ENST00000454046.5","ENSG00000070669.17","OTTHUMG00000022892.14","OTTHUMT00000333647.1","ASNS-213","ASNS",1947,"nonsense_mediated_decay",1377,26,0.917830586433411,"GAACT",0.576923076923077,NA,NA,NA,NA,NA,NA,NA,NA,NA,0,0,0,NA,NA,NA
"2264","ENST00000454079.5","ENSG00000004534.15","OTTHUMG00000156736.13","OTTHUMT00000345530.1","RBM6-213","RBM6",4324,"nonsense_mediated_decay",4295,25,0.953354597091675,"GAACT",0.6,NA,NA,NA,NA,NA,NA,NA,NA,NA,0,0,0,NA,NA,NA
"2265","ENST00000454255.6","ENSG00000040633.13","OTTHUMG00000177972.6","OTTHUMT00000440050.1","PHF23-202","PHF23",1662,"protein_coding",1371,44,0.949835300445557,"GAACT",0.545454545454545,NA,NA,NA,NA,NA,NA,NA,NA,NA,0,0,0,NA,NA,NA
"2266","ENST00000454255.6","ENSG00000040633.13","OTTHUMG00000177972.6","OTTHUMT00000440050.1","PHF23-202","PHF23",1662,"protein_coding",1507,23,0.925201177597046,"GGACT",0.608695652173913,NA,NA,NA,NA,NA,NA,NA,NA,NA,0,0,0,NA,NA,NA
"2267","ENST00000454345.6","ENSG00000149091.15","OTTHUMG00000166437.8","OTTHUMT00000389772.1","DGKZ-204","DGKZ",4072,"protein_coding",3630,23,0.989771842956543,"GGACT",0.782608695652174,NA,NA,NA,NA,NA,NA,NA,NA,NA,0,0,0,NA,NA,NA
"2268","ENST00000454345.6","ENSG00000149091.15","OTTHUMG00000166437.8","OTTHUMT00000389772.1","DGKZ-204","DGKZ",4072,"protein_coding",3678,21,0.989824235439301,"GGACC",0.523809523809524,NA,NA,NA,NA,NA,NA,NA,NA,NA,0,0,0,NA,NA,NA
"2269","ENST00000454345.6","ENSG00000149091.15","OTTHUMG00000166437.8","OTTHUMT00000389772.1","DGKZ-204","DGKZ",4072,"protein_coding",3986,20,0.995082318782806,"GGACT",0.9,NA,NA,NA,NA,NA,NA,NA,NA,NA,0,0,0,NA,NA,NA
"2270","ENST00000454552.5","ENSG00000249590.7","OTTHUMG00000160853.2","OTTHUMT00000321025.1","ENST00000454552","ENSG00000249590",872,"nonsense_mediated_decay",656,22,0.964069068431854,"GGACC",0.681818181818182,NA,NA,NA,NA,NA,NA,NA,NA,NA,0,0,0,NA,NA,NA
"2271","ENST00000454552.5","ENSG00000249590.7","OTTHUMG00000160853.2","OTTHUMT00000321025.1","ENST00000454552","ENSG00000249590",872,"nonsense_mediated_decay",719,23,0.980619490146637,"AGACT",0.652173913043478,NA,NA,NA,NA,NA,NA,NA,NA,NA,0,0,0,NA,NA,NA
"2272","ENST00000455106.1","ENSG00000141756.20","OTTHUMG00000133497.6","OTTHUMT00000257413.2","FKBP10-203","FKBP10",1965,"protein_coding",1187,23,0.903899669647217,"AGACA",0.391304347826087,NA,NA,NA,NA,NA,NA,NA,NA,NA,0,0,0,NA,NA,NA
"2273","ENST00000455106.1","ENSG00000141756.20","OTTHUMG00000133497.6","OTTHUMT00000257413.2","FKBP10-203","FKBP10",1965,"protein_coding",1225,23,0.979987442493439,"GGACT",0.782608695652174,NA,NA,NA,NA,NA,NA,NA,NA,NA,0,0,0,NA,NA,NA
"2274","ENST00000455270.5","ENSG00000163923.10","OTTHUMG00000156465.3","OTTHUMT00000344282.1","RPL39L-203","RPL39L",653,"protein_coding",547,101,0.907906472682953,"GGACA",0.465346534653465,NA,NA,NA,NA,NA,NA,NA,NA,NA,0,0,0,NA,NA,NA
"2275","ENST00000455511.9","ENSG00000196510.14","OTTHUMG00000157009.5","OTTHUMT00000347075.3","ANAPC7-203","ANAPC7",3023,"protein_coding",1834,60,0.989587545394897,"GGACT",0.916666666666667,NA,NA,NA,NA,NA,NA,NA,NA,NA,0,0,0,NA,NA,NA
"2276","ENST00000455836.1","ENSG00000089248.7","OTTHUMG00000169637.4","OTTHUMT00000405201.1","ERP29-202","ERP29",1333,"protein_coding",352,72,0.922340452671051,"GGACT",0.736111111111111,NA,NA,NA,NA,NA,NA,NA,NA,NA,0,0,0,NA,NA,NA
"2277","ENST00000455915.6","ENSG00000100401.21","OTTHUMG00000150940.12","OTTHUMT00000320606.1","RANGAP1-207","RANGAP1",4222,"protein_coding",3328,100,0.985967516899109,"GGACT",0.71,1470,988,1764,1,1470,1471,3233,3234,4221,0,0,1,NA,NA,0.0951417004048583
"2278","ENST00000455915.6","ENSG00000100401.21","OTTHUMG00000150940.12","OTTHUMT00000320606.1","RANGAP1-207","RANGAP1",4222,"protein_coding",3800,197,0.916028916835785,"GGACT",0.593908629441624,1470,988,1764,1,1470,1471,3233,3234,4221,0,0,1,NA,NA,0.572874493927126
"2279","ENST00000455918.2","ENSG00000156508.19","OTTHUMG00000015031.7","OTTHUMT00000041212.4","EEF1A1-206","EEF1A1",2079,"protein_coding",1847,2790,0.921162545681,"GAACT",0.605017921146953,NA,NA,NA,NA,NA,NA,NA,NA,NA,0,0,0,NA,NA,NA
"2280","ENST00000455918.2","ENSG00000156508.19","OTTHUMG00000015031.7","OTTHUMT00000041212.4","EEF1A1-206","EEF1A1",2079,"protein_coding",1888,2651,0.934020042419434,"AGACT",0.537533006412674,NA,NA,NA,NA,NA,NA,NA,NA,NA,0,0,0,NA,NA,NA
"2281","ENST00000456095.6","ENSG00000179950.15","OTTHUMG00000165155.3","OTTHUMT00000382225.1","PUF60-204","PUF60",1736,"protein_coding",1485,190,0.958554983139038,"AGACT",0.752631578947368,NA,NA,NA,NA,NA,NA,NA,NA,NA,0,0,0,NA,NA,NA
"2282","ENST00000456095.6","ENSG00000179950.15","OTTHUMG00000165155.3","OTTHUMT00000382225.1","PUF60-204","PUF60",1736,"protein_coding",1612,128,0.974752008914948,"GGACT",0.7578125,NA,NA,NA,NA,NA,NA,NA,NA,NA,0,0,0,NA,NA,NA
"2283","ENST00000456234.6","ENSG00000139546.12","OTTHUMG00000169855.6","OTTHUMT00000406279.1","TARBP2-203","TARBP2",1368,"protein_coding",1209,26,0.907569944858551,"AGACT",0.653846153846154,NA,NA,NA,NA,NA,NA,NA,NA,NA,0,0,0,NA,NA,NA
"2284","ENST00000456247.7","ENSG00000149091.15","OTTHUMG00000166437.8","OTTHUMT00000398328.1","DGKZ-205","DGKZ",3588,"protein_coding",3146,23,0.98932945728302,"GGACT",0.782608695652174,NA,NA,NA,NA,NA,NA,NA,NA,NA,0,0,0,NA,NA,NA
"2285","ENST00000456247.7","ENSG00000149091.15","OTTHUMG00000166437.8","OTTHUMT00000398328.1","DGKZ-205","DGKZ",3588,"protein_coding",3194,21,0.983543455600739,"GGACC",0.476190476190476,NA,NA,NA,NA,NA,NA,NA,NA,NA,0,0,0,NA,NA,NA
"2286","ENST00000456247.7","ENSG00000149091.15","OTTHUMG00000166437.8","OTTHUMT00000398328.1","DGKZ-205","DGKZ",3588,"protein_coding",3502,20,0.992153704166412,"GGACT",0.9,NA,NA,NA,NA,NA,NA,NA,NA,NA,0,0,0,NA,NA,NA
"2287","ENST00000456496.7","ENSG00000171130.19","OTTHUMG00000158094.5","OTTHUMT00000350172.1","ATP6V0E2-203","ATP6V0E2",2722,"protein_coding",1690,63,0.943516612052917,"GGACT",0.666666666666667,NA,NA,NA,NA,NA,NA,NA,NA,NA,0,0,0,NA,NA,NA
"2288","ENST00000456496.7","ENSG00000171130.19","OTTHUMG00000158094.5","OTTHUMT00000350172.1","ATP6V0E2-203","ATP6V0E2",2722,"protein_coding",2472,156,0.962210774421692,"GGACT",0.794871794871795,NA,NA,NA,NA,NA,NA,NA,NA,NA,0,0,0,NA,NA,NA
"2289","ENST00000456842.1","ENSG00000163866.9","OTTHUMG00000004375.4","OTTHUMT00000012717.2","SMIM12-205","SMIM12",918,"protein_coding",329,89,0.998086452484131,"GGACA",0.853932584269663,NA,NA,NA,NA,NA,NA,NA,NA,NA,0,0,0,NA,NA,NA
"2290","ENST00000456842.1","ENSG00000163866.9","OTTHUMG00000004375.4","OTTHUMT00000012717.2","SMIM12-205","SMIM12",918,"protein_coding",394,90,0.994370222091675,"GGACA",0.766666666666667,NA,NA,NA,NA,NA,NA,NA,NA,NA,0,0,0,NA,NA,NA
"2291","ENST00000456847.7","ENSG00000111605.18","OTTHUMG00000169340.4","OTTHUMT00000403612.1","CPSF6-203","CPSF6",1915,"protein_coding",1574,70,0.979394018650055,"GAACT",0.771428571428571,NA,NA,NA,NA,NA,NA,NA,NA,NA,0,0,0,NA,NA,NA
"2292","ENST00000457054.6","ENSG00000170248.15","OTTHUMG00000130751.10","-","PDCD6IP-206","PDCD6IP",5962,"protein_coding",2888,122,0.922080218791962,"GGACT",0.598360655737705,NA,NA,NA,NA,NA,NA,NA,NA,NA,0,0,0,NA,NA,NA
"2293","ENST00000457433.6","ENSG00000142910.16","OTTHUMG00000003884.2","-","TINAGL1-202","TINAGL1",2140,"protein_coding",1621,65,0.919001460075378,"AGACT",0.507692307692308,NA,NA,NA,NA,NA,NA,NA,NA,NA,0,0,0,NA,NA,NA
"2294","ENST00000457527.6","ENSG00000170445.16","OTTHUMG00000129502.12","OTTHUMT00000372858.1","HARS1-205","HARS1",1896,"protein_coding",1575,57,0.97401750087738,"GGACT",0.666666666666667,NA,NA,NA,NA,NA,NA,NA,NA,NA,0,0,0,NA,NA,NA
"2295","ENST00000457573.5","ENSG00000164081.13","OTTHUMG00000156901.2","-","TEX264-209","TEX264",1448,"protein_coding",1334,152,0.924658954143524,"GGACT",0.585526315789474,NA,NA,NA,NA,NA,NA,NA,NA,NA,0,0,0,NA,NA,NA
"2296","ENST00000457861.1","ENSG00000164828.18","OTTHUMG00000151426.10","OTTHUMT00000322681.1","SUN1-222","SUN1",2975,"nonsense_mediated_decay",2660,57,0.950045883655548,"GGACT",0.771929824561403,NA,NA,NA,NA,NA,NA,NA,NA,NA,0,0,0,NA,NA,NA
"2297","ENST00000458008.8","ENSG00000118894.15","OTTHUMG00000129527.11","OTTHUMT00000251714.2","EEF2KMT-202","EEF2KMT",2268,"protein_coding",941,23,0.984772324562073,"GGACT",0.695652173913043,NA,NA,NA,NA,NA,NA,NA,NA,NA,0,0,0,NA,NA,NA
"2298","ENST00000458008.8","ENSG00000118894.15","OTTHUMG00000129527.11","OTTHUMT00000251714.2","EEF2KMT-202","EEF2KMT",2268,"protein_coding",1031,23,0.987438321113586,"GGACT",0.956521739130435,NA,NA,NA,NA,NA,NA,NA,NA,NA,0,0,0,NA,NA,NA
"2299","ENST00000458050.6","ENSG00000158796.17","OTTHUMG00000033104.7","-","DEDD-203","DEDD",2300,"protein_coding",1071,20,0.96464329957962,"GGACT",0.55,NA,NA,NA,NA,NA,NA,NA,NA,NA,0,0,0,NA,NA,NA
"2300","ENST00000458050.6","ENSG00000158796.17","OTTHUMG00000033104.7","-","DEDD-203","DEDD",2300,"protein_coding",1155,20,0.916747152805328,"GGACT",0.65,NA,NA,NA,NA,NA,NA,NA,NA,NA,0,0,0,NA,NA,NA
"2301","ENST00000458134.7","ENSG00000103415.12","OTTHUMG00000129473.4","OTTHUMT00000438510.1","HMOX2-205","HMOX2",1797,"protein_coding",856,71,0.977229714393616,"GGACC",0.633802816901408,NA,NA,NA,NA,NA,NA,NA,NA,NA,0,0,0,NA,NA,NA
"2302","ENST00000458134.7","ENSG00000103415.12","OTTHUMG00000129473.4","OTTHUMT00000438510.1","HMOX2-205","HMOX2",1797,"protein_coding",884,53,0.931452035903931,"GGACA",0.566037735849057,NA,NA,NA,NA,NA,NA,NA,NA,NA,0,0,0,NA,NA,NA
"2303","ENST00000458134.7","ENSG00000103415.12","OTTHUMG00000129473.4","OTTHUMT00000438510.1","HMOX2-205","HMOX2",1797,"protein_coding",1233,103,0.920209348201752,"GGACT",0.514563106796116,NA,NA,NA,NA,NA,NA,NA,NA,NA,0,0,0,NA,NA,NA
"2304","ENST00000458153.5","ENSG00000128585.18","OTTHUMG00000154880.7","OTTHUMT00000337559.1","MKLN1-206","MKLN1",2448,"nonsense_mediated_decay",2313,20,0.929205000400543,"GGACT",0.5,NA,NA,NA,NA,NA,NA,NA,NA,NA,0,0,0,NA,NA,NA
"2305","ENST00000458578.6","ENSG00000185651.16","OTTHUMG00000150823.2","-","UBE2L3-202","UBE2L3",3007,"protein_coding",716,363,0.95558226108551,"GGACT",0.62534435261708,NA,NA,NA,NA,NA,NA,NA,NA,NA,0,0,0,NA,NA,NA
"2306","ENST00000458578.6","ENSG00000185651.16","OTTHUMG00000150823.2","-","UBE2L3-202","UBE2L3",3007,"protein_coding",1678,56,0.981796085834503,"GGACT",0.785714285714286,NA,NA,NA,NA,NA,NA,NA,NA,NA,0,0,0,NA,NA,NA
"2307","ENST00000458578.6","ENSG00000185651.16","OTTHUMG00000150823.2","-","UBE2L3-202","UBE2L3",3007,"protein_coding",1786,48,0.93196177482605,"GGACT",0.583333333333333,NA,NA,NA,NA,NA,NA,NA,NA,NA,0,0,0,NA,NA,NA
"2308","ENST00000459854.5","ENSG00000070010.19","OTTHUMG00000150130.16","OTTHUMT00000316461.1","UFD1-205","UFD1",5038,"retained_intron",564,196,0.9093137383461,"GAACT",0.561224489795918,NA,NA,NA,NA,NA,NA,NA,NA,NA,0,0,0,NA,NA,NA
"2309","ENST00000460034.5","ENSG00000114491.14","OTTHUMG00000159431.5","OTTHUMT00000355276.1","UMPS-202","UMPS",2081,"nonsense_mediated_decay",636,20,0.95947790145874,"GAACT",0.75,NA,NA,NA,NA,NA,NA,NA,NA,NA,0,0,0,NA,NA,NA
"2310","ENST00000460034.5","ENSG00000114491.14","OTTHUMG00000159431.5","OTTHUMT00000355276.1","UMPS-202","UMPS",2081,"nonsense_mediated_decay",786,26,0.922098398208618,"GGACC",0.653846153846154,NA,NA,NA,NA,NA,NA,NA,NA,NA,0,0,0,NA,NA,NA
"2311","ENST00000460034.5","ENSG00000114491.14","OTTHUMG00000159431.5","OTTHUMT00000355276.1","UMPS-202","UMPS",2081,"nonsense_mediated_decay",808,46,0.976957380771637,"AGACT",0.826086956521739,NA,NA,NA,NA,NA,NA,NA,NA,NA,0,0,0,NA,NA,NA
"2312","ENST00000460097.5","ENSG00000140931.20","OTTHUMG00000137503.9","OTTHUMT00000268815.2","CMTM3-203","CMTM3",1797,"protein_coding",1201,65,0.93211156129837,"AGACT",0.569230769230769,NA,NA,NA,NA,NA,NA,NA,NA,NA,0,0,0,NA,NA,NA
"2313","ENST00000460138.5","ENSG00000239264.9","OTTHUMG00000014216.4","OTTHUMT00000039793.1","TXNDC5-202","TXNDC5",2704,"retained_intron",1403,128,0.900425970554352,"GGACT",0.6328125,NA,NA,NA,NA,NA,NA,NA,NA,NA,0,0,0,NA,NA,NA
"2314","ENST00000460155.1","ENSG00000271723.5","OTTHUMG00000185328.1","OTTHUMT00000470198.1","MROH7-TTC4-203","MROH7-TTC4",3561,"retained_intron",3081,52,0.955885827541351,"GGACT",0.692307692307692,NA,NA,NA,NA,NA,NA,NA,NA,NA,0,0,0,NA,NA,NA
"2315","ENST00000460155.1","ENSG00000271723.5","OTTHUMG00000185328.1","OTTHUMT00000470198.1","MROH7-TTC4-203","MROH7-TTC4",3561,"retained_intron",3158,26,0.973728537559509,"GGACT",0.807692307692308,NA,NA,NA,NA,NA,NA,NA,NA,NA,0,0,0,NA,NA,NA
"2316","ENST00000460155.1","ENSG00000271723.5","OTTHUMG00000185328.1","OTTHUMT00000470198.1","MROH7-TTC4-203","MROH7-TTC4",3561,"retained_intron",3468,33,0.984053075313568,"GGACT",0.787878787878788,NA,NA,NA,NA,NA,NA,NA,NA,NA,0,0,0,NA,NA,NA
"2317","ENST00000460181.5","ENSG00000136877.15","OTTHUMG00000020716.6","OTTHUMT00000054254.1","FPGS-207","FPGS",2206,"protein_coding_CDS_not_defined",1809,92,0.92946583032608,"GAACT",0.41304347826087,NA,NA,NA,NA,NA,NA,NA,NA,NA,0,0,0,NA,NA,NA
"2318","ENST00000460259.1","ENSG00000160194.18","OTTHUMG00000086823.4","OTTHUMT00000195446.1","NDUFV3-203","NDUFV3",2029,"protein_coding_CDS_not_defined",1389,22,0.982047617435455,"GGACC",0.590909090909091,NA,NA,NA,NA,NA,NA,NA,NA,NA,0,0,0,NA,NA,NA
"2319","ENST00000460277.5","ENSG00000117262.19","OTTHUMG00000013738.6","OTTHUMT00000157351.3","GPR89A-202","GPR89A",1955,"nonsense_mediated_decay",1532,61,0.909295439720154,"GAACT",0.475409836065574,NA,NA,NA,NA,NA,NA,NA,NA,NA,0,0,0,NA,NA,NA
"2320","ENST00000460307.1","ENSG00000035141.10","OTTHUMG00000129668.4","OTTHUMT00000331505.1","FAM136A-205","FAM136A",2398,"retained_intron",1228,58,0.976208627223969,"GGACA",0.844827586206897,NA,NA,NA,NA,NA,NA,NA,NA,NA,0,0,0,NA,NA,NA
"2321","ENST00000460797.5","ENSG00000082781.12","OTTHUMG00000159432.10","OTTHUMT00000355287.1","ITGB5-202","ITGB5",2228,"retained_intron",1548,22,0.969427585601807,"GGACT",0.954545454545455,NA,NA,NA,NA,NA,NA,NA,NA,NA,0,0,0,NA,NA,NA
"2322","ENST00000460851.6","ENSG00000144895.12","OTTHUMG00000159775.4","OTTHUMT00000357259.3","EIF2A-203","EIF2A",3879,"protein_coding",993,71,0.95233678817749,"GGACA",0.690140845070423,NA,NA,NA,NA,NA,NA,NA,NA,NA,0,0,0,NA,NA,NA
"2323","ENST00000461757.1","ENSG00000138074.15","OTTHUMG00000097075.10","OTTHUMT00000324969.1","SLC5A6-213","SLC5A6",2307,"retained_intron",1843,40,0.956494510173798,"GGACT",0.725,NA,NA,NA,NA,NA,NA,NA,NA,NA,0,0,0,NA,NA,NA
"2324","ENST00000461894.5","ENSG00000132591.12","OTTHUMG00000132675.5","OTTHUMT00000255938.2","ERAL1-203","ERAL1",1628,"nonsense_mediated_decay",1173,88,0.909841895103455,"GAACT",0.511363636363636,NA,NA,NA,NA,NA,NA,NA,NA,NA,0,0,0,NA,NA,NA
"2325","ENST00000461952.1","ENSG00000122406.14","OTTHUMG00000010899.10","OTTHUMT00000030061.1","RPL5-203","RPL5",1116,"retained_intron",955,24,0.900916278362274,"GAACT",0.5,NA,NA,NA,NA,NA,NA,NA,NA,NA,0,0,0,NA,NA,NA
"2326","ENST00000462067.1","ENSG00000116898.12","OTTHUMG00000008042.5","OTTHUMT00000022053.2","MRPS15-202","MRPS15",1612,"protein_coding_CDS_not_defined",1551,70,0.918021857738495,"AGACA",0.685714285714286,NA,NA,NA,NA,NA,NA,NA,NA,NA,0,0,0,NA,NA,NA
"2327","ENST00000462091.5","ENSG00000114491.14","OTTHUMG00000159431.5","OTTHUMT00000355272.1","UMPS-203","UMPS",2001,"nonsense_mediated_decay",556,20,0.959110856056213,"GAACT",0.75,NA,NA,NA,NA,NA,NA,NA,NA,NA,0,0,0,NA,NA,NA
"2328","ENST00000462091.5","ENSG00000114491.14","OTTHUMG00000159431.5","OTTHUMT00000355272.1","UMPS-203","UMPS",2001,"nonsense_mediated_decay",706,26,0.923145413398743,"GGACC",0.653846153846154,NA,NA,NA,NA,NA,NA,NA,NA,NA,0,0,0,NA,NA,NA
"2329","ENST00000462091.5","ENSG00000114491.14","OTTHUMG00000159431.5","OTTHUMT00000355272.1","UMPS-203","UMPS",2001,"nonsense_mediated_decay",728,46,0.97715300321579,"AGACT",0.826086956521739,NA,NA,NA,NA,NA,NA,NA,NA,NA,0,0,0,NA,NA,NA
"2330","ENST00000462880.1","ENSG00000143553.11","OTTHUMG00000037086.2","OTTHUMT00000090037.1","SNAPIN-202","SNAPIN",922,"protein_coding_CDS_not_defined",409,83,0.915546357631683,"GGACT",0.566265060240964,NA,NA,NA,NA,NA,NA,NA,NA,NA,0,0,0,NA,NA,NA
"2331","ENST00000462901.5","ENSG00000163320.12","OTTHUMG00000159009.7","OTTHUMT00000353159.1","CGGBP1-203","CGGBP1",1063,"protein_coding",707,20,0.921481132507324,"AGACT",0.8,NA,NA,NA,NA,NA,NA,NA,NA,NA,0,0,0,NA,NA,NA
"2332","ENST00000462901.5","ENSG00000163320.12","OTTHUMG00000159009.7","OTTHUMT00000353159.1","CGGBP1-203","CGGBP1",1063,"protein_coding",828,20,0.923110127449036,"GGACT",0.65,NA,NA,NA,NA,NA,NA,NA,NA,NA,0,0,0,NA,NA,NA
"2333","ENST00000462940.1","ENSG00000164897.14","OTTHUMG00000158621.4","OTTHUMT00000351486.1","TMUB1-203","TMUB1",1549,"protein_coding",1126,46,0.977796792984009,"GGACC",0.717391304347826,NA,NA,NA,NA,NA,NA,NA,NA,NA,0,0,0,NA,NA,NA
"2334","ENST00000462948.6","ENSG00000122140.13","OTTHUMG00000020910.4","OTTHUMT00000055001.1","MRPS2-204","MRPS2",1714,"nonsense_mediated_decay",1335,151,0.911110937595367,"GGACC",0.503311258278146,NA,NA,NA,NA,NA,NA,NA,NA,NA,0,0,0,NA,NA,NA
"2335","ENST00000462948.6","ENSG00000122140.13","OTTHUMG00000020910.4","OTTHUMT00000055001.1","MRPS2-204","MRPS2",1714,"nonsense_mediated_decay",1424,154,0.906292200088501,"GGACC",0.564935064935065,NA,NA,NA,NA,NA,NA,NA,NA,NA,0,0,0,NA,NA,NA
"2336","ENST00000463112.1","ENSG00000142910.16","OTTHUMG00000003884.2","OTTHUMT00000011074.1","TINAGL1-204","TINAGL1",3075,"protein_coding_CDS_not_defined",2665,21,0.921423316001892,"GGACA",0.333333333333333,NA,NA,NA,NA,NA,NA,NA,NA,NA,0,0,0,NA,NA,NA
"2337","ENST00000463165.1","ENSG00000196576.16","OTTHUMG00000150219.10","OTTHUMT00000316878.1","PLXNB2-208","PLXNB2",3038,"retained_intron",2832,25,0.93547123670578,"GGACT",0.6,NA,NA,NA,NA,NA,NA,NA,NA,NA,0,0,0,NA,NA,NA
"2338","ENST00000463376.6","ENSG00000184887.14","OTTHUMG00000029887.6","OTTHUMT00000350720.3","BTBD6-203","BTBD6",2195,"protein_coding",1409,21,0.954659283161163,"GGACA",0.80952380952381,NA,NA,NA,NA,NA,NA,NA,NA,NA,0,0,0,NA,NA,NA
"2339","ENST00000463376.6","ENSG00000184887.14","OTTHUMG00000029887.6","OTTHUMT00000350720.3","BTBD6-203","BTBD6",2195,"protein_coding",1517,26,0.933391988277435,"GAACT",0.576923076923077,NA,NA,NA,NA,NA,NA,NA,NA,NA,0,0,0,NA,NA,NA
"2340","ENST00000463376.6","ENSG00000184887.14","OTTHUMG00000029887.6","OTTHUMT00000350720.3","BTBD6-203","BTBD6",2195,"protein_coding",1726,46,0.933408617973328,"GGACT",0.717391304347826,NA,NA,NA,NA,NA,NA,NA,NA,NA,0,0,0,NA,NA,NA
"2341","ENST00000463857.1","ENSG00000164081.13","OTTHUMG00000156901.2","OTTHUMT00000346531.1","TEX264-211","TEX264",3937,"protein_coding_CDS_not_defined",3828,88,0.935437858104706,"GGACT",0.568181818181818,NA,NA,NA,NA,NA,NA,NA,NA,NA,0,0,0,NA,NA,NA
"2342","ENST00000464015.5","ENSG00000161179.14","OTTHUMG00000150822.2","OTTHUMT00000320218.1","YDJC-204","YDJC",1613,"retained_intron",1210,33,0.936851978302002,"GGACT",0.515151515151515,NA,NA,NA,NA,NA,NA,NA,NA,NA,0,0,0,NA,NA,NA
"2343","ENST00000464254.1","ENSG00000226525.5","OTTHUMG00000016546.1","OTTHUMT00000044132.1","RPS7P10-201","RPS7P10",603,"processed_pseudogene",594,158,0.943851590156555,"TGACT",0.537974683544304,NA,NA,NA,NA,NA,NA,NA,NA,NA,0,0,0,NA,NA,NA
"2344","ENST00000464275.5","ENSG00000120913.24","OTTHUMG00000164270.6","OTTHUMT00000334172.2","PDLIM2-216","PDLIM2",1995,"protein_coding",1779,69,0.925382912158966,"GGACT",0.550724637681159,NA,NA,NA,NA,NA,NA,NA,NA,NA,0,0,0,NA,NA,NA
"2345","ENST00000464941.5","ENSG00000196642.19","OTTHUMG00000020947.13","OTTHUMT00000055142.5","RABL6-208","RABL6",3361,"nonsense_mediated_decay",2986,94,0.911299824714661,"TGACT",0.659574468085106,NA,NA,NA,NA,NA,NA,NA,NA,NA,0,0,0,NA,NA,NA
"2346","ENST00000465124.1","ENSG00000136950.13","OTTHUMG00000020660.2","OTTHUMT00000054042.1","ARPC5L-203","ARPC5L",1877,"protein_coding_CDS_not_defined",1429,20,0.928824484348297,"AGACT",0.7,NA,NA,NA,NA,NA,NA,NA,NA,NA,0,0,0,NA,NA,NA
"2347","ENST00000465232.5","ENSG00000179988.15","OTTHUMG00000019191.3","OTTHUMT00000050816.1","PSTK-204","PSTK",818,"protein_coding_CDS_not_defined",810,23,0.926986575126648,"GAACT",0.478260869565217,NA,NA,NA,NA,NA,NA,NA,NA,NA,0,0,0,NA,NA,NA
"2348","ENST00000465670.1","ENSG00000106263.19","OTTHUMG00000022839.6","OTTHUMT00000322939.1","EIF3B-207","EIF3B",2766,"retained_intron",2388,218,0.913287460803986,"GGACT",0.68348623853211,NA,NA,NA,NA,NA,NA,NA,NA,NA,0,0,0,NA,NA,NA
"2349","ENST00000465682.5","ENSG00000108773.11","OTTHUMG00000133504.4","OTTHUMT00000257459.3","KAT2A-202","KAT2A",2990,"nonsense_mediated_decay",2609,21,0.956878006458282,"GGACC",0.666666666666667,NA,NA,NA,NA,NA,NA,NA,NA,NA,0,0,0,NA,NA,NA
"2350","ENST00000465727.5","ENSG00000078808.20","OTTHUMG00000001812.7","OTTHUMT00000005065.3","SDF4-205","SDF4",2095,"nonsense_mediated_decay",1915,35,0.940197587013245,"AAACT",0.457142857142857,NA,NA,NA,NA,NA,NA,NA,NA,NA,0,0,0,NA,NA,NA
"2351","ENST00000465825.5","ENSG00000006744.19","OTTHUMG00000058764.16","OTTHUMT00000129939.2","ELAC2-205","ELAC2",2793,"retained_intron",2555,112,0.962968409061432,"GGACT",0.830357142857143,NA,NA,NA,NA,NA,NA,NA,NA,NA,0,0,0,NA,NA,NA
"2352","ENST00000465998.2","ENSG00000072756.18","OTTHUMG00000090259.12","OTTHUMT00000337578.1","TRNT1-209","TRNT1",3684,"protein_coding",3220,21,0.97880744934082,"GGACT",0.666666666666667,NA,NA,NA,NA,NA,NA,NA,NA,NA,0,0,0,NA,NA,NA
"2353","ENST00000465998.2","ENSG00000072756.18","OTTHUMG00000090259.12","OTTHUMT00000337578.1","TRNT1-209","TRNT1",3684,"protein_coding",3325,20,0.915183961391449,"AGACT",0.65,NA,NA,NA,NA,NA,NA,NA,NA,NA,0,0,0,NA,NA,NA
"2354","ENST00000466404.5","ENSG00000105618.14","OTTHUMG00000066040.14","OTTHUMT00000141420.2","PRPF31-207","PRPF31",1837,"retained_intron",1598,25,0.966225385665894,"GGACA",0.64,NA,NA,NA,NA,NA,NA,NA,NA,NA,0,0,0,NA,NA,NA
"2355","ENST00000466404.5","ENSG00000105618.14","OTTHUMG00000066040.14","OTTHUMT00000141420.2","PRPF31-207","PRPF31",1837,"retained_intron",1680,20,0.950357675552368,"GGACT",0.75,NA,NA,NA,NA,NA,NA,NA,NA,NA,0,0,0,NA,NA,NA
"2356","ENST00000466444.7","ENSG00000111832.13","OTTHUMG00000015441.5","OTTHUMT00000041952.3","RWDD1-202","RWDD1",5385,"protein_coding",949,239,0.90840220451355,"GAACT",0.569037656903766,NA,NA,NA,NA,NA,NA,NA,NA,NA,0,0,0,NA,NA,NA
"2357","ENST00000466701.2","ENSG00000173402.13","OTTHUMG00000156869.11","OTTHUMT00000346338.1","DAG1-212","DAG1",5672,"protein_coding",5521,47,0.945650994777679,"GGACT",0.680851063829787,NA,NA,NA,NA,NA,NA,NA,NA,NA,0,0,0,NA,NA,NA
"2358","ENST00000466883.5","ENSG00000169919.17","OTTHUMG00000023735.5","OTTHUMT00000344648.1","GUSB-209","GUSB",2555,"retained_intron",2425,115,0.960792779922485,"GGACT",0.773913043478261,NA,NA,NA,NA,NA,NA,NA,NA,NA,0,0,0,NA,NA,NA
"2359","ENST00000467101.5","ENSG00000101181.18","OTTHUMG00000032897.5","OTTHUMT00000079983.3","MTG2-206","MTG2",2814,"nonsense_mediated_decay",883,20,0.954921782016754,"GAACT",0.7,NA,NA,NA,NA,NA,NA,NA,NA,NA,0,0,0,NA,NA,NA
"2360","ENST00000467112.5","ENSG00000160214.13","OTTHUMG00000086884.3","OTTHUMT00000195682.1","RRP1-201","RRP1",3019,"retained_intron",1582,21,0.902599990367889,"AGACT",0.666666666666667,NA,NA,NA,NA,NA,NA,NA,NA,NA,0,0,0,NA,NA,NA
"2361","ENST00000467112.5","ENSG00000160214.13","OTTHUMG00000086884.3","OTTHUMT00000195682.1","RRP1-201","RRP1",3019,"retained_intron",1681,20,0.971150875091553,"GGACC",0.6,NA,NA,NA,NA,NA,NA,NA,NA,NA,0,0,0,NA,NA,NA
"2362","ENST00000467167.5","ENSG00000114491.14","OTTHUMG00000159431.5","OTTHUMT00000355278.1","UMPS-204","UMPS",2242,"nonsense_mediated_decay",947,20,0.922600209712982,"GGACC",0.65,NA,NA,NA,NA,NA,NA,NA,NA,NA,0,0,0,NA,NA,NA
"2363","ENST00000467199.5","ENSG00000122687.19","OTTHUMG00000023866.8","OTTHUMT00000206921.1","MRM2-204","MRM2",1819,"protein_coding_CDS_not_defined",1041,55,0.926080465316772,"GGACA",0.581818181818182,NA,NA,NA,NA,NA,NA,NA,NA,NA,0,0,0,NA,NA,NA
"2364","ENST00000467199.5","ENSG00000122687.19","OTTHUMG00000023866.8","OTTHUMT00000206921.1","MRM2-204","MRM2",1819,"protein_coding_CDS_not_defined",1210,67,0.915958344936371,"AGACT",0.791044776119403,NA,NA,NA,NA,NA,NA,NA,NA,NA,0,0,0,NA,NA,NA
"2365","ENST00000467199.5","ENSG00000122687.19","OTTHUMG00000023866.8","OTTHUMT00000206921.1","MRM2-204","MRM2",1819,"protein_coding_CDS_not_defined",1277,57,0.963000118732452,"GGACT",0.684210526315789,NA,NA,NA,NA,NA,NA,NA,NA,NA,0,0,0,NA,NA,NA
"2366","ENST00000467199.5","ENSG00000122687.19","OTTHUMG00000023866.8","OTTHUMT00000206921.1","MRM2-204","MRM2",1819,"protein_coding_CDS_not_defined",1291,70,0.97266685962677,"AGACT",0.785714285714286,NA,NA,NA,NA,NA,NA,NA,NA,NA,0,0,0,NA,NA,NA
"2367","ENST00000467891.5","ENSG00000188130.14","OTTHUMG00000030145.5","OTTHUMT00000316916.1","MAPK12-204","MAPK12",2019,"retained_intron",1890,22,0.986728012561798,"GGACA",0.590909090909091,NA,NA,NA,NA,NA,NA,NA,NA,NA,0,0,0,NA,NA,NA
"2368","ENST00000468084.1","ENSG00000197982.14","OTTHUMG00000004319.7","OTTHUMT00000012946.2","C1orf122-204","C1orf122",1234,"protein_coding",912,200,0.937850832939148,"GGACT",0.69,NA,NA,NA,NA,NA,NA,NA,NA,NA,0,0,0,NA,NA,NA
"2369","ENST00000468611.5","ENSG00000106263.19","OTTHUMG00000022839.6","OTTHUMT00000322938.1","EIF3B-210","EIF3B",1868,"retained_intron",1490,487,0.9342200756073,"GGACT",0.691991786447639,NA,NA,NA,NA,NA,NA,NA,NA,NA,0,0,0,NA,NA,NA
"2370","ENST00000468686.5","ENSG00000161179.14","OTTHUMG00000150822.2","OTTHUMT00000320216.1","YDJC-205","YDJC",1423,"retained_intron",1020,57,0.949926793575287,"GGACT",0.649122807017544,NA,NA,NA,NA,NA,NA,NA,NA,NA,0,0,0,NA,NA,NA
"2371","ENST00000468929.5","ENSG00000214113.11","OTTHUMG00000014173.6","OTTHUMT00000353482.1","LYRM4-206","LYRM4",1168,"protein_coding",335,20,0.964404940605164,"GGACT",0.7,NA,NA,NA,NA,NA,NA,NA,NA,NA,0,0,0,NA,NA,NA
"2372","ENST00000468975.6","ENSG00000101199.13","OTTHUMG00000032965.8","OTTHUMT00000378037.2","ARFGAP1-205","ARFGAP1",2640,"protein_coding_CDS_not_defined",1644,22,0.967905640602112,"GGACT",0.772727272727273,NA,NA,NA,NA,NA,NA,NA,NA,NA,0,0,0,NA,NA,NA
"2373","ENST00000468975.6","ENSG00000101199.13","OTTHUMG00000032965.8","OTTHUMT00000378037.2","ARFGAP1-205","ARFGAP1",2640,"protein_coding_CDS_not_defined",1669,26,0.925228953361511,"TGACT",0.615384615384615,NA,NA,NA,NA,NA,NA,NA,NA,NA,0,0,0,NA,NA,NA
"2374","ENST00000468975.6","ENSG00000101199.13","OTTHUMG00000032965.8","OTTHUMT00000378037.2","ARFGAP1-205","ARFGAP1",2640,"protein_coding_CDS_not_defined",1890,26,0.993255913257599,"GGACT",0.961538461538462,NA,NA,NA,NA,NA,NA,NA,NA,NA,0,0,0,NA,NA,NA
"2375","ENST00000468975.6","ENSG00000101199.13","OTTHUMG00000032965.8","OTTHUMT00000378037.2","ARFGAP1-205","ARFGAP1",2640,"protein_coding_CDS_not_defined",1917,29,0.982578933238983,"GGACC",0.655172413793103,NA,NA,NA,NA,NA,NA,NA,NA,NA,0,0,0,NA,NA,NA
"2376","ENST00000468975.6","ENSG00000101199.13","OTTHUMG00000032965.8","OTTHUMT00000378037.2","ARFGAP1-205","ARFGAP1",2640,"protein_coding_CDS_not_defined",2055,23,0.977949678897858,"GGACC",0.956521739130435,NA,NA,NA,NA,NA,NA,NA,NA,NA,0,0,0,NA,NA,NA
"2377","ENST00000468975.6","ENSG00000101199.13","OTTHUMG00000032965.8","OTTHUMT00000378037.2","ARFGAP1-205","ARFGAP1",2640,"protein_coding_CDS_not_defined",2231,87,0.975063383579254,"GGACC",0.850574712643678,NA,NA,NA,NA,NA,NA,NA,NA,NA,0,0,0,NA,NA,NA
"2378","ENST00000468975.6","ENSG00000101199.13","OTTHUMG00000032965.8","OTTHUMT00000378037.2","ARFGAP1-205","ARFGAP1",2640,"protein_coding_CDS_not_defined",2265,91,0.949413955211639,"GGACT",0.637362637362637,NA,NA,NA,NA,NA,NA,NA,NA,NA,0,0,0,NA,NA,NA
"2379","ENST00000469100.5","ENSG00000134684.13","OTTHUMG00000003933.2","OTTHUMT00000011227.2","YARS1-203","YARS1",2247,"retained_intron",1617,103,0.986871123313904,"GGACT",0.844660194174757,NA,NA,NA,NA,NA,NA,NA,NA,NA,0,0,0,NA,NA,NA
"2380","ENST00000469139.2","ENSG00000173402.13","OTTHUMG00000156869.11","OTTHUMT00000346327.2","DAG1-213","DAG1",5563,"protein_coding",5415,47,0.94465696811676,"GGACT",0.680851063829787,NA,NA,NA,NA,NA,NA,NA,NA,NA,0,0,0,NA,NA,NA
"2381","ENST00000469144.5","ENSG00000228300.14","OTTHUMG00000153928.8","OTTHUMT00000333051.3","FAM174C-202","FAM174C",668,"protein_coding",511,194,0.918575704097748,"TGACT",0.587628865979381,NA,NA,NA,NA,NA,NA,NA,NA,NA,0,0,0,NA,NA,NA
"2382","ENST00000469537.1","ENSG00000160785.14","OTTHUMG00000014816.2","OTTHUMT00000040857.1","SLC25A44-204","SLC25A44",6952,"protein_coding_CDS_not_defined",6866,45,0.90259861946106,"GGACT",0.622222222222222,NA,NA,NA,NA,NA,NA,NA,NA,NA,0,0,0,NA,NA,NA
"2383","ENST00000469750.5","ENSG00000106009.16","OTTHUMG00000119091.5","OTTHUMT00000325026.1","BRAT1-204","BRAT1",5226,"retained_intron",4511,43,0.967699825763702,"GGACT",0.813953488372093,NA,NA,NA,NA,NA,NA,NA,NA,NA,0,0,0,NA,NA,NA
"2384","ENST00000469750.5","ENSG00000106009.16","OTTHUMG00000119091.5","OTTHUMT00000325026.1","BRAT1-204","BRAT1",5226,"retained_intron",5069,166,0.90263831615448,"GGACC",0.548192771084337,NA,NA,NA,NA,NA,NA,NA,NA,NA,0,0,0,NA,NA,NA
"2385","ENST00000469805.5","ENSG00000205531.14","OTTHUMG00000011009.12","OTTHUMT00000030397.1","NAP1L4-207","NAP1L4",2294,"retained_intron",1515,51,0.983548521995544,"GGACT",0.823529411764706,NA,NA,NA,NA,NA,NA,NA,NA,NA,0,0,0,NA,NA,NA
"2386","ENST00000470180.2","ENSG00000143612.21","OTTHUMG00000035981.5","OTTHUMT00000087669.2","C1orf43-207","C1orf43",1861,"nonsense_mediated_decay",1126,163,0.963464140892029,"GGACT",0.693251533742331,NA,NA,NA,NA,NA,NA,NA,NA,NA,0,0,0,NA,NA,NA
"2387","ENST00000470467.5","ENSG00000112640.16","OTTHUMG00000014716.5","OTTHUMT00000357967.1","PPP2R5D-205","PPP2R5D",2567,"protein_coding",1558,29,0.936941742897034,"GGACA",0.586206896551724,NA,NA,NA,NA,NA,NA,NA,NA,NA,0,0,0,NA,NA,NA
"2388","ENST00000470551.1","ENSG00000101152.12","OTTHUMG00000033007.4","OTTHUMT00000080245.3","DNAJC5-202","DNAJC5",5287,"nonsense_mediated_decay",4261,27,0.921159386634827,"TGACT",0.555555555555556,NA,NA,NA,NA,NA,NA,NA,NA,NA,0,0,0,NA,NA,NA
"2389","ENST00000470557.2","ENSG00000141378.15","OTTHUMG00000154532.4","OTTHUMT00000448482.1","PTRH2-203","PTRH2",4114,"protein_coding",3667,96,0.932276368141174,"TGACT",0.677083333333333,NA,NA,NA,NA,NA,NA,NA,NA,NA,0,0,0,NA,NA,NA
"2390","ENST00000470557.2","ENSG00000141378.15","OTTHUMG00000154532.4","OTTHUMT00000448482.1","PTRH2-203","PTRH2",4114,"protein_coding",3861,104,0.976544320583344,"TGACT",0.663461538461538,NA,NA,NA,NA,NA,NA,NA,NA,NA,0,0,0,NA,NA,NA
"2391","ENST00000470781.5","ENSG00000151923.18","OTTHUMG00000019156.8","OTTHUMT00000050671.2","TIAL1-209","TIAL1",1727,"retained_intron",1638,24,0.959228157997131,"GGACA",0.541666666666667,NA,NA,NA,NA,NA,NA,NA,NA,NA,0,0,0,NA,NA,NA
"2392","ENST00000470882.5","ENSG00000158850.15","OTTHUMG00000034348.2","OTTHUMT00000083056.1","B4GALT3-207","B4GALT3",3178,"protein_coding_CDS_not_defined",2821,30,0.906706094741821,"GGACT",0.7,NA,NA,NA,NA,NA,NA,NA,NA,NA,0,0,0,NA,NA,NA
"2393","ENST00000470972.5","ENSG00000070214.17","OTTHUMG00000020421.6","OTTHUMT00000053499.3","SLC44A1-205","SLC44A1",10433,"nonsense_mediated_decay",4303,25,0.926507592201233,"GGACT",0.72,NA,NA,NA,NA,NA,NA,NA,NA,NA,0,0,0,NA,NA,NA
"2394","ENST00000470972.5","ENSG00000070214.17","OTTHUMG00000020421.6","OTTHUMT00000053499.3","SLC44A1-205","SLC44A1",10433,"nonsense_mediated_decay",4391,51,0.900130212306976,"GAACT",0.529411764705882,NA,NA,NA,NA,NA,NA,NA,NA,NA,0,0,0,NA,NA,NA
"2395","ENST00000471073.1","ENSG00000184436.12","OTTHUMG00000150879.2","OTTHUMT00000320408.1","THAP7-204","THAP7",1809,"retained_intron",1584,43,0.960361063480377,"AGACT",0.697674418604651,NA,NA,NA,NA,NA,NA,NA,NA,NA,0,0,0,NA,NA,NA
"2396","ENST00000471073.1","ENSG00000184436.12","OTTHUMG00000150879.2","OTTHUMT00000320408.1","THAP7-204","THAP7",1809,"retained_intron",1645,24,0.901685416698456,"AGACT",0.541666666666667,NA,NA,NA,NA,NA,NA,NA,NA,NA,0,0,0,NA,NA,NA
"2397","ENST00000471073.1","ENSG00000184436.12","OTTHUMG00000150879.2","OTTHUMT00000320408.1","THAP7-204","THAP7",1809,"retained_intron",1667,45,0.909896492958069,"GGACT",0.622222222222222,NA,NA,NA,NA,NA,NA,NA,NA,NA,0,0,0,NA,NA,NA
"2398","ENST00000471374.1","ENSG00000128245.15","OTTHUMG00000030833.10","OTTHUMT00000128920.2","YWHAH-205","YWHAH",1735,"protein_coding_CDS_not_defined",514,54,0.934044659137726,"GAACT",0.592592592592593,NA,NA,NA,NA,NA,NA,NA,NA,NA,0,0,0,NA,NA,NA
"2399","ENST00000471374.1","ENSG00000128245.15","OTTHUMG00000030833.10","OTTHUMT00000128920.2","YWHAH-205","YWHAH",1735,"protein_coding_CDS_not_defined",808,66,0.951222538948059,"GGACA",0.651515151515151,NA,NA,NA,NA,NA,NA,NA,NA,NA,0,0,0,NA,NA,NA
"2400","ENST00000471374.1","ENSG00000128245.15","OTTHUMG00000030833.10","OTTHUMT00000128920.2","YWHAH-205","YWHAH",1735,"protein_coding_CDS_not_defined",835,71,0.974650979042053,"GGACT",0.746478873239437,NA,NA,NA,NA,NA,NA,NA,NA,NA,0,0,0,NA,NA,NA
"2401","ENST00000471374.1","ENSG00000128245.15","OTTHUMG00000030833.10","OTTHUMT00000128920.2","YWHAH-205","YWHAH",1735,"protein_coding_CDS_not_defined",1101,124,0.984630644321442,"GGACT",0.935483870967742,NA,NA,NA,NA,NA,NA,NA,NA,NA,0,0,0,NA,NA,NA
"2402","ENST00000471456.1","ENSG00000186501.15","OTTHUMG00000004410.6","OTTHUMT00000012810.2","TMEM222-206","TMEM222",2861,"retained_intron",2073,43,0.906785249710083,"GGACT",0.465116279069767,NA,NA,NA,NA,NA,NA,NA,NA,NA,0,0,0,NA,NA,NA
"2403","ENST00000471599.5","ENSG00000025800.14","OTTHUMG00000004333.6","OTTHUMT00000012528.4","KPNA6-204","KPNA6",3941,"nonsense_mediated_decay",1968,20,0.98723316192627,"GGACT",0.75,NA,NA,NA,NA,NA,NA,NA,NA,NA,0,0,0,NA,NA,NA
"2404","ENST00000471642.6","ENSG00000132676.16","OTTHUMG00000035439.6","OTTHUMT00000086045.2","DAP3-214","DAP3",1671,"protein_coding",1511,247,0.961731731891632,"GGACT",0.744939271255061,NA,NA,NA,NA,NA,NA,NA,NA,NA,0,0,0,NA,NA,NA
"2405","ENST00000471877.5","ENSG00000171130.19","OTTHUMG00000158094.5","OTTHUMT00000350174.2","ATP6V0E2-206","ATP6V0E2",1766,"nonsense_mediated_decay",731,63,0.941158592700958,"GGACT",0.666666666666667,NA,NA,NA,NA,NA,NA,NA,NA,NA,0,0,0,NA,NA,NA
"2406","ENST00000471877.5","ENSG00000171130.19","OTTHUMG00000158094.5","OTTHUMT00000350174.2","ATP6V0E2-206","ATP6V0E2",1766,"nonsense_mediated_decay",1513,156,0.961697280406952,"GGACT",0.794871794871795,NA,NA,NA,NA,NA,NA,NA,NA,NA,0,0,0,NA,NA,NA
"2407","ENST00000471909.1","ENSG00000160214.13","OTTHUMG00000086884.3","OTTHUMT00000195683.1","RRP1-202","RRP1",2544,"protein_coding_CDS_not_defined",1107,20,0.914351284503937,"AGACT",0.7,NA,NA,NA,NA,NA,NA,NA,NA,NA,0,0,0,NA,NA,NA
"2408","ENST00000471992.1","ENSG00000132591.12","OTTHUMG00000132675.5","OTTHUMT00000255939.2","ERAL1-204","ERAL1",1508,"retained_intron",1103,60,0.913787007331848,"GAACT",0.5,NA,NA,NA,NA,NA,NA,NA,NA,NA,0,0,0,NA,NA,NA
"2409","ENST00000472118.5","ENSG00000112640.16","OTTHUMG00000014716.5","OTTHUMT00000357962.1","PPP2R5D-206","PPP2R5D",2963,"protein_coding",1954,27,0.960608899593353,"GGACA",0.62962962962963,NA,NA,NA,NA,NA,NA,NA,NA,NA,0,0,0,NA,NA,NA
"2410","ENST00000472184.1","ENSG00000156253.7","OTTHUMG00000078805.3","OTTHUMT00000171860.1","RWDD2B-204","RWDD2B",1787,"retained_intron",1531,20,0.932094871997833,"GGACA",0.5,NA,NA,NA,NA,NA,NA,NA,NA,NA,0,0,0,NA,NA,NA
"2411","ENST00000472328.2","ENSG00000178035.13","OTTHUMG00000156771.3","-","IMPDH2-207","IMPDH2",1749,"retained_intron",1524,23,0.987851083278656,"GGACA",0.521739130434783,NA,NA,NA,NA,NA,NA,NA,NA,NA,0,0,0,NA,NA,NA
"2412","ENST00000472441.1","ENSG00000169908.12","OTTHUMG00000159597.2","OTTHUMT00000356370.1","TM4SF1-202","TM4SF1",3115,"protein_coding",2763,175,0.910609126091003,"GAACT",0.502857142857143,NA,NA,NA,NA,NA,NA,NA,NA,NA,0,0,0,NA,NA,NA
"2413","ENST00000472467.1","ENSG00000163479.14","OTTHUMG00000017456.4","OTTHUMT00000046174.1","SSR2-205","SSR2",1833,"retained_intron",1677,663,0.930451273918152,"AGACT",0.53393665158371,NA,NA,NA,NA,NA,NA,NA,NA,NA,0,0,0,NA,NA,NA
"2414","ENST00000472467.1","ENSG00000163479.14","OTTHUMG00000017456.4","OTTHUMT00000046174.1","SSR2-205","SSR2",1833,"retained_intron",1750,634,0.981887578964233,"GGACT",0.809148264984227,NA,NA,NA,NA,NA,NA,NA,NA,NA,0,0,0,NA,NA,NA
"2415","ENST00000473034.5","ENSG00000163481.8","OTTHUMG00000133077.3","OTTHUMT00000336682.1","RNF25-204","RNF25",1807,"retained_intron",1608,26,0.923578679561615,"GGACT",0.615384615384615,NA,NA,NA,NA,NA,NA,NA,NA,NA,0,0,0,NA,NA,NA
"2416","ENST00000473155.2","ENSG00000168209.6","OTTHUMG00000183961.3","OTTHUMT00000048578.1","DDIT4-203","DDIT4",1830,"retained_intron",1077,43,0.900788724422455,"GGACT",0.465116279069767,NA,NA,NA,NA,NA,NA,NA,NA,NA,0,0,0,NA,NA,NA
"2417","ENST00000473311.5","ENSG00000161204.12","OTTHUMG00000156824.1","OTTHUMT00000346049.1","ABCF3-210","ABCF3",2844,"retained_intron",2563,44,0.950750172138214,"GGACT",0.727272727272727,NA,NA,NA,NA,NA,NA,NA,NA,NA,0,0,0,NA,NA,NA
"2418","ENST00000473311.5","ENSG00000161204.12","OTTHUMG00000156824.1","OTTHUMT00000346049.1","ABCF3-210","ABCF3",2844,"retained_intron",2718,62,0.95234352350235,"GGACT",0.580645161290323,NA,NA,NA,NA,NA,NA,NA,NA,NA,0,0,0,NA,NA,NA
"2419","ENST00000473330.1","ENSG00000075618.18","OTTHUMG00000090599.6","OTTHUMT00000324032.1","FSCN1-205","FSCN1",2215,"retained_intron",1198,64,0.922856688499451,"GGACT",0.578125,NA,NA,NA,NA,NA,NA,NA,NA,NA,0,0,0,NA,NA,NA
"2420","ENST00000473615.5","ENSG00000149636.16","OTTHUMG00000032396.5","OTTHUMT00000079050.3","DSN1-208","DSN1",2075,"protein_coding_CDS_not_defined",1194,22,0.989683628082275,"GGACT",0.863636363636364,NA,NA,NA,NA,NA,NA,NA,NA,NA,0,0,0,NA,NA,NA
"2421","ENST00000473615.5","ENSG00000149636.16","OTTHUMG00000032396.5","OTTHUMT00000079050.3","DSN1-208","DSN1",2075,"protein_coding_CDS_not_defined",1198,22,0.967594802379608,"TGACT",0.727272727272727,NA,NA,NA,NA,NA,NA,NA,NA,NA,0,0,0,NA,NA,NA
"2422","ENST00000473637.6","ENSG00000141568.21","OTTHUMG00000140374.7","OTTHUMT00000277100.3","FOXK2-202","FOXK2",3462,"nonsense_mediated_decay",3058,20,0.930816173553467,"AGACT",0.85,NA,NA,NA,NA,NA,NA,NA,NA,NA,0,0,0,NA,NA,NA
"2423","ENST00000473637.6","ENSG00000141568.21","OTTHUMG00000140374.7","OTTHUMT00000277100.3","FOXK2-202","FOXK2",3462,"nonsense_mediated_decay",3346,21,0.906562745571136,"GGACT",0.523809523809524,NA,NA,NA,NA,NA,NA,NA,NA,NA,0,0,0,NA,NA,NA
"2424","ENST00000473985.1","ENSG00000161179.14","OTTHUMG00000150822.2","OTTHUMT00000320215.1","YDJC-206","YDJC",1494,"retained_intron",1116,54,0.942197024822235,"GGACT",0.574074074074074,NA,NA,NA,NA,NA,NA,NA,NA,NA,0,0,0,NA,NA,NA
"2425","ENST00000474486.5","ENSG00000158882.15","OTTHUMG00000034345.2","OTTHUMT00000083031.1","TOMM40L-206","TOMM40L",2396,"protein_coding_CDS_not_defined",2139,63,0.910987913608551,"AGACT",0.777777777777778,NA,NA,NA,NA,NA,NA,NA,NA,NA,0,0,0,NA,NA,NA
"2426","ENST00000474486.5","ENSG00000158882.15","OTTHUMG00000034345.2","OTTHUMT00000083031.1","TOMM40L-206","TOMM40L",2396,"protein_coding_CDS_not_defined",2285,56,0.92622047662735,"GGACT",0.678571428571429,NA,NA,NA,NA,NA,NA,NA,NA,NA,0,0,0,NA,NA,NA
"2427","ENST00000474539.5","ENSG00000163660.12","OTTHUMG00000158713.2","OTTHUMT00000351865.1","CCNL1-215","CCNL1",4799,"retained_intron",4353,20,0.951379954814911,"TGACT",0.55,NA,NA,NA,NA,NA,NA,NA,NA,NA,0,0,0,NA,NA,NA
"2428","ENST00000474840.5","ENSG00000172366.20","OTTHUMG00000048042.8","OTTHUMT00000109345.5","MCRIP2-202","MCRIP2",702,"nonsense_mediated_decay",537,63,0.921240866184235,"GGACT",0.777777777777778,NA,NA,NA,NA,NA,NA,NA,NA,NA,0,0,0,NA,NA,NA
"2429","ENST00000474879.7","ENSG00000100258.18","OTTHUMG00000150206.3","OTTHUMT00000316833.3","LMF2-202","LMF2",2593,"protein_coding",2351,21,0.983202993869781,"GGACT",0.761904761904762,NA,NA,NA,NA,NA,NA,NA,NA,NA,0,0,0,NA,NA,NA
"2430","ENST00000474953.5","ENSG00000054267.22","OTTHUMG00000039621.9","OTTHUMT00000095554.1","ARID4B-211","ARID4B",3463,"nonsense_mediated_decay",3248,152,0.941452383995056,"GGACT",0.736842105263158,NA,NA,NA,NA,NA,NA,NA,NA,NA,0,0,0,NA,NA,NA
"2431","ENST00000475415.5","ENSG00000106263.19","OTTHUMG00000022839.6","OTTHUMT00000322937.1","EIF3B-211","EIF3B",3745,"retained_intron",3367,510,0.93011075258255,"GGACT",0.67843137254902,NA,NA,NA,NA,NA,NA,NA,NA,NA,0,0,0,NA,NA,NA
"2432","ENST00000475551.5","ENSG00000136280.17","OTTHUMG00000129246.5","OTTHUMT00000353675.1","CCM2-207","CCM2",2471,"protein_coding",2066,21,0.96757572889328,"GGACT",0.666666666666667,NA,NA,NA,NA,NA,NA,NA,NA,NA,0,0,0,NA,NA,NA
"2433","ENST00000475863.5","ENSG00000115289.14","OTTHUMG00000129954.5","OTTHUMT00000328375.1","PCGF1-204","PCGF1",1056,"retained_intron",1015,58,0.916984021663666,"GAACT",0.586206896551724,NA,NA,NA,NA,NA,NA,NA,NA,NA,0,0,0,NA,NA,NA
"2434","ENST00000475978.1","ENSG00000175137.11","OTTHUMG00000040389.3","OTTHUMT00000097141.1","SH3BP5L-202","SH3BP5L",4122,"protein_coding_CDS_not_defined",3317,20,0.920025229454041,"GAACT",0.35,NA,NA,NA,NA,NA,NA,NA,NA,NA,0,0,0,NA,NA,NA
"2435","ENST00000475978.1","ENSG00000175137.11","OTTHUMG00000040389.3","OTTHUMT00000097141.1","SH3BP5L-202","SH3BP5L",4122,"protein_coding_CDS_not_defined",3940,53,0.950946986675262,"GGACT",0.735849056603774,NA,NA,NA,NA,NA,NA,NA,NA,NA,0,0,0,NA,NA,NA
"2436","ENST00000475993.1","ENSG00000204574.14","OTTHUMG00000031094.8","OTTHUMT00000256168.2","ABCF1-205","ABCF1",2860,"nonsense_mediated_decay",1974,23,0.937569081783295,"AGACT",0.739130434782609,NA,NA,NA,NA,NA,NA,NA,NA,NA,0,0,0,NA,NA,NA
"2437","ENST00000475993.1","ENSG00000204574.14","OTTHUMG00000031094.8","OTTHUMT00000256168.2","ABCF1-205","ABCF1",2860,"nonsense_mediated_decay",2104,24,0.97135329246521,"GGACT",0.791666666666667,NA,NA,NA,NA,NA,NA,NA,NA,NA,0,0,0,NA,NA,NA
"2438","ENST00000475993.1","ENSG00000204574.14","OTTHUMG00000031094.8","OTTHUMT00000256168.2","ABCF1-205","ABCF1",2860,"nonsense_mediated_decay",2209,23,0.982001423835754,"TGACT",0.91304347826087,NA,NA,NA,NA,NA,NA,NA,NA,NA,0,0,0,NA,NA,NA
"2439","ENST00000476266.5","ENSG00000105221.18","OTTHUMG00000137375.23","OTTHUMT00000268030.2","AKT2-216","AKT2",3309,"retained_intron",2668,26,0.95525860786438,"GGACA",0.615384615384615,NA,NA,NA,NA,NA,NA,NA,NA,NA,0,0,0,NA,NA,NA
"2440","ENST00000476510.5","ENSG00000172432.19","OTTHUMG00000014744.13","OTTHUMT00000040669.1","GTPBP2-208","GTPBP2",2816,"protein_coding_CDS_not_defined",2149,20,0.982020914554596,"GGACA",0.85,NA,NA,NA,NA,NA,NA,NA,NA,NA,0,0,0,NA,NA,NA
"2441","ENST00000476510.5","ENSG00000172432.19","OTTHUMG00000014744.13","OTTHUMT00000040669.1","GTPBP2-208","GTPBP2",2816,"protein_coding_CDS_not_defined",2664,62,0.971524238586426,"GGACT",0.741935483870968,NA,NA,NA,NA,NA,NA,NA,NA,NA,0,0,0,NA,NA,NA
"2442","ENST00000476586.5","ENSG00000068878.15","OTTHUMG00000151852.6","OTTHUMT00000324159.2","PSME4-206","PSME4",1422,"protein_coding_CDS_not_defined",1016,42,0.926960110664368,"GAACT",0.5,NA,NA,NA,NA,NA,NA,NA,NA,NA,0,0,0,NA,NA,NA
"2443","ENST00000476667.5","ENSG00000184436.12","OTTHUMG00000150879.2","OTTHUMT00000320406.1","THAP7-206","THAP7",1671,"retained_intron",1475,47,0.96623021364212,"AGACT",0.680851063829787,NA,NA,NA,NA,NA,NA,NA,NA,NA,0,0,0,NA,NA,NA
"2444","ENST00000476667.5","ENSG00000184436.12","OTTHUMG00000150879.2","OTTHUMT00000320406.1","THAP7-206","THAP7",1671,"retained_intron",1536,26,0.913487076759338,"AGACT",0.576923076923077,NA,NA,NA,NA,NA,NA,NA,NA,NA,0,0,0,NA,NA,NA
"2445","ENST00000476667.5","ENSG00000184436.12","OTTHUMG00000150879.2","OTTHUMT00000320406.1","THAP7-206","THAP7",1671,"retained_intron",1558,47,0.901957631111145,"GGACT",0.638297872340426,NA,NA,NA,NA,NA,NA,NA,NA,NA,0,0,0,NA,NA,NA
"2446","ENST00000477012.5","ENSG00000114125.14","OTTHUMG00000141305.4","OTTHUMT00000280604.2","RNF7-203","RNF7",1036,"nonsense_mediated_decay",778,129,0.902094125747681,"GGACT",0.51937984496124,NA,NA,NA,NA,NA,NA,NA,NA,NA,0,0,0,NA,NA,NA
"2447","ENST00000477040.1","ENSG00000116898.12","OTTHUMG00000008042.5","OTTHUMT00000091348.1","MRPS15-203","MRPS15",533,"protein_coding_CDS_not_defined",471,49,0.914735972881317,"AGACA",0.653061224489796,NA,NA,NA,NA,NA,NA,NA,NA,NA,0,0,0,NA,NA,NA
"2448","ENST00000477279.1","ENSG00000055950.17","OTTHUMG00000018920.3","OTTHUMT00000049910.2","MRPL43-211","MRPL43",903,"protein_coding",480,64,0.982613921165466,"GGACT",0.9375,NA,NA,NA,NA,NA,NA,NA,NA,NA,0,0,0,NA,NA,NA
"2449","ENST00000477551.5","ENSG00000144895.12","OTTHUMG00000159775.4","OTTHUMT00000357263.1","EIF2A-211","EIF2A",1906,"nonsense_mediated_decay",794,71,0.951844990253448,"GGACA",0.690140845070423,NA,NA,NA,NA,NA,NA,NA,NA,NA,0,0,0,NA,NA,NA
"2450","ENST00000477902.6","ENSG00000148824.19","OTTHUMG00000166564.4","OTTHUMT00000051170.2","MTG1-205","MTG1",1283,"protein_coding",972,64,0.910540521144867,"AGACT",0.671875,NA,NA,NA,NA,NA,NA,NA,NA,NA,0,0,0,NA,NA,NA
"2451","ENST00000478382.1","ENSG00000123545.6","OTTHUMG00000015246.2","OTTHUMT00000041568.1","NDUFAF4-202","NDUFAF4",555,"protein_coding_CDS_not_defined",334,59,0.916694343090057,"GGACT",0.627118644067797,NA,NA,NA,NA,NA,NA,NA,NA,NA,0,0,0,NA,NA,NA
"2452","ENST00000478431.1","ENSG00000204227.5","OTTHUMG00000031278.3","OTTHUMT00000076610.2","RING1-202","RING1",1532,"protein_coding_CDS_not_defined",971,54,0.914862930774689,"GGACC",0.555555555555556,NA,NA,NA,NA,NA,NA,NA,NA,NA,0,0,0,NA,NA,NA
"2453","ENST00000478431.1","ENSG00000204227.5","OTTHUMG00000031278.3","OTTHUMT00000076610.2","RING1-202","RING1",1532,"protein_coding_CDS_not_defined",1321,106,0.954182624816895,"GGACA",0.452830188679245,NA,NA,NA,NA,NA,NA,NA,NA,NA,0,0,0,NA,NA,NA
"2454","ENST00000478431.1","ENSG00000204227.5","OTTHUMG00000031278.3","OTTHUMT00000076610.2","RING1-202","RING1",1532,"protein_coding_CDS_not_defined",1333,90,0.960324585437775,"GGACA",0.655555555555556,NA,NA,NA,NA,NA,NA,NA,NA,NA,0,0,0,NA,NA,NA
"2455","ENST00000478753.5","ENSG00000179918.19","OTTHUMG00000176988.12","OTTHUMT00000109640.14","SEPHS2-201","SEPHS2",2244,"protein_coding",505,51,0.916733860969543,"GGACT",0.549019607843137,NA,NA,NA,NA,NA,NA,NA,NA,NA,0,0,0,NA,NA,NA
"2456","ENST00000478753.5","ENSG00000179918.19","OTTHUMG00000176988.12","OTTHUMT00000109640.14","SEPHS2-201","SEPHS2",2244,"protein_coding",559,47,0.974661767482758,"GGACT",0.787234042553192,NA,NA,NA,NA,NA,NA,NA,NA,NA,0,0,0,NA,NA,NA
"2457","ENST00000478753.5","ENSG00000179918.19","OTTHUMG00000176988.12","OTTHUMT00000109640.14","SEPHS2-201","SEPHS2",2244,"protein_coding",1047,92,0.944337904453278,"GAACT",0.554347826086957,NA,NA,NA,NA,NA,NA,NA,NA,NA,0,0,0,NA,NA,NA
"2458","ENST00000478753.5","ENSG00000179918.19","OTTHUMG00000176988.12","OTTHUMT00000109640.14","SEPHS2-201","SEPHS2",2244,"protein_coding",1118,100,0.991726756095886,"GGACA",0.68,NA,NA,NA,NA,NA,NA,NA,NA,NA,0,0,0,NA,NA,NA
"2459","ENST00000478753.5","ENSG00000179918.19","OTTHUMG00000176988.12","OTTHUMT00000109640.14","SEPHS2-201","SEPHS2",2244,"protein_coding",1518,118,0.964001357555389,"GGACC",0.788135593220339,NA,NA,NA,NA,NA,NA,NA,NA,NA,0,0,0,NA,NA,NA
"2460","ENST00000478753.5","ENSG00000179918.19","OTTHUMG00000176988.12","OTTHUMT00000109640.14","SEPHS2-201","SEPHS2",2244,"protein_coding",1898,151,0.951553344726562,"GGACC",0.649006622516556,NA,NA,NA,NA,NA,NA,NA,NA,NA,0,0,0,NA,NA,NA
"2461","ENST00000478938.1","ENSG00000078808.20","OTTHUMG00000001812.7","OTTHUMT00000005067.1","SDF4-206","SDF4",2591,"retained_intron",2414,58,0.935579121112823,"AAACT",0.482758620689655,NA,NA,NA,NA,NA,NA,NA,NA,NA,0,0,0,NA,NA,NA
"2462","ENST00000478968.6","ENSG00000016864.19","OTTHUMG00000158759.8","OTTHUMT00000352065.3","GLT8D1-206","GLT8D1",1826,"protein_coding",1482,47,0.964893162250519,"GAACT",0.680851063829787,NA,NA,NA,NA,NA,NA,NA,NA,NA,0,0,0,NA,NA,NA
"2463","ENST00000479086.1","ENSG00000156521.14","OTTHUMG00000018397.2","OTTHUMT00000048485.1","TYSND1-203","TYSND1",2620,"protein_coding_CDS_not_defined",1129,54,0.967337608337402,"GGACT",0.833333333333333,NA,NA,NA,NA,NA,NA,NA,NA,NA,0,0,0,NA,NA,NA
"2464","ENST00000479086.1","ENSG00000156521.14","OTTHUMG00000018397.2","OTTHUMT00000048485.1","TYSND1-203","TYSND1",2620,"protein_coding_CDS_not_defined",1187,50,0.964565336704254,"GGACA",0.62,NA,NA,NA,NA,NA,NA,NA,NA,NA,0,0,0,NA,NA,NA
"2465","ENST00000479127.5","ENSG00000160256.14","OTTHUMG00000090293.3","OTTHUMT00000206642.1","SLX9-204","SLX9",759,"protein_coding_CDS_not_defined",621,45,0.900495946407318,"GGACA",0.333333333333333,NA,NA,NA,NA,NA,NA,NA,NA,NA,0,0,0,NA,NA,NA
"2466","ENST00000479613.5","ENSG00000171130.19","OTTHUMG00000158094.5","OTTHUMT00000350173.1","ATP6V0E2-207","ATP6V0E2",1666,"protein_coding",638,63,0.94334489107132,"GGACT",0.666666666666667,NA,NA,NA,NA,NA,NA,NA,NA,NA,0,0,0,NA,NA,NA
"2467","ENST00000479613.5","ENSG00000171130.19","OTTHUMG00000158094.5","OTTHUMT00000350173.1","ATP6V0E2-207","ATP6V0E2",1666,"protein_coding",1420,156,0.959908366203308,"GGACT",0.794871794871795,NA,NA,NA,NA,NA,NA,NA,NA,NA,0,0,0,NA,NA,NA
"2468","ENST00000479668.5","ENSG00000214022.12","OTTHUMG00000158330.4","OTTHUMT00000350704.2","REPIN1-209","REPIN1",3182,"protein_coding",2186,23,0.915521502494812,"GGACA",0.565217391304348,NA,NA,NA,NA,NA,NA,NA,NA,NA,0,0,0,NA,NA,NA
"2469","ENST00000479668.5","ENSG00000214022.12","OTTHUMG00000158330.4","OTTHUMT00000350704.2","REPIN1-209","REPIN1",3182,"protein_coding",2874,62,0.976627111434937,"GGACT",0.709677419354839,NA,NA,NA,NA,NA,NA,NA,NA,NA,0,0,0,NA,NA,NA
"2470","ENST00000479668.5","ENSG00000214022.12","OTTHUMG00000158330.4","OTTHUMT00000350704.2","REPIN1-209","REPIN1",3182,"protein_coding",2951,25,0.946699202060699,"GGACA",0.64,NA,NA,NA,NA,NA,NA,NA,NA,NA,0,0,0,NA,NA,NA
"2471","ENST00000479701.5","ENSG00000196576.16","OTTHUMG00000150219.10","OTTHUMT00000316877.1","PLXNB2-209","PLXNB2",3504,"retained_intron",3292,25,0.934424459934235,"GGACT",0.6,NA,NA,NA,NA,NA,NA,NA,NA,NA,0,0,0,NA,NA,NA
"2472","ENST00000479719.5","ENSG00000114491.14","OTTHUMG00000159431.5","OTTHUMT00000355279.1","UMPS-206","UMPS",2340,"nonsense_mediated_decay",691,21,0.962613821029663,"GAACT",0.761904761904762,NA,NA,NA,NA,NA,NA,NA,NA,NA,0,0,0,NA,NA,NA
"2473","ENST00000479719.5","ENSG00000114491.14","OTTHUMG00000159431.5","OTTHUMT00000355279.1","UMPS-206","UMPS",2340,"nonsense_mediated_decay",841,27,0.941939830780029,"GGACC",0.666666666666667,NA,NA,NA,NA,NA,NA,NA,NA,NA,0,0,0,NA,NA,NA
"2474","ENST00000479719.5","ENSG00000114491.14","OTTHUMG00000159431.5","OTTHUMT00000355279.1","UMPS-206","UMPS",2340,"nonsense_mediated_decay",863,26,0.980418026447296,"AGACT",0.846153846153846,NA,NA,NA,NA,NA,NA,NA,NA,NA,0,0,0,NA,NA,NA
"2475","ENST00000479818.5","ENSG00000196576.16","OTTHUMG00000150219.10","OTTHUMT00000316879.1","PLXNB2-210","PLXNB2",1916,"retained_intron",1704,23,0.935123801231384,"GGACT",0.608695652173913,NA,NA,NA,NA,NA,NA,NA,NA,NA,0,0,0,NA,NA,NA
"2476","ENST00000479871.1","ENSG00000148229.13","OTTHUMG00000020523.3","OTTHUMT00000053727.1","POLE3-204","POLE3",2396,"protein_coding_CDS_not_defined",949,61,0.989173829555511,"AAACT",0.80327868852459,NA,NA,NA,NA,NA,NA,NA,NA,NA,0,0,0,NA,NA,NA
"2477","ENST00000480153.5","ENSG00000149636.16","OTTHUMG00000032396.5","OTTHUMT00000079044.2","DSN1-209","DSN1",2447,"retained_intron",1566,21,0.991672992706299,"GGACT",0.857142857142857,NA,NA,NA,NA,NA,NA,NA,NA,NA,0,0,0,NA,NA,NA
"2478","ENST00000480153.5","ENSG00000149636.16","OTTHUMG00000032396.5","OTTHUMT00000079044.2","DSN1-209","DSN1",2447,"retained_intron",1570,20,0.946497917175293,"TGACT",0.75,NA,NA,NA,NA,NA,NA,NA,NA,NA,0,0,0,NA,NA,NA
"2479","ENST00000480176.5","ENSG00000163479.14","OTTHUMG00000017456.4","OTTHUMT00000046175.1","SSR2-209","SSR2",1040,"retained_intron",964,384,0.944978356361389,"AGACT",0.533854166666667,NA,NA,NA,NA,NA,NA,NA,NA,NA,0,0,0,NA,NA,NA
"2480","ENST00000480384.1","ENSG00000204386.12","OTTHUMG00000031284.5","OTTHUMT00000268460.1","NEU1-207","NEU1",2214,"retained_intron",1583,46,0.946296274662018,"GGACT",0.760869565217391,NA,NA,NA,NA,NA,NA,NA,NA,NA,0,0,0,NA,NA,NA
"2481","ENST00000480384.1","ENSG00000204386.12","OTTHUMG00000031284.5","OTTHUMT00000268460.1","NEU1-207","NEU1",2214,"retained_intron",1637,50,0.986375093460083,"AGACA",0.8,NA,NA,NA,NA,NA,NA,NA,NA,NA,0,0,0,NA,NA,NA
"2482","ENST00000480384.1","ENSG00000204386.12","OTTHUMG00000031284.5","OTTHUMT00000268460.1","NEU1-207","NEU1",2214,"retained_intron",1712,68,0.973358988761902,"GGACT",0.676470588235294,NA,NA,NA,NA,NA,NA,NA,NA,NA,0,0,0,NA,NA,NA
"2483","ENST00000480562.3","ENSG00000161204.12","OTTHUMG00000156824.1","OTTHUMT00000346055.1","ABCF3-214","ABCF3",1182,"retained_intron",1062,22,0.928515255451202,"GGACT",0.454545454545454,NA,NA,NA,NA,NA,NA,NA,NA,NA,0,0,0,NA,NA,NA
"2484","ENST00000480655.5","ENSG00000244005.13","OTTHUMG00000032361.12","OTTHUMT00000078939.1","NFS1-211","NFS1",2653,"retained_intron",2247,45,0.920315802097321,"AGACA",0.533333333333333,NA,NA,NA,NA,NA,NA,NA,NA,NA,0,0,0,NA,NA,NA
"2485","ENST00000480891.5","ENSG00000006744.19","OTTHUMG00000058764.16","OTTHUMT00000129937.2","ELAC2-207","ELAC2",2737,"retained_intron",2497,125,0.962369620800018,"GGACT",0.824,NA,NA,NA,NA,NA,NA,NA,NA,NA,0,0,0,NA,NA,NA
"2486","ENST00000480908.1","ENSG00000114125.14","OTTHUMG00000141305.4","OTTHUMT00000353057.2","RNF7-205","RNF7",782,"protein_coding",493,240,0.910308241844177,"GGACT",0.516666666666667,NA,NA,NA,NA,NA,NA,NA,NA,NA,0,0,0,NA,NA,NA
"2487","ENST00000481165.5","ENSG00000142910.16","OTTHUMG00000003884.2","OTTHUMT00000011073.1","TINAGL1-209","TINAGL1",4759,"protein_coding_CDS_not_defined",4351,21,0.915060937404633,"GGACA",0.333333333333333,NA,NA,NA,NA,NA,NA,NA,NA,NA,0,0,0,NA,NA,NA
"2488","ENST00000481195.6","ENSG00000113575.12","OTTHUMG00000129119.6","OTTHUMT00000251165.2","PPP2CA-203","PPP2CA",4582,"protein_coding",1266,216,0.950859546661377,"GGACC",0.509259259259259,NA,NA,NA,NA,NA,NA,NA,NA,NA,0,0,0,NA,NA,NA
"2489","ENST00000481210.6","ENSG00000058262.11","OTTHUMG00000159624.5","OTTHUMT00000356735.2","SEC61A1-204","SEC61A1",3521,"protein_coding",1604,23,0.91012042760849,"GGACT",0.739130434782609,NA,NA,NA,NA,NA,NA,NA,NA,NA,0,0,0,NA,NA,NA
"2490","ENST00000481210.6","ENSG00000058262.11","OTTHUMG00000159624.5","OTTHUMT00000356735.2","SEC61A1-204","SEC61A1",3521,"protein_coding",1969,21,0.937651038169861,"GGACC",0.523809523809524,NA,NA,NA,NA,NA,NA,NA,NA,NA,0,0,0,NA,NA,NA
"2491","ENST00000481210.6","ENSG00000058262.11","OTTHUMG00000159624.5","OTTHUMT00000356735.2","SEC61A1-204","SEC61A1",3521,"protein_coding",2021,25,0.975363314151764,"GGACT",0.76,NA,NA,NA,NA,NA,NA,NA,NA,NA,0,0,0,NA,NA,NA
"2492","ENST00000481210.6","ENSG00000058262.11","OTTHUMG00000159624.5","OTTHUMT00000356735.2","SEC61A1-204","SEC61A1",3521,"protein_coding",2392,67,0.970788538455963,"AAACT",0.611940298507463,NA,NA,NA,NA,NA,NA,NA,NA,NA,0,0,0,NA,NA,NA
"2493","ENST00000481210.6","ENSG00000058262.11","OTTHUMG00000159624.5","OTTHUMT00000356735.2","SEC61A1-204","SEC61A1",3521,"protein_coding",2396,73,0.961050152778625,"TGACT",0.698630136986301,NA,NA,NA,NA,NA,NA,NA,NA,NA,0,0,0,NA,NA,NA
"2494","ENST00000481210.6","ENSG00000058262.11","OTTHUMG00000159624.5","OTTHUMT00000356735.2","SEC61A1-204","SEC61A1",3521,"protein_coding",2475,71,0.962761104106903,"GGACT",0.633802816901408,NA,NA,NA,NA,NA,NA,NA,NA,NA,0,0,0,NA,NA,NA
"2495","ENST00000481473.5","ENSG00000196510.14","OTTHUMG00000157009.5","OTTHUMT00000347077.3","ANAPC7-206","ANAPC7",1836,"protein_coding_CDS_not_defined",1225,52,0.991495549678802,"GGACT",0.903846153846154,NA,NA,NA,NA,NA,NA,NA,NA,NA,0,0,0,NA,NA,NA
"2496","ENST00000481546.1","ENSG00000184787.19","OTTHUMG00000089179.7","OTTHUMT00000202649.1","UBE2G2-206","UBE2G2",4340,"retained_intron",3747,67,0.936278939247131,"AGACT",0.477611940298508,NA,NA,NA,NA,NA,NA,NA,NA,NA,0,0,0,NA,NA,NA
"2497","ENST00000482463.5","ENSG00000115944.15","OTTHUMG00000128605.9","OTTHUMT00000325855.1","COX7A2L-207","COX7A2L",1918,"protein_coding_CDS_not_defined",1221,246,0.926523685455322,"GGACT",0.560975609756098,NA,NA,NA,NA,NA,NA,NA,NA,NA,0,0,0,NA,NA,NA
"2498","ENST00000482943.1","ENSG00000134375.11","OTTHUMG00000035806.2","OTTHUMT00000087093.1","TIMM17A-203","TIMM17A",2523,"protein_coding_CDS_not_defined",1850,95,0.91376519203186,"AGACA",0.621052631578947,NA,NA,NA,NA,NA,NA,NA,NA,NA,0,0,0,NA,NA,NA
"2499","ENST00000482998.1","ENSG00000161179.14","OTTHUMG00000150822.2","OTTHUMT00000320217.1","YDJC-207","YDJC",1388,"retained_intron",1018,49,0.965667247772217,"GGACT",0.63265306122449,NA,NA,NA,NA,NA,NA,NA,NA,NA,0,0,0,NA,NA,NA
"2500","ENST00000483166.5","ENSG00000105221.18","OTTHUMG00000137375.23","OTTHUMT00000268031.1","AKT2-218","AKT2",4454,"retained_intron",3811,23,0.959473192691803,"GGACA",0.652173913043478,NA,NA,NA,NA,NA,NA,NA,NA,NA,0,0,0,NA,NA,NA
"2501","ENST00000483734.5","ENSG00000125459.18","OTTHUMG00000014014.9","OTTHUMT00000039412.1","MSTO1-212","MSTO1",2490,"protein_coding_CDS_not_defined",2194,22,0.976542353630066,"GGACT",0.727272727272727,NA,NA,NA,NA,NA,NA,NA,NA,NA,0,0,0,NA,NA,NA
"2502","ENST00000483739.5","ENSG00000162384.14","OTTHUMG00000008940.4","OTTHUMT00000024752.1","CZIB-205","CZIB",1912,"retained_intron",1419,69,0.90553092956543,"GAACT",0.521739130434783,NA,NA,NA,NA,NA,NA,NA,NA,NA,0,0,0,NA,NA,NA
"2503","ENST00000483739.5","ENSG00000162384.14","OTTHUMG00000008940.4","OTTHUMT00000024752.1","CZIB-205","CZIB",1912,"retained_intron",1779,64,0.905166864395142,"GAACT",0.5,NA,NA,NA,NA,NA,NA,NA,NA,NA,0,0,0,NA,NA,NA
"2504","ENST00000483956.2","ENSG00000058262.11","OTTHUMG00000159624.5","OTTHUMT00000356734.1","SEC61A1-205","SEC61A1",3890,"nonsense_mediated_decay",2301,30,0.908543407917023,"GGACC",0.433333333333333,NA,NA,NA,NA,NA,NA,NA,NA,NA,0,0,0,NA,NA,NA
"2505","ENST00000483956.2","ENSG00000058262.11","OTTHUMG00000159624.5","OTTHUMT00000356734.1","SEC61A1-205","SEC61A1",3890,"nonsense_mediated_decay",2353,32,0.969498634338379,"GGACT",0.78125,NA,NA,NA,NA,NA,NA,NA,NA,NA,0,0,0,NA,NA,NA
"2506","ENST00000483956.2","ENSG00000058262.11","OTTHUMG00000159624.5","OTTHUMT00000356734.1","SEC61A1-205","SEC61A1",3890,"nonsense_mediated_decay",2411,61,0.974812865257263,"GGACA",0.508196721311475,NA,NA,NA,NA,NA,NA,NA,NA,NA,0,0,0,NA,NA,NA
"2507","ENST00000483956.2","ENSG00000058262.11","OTTHUMG00000159624.5","OTTHUMT00000356734.1","SEC61A1-205","SEC61A1",3890,"nonsense_mediated_decay",2718,61,0.982095003128052,"GGACA",0.737704918032787,NA,NA,NA,NA,NA,NA,NA,NA,NA,0,0,0,NA,NA,NA
"2508","ENST00000483956.2","ENSG00000058262.11","OTTHUMG00000159624.5","OTTHUMT00000356734.1","SEC61A1-205","SEC61A1",3890,"nonsense_mediated_decay",2724,104,0.957943737506866,"AAACT",0.576923076923077,NA,NA,NA,NA,NA,NA,NA,NA,NA,0,0,0,NA,NA,NA
"2509","ENST00000483956.2","ENSG00000058262.11","OTTHUMG00000159624.5","OTTHUMT00000356734.1","SEC61A1-205","SEC61A1",3890,"nonsense_mediated_decay",2728,116,0.94792240858078,"TGACT",0.646551724137931,NA,NA,NA,NA,NA,NA,NA,NA,NA,0,0,0,NA,NA,NA
"2510","ENST00000483956.2","ENSG00000058262.11","OTTHUMG00000159624.5","OTTHUMT00000356734.1","SEC61A1-205","SEC61A1",3890,"nonsense_mediated_decay",2807,112,0.970780551433563,"GGACT",0.705357142857143,NA,NA,NA,NA,NA,NA,NA,NA,NA,0,0,0,NA,NA,NA
"2511","ENST00000484122.5","ENSG00000006744.19","OTTHUMG00000058764.16","OTTHUMT00000129936.3","ELAC2-208","ELAC2",3738,"retained_intron",3498,113,0.960401952266693,"GGACT",0.814159292035398,NA,NA,NA,NA,NA,NA,NA,NA,NA,0,0,0,NA,NA,NA
"2512","ENST00000484202.2","ENSG00000175137.11","OTTHUMG00000040389.3","OTTHUMT00000097142.2","SH3BP5L-203","SH3BP5L",3110,"protein_coding_CDS_not_defined",2299,20,0.922753930091858,"GAACT",0.35,NA,NA,NA,NA,NA,NA,NA,NA,NA,0,0,0,NA,NA,NA
"2513","ENST00000484202.2","ENSG00000175137.11","OTTHUMG00000040389.3","OTTHUMT00000097142.2","SH3BP5L-203","SH3BP5L",3110,"protein_coding_CDS_not_defined",2922,54,0.948364436626434,"GGACT",0.722222222222222,NA,NA,NA,NA,NA,NA,NA,NA,NA,0,0,0,NA,NA,NA
"2514","ENST00000484320.6","ENSG00000163479.14","OTTHUMG00000017456.4","OTTHUMT00000046177.2","SSR2-211","SSR2",1148,"retained_intron",1050,508,0.928727149963379,"AGACT",0.535433070866142,NA,NA,NA,NA,NA,NA,NA,NA,NA,0,0,0,NA,NA,NA
"2515","ENST00000484320.6","ENSG00000163479.14","OTTHUMG00000017456.4","OTTHUMT00000046177.2","SSR2-211","SSR2",1148,"retained_intron",1123,482,0.981510996818542,"GGACT",0.794605809128631,NA,NA,NA,NA,NA,NA,NA,NA,NA,0,0,0,NA,NA,NA
"2516","ENST00000484471.6","ENSG00000196642.19","OTTHUMG00000020947.13","OTTHUMT00000055139.4","RABL6-210","RABL6",2746,"nonsense_mediated_decay",2376,89,0.911937236785889,"TGACT",0.662921348314607,NA,NA,NA,NA,NA,NA,NA,NA,NA,0,0,0,NA,NA,NA
"2517","ENST00000484846.1","ENSG00000110047.18","OTTHUMG00000066832.18","OTTHUMT00000143233.3","EHD1-209","EHD1",3469,"retained_intron",3458,28,0.958807468414307,"GAACT",0.607142857142857,NA,NA,NA,NA,NA,NA,NA,NA,NA,0,0,0,NA,NA,NA
"2518","ENST00000484908.2","ENSG00000071553.18","OTTHUMG00000033291.11","OTTHUMT00000316576.1","ATP6AP1-208","ATP6AP1",2556,"protein_coding_CDS_not_defined",2045,72,0.90867692232132,"GAACT",0.611111111111111,NA,NA,NA,NA,NA,NA,NA,NA,NA,0,0,0,NA,NA,NA
"2519","ENST00000485191.5","ENSG00000228300.14","OTTHUMG00000153928.8","OTTHUMT00000333052.1","FAM174C-203","FAM174C",1675,"retained_intron",1518,195,0.914322853088379,"TGACT",0.584615384615385,NA,NA,NA,NA,NA,NA,NA,NA,NA,0,0,0,NA,NA,NA
"2520","ENST00000485333.6","ENSG00000122140.13","OTTHUMG00000020910.4","OTTHUMT00000055000.1","MRPS2-207","MRPS2",1654,"nonsense_mediated_decay",1364,137,0.902733445167542,"GGACC",0.532846715328467,NA,NA,NA,NA,NA,NA,NA,NA,NA,0,0,0,NA,NA,NA
"2521","ENST00000485511.6","ENSG00000112640.16","OTTHUMG00000014716.5","OTTHUMT00000040573.4","PPP2R5D-208","PPP2R5D",2973,"protein_coding",1962,30,0.955253303050995,"GGACA",0.633333333333333,NA,NA,NA,NA,NA,NA,NA,NA,NA,0,0,0,NA,NA,NA
"2522","ENST00000486040.1","ENSG00000122687.19","OTTHUMG00000023866.8","OTTHUMT00000322933.2","MRM2-205","MRM2",2511,"nonsense_mediated_decay",1797,49,0.914973020553589,"GGACA",0.591836734693878,NA,NA,NA,NA,NA,NA,NA,NA,NA,0,0,0,NA,NA,NA
"2523","ENST00000486040.1","ENSG00000122687.19","OTTHUMG00000023866.8","OTTHUMT00000322933.2","MRM2-205","MRM2",2511,"nonsense_mediated_decay",2033,53,0.971919655799866,"GGACT",0.660377358490566,NA,NA,NA,NA,NA,NA,NA,NA,NA,0,0,0,NA,NA,NA
"2524","ENST00000486040.1","ENSG00000122687.19","OTTHUMG00000023866.8","OTTHUMT00000322933.2","MRM2-205","MRM2",2511,"nonsense_mediated_decay",2047,64,0.974019169807434,"AGACT",0.765625,NA,NA,NA,NA,NA,NA,NA,NA,NA,0,0,0,NA,NA,NA
"2525","ENST00000486091.1","ENSG00000243725.7","OTTHUMG00000009914.4","OTTHUMT00000027434.1","TTC4-203","TTC4",1873,"retained_intron",1704,26,0.974518775939941,"GGACT",0.769230769230769,NA,NA,NA,NA,NA,NA,NA,NA,NA,0,0,0,NA,NA,NA
"2526","ENST00000486500.1","ENSG00000160014.17","OTTHUMG00000133517.5","OTTHUMT00000257484.1","CALM3-205","CALM3",2536,"retained_intron",1449,48,0.949002265930176,"GGACT",0.5625,NA,NA,NA,NA,NA,NA,NA,NA,NA,0,0,0,NA,NA,NA
"2527","ENST00000486645.5","ENSG00000103121.9","OTTHUMG00000137625.6","OTTHUMT00000269048.2","CMC2-202","CMC2",766,"protein_coding",518,129,0.949770510196686,"AGACT",0.713178294573643,NA,NA,NA,NA,NA,NA,NA,NA,NA,0,0,0,NA,NA,NA
"2528","ENST00000487146.8","ENSG00000162775.17","OTTHUMG00000011284.7","OTTHUMT00000504891.1","RBM15-202","RBM15",3312,"protein_coding",2996,29,0.947411000728607,"GGACC",0.827586206896552,NA,NA,NA,NA,NA,NA,NA,NA,NA,0,0,0,NA,NA,NA
"2529","ENST00000487229.6","ENSG00000006744.19","OTTHUMG00000058764.16","OTTHUMT00000441669.1","ELAC2-209","ELAC2",2452,"retained_intron",2214,121,0.95846289396286,"GGACT",0.809917355371901,NA,NA,NA,NA,NA,NA,NA,NA,NA,0,0,0,NA,NA,NA
"2530","ENST00000487519.6","ENSG00000108064.11","OTTHUMG00000018270.2","OTTHUMT00000048146.2","TFAM-204","TFAM",5025,"protein_coding",1018,34,0.901666283607483,"GGACT",0.676470588235294,NA,NA,NA,NA,NA,NA,NA,NA,NA,0,0,0,NA,NA,NA
"2531","ENST00000487659.1","ENSG00000242485.6","OTTHUMG00000002916.4","OTTHUMT00000008140.2","MRPL20-204","MRPL20",1693,"retained_intron",1525,92,0.934540390968323,"GGACT",0.565217391304348,NA,NA,NA,NA,NA,NA,NA,NA,NA,0,0,0,NA,NA,NA
"2532","ENST00000487799.5","ENSG00000144895.12","OTTHUMG00000159775.4","OTTHUMT00000357260.2","EIF2A-214","EIF2A",1913,"protein_coding",1020,68,0.94944953918457,"GGACA",0.691176470588235,NA,NA,NA,NA,NA,NA,NA,NA,NA,0,0,0,NA,NA,NA
"2533","ENST00000488165.5","ENSG00000188092.15","OTTHUMG00000013452.7","OTTHUMT00000037483.2","GPR89B-205","GPR89B",1954,"nonsense_mediated_decay",1532,53,0.914730191230774,"GAACT",0.528301886792453,NA,NA,NA,NA,NA,NA,NA,NA,NA,0,0,0,NA,NA,NA
"2534","ENST00000488179.6","ENSG00000163479.14","OTTHUMG00000017456.4","OTTHUMT00000046183.2","SSR2-212","SSR2",1712,"retained_intron",1569,645,0.931322276592255,"AGACT",0.533333333333333,NA,NA,NA,NA,NA,NA,NA,NA,NA,0,0,0,NA,NA,NA
"2535","ENST00000488179.6","ENSG00000163479.14","OTTHUMG00000017456.4","OTTHUMT00000046183.2","SSR2-212","SSR2",1712,"retained_intron",1642,624,0.981518149375916,"GGACT",0.801282051282051,NA,NA,NA,NA,NA,NA,NA,NA,NA,0,0,0,NA,NA,NA
"2536","ENST00000488500.2","ENSG00000156508.19","OTTHUMG00000015031.7","OTTHUMT00000128720.1","EEF1A1-207","EEF1A1",1825,"retained_intron",1593,2689,0.912466883659363,"GAACT",0.611379695053923,NA,NA,NA,NA,NA,NA,NA,NA,NA,0,0,0,NA,NA,NA
"2537","ENST00000488500.2","ENSG00000156508.19","OTTHUMG00000015031.7","OTTHUMT00000128720.1","EEF1A1-207","EEF1A1",1825,"retained_intron",1634,2551,0.936955988407135,"AGACT",0.560956487651901,NA,NA,NA,NA,NA,NA,NA,NA,NA,0,0,0,NA,NA,NA
"2538","ENST00000488504.5","ENSG00000188130.14","OTTHUMG00000030145.5","OTTHUMT00000316917.1","MAPK12-206","MAPK12",1785,"retained_intron",1639,43,0.928682506084442,"GGACA",0.534883720930233,NA,NA,NA,NA,NA,NA,NA,NA,NA,0,0,0,NA,NA,NA
"2539","ENST00000488606.5","ENSG00000116898.12","OTTHUMG00000008042.5","OTTHUMT00000022054.2","MRPS15-204","MRPS15",2127,"protein_coding_CDS_not_defined",2064,70,0.920112133026123,"AGACA",0.685714285714286,NA,NA,NA,NA,NA,NA,NA,NA,NA,0,0,0,NA,NA,NA
"2540","ENST00000488633.2","ENSG00000144021.3","OTTHUMG00000130452.3","OTTHUMT00000252843.2","CIAO1-203","CIAO1",3968,"protein_coding",1162,133,0.992362678050995,"GGACA",0.804511278195489,NA,NA,NA,NA,NA,NA,NA,NA,NA,0,0,0,NA,NA,NA
"2541","ENST00000488633.2","ENSG00000144021.3","OTTHUMG00000130452.3","OTTHUMT00000252843.2","CIAO1-203","CIAO1",3968,"protein_coding",1197,157,0.909052491188049,"AGACT",0.67515923566879,NA,NA,NA,NA,NA,NA,NA,NA,NA,0,0,0,NA,NA,NA
"2542","ENST00000488788.2","ENSG00000270299.1","OTTHUMG00000184659.2","OTTHUMT00000251398.4","ENST00000488788","ENSG00000270299",2714,"protein_coding",786,22,0.995771408081055,"GGACT",1,NA,NA,NA,NA,NA,NA,NA,NA,NA,0,0,0,NA,NA,NA
"2543","ENST00000488788.2","ENSG00000270299.1","OTTHUMG00000184659.2","OTTHUMT00000251398.4","ENST00000488788","ENSG00000270299",2714,"protein_coding",967,48,0.965388178825378,"GGACT",0.770833333333333,NA,NA,NA,NA,NA,NA,NA,NA,NA,0,0,0,NA,NA,NA
"2544","ENST00000488788.2","ENSG00000270299.1","OTTHUMG00000184659.2","OTTHUMT00000251398.4","ENST00000488788","ENSG00000270299",2714,"protein_coding",1429,73,0.977811634540558,"AGACT",0.712328767123288,NA,NA,NA,NA,NA,NA,NA,NA,NA,0,0,0,NA,NA,NA
"2545","ENST00000489277.6","ENSG00000126698.11","OTTHUMG00000003538.4","OTTHUMT00000009861.1","DNAJC8-205","DNAJC8",1600,"protein_coding",970,274,0.911632716655731,"GGACT",0.529197080291971,NA,NA,NA,NA,NA,NA,NA,NA,NA,0,0,0,NA,NA,NA
"2546","ENST00000489304.6","ENSG00000101017.15","OTTHUMG00000033053.4","OTTHUMT00000080378.1","CD40-206","CD40",1740,"nonsense_mediated_decay",1158,29,0.958327412605286,"AGACA",0.655172413793103,NA,NA,NA,NA,NA,NA,NA,NA,NA,0,0,0,NA,NA,NA
"2547","ENST00000489304.6","ENSG00000101017.15","OTTHUMG00000033053.4","OTTHUMT00000080378.1","CD40-206","CD40",1740,"nonsense_mediated_decay",1359,30,0.913262128829956,"AGACT",0.466666666666667,NA,NA,NA,NA,NA,NA,NA,NA,NA,0,0,0,NA,NA,NA
"2548","ENST00000489432.7","ENSG00000214022.12","OTTHUMG00000158330.4","OTTHUMT00000350705.3","REPIN1-214","REPIN1",3130,"protein_coding",2134,23,0.913946390151978,"GGACA",0.565217391304348,NA,NA,NA,NA,NA,NA,NA,NA,NA,0,0,0,NA,NA,NA
"2549","ENST00000489432.7","ENSG00000214022.12","OTTHUMG00000158330.4","OTTHUMT00000350705.3","REPIN1-214","REPIN1",3130,"protein_coding",2822,62,0.97588187456131,"GGACT",0.709677419354839,NA,NA,NA,NA,NA,NA,NA,NA,NA,0,0,0,NA,NA,NA
"2550","ENST00000489432.7","ENSG00000214022.12","OTTHUMG00000158330.4","OTTHUMT00000350705.3","REPIN1-214","REPIN1",3130,"protein_coding",2899,25,0.949293076992035,"GGACA",0.64,NA,NA,NA,NA,NA,NA,NA,NA,NA,0,0,0,NA,NA,NA
"2551","ENST00000489591.5","ENSG00000141756.20","OTTHUMG00000133497.6","OTTHUMT00000257414.2","FKBP10-206","FKBP10",2826,"nonsense_mediated_decay",2088,23,0.978828310966492,"GGACT",0.782608695652174,NA,NA,NA,NA,NA,NA,NA,NA,NA,0,0,0,NA,NA,NA
"2552","ENST00000489649.6","ENSG00000122952.17","OTTHUMG00000018261.3","OTTHUMT00000048127.2","ZWINT-208","ZWINT",1621,"nonsense_mediated_decay",1128,72,0.925673723220825,"GGACT",0.652777777777778,NA,NA,NA,NA,NA,NA,NA,NA,NA,0,0,0,NA,NA,NA
"2553","ENST00000489822.5","ENSG00000151923.18","OTTHUMG00000019156.8","OTTHUMT00000050669.2","TIAL1-211","TIAL1",2222,"retained_intron",1962,20,0.985898673534393,"GGACT",0.8,NA,NA,NA,NA,NA,NA,NA,NA,NA,0,0,0,NA,NA,NA
"2554","ENST00000489822.5","ENSG00000151923.18","OTTHUMG00000019156.8","OTTHUMT00000050669.2","TIAL1-211","TIAL1",2222,"retained_intron",2107,25,0.952341079711914,"GGACA",0.52,NA,NA,NA,NA,NA,NA,NA,NA,NA,0,0,0,NA,NA,NA
"2555","ENST00000490249.5","ENSG00000132676.16","OTTHUMG00000035439.6","OTTHUMT00000086074.2","DAP3-220","DAP3",710,"protein_coding",547,25,0.926143825054169,"GGACT",0.64,NA,NA,NA,NA,NA,NA,NA,NA,NA,0,0,0,NA,NA,NA
"2556","ENST00000490466.2","ENSG00000142694.7","OTTHUMG00000007867.1","-","EVA1B-202","EVA1B",980,"protein_coding",791,20,0.954552114009857,"GGACT",0.75,NA,NA,NA,NA,NA,NA,NA,NA,NA,0,0,0,NA,NA,NA
"2557","ENST00000490569.6","ENSG00000156508.19","OTTHUMG00000015031.7","OTTHUMT00000128717.1","EEF1A1-208","EEF1A1",2177,"retained_intron",1941,2644,0.918157279491425,"GAACT",0.621028744326778,NA,NA,NA,NA,NA,NA,NA,NA,NA,0,0,0,NA,NA,NA
"2558","ENST00000490569.6","ENSG00000156508.19","OTTHUMG00000015031.7","OTTHUMT00000128717.1","EEF1A1-208","EEF1A1",2177,"retained_intron",1982,2521,0.943141579627991,"AGACT",0.558905196350654,NA,NA,NA,NA,NA,NA,NA,NA,NA,0,0,0,NA,NA,NA
"2559","ENST00000490743.5","ENSG00000125459.18","OTTHUMG00000014014.9","OTTHUMT00000039409.3","MSTO1-216","MSTO1",2346,"nonsense_mediated_decay",2030,22,0.976628303527832,"GGACT",0.727272727272727,NA,NA,NA,NA,NA,NA,NA,NA,NA,0,0,0,NA,NA,NA
"2560","ENST00000490826.1","ENSG00000134684.13","OTTHUMG00000003933.2","OTTHUMT00000011228.1","YARS1-209","YARS1",2178,"retained_intron",1555,36,0.972113192081451,"GGACT",0.805555555555556,NA,NA,NA,NA,NA,NA,NA,NA,NA,0,0,0,NA,NA,NA
"2561","ENST00000491117.5","ENSG00000146535.14","OTTHUMG00000023064.6","OTTHUMT00000325237.1","GNA12-207","GNA12",3375,"protein_coding_CDS_not_defined",1945,44,0.991550385951996,"TGACT",0.704545454545455,NA,NA,NA,NA,NA,NA,NA,NA,NA,0,0,0,NA,NA,NA
"2562","ENST00000491117.5","ENSG00000146535.14","OTTHUMG00000023064.6","OTTHUMT00000325237.1","GNA12-207","GNA12",3375,"protein_coding_CDS_not_defined",3074,47,0.948137581348419,"GGACT",0.659574468085106,NA,NA,NA,NA,NA,NA,NA,NA,NA,0,0,0,NA,NA,NA
"2563","ENST00000491144.5","ENSG00000145191.15","OTTHUMG00000156840.21","OTTHUMT00000346169.1","EIF2B5-210","EIF2B5",3038,"retained_intron",2779,41,0.951393067836761,"AGACT",0.51219512195122,NA,NA,NA,NA,NA,NA,NA,NA,NA,0,0,0,NA,NA,NA
"2564","ENST00000491144.5","ENSG00000145191.15","OTTHUMG00000156840.21","OTTHUMT00000346169.1","EIF2B5-210","EIF2B5",3038,"retained_intron",2848,25,0.908659934997559,"TGACT",0.44,NA,NA,NA,NA,NA,NA,NA,NA,NA,0,0,0,NA,NA,NA
"2565","ENST00000491404.2","ENSG00000156508.19","OTTHUMG00000015031.7","-","EEF1A1-209","EEF1A1",2109,"retained_intron",1877,2809,0.901797473430634,"GAACT",0.582769668921324,NA,NA,NA,NA,NA,NA,NA,NA,NA,0,0,0,NA,NA,NA
"2566","ENST00000491404.2","ENSG00000156508.19","OTTHUMG00000015031.7","-","EEF1A1-209","EEF1A1",2109,"retained_intron",1918,2647,0.912330210208893,"AGACT",0.514544767661504,NA,NA,NA,NA,NA,NA,NA,NA,NA,0,0,0,NA,NA,NA
"2567","ENST00000491569.5","ENSG00000071553.18","OTTHUMG00000033291.11","OTTHUMT00000081642.2","ATP6AP1-209","ATP6AP1",2079,"retained_intron",933,103,0.908534646034241,"TGACT",0.718446601941748,NA,NA,NA,NA,NA,NA,NA,NA,NA,0,0,0,NA,NA,NA
"2568","ENST00000491606.5","ENSG00000016864.19","OTTHUMG00000158759.8","OTTHUMT00000352142.1","GLT8D1-213","GLT8D1",1577,"protein_coding",1247,47,0.965365409851074,"GAACT",0.680851063829787,NA,NA,NA,NA,NA,NA,NA,NA,NA,0,0,0,NA,NA,NA
"2569","ENST00000491668.2","ENSG00000058262.11","OTTHUMG00000159624.5","OTTHUMT00000356736.1","SEC61A1-206","SEC61A1",3776,"retained_intron",1574,27,0.904457628726959,"GAACT",0.592592592592593,NA,NA,NA,NA,NA,NA,NA,NA,NA,0,0,0,NA,NA,NA
"2570","ENST00000491668.2","ENSG00000058262.11","OTTHUMG00000159624.5","OTTHUMT00000356736.1","SEC61A1-206","SEC61A1",3776,"retained_intron",1859,24,0.936309933662415,"GGACT",0.791666666666667,NA,NA,NA,NA,NA,NA,NA,NA,NA,0,0,0,NA,NA,NA
"2571","ENST00000491668.2","ENSG00000058262.11","OTTHUMG00000159624.5","OTTHUMT00000356736.1","SEC61A1-206","SEC61A1",3776,"retained_intron",1966,25,0.952894747257233,"GAACT",0.64,NA,NA,NA,NA,NA,NA,NA,NA,NA,0,0,0,NA,NA,NA
"2572","ENST00000491668.2","ENSG00000058262.11","OTTHUMG00000159624.5","OTTHUMT00000356736.1","SEC61A1-206","SEC61A1",3776,"retained_intron",2224,25,0.965187847614288,"GGACC",0.6,NA,NA,NA,NA,NA,NA,NA,NA,NA,0,0,0,NA,NA,NA
"2573","ENST00000491668.2","ENSG00000058262.11","OTTHUMG00000159624.5","OTTHUMT00000356736.1","SEC61A1-206","SEC61A1",3776,"retained_intron",2276,27,0.984922230243683,"GGACT",0.851851851851852,NA,NA,NA,NA,NA,NA,NA,NA,NA,0,0,0,NA,NA,NA
"2574","ENST00000491668.2","ENSG00000058262.11","OTTHUMG00000159624.5","OTTHUMT00000356736.1","SEC61A1-206","SEC61A1",3776,"retained_intron",2334,27,0.962557733058929,"GGACA",0.444444444444444,NA,NA,NA,NA,NA,NA,NA,NA,NA,0,0,0,NA,NA,NA
"2575","ENST00000491668.2","ENSG00000058262.11","OTTHUMG00000159624.5","OTTHUMT00000356736.1","SEC61A1-206","SEC61A1",3776,"retained_intron",2641,22,0.99155592918396,"GGACA",0.772727272727273,NA,NA,NA,NA,NA,NA,NA,NA,NA,0,0,0,NA,NA,NA
"2576","ENST00000491668.2","ENSG00000058262.11","OTTHUMG00000159624.5","OTTHUMT00000356736.1","SEC61A1-206","SEC61A1",3776,"retained_intron",2647,57,0.927897870540619,"AAACT",0.491228070175439,NA,NA,NA,NA,NA,NA,NA,NA,NA,0,0,0,NA,NA,NA
"2577","ENST00000491668.2","ENSG00000058262.11","OTTHUMG00000159624.5","OTTHUMT00000356736.1","SEC61A1-206","SEC61A1",3776,"retained_intron",2651,62,0.94979339838028,"TGACT",0.709677419354839,NA,NA,NA,NA,NA,NA,NA,NA,NA,0,0,0,NA,NA,NA
"2578","ENST00000491668.2","ENSG00000058262.11","OTTHUMG00000159624.5","OTTHUMT00000356736.1","SEC61A1-206","SEC61A1",3776,"retained_intron",2730,58,0.963691174983978,"GGACT",0.689655172413793,NA,NA,NA,NA,NA,NA,NA,NA,NA,0,0,0,NA,NA,NA
"2579","ENST00000491768.5","ENSG00000204386.12","OTTHUMG00000031284.5","OTTHUMT00000268458.2","NEU1-208","NEU1",1875,"nonsense_mediated_decay",1244,144,0.966605961322784,"GGACT",0.708333333333333,NA,NA,NA,NA,NA,NA,NA,NA,NA,0,0,0,NA,NA,NA
"2580","ENST00000491768.5","ENSG00000204386.12","OTTHUMG00000031284.5","OTTHUMT00000268458.2","NEU1-208","NEU1",1875,"nonsense_mediated_decay",1298,132,0.965484261512756,"AGACA",0.689393939393939,NA,NA,NA,NA,NA,NA,NA,NA,NA,0,0,0,NA,NA,NA
"2581","ENST00000491768.5","ENSG00000204386.12","OTTHUMG00000031284.5","OTTHUMT00000268458.2","NEU1-208","NEU1",1875,"nonsense_mediated_decay",1373,164,0.983607590198517,"GGACT",0.780487804878049,NA,NA,NA,NA,NA,NA,NA,NA,NA,0,0,0,NA,NA,NA
"2582","ENST00000491999.5","ENSG00000172366.20","OTTHUMG00000048042.8","OTTHUMT00000109346.4","MCRIP2-203","MCRIP2",1050,"nonsense_mediated_decay",885,69,0.915210604667664,"GGACT",0.768115942028985,NA,NA,NA,NA,NA,NA,NA,NA,NA,0,0,0,NA,NA,NA
"2583","ENST00000492239.5","ENSG00000267673.7","OTTHUMG00000141299.4","OTTHUMT00000325276.2","FDX2-206","FDX2",773,"protein_coding",738,61,0.957772672176361,"GGACT",0.672131147540984,NA,NA,NA,NA,NA,NA,NA,NA,NA,0,0,0,NA,NA,NA
"2584","ENST00000492431.1","ENSG00000134222.16","OTTHUMG00000012000.6","OTTHUMT00000335568.2","PSRC1-212","PSRC1",1870,"retained_intron",1725,93,0.97473132610321,"GGACT",0.795698924731183,NA,NA,NA,NA,NA,NA,NA,NA,NA,0,0,0,NA,NA,NA
"2585","ENST00000492595.6","ENSG00000121542.12","OTTHUMG00000159495.17","OTTHUMT00000355769.3","SEC22A-210","SEC22A",3401,"protein_coding",1181,22,0.92195862531662,"AGACT",0.636363636363636,NA,NA,NA,NA,NA,NA,NA,NA,NA,0,0,0,NA,NA,NA
"2586","ENST00000492657.5","ENSG00000185686.18","OTTHUMG00000151172.4","OTTHUMT00000321643.2","PRAME-213","PRAME",2831,"retained_intron",1845,20,0.960688471794128,"GGACT",0.75,NA,NA,NA,NA,NA,NA,NA,NA,NA,0,0,0,NA,NA,NA
"2587","ENST00000492721.5","ENSG00000101084.19","OTTHUMG00000032384.4","OTTHUMT00000079011.3","RAB5IF-206","RAB5IF",1044,"nonsense_mediated_decay",426,177,0.930654764175415,"TGACT",0.480225988700565,NA,NA,NA,NA,NA,NA,NA,NA,NA,0,0,0,NA,NA,NA
"2588","ENST00000492830.5","ENSG00000159461.15","OTTHUMG00000133239.6","OTTHUMT00000256979.2","AMFR-202","AMFR",2249,"protein_coding",1154,22,0.929470837116241,"GGACT",0.681818181818182,NA,NA,NA,NA,NA,NA,NA,NA,NA,0,0,0,NA,NA,NA
"2589","ENST00000493039.5","ENSG00000101138.12","OTTHUMG00000032791.9","OTTHUMT00000259440.2","CSTF1-206","CSTF1",2234,"nonsense_mediated_decay",1182,48,0.967448472976685,"AGACT",0.75,NA,NA,NA,NA,NA,NA,NA,NA,NA,0,0,0,NA,NA,NA
"2590","ENST00000493039.5","ENSG00000101138.12","OTTHUMG00000032791.9","OTTHUMT00000259440.2","CSTF1-206","CSTF1",2234,"nonsense_mediated_decay",1494,91,0.978454887866974,"TGACT",0.714285714285714,NA,NA,NA,NA,NA,NA,NA,NA,NA,0,0,0,NA,NA,NA
"2591","ENST00000493039.5","ENSG00000101138.12","OTTHUMG00000032791.9","OTTHUMT00000259440.2","CSTF1-206","CSTF1",2234,"nonsense_mediated_decay",1530,62,0.966450691223145,"GGACT",0.645161290322581,NA,NA,NA,NA,NA,NA,NA,NA,NA,0,0,0,NA,NA,NA
"2592","ENST00000493039.5","ENSG00000101138.12","OTTHUMG00000032791.9","OTTHUMT00000259440.2","CSTF1-206","CSTF1",2234,"nonsense_mediated_decay",1757,26,0.96086847782135,"GGACT",0.769230769230769,NA,NA,NA,NA,NA,NA,NA,NA,NA,0,0,0,NA,NA,NA
"2593","ENST00000493196.2","ENSG00000156253.7","OTTHUMG00000078805.3","OTTHUMT00000171858.2","RWDD2B-207","RWDD2B",3065,"protein_coding",1434,21,0.914241075515747,"GGACA",0.476190476190476,NA,NA,NA,NA,NA,NA,NA,NA,NA,0,0,0,NA,NA,NA
"2594","ENST00000493287.5","ENSG00000242485.6","OTTHUMG00000002916.4","OTTHUMT00000008144.1","MRPL20-206","MRPL20",504,"protein_coding_CDS_not_defined",336,92,0.93310409784317,"GGACT",0.554347826086957,NA,NA,NA,NA,NA,NA,NA,NA,NA,0,0,0,NA,NA,NA
"2595","ENST00000493471.2","ENSG00000100804.19","OTTHUMG00000028713.6","OTTHUMT00000071697.2","PSMB5-205","PSMB5",1117,"protein_coding",942,1154,0.902076840400696,"GGACA",0.486135181975737,NA,NA,NA,NA,NA,NA,NA,NA,NA,0,0,0,NA,NA,NA
"2596","ENST00000493536.7","ENSG00000163597.17","OTTHUMG00000132201.6","OTTHUMT00000526039.1","SNHG16-202","SNHG16",2437,"lncRNA",433,62,0.965527951717377,"GGACT",0.758064516129032,NA,NA,NA,NA,NA,NA,NA,NA,NA,0,0,0,NA,NA,NA
"2597","ENST00000493646.1","ENSG00000055950.17","OTTHUMG00000018920.3","OTTHUMT00000049905.1","MRPL43-213","MRPL43",897,"protein_coding_CDS_not_defined",474,69,0.976076006889343,"GGACT",0.927536231884058,NA,NA,NA,NA,NA,NA,NA,NA,NA,0,0,0,NA,NA,NA
"2598","ENST00000493763.7","ENSG00000146223.16","OTTHUMG00000014710.5","OTTHUMT00000314417.3","RPL7L1-208","RPL7L1",4499,"protein_coding",1890,129,0.953444600105286,"AGACA",0.534883720930233,NA,NA,NA,NA,NA,NA,NA,NA,NA,0,0,0,NA,NA,NA
"2599","ENST00000493763.7","ENSG00000146223.16","OTTHUMG00000014710.5","OTTHUMT00000314417.3","RPL7L1-208","RPL7L1",4499,"protein_coding",2195,166,0.978856921195984,"AGACA",0.674698795180723,NA,NA,NA,NA,NA,NA,NA,NA,NA,0,0,0,NA,NA,NA
"2600","ENST00000494143.5","ENSG00000156521.14","OTTHUMG00000018397.2","OTTHUMT00000048486.1","TYSND1-204","TYSND1",3341,"protein_coding_CDS_not_defined",1531,20,0.930937767028809,"TGACT",0.85,NA,NA,NA,NA,NA,NA,NA,NA,NA,0,0,0,NA,NA,NA
"2601","ENST00000494143.5","ENSG00000156521.14","OTTHUMG00000018397.2","OTTHUMT00000048486.1","TYSND1-204","TYSND1",3341,"protein_coding_CDS_not_defined",1848,55,0.96828293800354,"GGACT",0.836363636363636,NA,NA,NA,NA,NA,NA,NA,NA,NA,0,0,0,NA,NA,NA
"2602","ENST00000494143.5","ENSG00000156521.14","OTTHUMG00000018397.2","OTTHUMT00000048486.1","TYSND1-204","TYSND1",3341,"protein_coding_CDS_not_defined",1906,51,0.961379289627075,"GGACA",0.607843137254902,NA,NA,NA,NA,NA,NA,NA,NA,NA,0,0,0,NA,NA,NA
"2603","ENST00000494312.5","ENSG00000122952.17","OTTHUMG00000018261.3","OTTHUMT00000048124.1","ZWINT-209","ZWINT",1961,"retained_intron",1427,73,0.916720151901245,"GGACT",0.657534246575342,NA,NA,NA,NA,NA,NA,NA,NA,NA,0,0,0,NA,NA,NA
"2604","ENST00000494748.1","ENSG00000078808.20","OTTHUMG00000001812.7","OTTHUMT00000005066.3","SDF4-207","SDF4",3516,"retained_intron",2904,20,0.9764524102211,"GGACT",0.75,NA,NA,NA,NA,NA,NA,NA,NA,NA,0,0,0,NA,NA,NA
"2605","ENST00000494748.1","ENSG00000078808.20","OTTHUMG00000001812.7","OTTHUMT00000005066.3","SDF4-207","SDF4",3516,"retained_intron",3337,63,0.939815163612366,"AAACT",0.492063492063492,NA,NA,NA,NA,NA,NA,NA,NA,NA,0,0,0,NA,NA,NA
"2606","ENST00000494995.5","ENSG00000125459.18","OTTHUMG00000014014.9","OTTHUMT00000039411.2","MSTO1-218","MSTO1",2406,"retained_intron",2106,22,0.975807964801788,"GGACT",0.727272727272727,NA,NA,NA,NA,NA,NA,NA,NA,NA,0,0,0,NA,NA,NA
"2607","ENST00000495270.1","ENSG00000136908.18","OTTHUMG00000020725.2","OTTHUMT00000054325.2","DPM2-205","DPM2",1662,"retained_intron",1388,113,0.942190647125244,"GGACT",0.734513274336283,NA,NA,NA,NA,NA,NA,NA,NA,NA,0,0,0,NA,NA,NA
"2608","ENST00000495333.6","ENSG00000156508.19","OTTHUMG00000015031.7","OTTHUMT00000041211.2","EEF1A1-210","EEF1A1",1849,"retained_intron",1619,2099,0.907450735569,"GAACT",0.594092424964269,NA,NA,NA,NA,NA,NA,NA,NA,NA,0,0,0,NA,NA,NA
"2609","ENST00000495333.6","ENSG00000156508.19","OTTHUMG00000015031.7","OTTHUMT00000041211.2","EEF1A1-210","EEF1A1",1849,"retained_intron",1660,1976,0.909353137016296,"AGACT",0.506578947368421,NA,NA,NA,NA,NA,NA,NA,NA,NA,0,0,0,NA,NA,NA
"2610","ENST00000495421.1","ENSG00000132768.14","OTTHUMG00000008295.3","OTTHUMT00000022833.2","DPH2-209","DPH2",2414,"nonsense_mediated_decay",1612,63,0.956196248531342,"GGACT",0.761904761904762,NA,NA,NA,NA,NA,NA,NA,NA,NA,0,0,0,NA,NA,NA
"2611","ENST00000495706.1","ENSG00000157593.20","OTTHUMG00000014760.3","OTTHUMT00000040723.1","SLC35B2-203","SLC35B2",1859,"protein_coding_CDS_not_defined",401,70,0.993542850017548,"GGACT",0.885714285714286,NA,NA,NA,NA,NA,NA,NA,NA,NA,0,0,0,NA,NA,NA
"2612","ENST00000495735.5","ENSG00000171307.19","OTTHUMG00000018847.6","OTTHUMT00000049663.2","ZDHHC16-218","ZDHHC16",1632,"protein_coding_CDS_not_defined",1357,55,0.964712619781494,"GGACT",0.745454545454545,NA,NA,NA,NA,NA,NA,NA,NA,NA,0,0,0,NA,NA,NA
"2613","ENST00000495807.1","ENSG00000204386.12","OTTHUMG00000031284.5","OTTHUMT00000268461.1","NEU1-209","NEU1",4616,"retained_intron",2592,69,0.957997441291809,"GGACT",0.739130434782609,NA,NA,NA,NA,NA,NA,NA,NA,NA,0,0,0,NA,NA,NA
"2614","ENST00000495807.1","ENSG00000204386.12","OTTHUMG00000031284.5","OTTHUMT00000268461.1","NEU1-209","NEU1",4616,"retained_intron",2646,69,0.983811259269714,"AGACA",0.797101449275362,NA,NA,NA,NA,NA,NA,NA,NA,NA,0,0,0,NA,NA,NA
"2615","ENST00000495807.1","ENSG00000204386.12","OTTHUMG00000031284.5","OTTHUMT00000268461.1","NEU1-209","NEU1",4616,"retained_intron",2721,110,0.973690569400787,"GGACT",0.681818181818182,NA,NA,NA,NA,NA,NA,NA,NA,NA,0,0,0,NA,NA,NA
"2616","ENST00000496046.5","ENSG00000034152.20","OTTHUMG00000134322.7","OTTHUMT00000259377.2","MAP2K3-208","MAP2K3",2089,"nonsense_mediated_decay",1937,26,0.950838506221771,"GGACT",0.730769230769231,NA,NA,NA,NA,NA,NA,NA,NA,NA,0,0,0,NA,NA,NA
"2617","ENST00000496474.2","ENSG00000173402.13","OTTHUMG00000156869.11","OTTHUMT00000346344.1","DAG1-216","DAG1",5886,"protein_coding",5735,47,0.945067942142487,"GGACT",0.680851063829787,NA,NA,NA,NA,NA,NA,NA,NA,NA,0,0,0,NA,NA,NA
"2618","ENST00000496655.1","ENSG00000172301.11","OTTHUMG00000132812.4","OTTHUMT00000256259.2","COPRS-203","COPRS",1062,"nonsense_mediated_decay",769,144,0.908079206943512,"GGACA",0.465277777777778,NA,NA,NA,NA,NA,NA,NA,NA,NA,0,0,0,NA,NA,NA
"2619","ENST00000496722.1","ENSG00000185651.16","OTTHUMG00000150823.2","OTTHUMT00000320220.2","UBE2L3-203","UBE2L3",3451,"retained_intron",1160,365,0.956380784511566,"GGACT",0.63013698630137,NA,NA,NA,NA,NA,NA,NA,NA,NA,0,0,0,NA,NA,NA
"2620","ENST00000496722.1","ENSG00000185651.16","OTTHUMG00000150823.2","OTTHUMT00000320220.2","UBE2L3-203","UBE2L3",3451,"retained_intron",2122,56,0.981436610221863,"GGACT",0.785714285714286,NA,NA,NA,NA,NA,NA,NA,NA,NA,0,0,0,NA,NA,NA
"2621","ENST00000496722.1","ENSG00000185651.16","OTTHUMG00000150823.2","OTTHUMT00000320220.2","UBE2L3-203","UBE2L3",3451,"retained_intron",2230,48,0.931826829910278,"GGACT",0.583333333333333,NA,NA,NA,NA,NA,NA,NA,NA,NA,0,0,0,NA,NA,NA
"2622","ENST00000496742.5","ENSG00000163479.14","OTTHUMG00000017456.4","OTTHUMT00000046178.2","SSR2-213","SSR2",825,"protein_coding",725,460,0.934525430202484,"AGACT",0.534782608695652,NA,NA,NA,NA,NA,NA,NA,NA,NA,0,0,0,NA,NA,NA
"2623","ENST00000496742.5","ENSG00000163479.14","OTTHUMG00000017456.4","OTTHUMT00000046178.2","SSR2-213","SSR2",825,"protein_coding",798,432,0.983333706855774,"GGACT",0.8125,NA,NA,NA,NA,NA,NA,NA,NA,NA,0,0,0,NA,NA,NA
"2624","ENST00000497036.5","ENSG00000188130.14","OTTHUMG00000030145.5","OTTHUMT00000316920.1","MAPK12-209","MAPK12",6248,"protein_coding_CDS_not_defined",1222,22,0.909373879432678,"GGACT",0.590909090909091,NA,NA,NA,NA,NA,NA,NA,NA,NA,0,0,0,NA,NA,NA
"2625","ENST00000497036.5","ENSG00000188130.14","OTTHUMG00000030145.5","OTTHUMT00000316920.1","MAPK12-209","MAPK12",6248,"protein_coding_CDS_not_defined",1299,21,0.944303214550018,"GGACC",0.523809523809524,NA,NA,NA,NA,NA,NA,NA,NA,NA,0,0,0,NA,NA,NA
"2626","ENST00000497036.5","ENSG00000188130.14","OTTHUMG00000030145.5","OTTHUMT00000316920.1","MAPK12-209","MAPK12",6248,"protein_coding_CDS_not_defined",1516,45,0.924664914608002,"GGACA",0.488888888888889,NA,NA,NA,NA,NA,NA,NA,NA,NA,0,0,0,NA,NA,NA
"2627","ENST00000497547.2","ENSG00000160214.13","OTTHUMG00000086884.3","OTTHUMT00000195680.2","RRP1-207","RRP1",2958,"protein_coding",1620,20,0.971072912216187,"GGACC",0.6,NA,NA,NA,NA,NA,NA,NA,NA,NA,0,0,0,NA,NA,NA
"2628","ENST00000497671.5","ENSG00000151923.18","OTTHUMG00000019156.8","OTTHUMT00000050670.2","TIAL1-213","TIAL1",2321,"nonsense_mediated_decay",2074,62,0.954160809516907,"GGACT",0.661290322580645,NA,NA,NA,NA,NA,NA,NA,NA,NA,0,0,0,NA,NA,NA
"2629","ENST00000497671.5","ENSG00000151923.18","OTTHUMG00000019156.8","OTTHUMT00000050670.2","TIAL1-213","TIAL1",2321,"nonsense_mediated_decay",2317,20,0.905210316181183,"AGACA",0.25,NA,NA,NA,NA,NA,NA,NA,NA,NA,0,0,0,NA,NA,NA
"2630","ENST00000497866.6","ENSG00000117411.18","OTTHUMG00000008296.1","OTTHUMT00000022841.1","B4GALT2-207","B4GALT2",1923,"nonsense_mediated_decay",1212,21,0.968919217586517,"GGACA",0.666666666666667,NA,NA,NA,NA,NA,NA,NA,NA,NA,0,0,0,NA,NA,NA
"2631","ENST00000497866.6","ENSG00000117411.18","OTTHUMG00000008296.1","OTTHUMT00000022841.1","B4GALT2-207","B4GALT2",1923,"nonsense_mediated_decay",1295,20,0.946773886680603,"GGACT",0.65,NA,NA,NA,NA,NA,NA,NA,NA,NA,0,0,0,NA,NA,NA
"2632","ENST00000498406.1","ENSG00000184436.12","OTTHUMG00000150879.2","OTTHUMT00000320409.1","THAP7-208","THAP7",1957,"retained_intron",1063,57,0.970582842826843,"AGACT",0.701754385964912,NA,NA,NA,NA,NA,NA,NA,NA,NA,0,0,0,NA,NA,NA
"2633","ENST00000498406.1","ENSG00000184436.12","OTTHUMG00000150879.2","OTTHUMT00000320409.1","THAP7-208","THAP7",1957,"retained_intron",1124,53,0.948792517185211,"AGACT",0.679245283018868,NA,NA,NA,NA,NA,NA,NA,NA,NA,0,0,0,NA,NA,NA
"2634","ENST00000498406.1","ENSG00000184436.12","OTTHUMG00000150879.2","OTTHUMT00000320409.1","THAP7-208","THAP7",1957,"retained_intron",1146,57,0.930399358272552,"GGACT",0.666666666666667,NA,NA,NA,NA,NA,NA,NA,NA,NA,0,0,0,NA,NA,NA
"2635","ENST00000498406.1","ENSG00000184436.12","OTTHUMG00000150879.2","OTTHUMT00000320409.1","THAP7-208","THAP7",1957,"retained_intron",1192,23,0.994616806507111,"GGACT",1,NA,NA,NA,NA,NA,NA,NA,NA,NA,0,0,0,NA,NA,NA
"2636","ENST00000498704.6","ENSG00000128581.17","OTTHUMG00000157136.4","OTTHUMT00000347571.2","IFT22-209","IFT22",917,"protein_coding",767,78,0.962784469127655,"GAACT",0.525641025641026,NA,NA,NA,NA,NA,NA,NA,NA,NA,0,0,0,NA,NA,NA
"2637","ENST00000498704.6","ENSG00000128581.17","OTTHUMG00000157136.4","OTTHUMT00000347571.2","IFT22-209","IFT22",917,"protein_coding",834,55,0.937610864639282,"GGACT",0.672727272727273,NA,NA,NA,NA,NA,NA,NA,NA,NA,0,0,0,NA,NA,NA
"2638","ENST00000498737.8","ENSG00000184983.11","OTTHUMG00000151287.6","OTTHUMT00000322089.6","NDUFA6-202","NDUFA6",1072,"protein_coding",548,30,0.917968988418579,"GGACC",0.6,NA,NA,NA,NA,NA,NA,NA,NA,NA,0,0,0,NA,NA,NA
"2639","ENST00000499044.6","ENSG00000132463.15","OTTHUMG00000160846.6","OTTHUMT00000362645.3","GRSF1-202","GRSF1",2491,"protein_coding",1522,201,0.910985350608826,"GGACT",0.616915422885572,NA,NA,NA,NA,NA,NA,NA,NA,NA,0,0,0,NA,NA,NA
"2640","ENST00000499810.6","ENSG00000120705.13","OTTHUMG00000129199.6","OTTHUMT00000373726.1","ETF1-202","ETF1",3874,"protein_coding",1777,187,0.961506485939026,"GAACT",0.609625668449198,NA,NA,NA,NA,NA,NA,NA,NA,NA,0,0,0,NA,NA,NA
"2641","ENST00000499810.6","ENSG00000120705.13","OTTHUMG00000129199.6","OTTHUMT00000373726.1","ETF1-202","ETF1",3874,"protein_coding",1901,199,0.947277128696442,"GGACT",0.798994974874372,NA,NA,NA,NA,NA,NA,NA,NA,NA,0,0,0,NA,NA,NA
"2642","ENST00000500563.2","ENSG00000178988.11","OTTHUMG00000125507.4","OTTHUMT00000358976.2","MRFAP1L1-202","MRFAP1L1",2127,"retained_intron",1625,20,0.983029067516327,"AGACT",0.8,NA,NA,NA,NA,NA,NA,NA,NA,NA,0,0,0,NA,NA,NA
"2643","ENST00000502487.5","ENSG00000087088.21","OTTHUMG00000160476.4","OTTHUMT00000360770.1","BAX-206","BAX",1346,"retained_intron",1296,20,0.984731554985046,"GGACT",0.85,NA,NA,NA,NA,NA,NA,NA,NA,NA,0,0,0,NA,NA,NA
"2644","ENST00000502717.6","ENSG00000113716.13","OTTHUMG00000163493.2","OTTHUMT00000373771.2","HMGXB3-201","HMGXB3",5258,"protein_coding",4341,21,0.945839107036591,"GGACT",0.619047619047619,NA,NA,NA,NA,NA,NA,NA,NA,NA,0,0,0,NA,NA,NA
"2645","ENST00000502717.6","ENSG00000113716.13","OTTHUMG00000163493.2","OTTHUMT00000373771.2","HMGXB3-201","HMGXB3",5258,"protein_coding",4444,20,0.993499040603638,"GGACT",0.85,NA,NA,NA,NA,NA,NA,NA,NA,NA,0,0,0,NA,NA,NA
"2646","ENST00000502854.5","ENSG00000131187.11","OTTHUMG00000163403.1","OTTHUMT00000373218.1","F12-202","F12",1480,"retained_intron",1358,23,0.987340211868286,"GGACT",0.739130434782609,NA,NA,NA,NA,NA,NA,NA,NA,NA,0,0,0,NA,NA,NA
"2647","ENST00000502922.5","ENSG00000131188.12","OTTHUMG00000130861.5","OTTHUMT00000373214.1","PRR7-202","PRR7",1345,"protein_coding",1183,63,0.907681107521057,"GGACT",0.476190476190476,NA,NA,NA,NA,NA,NA,NA,NA,NA,0,0,0,NA,NA,NA
"2648","ENST00000502922.5","ENSG00000131188.12","OTTHUMG00000130861.5","OTTHUMT00000373214.1","PRR7-202","PRR7",1345,"protein_coding",1231,84,0.967194616794586,"GGACT",0.642857142857143,NA,NA,NA,NA,NA,NA,NA,NA,NA,0,0,0,NA,NA,NA
"2649","ENST00000502922.5","ENSG00000131188.12","OTTHUMG00000130861.5","OTTHUMT00000373214.1","PRR7-202","PRR7",1345,"protein_coding",1272,73,0.977436542510986,"GGACT",0.835616438356164,NA,NA,NA,NA,NA,NA,NA,NA,NA,0,0,0,NA,NA,NA
"2650","ENST00000503014.5","ENSG00000120705.13","OTTHUMG00000129199.6","OTTHUMT00000373727.1","ETF1-203","ETF1",1736,"protein_coding",1534,75,0.950885117053986,"GAACT",0.573333333333333,NA,NA,NA,NA,NA,NA,NA,NA,NA,0,0,0,NA,NA,NA
"2651","ENST00000503014.5","ENSG00000120705.13","OTTHUMG00000129199.6","OTTHUMT00000373727.1","ETF1-203","ETF1",1736,"protein_coding",1658,56,0.923282086849213,"GGACT",0.785714285714286,NA,NA,NA,NA,NA,NA,NA,NA,NA,0,0,0,NA,NA,NA
"2652","ENST00000503042.5","ENSG00000049656.14","OTTHUMG00000131015.5","OTTHUMT00000365906.1","CLPTM1L-202","CLPTM1L",3540,"retained_intron",3154,132,0.921864748001099,"GGACA",0.628787878787879,NA,NA,NA,NA,NA,NA,NA,NA,NA,0,0,0,NA,NA,NA
"2653","ENST00000503042.5","ENSG00000049656.14","OTTHUMG00000131015.5","OTTHUMT00000365906.1","CLPTM1L-202","CLPTM1L",3540,"retained_intron",3441,173,0.949039578437805,"GGACT",0.705202312138728,NA,NA,NA,NA,NA,NA,NA,NA,NA,0,0,0,NA,NA,NA
"2654","ENST00000503162.1","ENSG00000090316.16","OTTHUMG00000160169.8","OTTHUMT00000359520.1","MAEA-204","MAEA",2069,"retained_intron",1398,63,0.979353368282318,"AGACT",0.888888888888889,NA,NA,NA,NA,NA,NA,NA,NA,NA,0,0,0,NA,NA,NA
"2655","ENST00000503162.1","ENSG00000090316.16","OTTHUMG00000160169.8","OTTHUMT00000359520.1","MAEA-204","MAEA",2069,"retained_intron",1570,96,0.959830760955811,"GGACT",0.645833333333333,NA,NA,NA,NA,NA,NA,NA,NA,NA,0,0,0,NA,NA,NA
"2656","ENST00000503162.1","ENSG00000090316.16","OTTHUMG00000160169.8","OTTHUMT00000359520.1","MAEA-204","MAEA",2069,"retained_intron",1608,99,0.920343279838562,"GGACA",0.575757575757576,NA,NA,NA,NA,NA,NA,NA,NA,NA,0,0,0,NA,NA,NA
"2657","ENST00000503162.1","ENSG00000090316.16","OTTHUMG00000160169.8","OTTHUMT00000359520.1","MAEA-204","MAEA",2069,"retained_intron",1713,110,0.953278303146362,"GGACT",0.818181818181818,NA,NA,NA,NA,NA,NA,NA,NA,NA,0,0,0,NA,NA,NA
"2658","ENST00000503771.2","ENSG00000249992.2","OTTHUMG00000160317.3","OTTHUMT00000360190.2","TMEM158-201","TMEM158",1822,"protein_coding",1365,81,0.956642270088196,"GGACT",0.790123456790123,NA,NA,NA,NA,NA,NA,NA,NA,NA,0,0,0,NA,NA,NA
"2659","ENST00000503787.6","ENSG00000164294.14","OTTHUMG00000162601.3","OTTHUMT00000369717.2","GPX8-203","GPX8",3731,"protein_coding",1034,52,0.96518886089325,"GGACT",0.730769230769231,NA,NA,NA,NA,NA,NA,NA,NA,NA,0,0,0,NA,NA,NA
"2660","ENST00000504110.2","ENSG00000164096.13","OTTHUMG00000161333.5","OTTHUMT00000364576.5","C4orf3-202","C4orf3",2671,"protein_coding",1984,46,0.918425619602203,"GAACT",0.652173913043478,NA,NA,NA,NA,NA,NA,NA,NA,NA,0,0,0,NA,NA,NA
"2661","ENST00000504124.6","ENSG00000167085.14","OTTHUMG00000134271.10","OTTHUMT00000364664.2","PHB1-206","PHB1",1899,"protein_coding",1639,50,0.978946506977081,"GGACT",0.88,NA,NA,NA,NA,NA,NA,NA,NA,NA,0,0,0,NA,NA,NA
"2662","ENST00000504124.6","ENSG00000167085.14","OTTHUMG00000134271.10","OTTHUMT00000364664.2","PHB1-206","PHB1",1899,"protein_coding",1826,53,0.907979011535645,"AGACT",0.433962264150943,NA,NA,NA,NA,NA,NA,NA,NA,NA,0,0,0,NA,NA,NA
"2663","ENST00000504156.7","ENSG00000170445.16","OTTHUMG00000129502.12","OTTHUMT00000251673.5","HARS1-207","HARS1",1948,"protein_coding",1628,119,0.980601191520691,"GGACT",0.697478991596639,NA,NA,NA,NA,NA,NA,NA,NA,NA,0,0,0,NA,NA,NA
"2664","ENST00000504366.5","ENSG00000170445.16","OTTHUMG00000129502.12","OTTHUMT00000372852.3","HARS1-208","HARS1",3494,"retained_intron",3175,48,0.955555140972137,"GGACT",0.625,NA,NA,NA,NA,NA,NA,NA,NA,NA,0,0,0,NA,NA,NA
"2665","ENST00000504374.5","ENSG00000037474.15","OTTHUMG00000090455.3","OTTHUMT00000365826.1","NSUN2-203","NSUN2",3217,"nonsense_mediated_decay",2650,161,0.938143908977509,"TGACT",0.565217391304348,NA,NA,NA,NA,NA,NA,NA,NA,NA,0,0,0,NA,NA,NA
"2666","ENST00000504374.5","ENSG00000037474.15","OTTHUMG00000090455.3","OTTHUMT00000365826.1","NSUN2-203","NSUN2",3217,"nonsense_mediated_decay",2693,160,0.91494357585907,"GGACT",0.5375,NA,NA,NA,NA,NA,NA,NA,NA,NA,0,0,0,NA,NA,NA
"2667","ENST00000505059.7","ENSG00000171421.13","OTTHUMG00000090373.6","OTTHUMT00000206745.4","MRPL36-202","MRPL36",609,"protein_coding",265,313,0.903433322906494,"AGACT",0.536741214057508,NA,NA,NA,NA,NA,NA,NA,NA,NA,0,0,0,NA,NA,NA
"2668","ENST00000505068.5","ENSG00000132463.15","OTTHUMG00000160846.6","OTTHUMT00000362643.1","GRSF1-204","GRSF1",3561,"retained_intron",2365,26,0.917757451534271,"GGACT",0.615384615384615,NA,NA,NA,NA,NA,NA,NA,NA,NA,0,0,0,NA,NA,NA
"2669","ENST00000505145.1","ENSG00000027847.14","OTTHUMG00000130851.4","OTTHUMT00000373155.1","B4GALT7-203","B4GALT7",2653,"retained_intron",2253,20,0.926254153251648,"GGACA",0.6,NA,NA,NA,NA,NA,NA,NA,NA,NA,0,0,0,NA,NA,NA
"2670","ENST00000505306.5","ENSG00000005884.18","OTTHUMG00000161890.7","OTTHUMT00000366299.1","ITGA3-204","ITGA3",5479,"retained_intron",4458,21,0.964667618274689,"GGACC",0.761904761904762,NA,NA,NA,NA,NA,NA,NA,NA,NA,0,0,0,NA,NA,NA
"2671","ENST00000505306.5","ENSG00000005884.18","OTTHUMG00000161890.7","OTTHUMT00000366299.1","ITGA3-204","ITGA3",5479,"retained_intron",4523,49,0.987006008625031,"GGACT",1,NA,NA,NA,NA,NA,NA,NA,NA,NA,0,0,0,NA,NA,NA
"2672","ENST00000505306.5","ENSG00000005884.18","OTTHUMG00000161890.7","OTTHUMT00000366299.1","ITGA3-204","ITGA3",5479,"retained_intron",4861,96,0.956063032150269,"GGACC",0.520833333333333,NA,NA,NA,NA,NA,NA,NA,NA,NA,0,0,0,NA,NA,NA
"2673","ENST00000505306.5","ENSG00000005884.18","OTTHUMG00000161890.7","OTTHUMT00000366299.1","ITGA3-204","ITGA3",5479,"retained_intron",5035,123,0.929714798927307,"GGACA",0.59349593495935,NA,NA,NA,NA,NA,NA,NA,NA,NA,0,0,0,NA,NA,NA
"2674","ENST00000505459.6","ENSG00000153037.15","OTTHUMG00000186064.6","OTTHUMT00000250737.4","SRP19-206","SRP19",2776,"protein_coding",632,306,0.938695132732391,"GAACT",0.624183006535948,NA,NA,NA,NA,NA,NA,NA,NA,NA,0,0,0,NA,NA,NA
"2675","ENST00000505459.6","ENSG00000153037.15","OTTHUMG00000186064.6","OTTHUMT00000250737.4","SRP19-206","SRP19",2776,"protein_coding",780,227,0.920595943927765,"GGACA",0.563876651982379,NA,NA,NA,NA,NA,NA,NA,NA,NA,0,0,0,NA,NA,NA
"2676","ENST00000505459.6","ENSG00000153037.15","OTTHUMG00000186064.6","OTTHUMT00000250737.4","SRP19-206","SRP19",2776,"protein_coding",787,270,0.941275000572205,"GGACT",0.72962962962963,NA,NA,NA,NA,NA,NA,NA,NA,NA,0,0,0,NA,NA,NA
"2677","ENST00000505818.1","ENSG00000171421.13","OTTHUMG00000090373.6","OTTHUMT00000365911.1","MRPL36-203","MRPL36",595,"protein_coding",252,314,0.902053713798523,"AGACT",0.531847133757962,NA,NA,NA,NA,NA,NA,NA,NA,NA,0,0,0,NA,NA,NA
"2678","ENST00000505892.5","ENSG00000037474.15","OTTHUMG00000090455.3","OTTHUMT00000365824.1","NSUN2-205","NSUN2",3558,"retained_intron",2992,144,0.924810528755188,"TGACT",0.5625,NA,NA,NA,NA,NA,NA,NA,NA,NA,0,0,0,NA,NA,NA
"2679","ENST00000505892.5","ENSG00000037474.15","OTTHUMG00000090455.3","OTTHUMT00000365824.1","NSUN2-205","NSUN2",3558,"retained_intron",3035,145,0.918494880199432,"GGACT",0.537931034482759,NA,NA,NA,NA,NA,NA,NA,NA,NA,0,0,0,NA,NA,NA
"2680","ENST00000506123.5","ENSG00000164294.14","OTTHUMG00000162601.3","OTTHUMT00000369718.1","GPX8-205","GPX8",3422,"protein_coding_CDS_not_defined",951,52,0.9629967212677,"GGACT",0.730769230769231,NA,NA,NA,NA,NA,NA,NA,NA,NA,0,0,0,NA,NA,NA
"2681","ENST00000506139.5","ENSG00000037474.15","OTTHUMG00000090455.3","OTTHUMT00000365825.1","NSUN2-206","NSUN2",2619,"protein_coding",2381,52,0.908348858356476,"TGACT",0.519230769230769,NA,NA,NA,NA,NA,NA,NA,NA,NA,0,0,0,NA,NA,NA
"2682","ENST00000506139.5","ENSG00000037474.15","OTTHUMG00000090455.3","OTTHUMT00000365825.1","NSUN2-206","NSUN2",2619,"protein_coding",2424,51,0.92458301782608,"GGACT",0.529411764705882,NA,NA,NA,NA,NA,NA,NA,NA,NA,0,0,0,NA,NA,NA
"2683","ENST00000506197.3","ENSG00000250317.9","OTTHUMG00000160330.3","OTTHUMT00000360256.2","SMIM20-201","SMIM20",919,"protein_coding",443,65,0.989599764347076,"AGACT",0.907692307692308,NA,NA,NA,NA,NA,NA,NA,NA,NA,0,0,0,NA,NA,NA
"2684","ENST00000506437.1","ENSG00000005884.18","OTTHUMG00000161890.7","OTTHUMT00000366303.1","ITGA3-208","ITGA3",3055,"retained_intron",2098,40,0.986603021621704,"GGACT",1,NA,NA,NA,NA,NA,NA,NA,NA,NA,0,0,0,NA,NA,NA
"2685","ENST00000506437.1","ENSG00000005884.18","OTTHUMG00000161890.7","OTTHUMT00000366303.1","ITGA3-208","ITGA3",3055,"retained_intron",2436,66,0.951553642749786,"GGACC",0.5,NA,NA,NA,NA,NA,NA,NA,NA,NA,0,0,0,NA,NA,NA
"2686","ENST00000506437.1","ENSG00000005884.18","OTTHUMG00000161890.7","OTTHUMT00000366303.1","ITGA3-208","ITGA3",3055,"retained_intron",2610,108,0.906836807727814,"GGACA",0.555555555555556,NA,NA,NA,NA,NA,NA,NA,NA,NA,0,0,0,NA,NA,NA
"2687","ENST00000506469.5","ENSG00000137207.12","OTTHUMG00000014738.6","OTTHUMT00000358714.1","YIPF3-213","YIPF3",1444,"protein_coding",1271,169,0.988036870956421,"GGACA",0.621301775147929,NA,NA,NA,NA,NA,NA,NA,NA,NA,0,0,0,NA,NA,NA
"2688","ENST00000506530.5","ENSG00000090316.16","OTTHUMG00000160169.8","OTTHUMT00000359519.1","MAEA-209","MAEA",5371,"retained_intron",4677,21,0.959114134311676,"AGACT",0.80952380952381,NA,NA,NA,NA,NA,NA,NA,NA,NA,0,0,0,NA,NA,NA
"2689","ENST00000506530.5","ENSG00000090316.16","OTTHUMG00000160169.8","OTTHUMT00000359519.1","MAEA-209","MAEA",5371,"retained_intron",4849,47,0.963543593883514,"GGACT",0.617021276595745,NA,NA,NA,NA,NA,NA,NA,NA,NA,0,0,0,NA,NA,NA
"2690","ENST00000506530.5","ENSG00000090316.16","OTTHUMG00000160169.8","OTTHUMT00000359519.1","MAEA-209","MAEA",5371,"retained_intron",4992,54,0.956094741821289,"GGACT",0.759259259259259,NA,NA,NA,NA,NA,NA,NA,NA,NA,0,0,0,NA,NA,NA
"2691","ENST00000507024.5","ENSG00000113621.15","OTTHUMG00000129115.4","OTTHUMT00000371555.1","TXNDC15-206","TXNDC15",2893,"nonsense_mediated_decay",951,22,0.950180411338806,"GGACT",0.681818181818182,31,2727,135,1,31,32,165,166,2892,0,0,1,NA,NA,0.287862119545288
"2692","ENST00000507024.5","ENSG00000113621.15","OTTHUMG00000129115.4","OTTHUMT00000371555.1","TXNDC15-206","TXNDC15",2893,"nonsense_mediated_decay",1013,27,0.904637694358826,"GAACT",0.481481481481482,31,2727,135,1,31,32,165,166,2892,0,0,1,NA,NA,0.310597726439311
"2693","ENST00000507126.3","ENSG00000174780.17","OTTHUMG00000128843.17","OTTHUMT00000362151.3","SRP72-203","SRP72",2235,"retained_intron",636,68,0.949504911899567,"GGACT",0.544117647058823,NA,NA,NA,NA,NA,NA,NA,NA,NA,0,0,0,NA,NA,NA
"2694","ENST00000507746.7","ENSG00000170445.16","OTTHUMG00000129502.12","-","HARS1-210","HARS1",1902,"protein_coding",1650,22,0.900427877902985,"GAACT",0.545454545454545,NA,NA,NA,NA,NA,NA,NA,NA,NA,0,0,0,NA,NA,NA
"2695","ENST00000507807.3","ENSG00000049656.14","OTTHUMG00000131015.5","OTTHUMT00000365905.1","CLPTM1L-209","CLPTM1L",1740,"protein_coding",1239,212,0.931160032749176,"GGACA",0.636792452830189,NA,NA,NA,NA,NA,NA,NA,NA,NA,0,0,0,NA,NA,NA
"2696","ENST00000507807.3","ENSG00000049656.14","OTTHUMG00000131015.5","OTTHUMT00000365905.1","CLPTM1L-209","CLPTM1L",1740,"protein_coding",1526,257,0.955344378948212,"GGACT",0.739299610894942,NA,NA,NA,NA,NA,NA,NA,NA,NA,0,0,0,NA,NA,NA
"2697","ENST00000508164.6","ENSG00000048140.18","OTTHUMG00000163230.3","OTTHUMT00000372210.2","TSPAN17-207","TSPAN17",2475,"protein_coding",1526,23,0.981814801692963,"GGACT",0.782608695652174,NA,NA,NA,NA,NA,NA,NA,NA,NA,0,0,0,NA,NA,NA
"2698","ENST00000508779.1","ENSG00000113621.15","OTTHUMG00000129115.4","OTTHUMT00000371554.1","TXNDC15-207","TXNDC15",1477,"protein_coding",918,22,0.949764609336853,"GGACT",0.681818181818182,NA,NA,NA,NA,NA,NA,NA,NA,NA,0,0,0,NA,NA,NA
"2699","ENST00000508779.1","ENSG00000113621.15","OTTHUMG00000129115.4","OTTHUMT00000371554.1","TXNDC15-207","TXNDC15",1477,"protein_coding",980,27,0.905214846134186,"GAACT",0.481481481481482,NA,NA,NA,NA,NA,NA,NA,NA,NA,0,0,0,NA,NA,NA
"2700","ENST00000508987.1","ENSG00000171421.13","OTTHUMG00000090373.6","OTTHUMT00000365908.2","MRPL36-204","MRPL36",686,"protein_coding",344,316,0.904991507530212,"AGACT",0.534810126582278,NA,NA,NA,NA,NA,NA,NA,NA,NA,0,0,0,NA,NA,NA
"2701","ENST00000509005.5","ENSG00000164338.10","OTTHUMG00000162453.4","OTTHUMT00000368966.1","UTP15-204","UTP15",2057,"protein_coding",1708,23,0.957309305667877,"AGACT",0.782608695652174,NA,NA,NA,NA,NA,NA,NA,NA,NA,0,0,0,NA,NA,NA
"2702","ENST00000509534.5","ENSG00000120725.13","OTTHUMG00000129226.4","OTTHUMT00000373063.1","SIL1-213","SIL1",1714,"protein_coding",1634,61,0.935570120811462,"GGACT",0.573770491803279,NA,NA,NA,NA,NA,NA,NA,NA,NA,0,0,0,NA,NA,NA
"2703","ENST00000509534.5","ENSG00000120725.13","OTTHUMG00000129226.4","OTTHUMT00000373063.1","SIL1-213","SIL1",1714,"protein_coding",1639,61,0.961140751838684,"GGACT",0.754098360655738,NA,NA,NA,NA,NA,NA,NA,NA,NA,0,0,0,NA,NA,NA
"2704","ENST00000509894.5","ENSG00000112742.10","OTTHUMG00000015088.5","OTTHUMT00000366101.1","TTK-208","TTK",3725,"protein_coding",3446,97,0.930197238922119,"GGACT",0.65979381443299,NA,NA,NA,NA,NA,NA,NA,NA,NA,0,0,0,NA,NA,NA
"2705","ENST00000510102.5","ENSG00000137207.12","OTTHUMG00000014738.6","OTTHUMT00000040637.2","YIPF3-214","YIPF3",1639,"nonsense_mediated_decay",1378,197,0.987549304962158,"GGACA",0.614213197969543,NA,NA,NA,NA,NA,NA,NA,NA,NA,0,0,0,NA,NA,NA
"2706","ENST00000510358.5","ENSG00000131187.11","OTTHUMG00000163403.1","OTTHUMT00000373219.1","F12-205","F12",1573,"retained_intron",1463,20,0.984398543834686,"GGACT",0.75,NA,NA,NA,NA,NA,NA,NA,NA,NA,0,0,0,NA,NA,NA
"2707","ENST00000510492.1","ENSG00000131188.12","OTTHUMG00000130861.5","OTTHUMT00000373216.1","PRR7-204","PRR7",1285,"protein_coding",1171,84,0.965629100799561,"GGACT",0.642857142857143,NA,NA,NA,NA,NA,NA,NA,NA,NA,0,0,0,NA,NA,NA
"2708","ENST00000510492.1","ENSG00000131188.12","OTTHUMG00000130861.5","OTTHUMT00000373216.1","PRR7-204","PRR7",1285,"protein_coding",1212,73,0.977514028549194,"GGACT",0.835616438356164,NA,NA,NA,NA,NA,NA,NA,NA,NA,0,0,0,NA,NA,NA
"2709","ENST00000510573.6","ENSG00000065882.18","OTTHUMG00000150302.10","OTTHUMT00000474542.1","TBC1D1-216","TBC1D1",2977,"protein_coding",2713,44,0.955647826194763,"GAACT",0.545454545454545,NA,NA,NA,NA,NA,NA,NA,NA,NA,0,0,0,NA,NA,NA
"2710","ENST00000510663.6","ENSG00000174780.17","OTTHUMG00000128843.17","OTTHUMT00000362152.2","SRP72-204","SRP72",2406,"protein_coding",2065,45,0.94165563583374,"GGACT",0.577777777777778,NA,NA,NA,NA,NA,NA,NA,NA,NA,0,0,0,NA,NA,NA
"2711","ENST00000511832.6","ENSG00000167085.14","OTTHUMG00000134271.10","OTTHUMT00000364811.2","PHB1-210","PHB1",1847,"protein_coding",1244,41,0.974210023880005,"GGACT",0.853658536585366,NA,NA,NA,NA,NA,NA,NA,NA,NA,0,0,0,NA,NA,NA
"2712","ENST00000511832.6","ENSG00000167085.14","OTTHUMG00000134271.10","OTTHUMT00000364811.2","PHB1-210","PHB1",1847,"protein_coding",1567,70,0.97583144903183,"GGACT",0.9,NA,NA,NA,NA,NA,NA,NA,NA,NA,0,0,0,NA,NA,NA
"2713","ENST00000512289.5","ENSG00000090316.16","OTTHUMG00000160169.8","OTTHUMT00000359518.1","MAEA-215","MAEA",2426,"protein_coding_CDS_not_defined",1755,63,0.974978446960449,"AGACT",0.873015873015873,NA,NA,NA,NA,NA,NA,NA,NA,NA,0,0,0,NA,NA,NA
"2714","ENST00000512289.5","ENSG00000090316.16","OTTHUMG00000160169.8","OTTHUMT00000359518.1","MAEA-215","MAEA",2426,"protein_coding_CDS_not_defined",1927,96,0.958049714565277,"GGACT",0.645833333333333,NA,NA,NA,NA,NA,NA,NA,NA,NA,0,0,0,NA,NA,NA
"2715","ENST00000512289.5","ENSG00000090316.16","OTTHUMG00000160169.8","OTTHUMT00000359518.1","MAEA-215","MAEA",2426,"protein_coding_CDS_not_defined",1965,99,0.900286257266998,"GGACA",0.545454545454545,NA,NA,NA,NA,NA,NA,NA,NA,NA,0,0,0,NA,NA,NA
"2716","ENST00000512289.5","ENSG00000090316.16","OTTHUMG00000160169.8","OTTHUMT00000359518.1","MAEA-215","MAEA",2426,"protein_coding_CDS_not_defined",2070,110,0.954014241695404,"GGACT",0.818181818181818,NA,NA,NA,NA,NA,NA,NA,NA,NA,0,0,0,NA,NA,NA
"2717","ENST00000512914.1","ENSG00000179010.16","OTTHUMG00000125504.3","OTTHUMT00000359626.1","MRFAP1-204","MRFAP1",1982,"retained_intron",330,51,0.937297582626343,"GGACA",0.568627450980392,NA,NA,NA,NA,NA,NA,NA,NA,NA,0,0,0,NA,NA,NA
"2718","ENST00000513112.5","ENSG00000145817.17","OTTHUMG00000129679.6","OTTHUMT00000371887.1","YIPF5-204","YIPF5",2135,"protein_coding",1065,21,0.933207035064697,"GAACT",0.476190476190476,NA,NA,NA,NA,NA,NA,NA,NA,NA,0,0,0,NA,NA,NA
"2719","ENST00000513545.5","ENSG00000087088.21","OTTHUMG00000160476.4","OTTHUMT00000360769.1","BAX-210","BAX",775,"retained_intron",716,24,0.978128731250763,"GGACT",0.791666666666667,NA,NA,NA,NA,NA,NA,NA,NA,NA,0,0,0,NA,NA,NA
"2720","ENST00000513762.2","ENSG00000087274.19","OTTHUMG00000122080.23","OTTHUMT00000358300.3","ADD1-217","ADD1",3581,"retained_intron",3379,44,0.927829027175903,"GGACT",0.590909090909091,NA,NA,NA,NA,NA,NA,NA,NA,NA,0,0,0,NA,NA,NA
"2721","ENST00000513900.6","ENSG00000113048.19","OTTHUMG00000100951.9","OTTHUMT00000372621.2","MRPS27-205","MRPS27",2823,"protein_coding",1357,23,0.928755104541779,"GAACT",0.434782608695652,NA,NA,NA,NA,NA,NA,NA,NA,NA,0,0,0,NA,NA,NA
"2722","ENST00000513900.6","ENSG00000113048.19","OTTHUMG00000100951.9","OTTHUMT00000372621.2","MRPS27-205","MRPS27",2823,"protein_coding",1380,22,0.972080171108246,"GGACT",0.772727272727273,NA,NA,NA,NA,NA,NA,NA,NA,NA,0,0,0,NA,NA,NA
"2723","ENST00000514199.1","ENSG00000176087.16","OTTHUMG00000129495.6","OTTHUMT00000372815.1","SLC35A4-202","SLC35A4",3617,"protein_coding",2477,22,0.953180968761444,"GGACT",0.818181818181818,NA,NA,NA,NA,NA,NA,NA,NA,NA,0,0,0,NA,NA,NA
"2724","ENST00000514384.1","ENSG00000250317.9","OTTHUMG00000160330.3","OTTHUMT00000360257.2","SMIM20-202","SMIM20",774,"protein_coding",297,27,0.984277486801147,"AGACT",0.888888888888889,NA,NA,NA,NA,NA,NA,NA,NA,NA,0,0,0,NA,NA,NA
"2725","ENST00000514705.5","ENSG00000048140.18","OTTHUMG00000163230.3","OTTHUMT00000372211.1","TSPAN17-208","TSPAN17",4445,"retained_intron",3494,24,0.982472598552704,"GGACT",0.791666666666667,NA,NA,NA,NA,NA,NA,NA,NA,NA,0,0,0,NA,NA,NA
"2726","ENST00000514708.5","ENSG00000090316.16","OTTHUMG00000160169.8","OTTHUMT00000359514.1","MAEA-219","MAEA",1945,"protein_coding",1279,81,0.976399421691895,"AGACT",0.901234567901235,NA,NA,NA,NA,NA,NA,NA,NA,NA,0,0,0,NA,NA,NA
"2727","ENST00000514708.5","ENSG00000090316.16","OTTHUMG00000160169.8","OTTHUMT00000359514.1","MAEA-219","MAEA",1945,"protein_coding",1451,84,0.960904121398926,"GGACT",0.702380952380952,NA,NA,NA,NA,NA,NA,NA,NA,NA,0,0,0,NA,NA,NA
"2728","ENST00000514708.5","ENSG00000090316.16","OTTHUMG00000160169.8","OTTHUMT00000359514.1","MAEA-219","MAEA",1945,"protein_coding",1489,89,0.943819344043732,"GGACA",0.651685393258427,NA,NA,NA,NA,NA,NA,NA,NA,NA,0,0,0,NA,NA,NA
"2729","ENST00000514708.5","ENSG00000090316.16","OTTHUMG00000160169.8","OTTHUMT00000359514.1","MAEA-219","MAEA",1945,"protein_coding",1594,91,0.979428052902222,"GGACT",0.901098901098901,NA,NA,NA,NA,NA,NA,NA,NA,NA,0,0,0,NA,NA,NA
"2730","ENST00000515370.1","ENSG00000164294.14","OTTHUMG00000162601.3","OTTHUMT00000369719.1","GPX8-208","GPX8",1036,"protein_coding",882,20,0.96713000535965,"GGACT",0.7,NA,NA,NA,NA,NA,NA,NA,NA,NA,0,0,0,NA,NA,NA
"2731","ENST00000515463.1","ENSG00000153037.15","OTTHUMG00000186064.6","OTTHUMT00000372142.1","SRP19-210","SRP19",660,"protein_coding",533,27,0.982828974723816,"GAACT",0.777777777777778,NA,NA,NA,NA,NA,NA,NA,NA,NA,0,0,0,NA,NA,NA
"2732","ENST00000515708.5","ENSG00000048140.18","OTTHUMG00000163230.3","OTTHUMT00000372209.1","TSPAN17-209","TSPAN17",2361,"protein_coding",1318,20,0.983527719974518,"GGACT",0.8,NA,NA,NA,NA,NA,NA,NA,NA,NA,0,0,0,NA,NA,NA
"2733","ENST00000515708.5","ENSG00000048140.18","OTTHUMG00000163230.3","OTTHUMT00000372209.1","TSPAN17-209","TSPAN17",2361,"protein_coding",1410,25,0.979669570922852,"GGACT",0.8,NA,NA,NA,NA,NA,NA,NA,NA,NA,0,0,0,NA,NA,NA
"2734","ENST00000515766.1","ENSG00000090316.16","OTTHUMG00000160169.8","OTTHUMT00000359521.1","MAEA-220","MAEA",3136,"retained_intron",2431,57,0.975611865520477,"AGACT",0.87719298245614,NA,NA,NA,NA,NA,NA,NA,NA,NA,0,0,0,NA,NA,NA
"2735","ENST00000515766.1","ENSG00000090316.16","OTTHUMG00000160169.8","OTTHUMT00000359521.1","MAEA-220","MAEA",3136,"retained_intron",2603,90,0.961187124252319,"GGACT",0.644444444444444,NA,NA,NA,NA,NA,NA,NA,NA,NA,0,0,0,NA,NA,NA
"2736","ENST00000515766.1","ENSG00000090316.16","OTTHUMG00000160169.8","OTTHUMT00000359521.1","MAEA-220","MAEA",3136,"retained_intron",2641,90,0.906844735145569,"GGACA",0.533333333333333,NA,NA,NA,NA,NA,NA,NA,NA,NA,0,0,0,NA,NA,NA
"2737","ENST00000515766.1","ENSG00000090316.16","OTTHUMG00000160169.8","OTTHUMT00000359521.1","MAEA-220","MAEA",3136,"retained_intron",2746,99,0.946895480155945,"GGACT",0.797979797979798,NA,NA,NA,NA,NA,NA,NA,NA,NA,0,0,0,NA,NA,NA
"2738","ENST00000517309.6","ENSG00000156471.13","OTTHUMG00000164687.3","OTTHUMT00000379743.3","PTDSS1-202","PTDSS1",4990,"protein_coding",1946,184,0.965248048305511,"GGACT",0.766304347826087,NA,NA,NA,NA,NA,NA,NA,NA,NA,0,0,0,NA,NA,NA
"2739","ENST00000517325.5","ENSG00000147457.14","OTTHUMG00000131785.6","OTTHUMT00000375457.1","CHMP7-203","CHMP7",2639,"nonsense_mediated_decay",2001,21,0.930715799331665,"GGACC",0.523809523809524,NA,NA,NA,NA,NA,NA,NA,NA,NA,0,0,0,NA,NA,NA
"2740","ENST00000517325.5","ENSG00000147457.14","OTTHUMG00000131785.6","OTTHUMT00000375457.1","CHMP7-203","CHMP7",2639,"nonsense_mediated_decay",2067,23,0.921907484531403,"TAACT",0.347826086956522,NA,NA,NA,NA,NA,NA,NA,NA,NA,0,0,0,NA,NA,NA
"2741","ENST00000517396.5","ENSG00000083099.11","OTTHUMG00000015203.3","OTTHUMT00000375697.1","LYRM2-202","LYRM2",2835,"protein_coding_CDS_not_defined",436,24,0.970324456691742,"GGACA",0.666666666666667,NA,NA,NA,NA,NA,NA,NA,NA,NA,0,0,0,NA,NA,NA
"2742","ENST00000517481.5","ENSG00000128581.17","OTTHUMG00000157136.4","OTTHUMT00000379661.1","IFT22-210","IFT22",1657,"protein_coding",929,79,0.948854863643646,"GAACT",0.481012658227848,NA,NA,NA,NA,NA,NA,NA,NA,NA,0,0,0,NA,NA,NA
"2743","ENST00000517481.5","ENSG00000128581.17","OTTHUMG00000157136.4","OTTHUMT00000379661.1","IFT22-210","IFT22",1657,"protein_coding",996,57,0.934701383113861,"GGACT",0.684210526315789,NA,NA,NA,NA,NA,NA,NA,NA,NA,0,0,0,NA,NA,NA
"2744","ENST00000518738.2","ENSG00000155097.12","OTTHUMG00000164761.2","OTTHUMT00000380103.2","ATP6V1C1-202","ATP6V1C1",5635,"protein_coding",5392,22,0.960463762283325,"AGACT",0.772727272727273,NA,NA,NA,NA,NA,NA,NA,NA,NA,0,0,0,NA,NA,NA
"2745","ENST00000518825.5","ENSG00000044115.21","OTTHUMG00000163502.5","OTTHUMT00000373876.1","CTNNA1-210","CTNNA1",3536,"protein_coding",2783,21,0.985804080963135,"GGACA",0.666666666666667,NA,NA,NA,NA,NA,NA,NA,NA,NA,0,0,0,NA,NA,NA
"2746","ENST00000519077.4","ENSG00000253352.10","OTTHUMG00000030444.9","OTTHUMT00000495123.1","TUG1-201","TUG1",5017,"protein_coding_CDS_not_defined",4603,21,0.913623154163361,"GGACA",0.571428571428571,NA,NA,NA,NA,NA,NA,NA,NA,NA,0,0,0,NA,NA,NA
"2747","ENST00000519077.4","ENSG00000253352.10","OTTHUMG00000030444.9","OTTHUMT00000495123.1","TUG1-201","TUG1",5017,"protein_coding_CDS_not_defined",4775,47,0.918428719043732,"GAACT",0.702127659574468,NA,NA,NA,NA,NA,NA,NA,NA,NA,0,0,0,NA,NA,NA
"2748","ENST00000519273.6","ENSG00000101199.13","OTTHUMG00000032965.8","-","ARFGAP1-210","ARFGAP1",3176,"protein_coding",2179,23,0.968915522098541,"GGACT",0.782608695652174,NA,NA,NA,NA,NA,NA,NA,NA,NA,0,0,0,NA,NA,NA
"2749","ENST00000519273.6","ENSG00000101199.13","OTTHUMG00000032965.8","-","ARFGAP1-210","ARFGAP1",3176,"protein_coding",2204,29,0.926097631454468,"TGACT",0.655172413793103,NA,NA,NA,NA,NA,NA,NA,NA,NA,0,0,0,NA,NA,NA
"2750","ENST00000519273.6","ENSG00000101199.13","OTTHUMG00000032965.8","-","ARFGAP1-210","ARFGAP1",3176,"protein_coding",2425,28,0.994133472442627,"GGACT",0.964285714285714,NA,NA,NA,NA,NA,NA,NA,NA,NA,0,0,0,NA,NA,NA
"2751","ENST00000519273.6","ENSG00000101199.13","OTTHUMG00000032965.8","-","ARFGAP1-210","ARFGAP1",3176,"protein_coding",2452,31,0.986325085163116,"GGACC",0.67741935483871,NA,NA,NA,NA,NA,NA,NA,NA,NA,0,0,0,NA,NA,NA
"2752","ENST00000519273.6","ENSG00000101199.13","OTTHUMG00000032965.8","-","ARFGAP1-210","ARFGAP1",3176,"protein_coding",2590,25,0.972687482833862,"GGACC",0.92,NA,NA,NA,NA,NA,NA,NA,NA,NA,0,0,0,NA,NA,NA
"2753","ENST00000519273.6","ENSG00000101199.13","OTTHUMG00000032965.8","-","ARFGAP1-210","ARFGAP1",3176,"protein_coding",2766,89,0.977143406867981,"GGACC",0.853932584269663,NA,NA,NA,NA,NA,NA,NA,NA,NA,0,0,0,NA,NA,NA
"2754","ENST00000519273.6","ENSG00000101199.13","OTTHUMG00000032965.8","-","ARFGAP1-210","ARFGAP1",3176,"protein_coding",2800,92,0.954172015190125,"GGACT",0.641304347826087,NA,NA,NA,NA,NA,NA,NA,NA,NA,0,0,0,NA,NA,NA
"2755","ENST00000519374.6","ENSG00000113732.9","OTTHUMG00000130518.4","OTTHUMT00000252935.3","ATP6V0E1-203","ATP6V0E1",1419,"protein_coding",560,471,0.918308913707733,"GAACT",0.54140127388535,NA,NA,NA,NA,NA,NA,NA,NA,NA,0,0,0,NA,NA,NA
"2756","ENST00000519387.1","ENSG00000160886.13","OTTHUMG00000164720.3","OTTHUMT00000379957.2","LY6K-203","LY6K",963,"protein_coding",201,125,0.902867197990417,"GAACC",0.616,NA,NA,NA,NA,NA,NA,NA,NA,NA,0,0,0,NA,NA,NA
"2757","ENST00000519387.1","ENSG00000160886.13","OTTHUMG00000164720.3","OTTHUMT00000379957.2","LY6K-203","LY6K",963,"protein_coding",888,364,0.903562724590302,"GGACT",0.549450549450549,NA,NA,NA,NA,NA,NA,NA,NA,NA,0,0,0,NA,NA,NA
"2758","ENST00000519604.5","ENSG00000101199.13","OTTHUMG00000032965.8","-","ARFGAP1-212","ARFGAP1",3191,"protein_coding",2194,22,0.97087037563324,"GGACT",0.772727272727273,NA,NA,NA,NA,NA,NA,NA,NA,NA,0,0,0,NA,NA,NA
"2759","ENST00000519604.5","ENSG00000101199.13","OTTHUMG00000032965.8","-","ARFGAP1-212","ARFGAP1",3191,"protein_coding",2219,28,0.915289163589478,"TGACT",0.642857142857143,NA,NA,NA,NA,NA,NA,NA,NA,NA,0,0,0,NA,NA,NA
"2760","ENST00000519604.5","ENSG00000101199.13","OTTHUMG00000032965.8","-","ARFGAP1-212","ARFGAP1",3191,"protein_coding",2440,27,0.994517087936401,"GGACT",0.962962962962963,NA,NA,NA,NA,NA,NA,NA,NA,NA,0,0,0,NA,NA,NA
"2761","ENST00000519604.5","ENSG00000101199.13","OTTHUMG00000032965.8","-","ARFGAP1-212","ARFGAP1",3191,"protein_coding",2467,30,0.982705116271973,"GGACC",0.666666666666667,NA,NA,NA,NA,NA,NA,NA,NA,NA,0,0,0,NA,NA,NA
"2762","ENST00000519604.5","ENSG00000101199.13","OTTHUMG00000032965.8","-","ARFGAP1-212","ARFGAP1",3191,"protein_coding",2605,25,0.974209487438202,"GGACC",0.92,NA,NA,NA,NA,NA,NA,NA,NA,NA,0,0,0,NA,NA,NA
"2763","ENST00000519604.5","ENSG00000101199.13","OTTHUMG00000032965.8","-","ARFGAP1-212","ARFGAP1",3191,"protein_coding",2781,89,0.975272119045258,"GGACC",0.853932584269663,NA,NA,NA,NA,NA,NA,NA,NA,NA,0,0,0,NA,NA,NA
"2764","ENST00000519604.5","ENSG00000101199.13","OTTHUMG00000032965.8","-","ARFGAP1-212","ARFGAP1",3191,"protein_coding",2815,92,0.953983664512634,"GGACT",0.641304347826087,NA,NA,NA,NA,NA,NA,NA,NA,NA,0,0,0,NA,NA,NA
"2765","ENST00000519865.5","ENSG00000145860.13","OTTHUMG00000130306.5","OTTHUMT00000374051.2","RNF145-206","RNF145",3478,"protein_coding",2553,21,0.942202985286713,"GGACT",0.666666666666667,NA,NA,NA,NA,NA,NA,NA,NA,NA,0,0,0,NA,NA,NA
"2766","ENST00000519911.5","ENSG00000113732.9","OTTHUMG00000130518.4","OTTHUMT00000372562.1","ATP6V0E1-204","ATP6V0E1",718,"protein_coding",420,183,0.905861079692841,"GAACT",0.524590163934426,NA,NA,NA,NA,NA,NA,NA,NA,NA,0,0,0,NA,NA,NA
"2767","ENST00000520132.1","ENSG00000086589.12","OTTHUMG00000163589.5","OTTHUMT00000374488.1","RBM22-204","RBM22",2067,"retained_intron",1244,30,0.976241171360016,"AGACT",0.733333333333333,NA,NA,NA,NA,NA,NA,NA,NA,NA,0,0,0,NA,NA,NA
"2768","ENST00000520132.1","ENSG00000086589.12","OTTHUMG00000163589.5","OTTHUMT00000374488.1","RBM22-204","RBM22",2067,"retained_intron",1287,25,0.911572515964508,"GGACC",0.52,NA,NA,NA,NA,NA,NA,NA,NA,NA,0,0,0,NA,NA,NA
"2769","ENST00000521288.2","ENSG00000198585.12","OTTHUMG00000159623.11","OTTHUMT00000356537.9","NUDT16-202","NUDT16",6108,"protein_coding",567,33,0.913230538368225,"GGACT",0.606060606060606,NA,NA,NA,NA,NA,NA,NA,NA,NA,0,0,0,NA,NA,NA
"2770","ENST00000521288.2","ENSG00000198585.12","OTTHUMG00000159623.11","OTTHUMT00000356537.9","NUDT16-202","NUDT16",6108,"protein_coding",635,31,0.958466649055481,"GGACC",0.516129032258065,NA,NA,NA,NA,NA,NA,NA,NA,NA,0,0,0,NA,NA,NA
"2771","ENST00000521288.2","ENSG00000198585.12","OTTHUMG00000159623.11","OTTHUMT00000356537.9","NUDT16-202","NUDT16",6108,"protein_coding",657,34,0.947364389896393,"GGACC",0.647058823529412,NA,NA,NA,NA,NA,NA,NA,NA,NA,0,0,0,NA,NA,NA
"2772","ENST00000521580.3","ENSG00000163866.9","OTTHUMG00000004375.4","OTTHUMT00000012715.4","SMIM12-206","SMIM12",5694,"protein_coding",298,92,0.997681021690369,"GGACA",0.83695652173913,NA,NA,NA,NA,NA,NA,NA,NA,NA,0,0,0,NA,NA,NA
"2773","ENST00000521580.3","ENSG00000163866.9","OTTHUMG00000004375.4","OTTHUMT00000012715.4","SMIM12-206","SMIM12",5694,"protein_coding",363,90,0.994762539863586,"GGACA",0.766666666666667,NA,NA,NA,NA,NA,NA,NA,NA,NA,0,0,0,NA,NA,NA
"2774","ENST00000523091.5","ENSG00000147457.14","OTTHUMG00000131785.6","OTTHUMT00000375461.2","CHMP7-210","CHMP7",2672,"retained_intron",2026,21,0.931563198566437,"GGACC",0.523809523809524,NA,NA,NA,NA,NA,NA,NA,NA,NA,0,0,0,NA,NA,NA
"2775","ENST00000523091.5","ENSG00000147457.14","OTTHUMG00000131785.6","OTTHUMT00000375461.2","CHMP7-210","CHMP7",2672,"retained_intron",2092,23,0.919889211654663,"TAACT",0.347826086956522,NA,NA,NA,NA,NA,NA,NA,NA,NA,0,0,0,NA,NA,NA
"2776","ENST00000523259.5","ENSG00000213523.12","OTTHUMG00000163569.4","OTTHUMT00000374262.3","SRA1-203","SRA1",1802,"retained_intron",1721,56,0.929218888282776,"AGACT",0.553571428571429,NA,NA,NA,NA,NA,NA,NA,NA,NA,0,0,0,NA,NA,NA
"2777","ENST00000523377.2","ENSG00000083099.11","OTTHUMG00000015203.3","OTTHUMT00000041498.3","LYRM2-208","LYRM2",5347,"protein_coding",365,24,0.96726405620575,"GGACA",0.666666666666667,NA,NA,NA,NA,NA,NA,NA,NA,NA,0,0,0,NA,NA,NA
"2778","ENST00000523903.5","ENSG00000141698.17","OTTHUMG00000133499.10","OTTHUMT00000257423.1","NT5C3B-216","NT5C3B",1534,"retained_intron",1410,239,0.90411514043808,"GGACC",0.510460251046025,NA,NA,NA,NA,NA,NA,NA,NA,NA,0,0,0,NA,NA,NA
"2779","ENST00000524013.2","ENSG00000136997.22","OTTHUMG00000128475.10","OTTHUMT00000380691.2","MYC-205","MYC",2150,"protein_coding",1368,23,0.908906042575836,"GGACT",0.652173913043478,NA,NA,NA,NA,NA,NA,NA,NA,NA,0,0,0,NA,NA,NA
"2780","ENST00000524013.2","ENSG00000136997.22","OTTHUMG00000128475.10","OTTHUMT00000380691.2","MYC-205","MYC",2150,"protein_coding",1848,28,0.932417631149292,"AGACT",0.607142857142857,NA,NA,NA,NA,NA,NA,NA,NA,NA,0,0,0,NA,NA,NA
"2781","ENST00000524013.2","ENSG00000136997.22","OTTHUMG00000128475.10","OTTHUMT00000380691.2","MYC-205","MYC",2150,"protein_coding",1888,25,0.970418989658356,"GGACT",0.96,NA,NA,NA,NA,NA,NA,NA,NA,NA,0,0,0,NA,NA,NA
"2782","ENST00000524506.5","ENSG00000173653.8","OTTHUMG00000167098.2","OTTHUMT00000393106.1","RCE1-202","RCE1",1379,"protein_coding",1216,40,0.929659247398376,"GGACT",0.6,NA,NA,NA,NA,NA,NA,NA,NA,NA,0,0,0,NA,NA,NA
"2783","ENST00000524558.5","ENSG00000149257.16","OTTHUMG00000165362.7","OTTHUMT00000383610.1","SERPINH1-202","SERPINH1",3391,"protein_coding",2741,59,0.912262618541718,"AGACA",0.491525423728814,NA,NA,NA,NA,NA,NA,NA,NA,NA,0,0,0,NA,NA,NA
"2784","ENST00000524657.1","ENSG00000173120.15","OTTHUMG00000167103.3","OTTHUMT00000393152.1","KDM2A-204","KDM2A",3692,"protein_coding_CDS_not_defined",3386,25,0.916009545326233,"GGACT",0.56,NA,NA,NA,NA,NA,NA,NA,NA,NA,0,0,0,NA,NA,NA
"2785","ENST00000524773.5","ENSG00000014216.16","OTTHUMG00000165614.2","OTTHUMT00000385311.1","CAPN1-202","CAPN1",2960,"protein_coding",2844,55,0.904899656772614,"GGACT",0.527272727272727,NA,NA,NA,NA,NA,NA,NA,NA,NA,0,0,0,NA,NA,NA
"2786","ENST00000524848.5","ENSG00000173327.8","OTTHUMG00000166529.5","OTTHUMT00000390234.1","MAP3K11-202","MAP3K11",2139,"nonsense_mediated_decay",1541,20,0.941959083080292,"GGACT",0.75,NA,NA,NA,NA,NA,NA,NA,NA,NA,0,0,0,NA,NA,NA
"2787","ENST00000524849.5","ENSG00000173653.8","OTTHUMG00000167098.2","OTTHUMT00000393107.1","RCE1-203","RCE1",1428,"nonsense_mediated_decay",1261,40,0.924713671207428,"GGACT",0.6,NA,NA,NA,NA,NA,NA,NA,NA,NA,0,0,0,NA,NA,NA
"2788","ENST00000524984.5","ENSG00000149091.15","OTTHUMG00000166437.8","OTTHUMT00000389997.1","DGKZ-208","DGKZ",3512,"nonsense_mediated_decay",3067,21,0.994343757629395,"GGACT",0.857142857142857,NA,NA,NA,NA,NA,NA,NA,NA,NA,0,0,0,NA,NA,NA
"2789","ENST00000525066.5","ENSG00000051180.17","OTTHUMG00000130067.10","OTTHUMT00000387939.1","RAD51-204","RAD51",1545,"nonsense_mediated_decay",1161,97,0.965657293796539,"AGACT",0.649484536082474,NA,NA,NA,NA,NA,NA,NA,NA,NA,0,0,0,NA,NA,NA
"2790","ENST00000525346.6","ENSG00000172893.18","OTTHUMG00000167346.3","OTTHUMT00000394251.2","DHCR7-204","DHCR7",2603,"protein_coding",1593,237,0.936098277568817,"GGACT",0.759493670886076,NA,NA,NA,NA,NA,NA,NA,NA,NA,0,0,0,NA,NA,NA
"2791","ENST00000525346.6","ENSG00000172893.18","OTTHUMG00000167346.3","OTTHUMT00000394251.2","DHCR7-204","DHCR7",2603,"protein_coding",2185,290,0.942441046237946,"GGACA",0.651724137931034,NA,NA,NA,NA,NA,NA,NA,NA,NA,0,0,0,NA,NA,NA
"2792","ENST00000525356.1","ENSG00000173653.8","OTTHUMG00000167098.2","OTTHUMT00000393111.1","RCE1-204","RCE1",1270,"protein_coding",1107,36,0.934211492538452,"GGACT",0.583333333333333,NA,NA,NA,NA,NA,NA,NA,NA,NA,0,0,0,NA,NA,NA
"2793","ENST00000525364.5","ENSG00000142186.18","OTTHUMG00000166325.6","OTTHUMT00000389194.2","SCYL1-205","SCYL1",2584,"protein_coding",2441,24,0.917866587638855,"GGACT",0.75,NA,NA,NA,NA,NA,NA,NA,NA,NA,0,0,0,NA,NA,NA
"2794","ENST00000525771.1","ENSG00000124444.16","OTTHUMG00000165479.2","OTTHUMT00000384393.1","ZNF576-203","ZNF576",2327,"protein_coding",1264,42,0.901052117347717,"GGACT",0.523809523809524,NA,NA,NA,NA,NA,NA,NA,NA,NA,0,0,0,NA,NA,NA
"2795","ENST00000526104.6","ENSG00000177963.15","OTTHUMG00000119069.7","OTTHUMT00000384761.1","RIC8A-203","RIC8A",3506,"protein_coding",2773,103,0.964058756828308,"GGACT",0.660194174757282,NA,NA,NA,NA,NA,NA,NA,NA,NA,0,0,0,NA,NA,NA
"2796","ENST00000526104.6","ENSG00000177963.15","OTTHUMG00000119069.7","OTTHUMT00000384761.1","RIC8A-203","RIC8A",3506,"protein_coding",2792,91,0.958774149417877,"AGACT",0.703296703296703,NA,NA,NA,NA,NA,NA,NA,NA,NA,0,0,0,NA,NA,NA
"2797","ENST00000526104.6","ENSG00000177963.15","OTTHUMG00000119069.7","OTTHUMT00000384761.1","RIC8A-203","RIC8A",3506,"protein_coding",2929,105,0.969286620616913,"GGACT",0.819047619047619,NA,NA,NA,NA,NA,NA,NA,NA,NA,0,0,0,NA,NA,NA
"2798","ENST00000526104.6","ENSG00000177963.15","OTTHUMG00000119069.7","OTTHUMT00000384761.1","RIC8A-203","RIC8A",3506,"protein_coding",2954,90,0.967247903347015,"GAACT",0.677777777777778,NA,NA,NA,NA,NA,NA,NA,NA,NA,0,0,0,NA,NA,NA
"2799","ENST00000526258.5","ENSG00000173120.15","OTTHUMG00000167103.3","OTTHUMT00000393144.1","KDM2A-207","KDM2A",5671,"protein_coding_CDS_not_defined",5374,25,0.916588842868805,"GGACT",0.56,NA,NA,NA,NA,NA,NA,NA,NA,NA,0,0,0,NA,NA,NA
"2800","ENST00000526451.5","ENSG00000175376.9","OTTHUMG00000166671.4","OTTHUMT00000391074.2","EIF1AD-204","EIF1AD",2761,"protein_coding",831,63,0.932595312595367,"GAACT",0.619047619047619,NA,NA,NA,NA,NA,NA,NA,NA,NA,0,0,0,NA,NA,NA
"2801","ENST00000526683.6","ENSG00000179950.15","OTTHUMG00000165155.3","OTTHUMT00000382222.2","PUF60-208","PUF60",1868,"protein_coding",1584,215,0.968010365962982,"AGACT",0.772093023255814,NA,NA,NA,NA,NA,NA,NA,NA,NA,0,0,0,NA,NA,NA
"2802","ENST00000526683.6","ENSG00000179950.15","OTTHUMG00000165155.3","OTTHUMT00000382222.2","PUF60-208","PUF60",1868,"protein_coding",1711,139,0.98180878162384,"GGACT",0.776978417266187,NA,NA,NA,NA,NA,NA,NA,NA,NA,0,0,0,NA,NA,NA
"2803","ENST00000526737.6","ENSG00000159063.14","OTTHUMG00000166594.7","-","ALG8-208","ALG8",1653,"nonsense_mediated_decay",1331,79,0.90023398399353,"GAACT",0.430379746835443,NA,NA,NA,NA,NA,NA,NA,NA,NA,0,0,0,NA,NA,NA
"2804","ENST00000526780.6","ENSG00000172893.18","OTTHUMG00000167346.3","OTTHUMT00000394250.2","DHCR7-205","DHCR7",2850,"protein_coding",1840,191,0.936287581920624,"GGACT",0.795811518324607,NA,NA,NA,NA,NA,NA,NA,NA,NA,0,0,0,NA,NA,NA
"2805","ENST00000526780.6","ENSG00000172893.18","OTTHUMG00000167346.3","OTTHUMT00000394250.2","DHCR7-205","DHCR7",2850,"protein_coding",2432,248,0.938036859035492,"GGACA",0.645161290322581,NA,NA,NA,NA,NA,NA,NA,NA,NA,0,0,0,NA,NA,NA
"2806","ENST00000526891.2","ENSG00000185803.12","OTTHUMG00000165168.9","OTTHUMT00000382408.1","SLC52A2-207","SLC52A2",1676,"protein_coding",1395,20,0.934628665447235,"GGACT",0.7,NA,NA,NA,NA,NA,NA,NA,NA,NA,0,0,0,NA,NA,NA
"2807","ENST00000527034.5","ENSG00000108312.16","OTTHUMG00000167585.6","OTTHUMT00000395248.1","UBTF-206","UBTF",3010,"protein_coding",2345,22,0.955396771430969,"AGACT",0.5,NA,NA,NA,NA,NA,NA,NA,NA,NA,0,0,0,NA,NA,NA
"2808","ENST00000527034.5","ENSG00000108312.16","OTTHUMG00000167585.6","OTTHUMT00000395248.1","UBTF-206","UBTF",3010,"protein_coding",2667,30,0.904792964458466,"GGACA",0.5,NA,NA,NA,NA,NA,NA,NA,NA,NA,0,0,0,NA,NA,NA
"2809","ENST00000527102.6","ENSG00000148925.11","OTTHUMG00000165787.6","OTTHUMT00000386201.2","BTBD10-206","BTBD10",2338,"nonsense_mediated_decay",1862,22,0.922307670116425,"GGACT",0.772727272727273,NA,NA,NA,NA,NA,NA,NA,NA,NA,0,0,0,NA,NA,NA
"2810","ENST00000527323.5","ENSG00000014216.16","OTTHUMG00000165614.2","OTTHUMT00000385325.1","CAPN1-208","CAPN1",3086,"protein_coding",2984,55,0.90571254491806,"GGACT",0.527272727272727,NA,NA,NA,NA,NA,NA,NA,NA,NA,0,0,0,NA,NA,NA
"2811","ENST00000527537.5","ENSG00000137710.17","OTTHUMG00000166574.8","OTTHUMT00000390578.1","RDX-201","RDX",3403,"retained_intron",2996,87,0.909680485725403,"GAACT",0.448275862068966,NA,NA,NA,NA,NA,NA,NA,NA,NA,0,0,0,NA,NA,NA
"2812","ENST00000527696.5","ENSG00000177963.15","OTTHUMG00000119069.7","OTTHUMT00000384762.1","RIC8A-208","RIC8A",2565,"protein_coding",1832,103,0.963200867176056,"GGACT",0.660194174757282,NA,NA,NA,NA,NA,NA,NA,NA,NA,0,0,0,NA,NA,NA
"2813","ENST00000527696.5","ENSG00000177963.15","OTTHUMG00000119069.7","OTTHUMT00000384762.1","RIC8A-208","RIC8A",2565,"protein_coding",1851,91,0.958747565746307,"AGACT",0.703296703296703,NA,NA,NA,NA,NA,NA,NA,NA,NA,0,0,0,NA,NA,NA
"2814","ENST00000527696.5","ENSG00000177963.15","OTTHUMG00000119069.7","OTTHUMT00000384762.1","RIC8A-208","RIC8A",2565,"protein_coding",1988,105,0.96937084197998,"GGACT",0.819047619047619,NA,NA,NA,NA,NA,NA,NA,NA,NA,0,0,0,NA,NA,NA
"2815","ENST00000527696.5","ENSG00000177963.15","OTTHUMG00000119069.7","OTTHUMT00000384762.1","RIC8A-208","RIC8A",2565,"protein_coding",2013,90,0.967780411243439,"GAACT",0.677777777777778,NA,NA,NA,NA,NA,NA,NA,NA,NA,0,0,0,NA,NA,NA
"2816","ENST00000527986.5","ENSG00000254635.6","OTTHUMG00000166235.3","OTTHUMT00000388577.1","WAC-AS1-201","WAC-AS1",2323,"lncRNA",1990,59,0.962214946746826,"AGACA",0.593220338983051,NA,NA,NA,NA,NA,NA,NA,NA,NA,0,0,0,NA,NA,NA
"2817","ENST00000528011.2","ENSG00000177697.19","OTTHUMG00000133311.10","OTTHUMT00000383118.2","CD151-213","CD151",1425,"protein_coding",550,561,0.952705323696136,"GGACT",0.64349376114082,NA,NA,NA,NA,NA,NA,NA,NA,NA,0,0,0,NA,NA,NA
"2818","ENST00000528057.5","ENSG00000162302.13","OTTHUMG00000046094.4","OTTHUMT00000385364.1","RPS6KA4-202","RPS6KA4",3121,"protein_coding",2808,120,0.959402024745941,"GGACT",0.741666666666667,NA,NA,NA,NA,NA,NA,NA,NA,NA,0,0,0,NA,NA,NA
"2819","ENST00000528655.5","ENSG00000148926.10","OTTHUMG00000165907.2","OTTHUMT00000387008.1","ADM-206","ADM",1889,"protein_coding",1100,59,0.992634057998657,"GGACT",0.847457627118644,NA,NA,NA,NA,NA,NA,NA,NA,NA,0,0,0,NA,NA,NA
"2820","ENST00000528655.5","ENSG00000148926.10","OTTHUMG00000165907.2","OTTHUMT00000387008.1","ADM-206","ADM",1889,"protein_coding",1445,112,0.912854194641113,"AAACT",0.553571428571429,NA,NA,NA,NA,NA,NA,NA,NA,NA,0,0,0,NA,NA,NA
"2821","ENST00000528759.5","ENSG00000165490.13","OTTHUMG00000166929.3","OTTHUMT00000391934.1","DDIAS-207","DDIAS",3278,"protein_coding",2983,22,0.961867570877075,"GAACT",0.590909090909091,NA,NA,NA,NA,NA,NA,NA,NA,NA,0,0,0,NA,NA,NA
"2822","ENST00000528759.5","ENSG00000165490.13","OTTHUMG00000166929.3","OTTHUMT00000391934.1","DDIAS-207","DDIAS",3278,"protein_coding",3076,23,0.989270985126495,"GGACT",0.956521739130435,NA,NA,NA,NA,NA,NA,NA,NA,NA,0,0,0,NA,NA,NA
"2823","ENST00000528896.7","ENSG00000007202.16","OTTHUMG00000166587.7","OTTHUMT00000390571.4","BLTP2-202","BLTP2",7428,"protein_coding",6865,174,0.926586925983429,"GGACT",0.764367816091954,NA,NA,NA,NA,NA,NA,NA,NA,NA,0,0,0,NA,NA,NA
"2824","ENST00000529006.7","ENSG00000173120.15","OTTHUMG00000167103.3","OTTHUMT00000393140.3","KDM2A-210","KDM2A",7386,"protein_coding",6668,50,0.938981711864471,"GGACT",0.6,NA,NA,NA,NA,NA,NA,NA,NA,NA,0,0,0,NA,NA,NA
"2825","ENST00000529008.5","ENSG00000163479.14","OTTHUMG00000017456.4","OTTHUMT00000392292.1","SSR2-215","SSR2",849,"protein_coding",730,509,0.931711077690125,"AGACT",0.532416502946955,NA,NA,NA,NA,NA,NA,NA,NA,NA,0,0,0,NA,NA,NA
"2826","ENST00000529008.5","ENSG00000163479.14","OTTHUMG00000017456.4","OTTHUMT00000392292.1","SSR2-215","SSR2",849,"protein_coding",803,485,0.979342937469482,"GGACT",0.795876288659794,NA,NA,NA,NA,NA,NA,NA,NA,NA,0,0,0,NA,NA,NA
"2827","ENST00000529142.5","ENSG00000143393.17","OTTHUMG00000012348.14","OTTHUMT00000316335.4","PI4KB-213","PI4KB",2603,"protein_coding",2183,35,0.901858150959015,"GGACA",0.4,NA,NA,NA,NA,NA,NA,NA,NA,NA,0,0,0,NA,NA,NA
"2828","ENST00000529230.6","ENSG00000175216.15","OTTHUMG00000166599.5","OTTHUMT00000390679.2","CKAP5-210","CKAP5",7172,"protein_coding",6166,65,0.987661480903625,"AGACT",0.738461538461539,NA,NA,NA,NA,NA,NA,NA,NA,NA,0,0,0,NA,NA,NA
"2829","ENST00000529292.5","ENSG00000149809.17","OTTHUMG00000165603.4","OTTHUMT00000385244.1","TM7SF2-214","TM7SF2",1305,"nonsense_mediated_decay",1167,23,0.990360379219055,"GGACT",0.826086956521739,NA,NA,NA,NA,NA,NA,NA,NA,NA,0,0,0,NA,NA,NA
"2830","ENST00000529430.1","ENSG00000172409.7","OTTHUMG00000167146.6","OTTHUMT00000393461.1","CLP1-203","CLP1",1778,"protein_coding",1443,55,0.993922829627991,"AGACT",0.890909090909091,NA,NA,NA,NA,NA,NA,NA,NA,NA,0,0,0,NA,NA,NA
"2831","ENST00000529430.1","ENSG00000172409.7","OTTHUMG00000167146.6","OTTHUMT00000393461.1","CLP1-203","CLP1",1778,"protein_coding",1475,53,0.939725458621979,"GGACT",0.679245283018868,NA,NA,NA,NA,NA,NA,NA,NA,NA,0,0,0,NA,NA,NA
"2832","ENST00000529430.1","ENSG00000172409.7","OTTHUMG00000167146.6","OTTHUMT00000393461.1","CLP1-203","CLP1",1778,"protein_coding",1561,50,0.932304441928864,"AGACT",0.66,NA,NA,NA,NA,NA,NA,NA,NA,NA,0,0,0,NA,NA,NA
"2833","ENST00000529601.5","ENSG00000149809.17","OTTHUMG00000165603.4","OTTHUMT00000385240.1","TM7SF2-216","TM7SF2",1671,"nonsense_mediated_decay",1422,20,0.993007302284241,"GGACT",0.85,NA,NA,NA,NA,NA,NA,NA,NA,NA,0,0,0,NA,NA,NA
"2834","ENST00000529652.1","ENSG00000141568.21","OTTHUMG00000140374.7","OTTHUMT00000391060.1","FOXK2-205","FOXK2",2199,"protein_coding_CDS_not_defined",1782,20,0.930760383605957,"AGACT",0.85,NA,NA,NA,NA,NA,NA,NA,NA,NA,0,0,0,NA,NA,NA
"2835","ENST00000529652.1","ENSG00000141568.21","OTTHUMG00000140374.7","OTTHUMT00000391060.1","FOXK2-205","FOXK2",2199,"protein_coding_CDS_not_defined",2070,21,0.90962415933609,"GGACT",0.523809523809524,NA,NA,NA,NA,NA,NA,NA,NA,NA,0,0,0,NA,NA,NA
"2836","ENST00000529704.5","ENSG00000175482.9","OTTHUMG00000167135.5","OTTHUMT00000393333.2","POLD4-205","POLD4",1486,"protein_coding",513,65,0.90608412027359,"GGACC",0.461538461538462,NA,NA,NA,NA,NA,NA,NA,NA,NA,0,0,0,NA,NA,NA
"2837","ENST00000529704.5","ENSG00000175482.9","OTTHUMG00000167135.5","OTTHUMT00000393333.2","POLD4-205","POLD4",1486,"protein_coding",591,95,0.937062084674835,"GGACA",0.642105263157895,NA,NA,NA,NA,NA,NA,NA,NA,NA,0,0,0,NA,NA,NA
"2838","ENST00000529704.5","ENSG00000175482.9","OTTHUMG00000167135.5","OTTHUMT00000393333.2","POLD4-205","POLD4",1486,"protein_coding",650,88,0.968901932239532,"GGACT",0.761363636363636,NA,NA,NA,NA,NA,NA,NA,NA,NA,0,0,0,NA,NA,NA
"2839","ENST00000529901.1","ENSG00000137492.9","OTTHUMG00000165280.2","OTTHUMT00000383187.1","THAP12-204","THAP12",6795,"retained_intron",5367,26,0.971895575523376,"GAACT",0.5,NA,NA,NA,NA,NA,NA,NA,NA,NA,0,0,0,NA,NA,NA
"2840","ENST00000529901.1","ENSG00000137492.9","OTTHUMG00000165280.2","OTTHUMT00000383187.1","THAP12-204","THAP12",6795,"retained_intron",5813,25,0.961016118526459,"GGACA",0.68,NA,NA,NA,NA,NA,NA,NA,NA,NA,0,0,0,NA,NA,NA
"2841","ENST00000529901.1","ENSG00000137492.9","OTTHUMG00000165280.2","OTTHUMT00000383187.1","THAP12-204","THAP12",6795,"retained_intron",5986,106,0.974274158477783,"GGACT",0.707547169811321,NA,NA,NA,NA,NA,NA,NA,NA,NA,0,0,0,NA,NA,NA
"2842","ENST00000529901.1","ENSG00000137492.9","OTTHUMG00000165280.2","OTTHUMT00000383187.1","THAP12-204","THAP12",6795,"retained_intron",6337,131,0.985615849494934,"GGACA",0.83206106870229,NA,NA,NA,NA,NA,NA,NA,NA,NA,0,0,0,NA,NA,NA
"2843","ENST00000529901.1","ENSG00000137492.9","OTTHUMG00000165280.2","OTTHUMT00000383187.1","THAP12-204","THAP12",6795,"retained_intron",6415,180,0.930277347564697,"GAACT",0.55,NA,NA,NA,NA,NA,NA,NA,NA,NA,0,0,0,NA,NA,NA
"2844","ENST00000529930.1","ENSG00000124444.16","OTTHUMG00000165479.2","OTTHUMT00000384396.1","ZNF576-205","ZNF576",830,"protein_coding",723,41,0.904528915882111,"GGACT",0.51219512195122,NA,NA,NA,NA,NA,NA,NA,NA,NA,0,0,0,NA,NA,NA
"2845","ENST00000529964.5","ENSG00000175376.9","OTTHUMG00000166671.4","OTTHUMT00000391075.2","EIF1AD-207","EIF1AD",808,"protein_coding",675,25,0.928626120090485,"GGACT",0.6,NA,NA,NA,NA,NA,NA,NA,NA,NA,0,0,0,NA,NA,NA
"2846","ENST00000529964.5","ENSG00000175376.9","OTTHUMG00000166671.4","OTTHUMT00000391075.2","EIF1AD-207","EIF1AD",808,"protein_coding",766,55,0.929794669151306,"GAACT",0.618181818181818,NA,NA,NA,NA,NA,NA,NA,NA,NA,0,0,0,NA,NA,NA
"2847","ENST00000529974.2","ENSG00000109861.17","OTTHUMG00000167290.4","OTTHUMT00000394025.1","CTSC-206","CTSC",778,"protein_coding",470,46,0.929508328437805,"GAACA",0.608695652173913,NA,NA,NA,NA,NA,NA,NA,NA,NA,0,0,0,NA,NA,NA
"2848","ENST00000530003.5","ENSG00000117676.14","OTTHUMG00000004003.5","OTTHUMT00000011433.2","RPS6KA1-216","RPS6KA1",3023,"protein_coding",2565,23,0.998372733592987,"AGACT",0.739130434782609,NA,NA,NA,NA,NA,NA,NA,NA,NA,0,0,0,NA,NA,NA
"2849","ENST00000530003.5","ENSG00000117676.14","OTTHUMG00000004003.5","OTTHUMT00000011433.2","RPS6KA1-216","RPS6KA1",3023,"protein_coding",2690,46,0.955497920513153,"GAACT",0.565217391304348,NA,NA,NA,NA,NA,NA,NA,NA,NA,0,0,0,NA,NA,NA
"2850","ENST00000530028.3","ENSG00000255302.5","OTTHUMG00000165911.3","OTTHUMT00000387033.3","EID1-201","EID1",2040,"protein_coding",647,94,0.912854135036469,"GGACC",0.393617021276596,NA,NA,NA,NA,NA,NA,NA,NA,NA,0,0,0,NA,NA,NA
"2851","ENST00000530028.3","ENSG00000255302.5","OTTHUMG00000165911.3","OTTHUMT00000387033.3","EID1-201","EID1",2040,"protein_coding",703,92,0.900362908840179,"AAACT",0.391304347826087,NA,NA,NA,NA,NA,NA,NA,NA,NA,0,0,0,NA,NA,NA
"2852","ENST00000530028.3","ENSG00000255302.5","OTTHUMG00000165911.3","OTTHUMT00000387033.3","EID1-201","EID1",2040,"protein_coding",749,94,0.973755836486816,"GGACA",0.585106382978723,NA,NA,NA,NA,NA,NA,NA,NA,NA,0,0,0,NA,NA,NA
"2853","ENST00000530028.3","ENSG00000255302.5","OTTHUMG00000165911.3","OTTHUMT00000387033.3","EID1-201","EID1",2040,"protein_coding",755,91,0.940348386764526,"TGACT",0.681318681318681,NA,NA,NA,NA,NA,NA,NA,NA,NA,0,0,0,NA,NA,NA
"2854","ENST00000530028.3","ENSG00000255302.5","OTTHUMG00000165911.3","OTTHUMT00000387033.3","EID1-201","EID1",2040,"protein_coding",1028,132,0.946992516517639,"GGACA",0.492424242424242,NA,NA,NA,NA,NA,NA,NA,NA,NA,0,0,0,NA,NA,NA
"2855","ENST00000530028.3","ENSG00000255302.5","OTTHUMG00000165911.3","OTTHUMT00000387033.3","EID1-201","EID1",2040,"protein_coding",1052,146,0.97840404510498,"GGACT",0.86986301369863,NA,NA,NA,NA,NA,NA,NA,NA,NA,0,0,0,NA,NA,NA
"2856","ENST00000530137.1","ENSG00000137522.18","OTTHUMG00000157023.4","OTTHUMT00000395566.1","RNF121-211","RNF121",2202,"protein_coding",1018,53,0.920623064041138,"AGACT",0.716981132075472,NA,NA,NA,NA,NA,NA,NA,NA,NA,0,0,0,NA,NA,NA
"2857","ENST00000530137.1","ENSG00000137522.18","OTTHUMG00000157023.4","OTTHUMT00000395566.1","RNF121-211","RNF121",2202,"protein_coding",1065,47,0.954762101173401,"GGACT",0.638297872340426,NA,NA,NA,NA,NA,NA,NA,NA,NA,0,0,0,NA,NA,NA
"2858","ENST00000530153.5","ENSG00000173327.8","OTTHUMG00000166529.5","OTTHUMT00000390233.2","MAP3K11-208","MAP3K11",2830,"protein_coding",2230,20,0.9421666264534,"GGACT",0.75,NA,NA,NA,NA,NA,NA,NA,NA,NA,0,0,0,NA,NA,NA
"2859","ENST00000530167.2","ENSG00000188486.4","OTTHUMG00000166196.4","OTTHUMT00000388330.2","H2AX-202","H2AX",1592,"protein_coding",604,88,0.98252934217453,"AGACT",0.761363636363636,NA,NA,NA,NA,NA,NA,NA,NA,NA,0,0,0,NA,NA,NA
"2860","ENST00000530167.2","ENSG00000188486.4","OTTHUMG00000166196.4","OTTHUMT00000388330.2","H2AX-202","H2AX",1592,"protein_coding",1330,209,0.91771936416626,"GGACA",0.511961722488038,NA,NA,NA,NA,NA,NA,NA,NA,NA,0,0,0,NA,NA,NA
"2861","ENST00000530167.2","ENSG00000188486.4","OTTHUMG00000166196.4","OTTHUMT00000388330.2","H2AX-202","H2AX",1592,"protein_coding",1472,295,0.95695948600769,"GGACT",0.803389830508475,NA,NA,NA,NA,NA,NA,NA,NA,NA,0,0,0,NA,NA,NA
"2862","ENST00000530167.2","ENSG00000188486.4","OTTHUMG00000166196.4","OTTHUMT00000388330.2","H2AX-202","H2AX",1592,"protein_coding",1495,282,0.906646370887756,"GAACT",0.620567375886525,NA,NA,NA,NA,NA,NA,NA,NA,NA,0,0,0,NA,NA,NA
"2863","ENST00000530188.1","ENSG00000175573.7","OTTHUMG00000157153.3","OTTHUMT00000391173.1","C11orf68-203","C11orf68",1528,"protein_coding",249,50,0.983316719532013,"GGACC",0.62,NA,NA,NA,NA,NA,NA,NA,NA,NA,0,0,0,NA,NA,NA
"2864","ENST00000530188.1","ENSG00000175573.7","OTTHUMG00000157153.3","OTTHUMT00000391173.1","C11orf68-203","C11orf68",1528,"protein_coding",687,63,0.938571035861969,"GGACC",0.619047619047619,NA,NA,NA,NA,NA,NA,NA,NA,NA,0,0,0,NA,NA,NA
"2865","ENST00000530188.1","ENSG00000175573.7","OTTHUMG00000157153.3","OTTHUMT00000391173.1","C11orf68-203","C11orf68",1528,"protein_coding",892,90,0.950832545757294,"GAACT",0.644444444444444,NA,NA,NA,NA,NA,NA,NA,NA,NA,0,0,0,NA,NA,NA
"2866","ENST00000530188.1","ENSG00000175573.7","OTTHUMG00000157153.3","OTTHUMT00000391173.1","C11orf68-203","C11orf68",1528,"protein_coding",1050,127,0.976183354854584,"GAACT",0.669291338582677,NA,NA,NA,NA,NA,NA,NA,NA,NA,0,0,0,NA,NA,NA
"2867","ENST00000530439.1","ENSG00000148926.10","OTTHUMG00000165907.2","OTTHUMT00000387006.1","ADM-207","ADM",1839,"protein_coding",1043,20,0.983485460281372,"GGACT",0.75,NA,NA,NA,NA,NA,NA,NA,NA,NA,0,0,0,NA,NA,NA
"2868","ENST00000530567.1","ENSG00000014216.16","OTTHUMG00000165614.2","OTTHUMT00000385334.1","CAPN1-220","CAPN1",1415,"retained_intron",1294,45,0.908841192722321,"GGACT",0.511111111111111,NA,NA,NA,NA,NA,NA,NA,NA,NA,0,0,0,NA,NA,NA
"2869","ENST00000530584.5","ENSG00000175482.9","OTTHUMG00000167135.5","OTTHUMT00000393335.2","POLD4-206","POLD4",899,"protein_coding",697,65,0.907487690448761,"GGACC",0.446153846153846,NA,NA,NA,NA,NA,NA,NA,NA,NA,0,0,0,NA,NA,NA
"2870","ENST00000530584.5","ENSG00000175482.9","OTTHUMG00000167135.5","OTTHUMT00000393335.2","POLD4-206","POLD4",899,"protein_coding",775,98,0.940180897712708,"GGACA",0.622448979591837,NA,NA,NA,NA,NA,NA,NA,NA,NA,0,0,0,NA,NA,NA
"2871","ENST00000530584.5","ENSG00000175482.9","OTTHUMG00000167135.5","OTTHUMT00000393335.2","POLD4-206","POLD4",899,"protein_coding",834,88,0.971727848052979,"GGACT",0.772727272727273,NA,NA,NA,NA,NA,NA,NA,NA,NA,0,0,0,NA,NA,NA
"2872","ENST00000530650.5","ENSG00000149809.17","OTTHUMG00000165603.4","OTTHUMT00000385248.1","TM7SF2-217","TM7SF2",2094,"retained_intron",1999,20,0.989604353904724,"GGACT",0.8,NA,NA,NA,NA,NA,NA,NA,NA,NA,0,0,0,NA,NA,NA
"2873","ENST00000530705.6","ENSG00000133112.17","OTTHUMG00000016845.7","OTTHUMT00000044758.4","TPT1-212","TPT1",4548,"protein_coding",972,245,0.934650778770447,"GGACT",0.689795918367347,NA,NA,NA,NA,NA,NA,NA,NA,NA,0,0,0,NA,NA,NA
"2874","ENST00000530705.6","ENSG00000133112.17","OTTHUMG00000016845.7","OTTHUMT00000044758.4","TPT1-212","TPT1",4548,"protein_coding",1134,207,0.909927189350128,"AGACT",0.652173913043478,NA,NA,NA,NA,NA,NA,NA,NA,NA,0,0,0,NA,NA,NA
"2875","ENST00000530726.5","ENSG00000177697.19","OTTHUMG00000133311.10","OTTHUMT00000383112.1","CD151-218","CD151",1407,"nonsense_mediated_decay",570,417,0.955125689506531,"GGACT",0.630695443645084,NA,NA,NA,NA,NA,NA,NA,NA,NA,0,0,0,NA,NA,NA
"2876","ENST00000530786.5","ENSG00000176697.20","OTTHUMG00000178797.3","OTTHUMT00000388100.2","BDNF-212","BDNF",4176,"nonsense_mediated_decay",1353,22,0.951625764369965,"GAACT",0.590909090909091,NA,NA,NA,NA,NA,NA,NA,NA,NA,0,0,0,NA,NA,NA
"2877","ENST00000530786.5","ENSG00000176697.20","OTTHUMG00000178797.3","OTTHUMT00000388100.2","BDNF-212","BDNF",4176,"nonsense_mediated_decay",1508,46,0.968754708766937,"GAACT",0.630434782608696,NA,NA,NA,NA,NA,NA,NA,NA,NA,0,0,0,NA,NA,NA
"2878","ENST00000530908.5","ENSG00000159228.13","OTTHUMG00000086618.3","OTTHUMT00000383517.1","CBR1-205","CBR1",1924,"protein_coding",1603,138,0.932253897190094,"GGACA",0.681159420289855,NA,NA,NA,NA,NA,NA,NA,NA,NA,0,0,0,NA,NA,NA
"2879","ENST00000531037.5","ENSG00000132254.13","OTTHUMG00000133406.6","OTTHUMT00000384234.1","ARFIP2-209","ARFIP2",1560,"nonsense_mediated_decay",1034,67,0.977836668491364,"AGACA",0.73134328358209,NA,NA,NA,NA,NA,NA,NA,NA,NA,0,0,0,NA,NA,NA
"2880","ENST00000531037.5","ENSG00000132254.13","OTTHUMG00000133406.6","OTTHUMT00000384234.1","ARFIP2-209","ARFIP2",1560,"nonsense_mediated_decay",1071,68,0.961942136287689,"GGACA",0.602941176470588,NA,NA,NA,NA,NA,NA,NA,NA,NA,0,0,0,NA,NA,NA
"2881","ENST00000531037.5","ENSG00000132254.13","OTTHUMG00000133406.6","OTTHUMT00000384234.1","ARFIP2-209","ARFIP2",1560,"nonsense_mediated_decay",1371,78,0.947261571884155,"GGACT",0.58974358974359,NA,NA,NA,NA,NA,NA,NA,NA,NA,0,0,0,NA,NA,NA
"2882","ENST00000531072.1","ENSG00000168061.17","OTTHUMG00000165594.6","OTTHUMT00000385155.2","SAC3D1-202","SAC3D1",1362,"protein_coding",1070,128,0.989651381969452,"GGACT",0.9453125,NA,NA,NA,NA,NA,NA,NA,NA,NA,0,0,0,NA,NA,NA
"2883","ENST00000531126.7","ENSG00000197989.15","OTTHUMG00000003654.4","OTTHUMT00000010366.2","SNHG12-212","SNHG12",728,"lncRNA",680,20,0.944020330905914,"GAACT",0.55,NA,NA,NA,NA,NA,NA,NA,NA,NA,0,0,0,NA,NA,NA
"2884","ENST00000531147.1","ENSG00000166801.17","OTTHUMG00000167280.6","OTTHUMT00000393978.2","FAM111A-207","FAM111A",3996,"protein_coding",3644,106,0.906093120574951,"GGACT",0.537735849056604,NA,NA,NA,NA,NA,NA,NA,NA,NA,0,0,0,NA,NA,NA
"2885","ENST00000531206.5","ENSG00000004897.12","OTTHUMG00000166429.8","OTTHUMT00000389745.1","CDC27-207","CDC27",3177,"protein_coding",2637,22,0.965946018695831,"GGACC",0.590909090909091,NA,NA,NA,NA,NA,NA,NA,NA,NA,0,0,0,NA,NA,NA
"2886","ENST00000531206.5","ENSG00000004897.12","OTTHUMG00000166429.8","OTTHUMT00000389745.1","CDC27-207","CDC27",3177,"protein_coding",2689,46,0.913416087627411,"AGACT",0.543478260869565,NA,NA,NA,NA,NA,NA,NA,NA,NA,0,0,0,NA,NA,NA
"2887","ENST00000531323.1","ENSG00000204922.5","OTTHUMG00000167546.4","OTTHUMT00000394992.2","UQCC3-202","UQCC3",2288,"protein_coding",992,236,0.984639525413513,"GGACT",0.855932203389831,NA,NA,NA,NA,NA,NA,NA,NA,NA,0,0,0,NA,NA,NA
"2888","ENST00000531323.1","ENSG00000204922.5","OTTHUMG00000167546.4","OTTHUMT00000394992.2","UQCC3-202","UQCC3",2288,"protein_coding",1052,237,0.969210565090179,"GAACT",0.611814345991561,NA,NA,NA,NA,NA,NA,NA,NA,NA,0,0,0,NA,NA,NA
"2889","ENST00000531345.1","ENSG00000049449.10","OTTHUMG00000166227.4","OTTHUMT00000388517.1","RCN1-204","RCN1",2653,"retained_intron",1760,22,0.965343356132507,"GGACA",0.681818181818182,NA,NA,NA,NA,NA,NA,NA,NA,NA,0,0,0,NA,NA,NA
"2890","ENST00000531557.5","ENSG00000149499.12","OTTHUMG00000149817.9","OTTHUMT00000395324.1","EML3-217","EML3",2509,"protein_coding",2354,23,0.987676978111267,"GGACT",0.869565217391304,NA,NA,NA,NA,NA,NA,NA,NA,NA,0,0,0,NA,NA,NA
"2891","ENST00000532045.6","ENSG00000177697.19","OTTHUMG00000133311.10","OTTHUMT00000383114.3","CD151-220","CD151",1835,"retained_intron",917,180,0.939137637615204,"GGACT",0.666666666666667,NA,NA,NA,NA,NA,NA,NA,NA,NA,0,0,0,NA,NA,NA
"2892","ENST00000532074.5","ENSG00000163479.14","OTTHUMG00000017456.4","OTTHUMT00000392293.1","SSR2-218","SSR2",1008,"retained_intron",918,820,0.953144431114197,"AGACT",0.539024390243902,NA,NA,NA,NA,NA,NA,NA,NA,NA,0,0,0,NA,NA,NA
"2893","ENST00000532074.5","ENSG00000163479.14","OTTHUMG00000017456.4","OTTHUMT00000392293.1","SSR2-218","SSR2",1008,"retained_intron",991,706,0.988040089607239,"GGACT",0.824362606232295,NA,NA,NA,NA,NA,NA,NA,NA,NA,0,0,0,NA,NA,NA
"2894","ENST00000532461.5","ENSG00000137710.17","OTTHUMG00000166574.8","OTTHUMT00000390579.1","RDX-211","RDX",3286,"retained_intron",2882,87,0.916101694107056,"GAACT",0.448275862068966,NA,NA,NA,NA,NA,NA,NA,NA,NA,0,0,0,NA,NA,NA
"2895","ENST00000532585.5","ENSG00000149541.10","OTTHUMG00000167685.3","OTTHUMT00000395590.1","B3GAT3-203","B3GAT3",1534,"nonsense_mediated_decay",1334,42,0.903534531593323,"GGACT",0.571428571428571,NA,NA,NA,NA,NA,NA,NA,NA,NA,0,0,0,NA,NA,NA
"2896","ENST00000532743.6","ENSG00000051180.17","OTTHUMG00000130067.10","OTTHUMT00000504042.1","RAD51-208","RAD51",1539,"protein_coding",1118,113,0.967718303203583,"AGACT",0.663716814159292,NA,NA,NA,NA,NA,NA,NA,NA,NA,0,0,0,NA,NA,NA
"2897","ENST00000532815.2","ENSG00000185803.12","OTTHUMG00000165168.9","OTTHUMT00000382399.2","SLC52A2-210","SLC52A2",2104,"protein_coding",1821,45,0.948947191238403,"GGACT",0.666666666666667,NA,NA,NA,NA,NA,NA,NA,NA,NA,0,0,0,NA,NA,NA
"2898","ENST00000532815.2","ENSG00000185803.12","OTTHUMG00000165168.9","OTTHUMT00000382399.2","SLC52A2-210","SLC52A2",2104,"protein_coding",1955,21,0.920928239822388,"GGACA",0.523809523809524,NA,NA,NA,NA,NA,NA,NA,NA,NA,0,0,0,NA,NA,NA
"2899","ENST00000532830.5","ENSG00000175482.9","OTTHUMG00000167135.5","OTTHUMT00000393337.2","POLD4-208","POLD4",904,"protein_coding",702,65,0.918077051639557,"GGACC",0.476923076923077,NA,NA,NA,NA,NA,NA,NA,NA,NA,0,0,0,NA,NA,NA
"2900","ENST00000532830.5","ENSG00000175482.9","OTTHUMG00000167135.5","OTTHUMT00000393337.2","POLD4-208","POLD4",904,"protein_coding",780,96,0.935139536857605,"GGACA",0.625,NA,NA,NA,NA,NA,NA,NA,NA,NA,0,0,0,NA,NA,NA
"2901","ENST00000532830.5","ENSG00000175482.9","OTTHUMG00000167135.5","OTTHUMT00000393337.2","POLD4-208","POLD4",904,"protein_coding",839,88,0.968275547027588,"GGACT",0.75,NA,NA,NA,NA,NA,NA,NA,NA,NA,0,0,0,NA,NA,NA
"2902","ENST00000533086.5","ENSG00000105135.16","OTTHUMG00000165630.4","OTTHUMT00000385438.1","ILVBL-206","ILVBL",4248,"retained_intron",4022,48,0.955088198184967,"GGACT",0.75,NA,NA,NA,NA,NA,NA,NA,NA,NA,0,0,0,NA,NA,NA
"2903","ENST00000533131.5","ENSG00000176697.20","OTTHUMG00000178797.3","OTTHUMT00000388137.1","BDNF-215","BDNF",3878,"protein_coding",1210,43,0.904639303684235,"GAACT",0.488372093023256,NA,NA,NA,NA,NA,NA,NA,NA,NA,0,0,0,NA,NA,NA
"2904","ENST00000533177.5","ENSG00000108312.16","OTTHUMG00000167585.6","OTTHUMT00000395213.1","UBTF-213","UBTF",3011,"protein_coding",2347,22,0.959238529205322,"AGACT",0.5,NA,NA,NA,NA,NA,NA,NA,NA,NA,0,0,0,NA,NA,NA
"2905","ENST00000533177.5","ENSG00000108312.16","OTTHUMG00000167585.6","OTTHUMT00000395213.1","UBTF-213","UBTF",3011,"protein_coding",2669,30,0.90082836151123,"GGACA",0.5,NA,NA,NA,NA,NA,NA,NA,NA,NA,0,0,0,NA,NA,NA
"2906","ENST00000533246.5","ENSG00000176697.20","OTTHUMG00000178797.3","OTTHUMT00000388098.1","BDNF-216","BDNF",4000,"protein_coding",1177,44,0.9041428565979,"GAACT",0.5,NA,NA,NA,NA,NA,NA,NA,NA,NA,0,0,0,NA,NA,NA
"2907","ENST00000533246.5","ENSG00000176697.20","OTTHUMG00000178797.3","OTTHUMT00000388098.1","BDNF-216","BDNF",4000,"protein_coding",1332,46,0.921437859535217,"GAACT",0.478260869565217,NA,NA,NA,NA,NA,NA,NA,NA,NA,0,0,0,NA,NA,NA
"2908","ENST00000533310.5","ENSG00000171067.11","OTTHUMG00000167478.3","OTTHUMT00000394752.1","C11orf24-209","C11orf24",980,"protein_coding",930,23,0.940657615661621,"GGACT",0.782608695652174,NA,NA,NA,NA,NA,NA,NA,NA,NA,0,0,0,NA,NA,NA
"2909","ENST00000533429.1","ENSG00000175482.9","OTTHUMG00000167135.5","OTTHUMT00000393334.1","POLD4-209","POLD4",860,"retained_intron",736,85,0.909897565841675,"GGACA",0.588235294117647,NA,NA,NA,NA,NA,NA,NA,NA,NA,0,0,0,NA,NA,NA
"2910","ENST00000533429.1","ENSG00000175482.9","OTTHUMG00000167135.5","OTTHUMT00000393334.1","POLD4-209","POLD4",860,"retained_intron",795,81,0.961673676967621,"GGACT",0.740740740740741,NA,NA,NA,NA,NA,NA,NA,NA,NA,0,0,0,NA,NA,NA
"2911","ENST00000533544.6","ENSG00000175376.9","OTTHUMG00000166671.4","OTTHUMT00000391076.1","EIF1AD-211","EIF1AD",2916,"protein_coding",986,65,0.933647572994232,"GAACT",0.646153846153846,NA,NA,NA,NA,NA,NA,NA,NA,NA,0,0,0,NA,NA,NA
"2912","ENST00000533603.5","ENSG00000149257.16","OTTHUMG00000165362.7","OTTHUMT00000383605.2","SERPINH1-215","SERPINH1",2299,"protein_coding",1648,59,0.911080300807953,"AGACA",0.491525423728814,NA,NA,NA,NA,NA,NA,NA,NA,NA,0,0,0,NA,NA,NA
"2913","ENST00000533655.6","ENSG00000165490.13","OTTHUMG00000166929.3","OTTHUMT00000391936.2","DDIAS-211","DDIAS",3524,"protein_coding",3225,21,0.947758138179779,"GAACT",0.571428571428571,NA,NA,NA,NA,NA,NA,NA,NA,NA,0,0,0,NA,NA,NA
"2914","ENST00000533655.6","ENSG00000165490.13","OTTHUMG00000166929.3","OTTHUMT00000391936.2","DDIAS-211","DDIAS",3524,"protein_coding",3318,22,0.986970365047455,"GGACT",0.954545454545455,NA,NA,NA,NA,NA,NA,NA,NA,NA,0,0,0,NA,NA,NA
"2915","ENST00000533662.2","ENSG00000185803.12","OTTHUMG00000165168.9","OTTHUMT00000382407.1","SLC52A2-211","SLC52A2",2294,"protein_coding",2011,20,0.968488991260529,"GGACT",0.85,NA,NA,NA,NA,NA,NA,NA,NA,NA,0,0,0,NA,NA,NA
"2916","ENST00000533682.2","ENSG00000172409.7","OTTHUMG00000167146.6","OTTHUMT00000393462.4","CLP1-205","CLP1",1828,"protein_coding",1477,55,0.993409872055054,"AGACT",0.890909090909091,NA,NA,NA,NA,NA,NA,NA,NA,NA,0,0,0,NA,NA,NA
"2917","ENST00000533682.2","ENSG00000172409.7","OTTHUMG00000167146.6","OTTHUMT00000393462.4","CLP1-205","CLP1",1828,"protein_coding",1509,53,0.938755691051483,"GGACT",0.679245283018868,NA,NA,NA,NA,NA,NA,NA,NA,NA,0,0,0,NA,NA,NA
"2918","ENST00000533682.2","ENSG00000172409.7","OTTHUMG00000167146.6","OTTHUMT00000393462.4","CLP1-205","CLP1",1828,"protein_coding",1595,50,0.929995238780975,"AGACT",0.66,NA,NA,NA,NA,NA,NA,NA,NA,NA,0,0,0,NA,NA,NA
"2919","ENST00000533703.1","ENSG00000166801.17","OTTHUMG00000167280.6","OTTHUMT00000393977.1","FAM111A-211","FAM111A",4202,"protein_coding",3847,103,0.922082126140594,"GGACT",0.572815533980582,NA,NA,NA,NA,NA,NA,NA,NA,NA,0,0,0,NA,NA,NA
"2920","ENST00000533807.3","ENSG00000254858.10","OTTHUMG00000165628.9","OTTHUMT00000385433.4","MPV17L2-202","MPV17L2",1941,"retained_intron",1214,66,0.921792566776276,"GGACT",0.545454545454545,NA,NA,NA,NA,NA,NA,NA,NA,NA,0,0,0,NA,NA,NA
"2921","ENST00000533820.5","ENSG00000014216.16","OTTHUMG00000165614.2","OTTHUMT00000385306.1","CAPN1-226","CAPN1",3083,"protein_coding",2962,55,0.911521136760712,"GGACT",0.527272727272727,NA,NA,NA,NA,NA,NA,NA,NA,NA,0,0,0,NA,NA,NA
"2922","ENST00000533898.5","ENSG00000049449.10","OTTHUMG00000166227.4","OTTHUMT00000388514.1","RCN1-207","RCN1",2416,"retained_intron",1518,71,0.961728632450104,"GGACA",0.676056338028169,NA,NA,NA,NA,NA,NA,NA,NA,NA,0,0,0,NA,NA,NA
"2923","ENST00000534025.6","ENSG00000175348.11","OTTHUMG00000165676.3","OTTHUMT00000385722.2","TMEM9B-205","TMEM9B",1844,"protein_coding",779,85,0.922429800033569,"GAACT",0.541176470588235,NA,NA,NA,NA,NA,NA,NA,NA,NA,0,0,0,NA,NA,NA
"2924","ENST00000534313.6","ENSG00000213445.10","OTTHUMG00000166541.3","OTTHUMT00000390352.2","SIPA1-209","SIPA1",3499,"protein_coding",2904,24,0.918983817100525,"GAACT",0.541666666666667,NA,NA,NA,NA,NA,NA,NA,NA,NA,0,0,0,NA,NA,NA
"2925","ENST00000534378.5","ENSG00000105135.16","OTTHUMG00000165630.4","OTTHUMT00000385440.2","ILVBL-209","ILVBL",2067,"protein_coding",1873,111,0.948893249034882,"GGACT",0.783783783783784,NA,NA,NA,NA,NA,NA,NA,NA,NA,0,0,0,NA,NA,NA
"2926","ENST00000534464.1","ENSG00000148926.10","OTTHUMG00000165907.2","OTTHUMT00000387005.1","ADM-208","ADM",1640,"protein_coding",811,20,0.987312436103821,"GGACT",0.75,NA,NA,NA,NA,NA,NA,NA,NA,NA,0,0,0,NA,NA,NA
"2927","ENST00000534842.1","ENSG00000182544.9","OTTHUMG00000170028.4","-","MFSD5-202","MFSD5",2038,"protein_coding",1742,50,0.934788703918457,"GGACT",0.72,NA,NA,NA,NA,NA,NA,NA,NA,NA,0,0,0,NA,NA,NA
"2928","ENST00000534842.1","ENSG00000182544.9","OTTHUMG00000170028.4","-","MFSD5-202","MFSD5",2038,"protein_coding",1895,50,0.94061940908432,"TGACT",0.68,NA,NA,NA,NA,NA,NA,NA,NA,NA,0,0,0,NA,NA,NA
"2929","ENST00000534842.1","ENSG00000182544.9","OTTHUMG00000170028.4","-","MFSD5-202","MFSD5",2038,"protein_coding",1907,54,0.966967284679413,"TGACT",0.740740740740741,NA,NA,NA,NA,NA,NA,NA,NA,NA,0,0,0,NA,NA,NA
"2930","ENST00000534843.1","ENSG00000178878.13","OTTHUMG00000153561.2","OTTHUMT00000400669.1","APOLD1-203","APOLD1",2375,"nonsense_mediated_decay",2034,207,0.970561623573303,"AGACT",0.772946859903382,NA,NA,NA,NA,NA,NA,NA,NA,NA,0,0,0,NA,NA,NA
"2931","ENST00000534843.1","ENSG00000178878.13","OTTHUMG00000153561.2","OTTHUMT00000400669.1","APOLD1-203","APOLD1",2375,"nonsense_mediated_decay",2143,195,0.955355823040009,"AGACT",0.641025641025641,NA,NA,NA,NA,NA,NA,NA,NA,NA,0,0,0,NA,NA,NA
"2932","ENST00000534885.5","ENSG00000067182.9","OTTHUMG00000168267.4","OTTHUMT00000399037.1","TNFRSF1A-205","TNFRSF1A",2069,"nonsense_mediated_decay",1542,25,0.997888565063477,"GGACC",0.88,NA,NA,NA,NA,NA,NA,NA,NA,NA,0,0,0,NA,NA,NA
"2933","ENST00000534885.5","ENSG00000067182.9","OTTHUMG00000168267.4","OTTHUMT00000399037.1","TNFRSF1A-205","TNFRSF1A",2069,"nonsense_mediated_decay",2021,21,0.959901452064514,"GGACT",0.80952380952381,NA,NA,NA,NA,NA,NA,NA,NA,NA,0,0,0,NA,NA,NA
"2934","ENST00000535035.6","ENSG00000116133.13","OTTHUMG00000009989.17","OTTHUMT00000501207.1","DHCR24-203","DHCR24",4225,"protein_coding",3170,23,0.996101200580597,"GGACA",1,NA,NA,NA,NA,NA,NA,NA,NA,NA,0,0,0,NA,NA,NA
"2935","ENST00000535040.4","ENSG00000146242.9","OTTHUMG00000015103.1","-","TPBG-202","TPBG",3392,"protein_coding",2158,21,0.946136236190796,"GGACC",0.428571428571428,NA,NA,NA,NA,NA,NA,NA,NA,NA,0,0,0,NA,NA,NA
"2936","ENST00000535040.4","ENSG00000146242.9","OTTHUMG00000015103.1","-","TPBG-202","TPBG",3392,"protein_coding",2212,24,0.975571513175964,"GGACA",0.708333333333333,NA,NA,NA,NA,NA,NA,NA,NA,NA,0,0,0,NA,NA,NA
"2937","ENST00000535095.5","ENSG00000111142.14","OTTHUMG00000170280.3","OTTHUMT00000408295.1","METAP2-203","METAP2",2431,"nonsense_mediated_decay",2092,171,0.928883850574493,"GGACC",0.52046783625731,NA,NA,NA,NA,NA,NA,NA,NA,NA,0,0,0,NA,NA,NA
"2938","ENST00000535183.5","ENSG00000132676.16","OTTHUMG00000035439.6","-","DAP3-225","DAP3",1894,"protein_coding",1289,265,0.961750268936157,"GGACT",0.747169811320755,91,729,1074,1,91,92,1164,1165,1893,0,0,1,NA,NA,0.170096021947874
"2939","ENST00000535217.1","ENSG00000110104.13","OTTHUMG00000167706.4","OTTHUMT00000395746.1","CCDC86-202","CCDC86",1488,"nonsense_mediated_decay",1048,158,0.91386878490448,"GAACT",0.525316455696203,NA,NA,NA,NA,NA,NA,NA,NA,NA,0,0,0,NA,NA,NA
"2940","ENST00000535407.1","ENSG00000172927.9","OTTHUMG00000167836.5","OTTHUMT00000396549.1","MYEOV-203","MYEOV",2306,"protein_coding",1095,51,0.940637052059174,"GGACT",0.686274509803922,NA,NA,NA,NA,NA,NA,NA,NA,NA,0,0,0,NA,NA,NA
"2941","ENST00000535407.1","ENSG00000172927.9","OTTHUMG00000167836.5","OTTHUMT00000396549.1","MYEOV-203","MYEOV",2306,"protein_coding",1252,58,0.924236059188843,"TGACT",0.448275862068966,NA,NA,NA,NA,NA,NA,NA,NA,NA,0,0,0,NA,NA,NA
"2942","ENST00000535407.1","ENSG00000172927.9","OTTHUMG00000167836.5","OTTHUMT00000396549.1","MYEOV-203","MYEOV",2306,"protein_coding",1261,61,0.912542343139648,"TGACT",0.622950819672131,NA,NA,NA,NA,NA,NA,NA,NA,NA,0,0,0,NA,NA,NA
"2943","ENST00000535424.5","ENSG00000182149.21","OTTHUMG00000137597.9","-","IST1-208","IST1",4082,"protein_coding",1296,23,0.999003767967224,"AGACT",0.956521739130435,NA,NA,NA,NA,NA,NA,NA,NA,NA,0,0,0,NA,NA,NA
"2944","ENST00000535424.5","ENSG00000182149.21","OTTHUMG00000137597.9","-","IST1-208","IST1",4082,"protein_coding",1452,30,0.991073250770569,"AGACT",0.866666666666667,NA,NA,NA,NA,NA,NA,NA,NA,NA,0,0,0,NA,NA,NA
"2945","ENST00000535424.5","ENSG00000182149.21","OTTHUMG00000137597.9","-","IST1-208","IST1",4082,"protein_coding",1604,24,0.986600577831268,"GGACA",0.875,NA,NA,NA,NA,NA,NA,NA,NA,NA,0,0,0,NA,NA,NA
"2946","ENST00000535424.5","ENSG00000182149.21","OTTHUMG00000137597.9","-","IST1-208","IST1",4082,"protein_coding",2242,125,0.908106863498688,"GGACT",0.552,NA,NA,NA,NA,NA,NA,NA,NA,NA,0,0,0,NA,NA,NA
"2947","ENST00000535425.5","ENSG00000284194.3","OTTHUMG00000191637.2","-","SCO2-203","SCO2",1002,"protein_coding",367,100,0.942265868186951,"GGACT",0.63,NA,NA,NA,NA,NA,NA,NA,NA,NA,0,0,0,NA,NA,NA
"2948","ENST00000535425.5","ENSG00000284194.3","OTTHUMG00000191637.2","-","SCO2-203","SCO2",1002,"protein_coding",718,113,0.980814814567566,"AGACT",0.725663716814159,NA,NA,NA,NA,NA,NA,NA,NA,NA,0,0,0,NA,NA,NA
"2949","ENST00000535479.5","ENSG00000111684.11","OTTHUMG00000168970.3","OTTHUMT00000401811.1","LPCAT3-203","LPCAT3",2902,"nonsense_mediated_decay",2862,21,0.938928008079529,"GAACT",0.761904761904762,NA,NA,NA,NA,NA,NA,NA,NA,NA,0,0,0,NA,NA,NA
"2950","ENST00000535653.1","ENSG00000172927.9","OTTHUMG00000167836.5","OTTHUMT00000396550.1","MYEOV-205","MYEOV",2468,"retained_intron",1257,48,0.945978283882141,"GGACT",0.6875,NA,NA,NA,NA,NA,NA,NA,NA,NA,0,0,0,NA,NA,NA
"2951","ENST00000535653.1","ENSG00000172927.9","OTTHUMG00000167836.5","OTTHUMT00000396550.1","MYEOV-205","MYEOV",2468,"retained_intron",1414,55,0.938920021057129,"TGACT",0.472727272727273,NA,NA,NA,NA,NA,NA,NA,NA,NA,0,0,0,NA,NA,NA
"2952","ENST00000535653.1","ENSG00000172927.9","OTTHUMG00000167836.5","OTTHUMT00000396550.1","MYEOV-205","MYEOV",2468,"retained_intron",1423,58,0.908867537975311,"TGACT",0.620689655172414,NA,NA,NA,NA,NA,NA,NA,NA,NA,0,0,0,NA,NA,NA
"2953","ENST00000535872.1","ENSG00000149357.10","OTTHUMG00000167869.2","OTTHUMT00000396735.1","LAMTOR1-203","LAMTOR1",899,"nonsense_mediated_decay",688,153,0.903267383575439,"GGACT",0.549019607843137,NA,NA,NA,NA,NA,NA,NA,NA,NA,0,0,0,NA,NA,NA
"2954","ENST00000535958.2","ENSG00000067182.9","OTTHUMG00000168267.4","OTTHUMT00000399051.1","TNFRSF1A-207","TNFRSF1A",2135,"nonsense_mediated_decay",1531,20,0.930711805820465,"GGACC",0.7,NA,NA,NA,NA,NA,NA,NA,NA,NA,0,0,0,NA,NA,NA
"2955","ENST00000535958.2","ENSG00000067182.9","OTTHUMG00000168267.4","OTTHUMT00000399051.1","TNFRSF1A-207","TNFRSF1A",2135,"nonsense_mediated_decay",1642,25,0.998043596744537,"GGACC",0.84,NA,NA,NA,NA,NA,NA,NA,NA,NA,0,0,0,NA,NA,NA
"2956","ENST00000535958.2","ENSG00000067182.9","OTTHUMG00000168267.4","OTTHUMT00000399051.1","TNFRSF1A-207","TNFRSF1A",2135,"nonsense_mediated_decay",2121,20,0.946542978286743,"GGACT",0.75,NA,NA,NA,NA,NA,NA,NA,NA,NA,0,0,0,NA,NA,NA
"2957","ENST00000536329.5","ENSG00000165304.8","OTTHUMG00000019906.8","-","MELK-206","MELK",2283,"protein_coding",1994,49,0.953419804573059,"AGACT",0.653061224489796,NA,NA,NA,NA,NA,NA,NA,NA,NA,0,0,0,NA,NA,NA
"2958","ENST00000536364.6","ENSG00000184887.14","OTTHUMG00000029887.6","OTTHUMT00000409157.2","BTBD6-204","BTBD6",1991,"protein_coding",1205,21,0.955122292041779,"GGACA",0.80952380952381,NA,NA,NA,NA,NA,NA,NA,NA,NA,0,0,0,NA,NA,NA
"2959","ENST00000536364.6","ENSG00000184887.14","OTTHUMG00000029887.6","OTTHUMT00000409157.2","BTBD6-204","BTBD6",1991,"protein_coding",1313,26,0.935090482234955,"GAACT",0.576923076923077,NA,NA,NA,NA,NA,NA,NA,NA,NA,0,0,0,NA,NA,NA
"2960","ENST00000536364.6","ENSG00000184887.14","OTTHUMG00000029887.6","OTTHUMT00000409157.2","BTBD6-204","BTBD6",1991,"protein_coding",1522,46,0.935040771961212,"GGACT",0.717391304347826,NA,NA,NA,NA,NA,NA,NA,NA,NA,0,0,0,NA,NA,NA
"2961","ENST00000536844.5","ENSG00000003056.8","OTTHUMG00000168276.4","-","M6PR-202","M6PR",2305,"protein_coding",1988,166,0.938319683074951,"GGACT",0.674698795180723,NA,NA,NA,NA,NA,NA,NA,NA,NA,0,0,0,NA,NA,NA
"2962","ENST00000536860.5","ENSG00000165304.8","OTTHUMG00000019906.8","-","MELK-207","MELK",2342,"protein_coding",2053,47,0.940754115581512,"AGACT",0.680851063829787,NA,NA,NA,NA,NA,NA,NA,NA,NA,0,0,0,NA,NA,NA
"2963","ENST00000536987.5","ENSG00000165304.8","OTTHUMG00000019906.8","OTTHUMT00000482750.1","MELK-208","MELK",2125,"protein_coding",1838,52,0.943138897418976,"AGACT",0.673076923076923,NA,NA,NA,NA,NA,NA,NA,NA,NA,0,0,0,NA,NA,NA
"2964","ENST00000537142.5","ENSG00000116809.12","OTTHUMG00000009377.3","OTTHUMT00000473627.1","ZBTB17-216","ZBTB17",2511,"protein_coding",2429,21,0.975542306900024,"TGACT",0.714285714285714,NA,NA,NA,NA,NA,NA,NA,NA,NA,0,0,0,NA,NA,NA
"2965","ENST00000537177.6","ENSG00000108094.17","OTTHUMG00000017950.5","-","CUL2-209","CUL2",4223,"protein_coding",2538,62,0.952400624752045,"GGACT",0.774193548387097,NA,NA,NA,NA,NA,NA,NA,NA,NA,0,0,0,NA,NA,NA
"2966","ENST00000537442.5","ENSG00000111641.13","OTTHUMG00000169163.2","OTTHUMT00000402609.1","NOP2-207","NOP2",2613,"protein_coding",2274,70,0.960501849651337,"GGACC",0.571428571428571,NA,NA,NA,NA,NA,NA,NA,NA,NA,0,0,0,NA,NA,NA
"2967","ENST00000537496.5","ENSG00000139428.12","OTTHUMG00000169255.6","OTTHUMT00000403130.1","MMAB-205","MMAB",1188,"nonsense_mediated_decay",1031,123,0.944348275661469,"GGACT",0.780487804878049,NA,NA,NA,NA,NA,NA,NA,NA,NA,0,0,0,NA,NA,NA
"2968","ENST00000537531.2","ENSG00000142910.16","OTTHUMG00000003884.2","-","TINAGL1-211","TINAGL1",1841,"protein_coding",1322,62,0.905103325843811,"AGACT",0.5,NA,NA,NA,NA,NA,NA,NA,NA,NA,0,0,0,NA,NA,NA
"2969","ENST00000537531.2","ENSG00000142910.16","OTTHUMG00000003884.2","-","TINAGL1-211","TINAGL1",1841,"protein_coding",1435,47,0.904679477214813,"GGACA",0.446808510638298,NA,NA,NA,NA,NA,NA,NA,NA,NA,0,0,0,NA,NA,NA
"2970","ENST00000537981.5","ENSG00000133318.14","OTTHUMG00000168056.4","OTTHUMT00000397849.1","RTN3-208","RTN3",2532,"protein_coding",700,125,0.90703672170639,"GAACT",0.64,NA,NA,NA,NA,NA,NA,NA,NA,NA,0,0,0,NA,NA,NA
"2971","ENST00000537981.5","ENSG00000133318.14","OTTHUMG00000168056.4","OTTHUMT00000397849.1","RTN3-208","RTN3",2532,"protein_coding",1033,151,0.937242209911346,"GGACT",0.655629139072848,NA,NA,NA,NA,NA,NA,NA,NA,NA,0,0,0,NA,NA,NA
"2972","ENST00000538084.2","ENSG00000168003.19","OTTHUMG00000074091.8","OTTHUMT00000396042.2","SLC3A2-211","SLC3A2",2334,"protein_coding",2163,218,0.905872583389282,"GGACC",0.394495412844037,NA,NA,NA,NA,NA,NA,NA,NA,NA,0,0,0,NA,NA,NA
"2973","ENST00000538265.5","ENSG00000175832.13","OTTHUMG00000180884.2","-","ETV4-203","ETV4",2147,"protein_coding",1895,95,0.973527371883392,"GGACT",0.684210526315789,NA,NA,NA,NA,NA,NA,NA,NA,NA,0,0,0,NA,NA,NA
"2974","ENST00000538426.6","ENSG00000167770.13","OTTHUMG00000167786.2","OTTHUMT00000396277.1","OTUB1-208","OTUB1",1701,"protein_coding",1689,173,0.90049684047699,"GAACT",0.560693641618497,NA,NA,NA,NA,NA,NA,NA,NA,NA,0,0,0,NA,NA,NA
"2975","ENST00000538577.5","ENSG00000157593.20","OTTHUMG00000014760.3","-","SLC35B2-205","SLC35B2",1909,"protein_coding",457,92,0.990732908248901,"GGACT",0.891304347826087,NA,NA,NA,NA,NA,NA,NA,NA,NA,0,0,0,NA,NA,NA
"2976","ENST00000538833.6","ENSG00000169718.18","OTTHUMG00000178525.4","OTTHUMT00000442350.1","DUS1L-203","DUS1L",1250,"protein_coding",1041,126,0.904579520225525,"GGACT",0.53968253968254,NA,NA,NA,NA,NA,NA,NA,NA,NA,0,0,0,NA,NA,NA
"2977","ENST00000538936.7","ENSG00000185813.11","OTTHUMG00000177956.4","OTTHUMT00000439939.1","PCYT2-203","PCYT2",5089,"protein_coding",1333,43,0.961721062660217,"GGACT",0.627906976744186,NA,NA,NA,NA,NA,NA,NA,NA,NA,0,0,0,NA,NA,NA
"2978","ENST00000539066.5","ENSG00000013503.10","OTTHUMG00000170077.3","OTTHUMT00000407168.1","POLR3B-202","POLR3B",4118,"protein_coding",3542,21,0.933436751365662,"GGACT",0.428571428571428,NA,NA,NA,NA,NA,NA,NA,NA,NA,0,0,0,NA,NA,NA
"2979","ENST00000539066.5","ENSG00000013503.10","OTTHUMG00000170077.3","OTTHUMT00000407168.1","POLR3B-202","POLR3B",4118,"protein_coding",3631,21,0.988018214702606,"AGACT",0.857142857142857,NA,NA,NA,NA,NA,NA,NA,NA,NA,0,0,0,NA,NA,NA
"2980","ENST00000539137.5","ENSG00000167881.15","OTTHUMG00000180054.3","OTTHUMT00000449491.1","SRP68-202","SRP68",2386,"protein_coding",2168,98,0.956510245800018,"GAACT",0.653061224489796,NA,NA,NA,NA,NA,NA,NA,NA,NA,0,0,0,NA,NA,NA
"2981","ENST00000539143.5","ENSG00000003056.8","OTTHUMG00000168276.4","OTTHUMT00000399128.1","M6PR-204","M6PR",650,"protein_coding",332,46,0.919299304485321,"GGACT",0.58695652173913,NA,NA,NA,NA,NA,NA,NA,NA,NA,0,0,0,NA,NA,NA
"2982","ENST00000539554.5","ENSG00000111196.10","OTTHUMG00000168407.3","OTTHUMT00000399613.2","MAGOHB-204","MAGOHB",666,"protein_coding",584,60,0.962523579597473,"GGACA",0.566666666666667,NA,NA,NA,NA,NA,NA,NA,NA,NA,0,0,0,NA,NA,NA
"2983","ENST00000540016.5","ENSG00000139428.12","OTTHUMG00000169255.6","OTTHUMT00000403129.2","MMAB-206","MMAB",945,"protein_coding",782,52,0.93337345123291,"GGACT",0.75,NA,NA,NA,NA,NA,NA,NA,NA,NA,0,0,0,NA,NA,NA
"2984","ENST00000540200.6","ENSG00000004142.12","OTTHUMG00000132065.9","OTTHUMT00000446163.5","POLDIP2-201","POLDIP2",2670,"protein_coding",1713,243,0.982973396778107,"GGACT",0.777777777777778,NA,NA,NA,NA,NA,NA,NA,NA,NA,0,0,0,NA,NA,NA
"2985","ENST00000540387.5","ENSG00000044115.21","OTTHUMG00000163502.5","-","CTNNA1-243","CTNNA1",2684,"protein_coding",1734,21,0.984969735145569,"GGACA",0.666666666666667,NA,NA,NA,NA,NA,NA,NA,NA,NA,0,0,0,NA,NA,NA
"2986","ENST00000541166.1","ENSG00000136045.12","OTTHUMG00000169913.3","OTTHUMT00000406544.1","PWP1-202","PWP1",1722,"protein_coding",1622,192,0.945211231708527,"TGACT",0.6875,NA,NA,NA,NA,NA,NA,NA,NA,NA,0,0,0,NA,NA,NA
"2987","ENST00000541507.5","ENSG00000003056.8","OTTHUMG00000168276.4","OTTHUMT00000399129.1","M6PR-206","M6PR",2198,"nonsense_mediated_decay",1880,171,0.940113008022308,"GGACT",0.678362573099415,NA,NA,NA,NA,NA,NA,NA,NA,NA,0,0,0,NA,NA,NA
"2988","ENST00000541682.7","ENSG00000179111.9","OTTHUMG00000178316.3","OTTHUMT00000441478.2","HES7-202","HES7",1694,"protein_coding",758,20,0.935412526130676,"AGACT",0.6,NA,NA,NA,NA,NA,NA,NA,NA,NA,0,0,0,NA,NA,NA
"2989","ENST00000541717.4","ENSG00000165304.8","OTTHUMG00000019906.8","-","MELK-209","MELK",2363,"protein_coding",2074,28,0.976940929889679,"AGACT",0.857142857142857,NA,NA,NA,NA,NA,NA,NA,NA,NA,0,0,0,NA,NA,NA
"2990","ENST00000541778.5","ENSG00000111641.13","OTTHUMG00000169163.2","OTTHUMT00000402615.1","NOP2-212","NOP2",3038,"protein_coding",2682,67,0.901449799537659,"AGACT",0.522388059701492,NA,NA,NA,NA,NA,NA,NA,NA,NA,0,0,0,NA,NA,NA
"2991","ENST00000541778.5","ENSG00000111641.13","OTTHUMG00000169163.2","OTTHUMT00000402615.1","NOP2-212","NOP2",3038,"protein_coding",2707,67,0.959589004516602,"GGACC",0.567164179104478,NA,NA,NA,NA,NA,NA,NA,NA,NA,0,0,0,NA,NA,NA
"2992","ENST00000541996.5","ENSG00000198492.16","OTTHUMG00000003648.6","OTTHUMT00000476529.1","YTHDF2-208","YTHDF2",2719,"protein_coding",1478,47,0.981790065765381,"AGACT",0.829787234042553,NA,NA,NA,NA,NA,NA,NA,NA,NA,0,0,0,NA,NA,NA
"2993","ENST00000541996.5","ENSG00000198492.16","OTTHUMG00000003648.6","OTTHUMT00000476529.1","YTHDF2-208","YTHDF2",2719,"protein_coding",1550,51,0.93724536895752,"GGACA",0.745098039215686,NA,NA,NA,NA,NA,NA,NA,NA,NA,0,0,0,NA,NA,NA
"2994","ENST00000541996.5","ENSG00000198492.16","OTTHUMG00000003648.6","OTTHUMT00000476529.1","YTHDF2-208","YTHDF2",2719,"protein_coding",1621,45,0.901347994804382,"GGACA",0.577777777777778,NA,NA,NA,NA,NA,NA,NA,NA,NA,0,0,0,NA,NA,NA
"2995","ENST00000541996.5","ENSG00000198492.16","OTTHUMG00000003648.6","OTTHUMT00000476529.1","YTHDF2-208","YTHDF2",2719,"protein_coding",1738,58,0.957269906997681,"GGACA",0.586206896551724,NA,NA,NA,NA,NA,NA,NA,NA,NA,0,0,0,NA,NA,NA
"2996","ENST00000542123.5","ENSG00000213782.7","OTTHUMG00000168709.2","OTTHUMT00000400677.1","DDX47-207","DDX47",2689,"retained_intron",2342,135,0.965190291404724,"AGACT",0.748148148148148,NA,NA,NA,NA,NA,NA,NA,NA,NA,0,0,0,NA,NA,NA
"2997","ENST00000542123.5","ENSG00000213782.7","OTTHUMG00000168709.2","OTTHUMT00000400677.1","DDX47-207","DDX47",2689,"retained_intron",2451,134,0.958687365055084,"AGACT",0.671641791044776,NA,NA,NA,NA,NA,NA,NA,NA,NA,0,0,0,NA,NA,NA
"2998","ENST00000542507.5","ENSG00000198492.16","OTTHUMG00000003648.6","-","YTHDF2-209","YTHDF2",2825,"protein_coding",1585,46,0.979790151119232,"AGACT",0.826086956521739,NA,NA,NA,NA,NA,NA,NA,NA,NA,0,0,0,NA,NA,NA
"2999","ENST00000542507.5","ENSG00000198492.16","OTTHUMG00000003648.6","-","YTHDF2-209","YTHDF2",2825,"protein_coding",1657,51,0.939418077468872,"GGACA",0.745098039215686,NA,NA,NA,NA,NA,NA,NA,NA,NA,0,0,0,NA,NA,NA
"3000","ENST00000542507.5","ENSG00000198492.16","OTTHUMG00000003648.6","-","YTHDF2-209","YTHDF2",2825,"protein_coding",1695,51,0.901798129081726,"GGACT",0.588235294117647,NA,NA,NA,NA,NA,NA,NA,NA,NA,0,0,0,NA,NA,NA
"3001","ENST00000542507.5","ENSG00000198492.16","OTTHUMG00000003648.6","-","YTHDF2-209","YTHDF2",2825,"protein_coding",1728,45,0.905005991458893,"GGACA",0.577777777777778,NA,NA,NA,NA,NA,NA,NA,NA,NA,0,0,0,NA,NA,NA
"3002","ENST00000542507.5","ENSG00000198492.16","OTTHUMG00000003648.6","-","YTHDF2-209","YTHDF2",2825,"protein_coding",1845,58,0.958445012569427,"GGACA",0.586206896551724,NA,NA,NA,NA,NA,NA,NA,NA,NA,0,0,0,NA,NA,NA
"3003","ENST00000542536.6","ENSG00000167881.15","OTTHUMG00000180054.3","OTTHUMT00000449489.1","SRP68-203","SRP68",1714,"protein_coding_CDS_not_defined",1496,93,0.958124458789825,"GAACT",0.666666666666667,NA,NA,NA,NA,NA,NA,NA,NA,NA,0,0,0,NA,NA,NA
"3004","ENST00000542575.6","ENSG00000105281.12","OTTHUMG00000183434.3","OTTHUMT00000466630.1","SLC1A5-203","SLC1A5",2882,"protein_coding",2299,81,0.980158030986786,"GGACA",0.765432098765432,NA,NA,NA,NA,NA,NA,NA,NA,NA,0,0,0,NA,NA,NA
"3005","ENST00000542928.5","ENSG00000166200.15","OTTHUMG00000172324.4","OTTHUMT00000417842.1","COPS2-203","COPS2",1580,"protein_coding",1115,33,0.983256280422211,"GGACC",0.848484848484849,NA,NA,NA,NA,NA,NA,NA,NA,NA,0,0,0,NA,NA,NA
"3006","ENST00000543184.5","ENSG00000185686.18","OTTHUMG00000151172.4","-","PRAME-214","PRAME",2758,"protein_coding",1773,20,0.958499550819397,"GGACT",0.75,NA,NA,NA,NA,NA,NA,NA,NA,NA,0,0,0,NA,NA,NA
"3007","ENST00000543251.5","ENSG00000164338.10","OTTHUMG00000162453.4","-","UTP15-208","UTP15",4922,"protein_coding",1710,43,0.981735467910767,"AGACT",0.767441860465116,NA,NA,NA,NA,NA,NA,NA,NA,NA,0,0,0,NA,NA,NA
"3008","ENST00000543494.1","ENSG00000256514.1","OTTHUMG00000167774.2","OTTHUMT00000396213.2","ENST00000543494","ENSG00000256514",711,"protein_coding",533,46,0.946463525295258,"GGACC",0.543478260869565,NA,NA,NA,NA,NA,NA,NA,NA,NA,0,0,0,NA,NA,NA
"3009","ENST00000543494.1","ENSG00000256514.1","OTTHUMG00000167774.2","OTTHUMT00000396213.2","ENST00000543494","ENSG00000256514",711,"protein_coding",611,54,0.956376254558563,"GGACA",0.685185185185185,NA,NA,NA,NA,NA,NA,NA,NA,NA,0,0,0,NA,NA,NA
"3010","ENST00000543494.1","ENSG00000256514.1","OTTHUMG00000167774.2","OTTHUMT00000396213.2","ENST00000543494","ENSG00000256514",711,"protein_coding",670,47,0.980435252189636,"GGACT",0.851063829787234,NA,NA,NA,NA,NA,NA,NA,NA,NA,0,0,0,NA,NA,NA
"3011","ENST00000543496.3","ENSG00000146242.9","OTTHUMG00000015103.1","-","TPBG-203","TPBG",2881,"protein_coding",1647,21,0.943816423416138,"GGACC",0.428571428571428,NA,NA,NA,NA,NA,NA,NA,NA,NA,0,0,0,NA,NA,NA
"3012","ENST00000543496.3","ENSG00000146242.9","OTTHUMG00000015103.1","-","TPBG-203","TPBG",2881,"protein_coding",1701,24,0.974801421165466,"GGACA",0.708333333333333,NA,NA,NA,NA,NA,NA,NA,NA,NA,0,0,0,NA,NA,NA
"3013","ENST00000543555.6","ENSG00000095002.15","OTTHUMG00000128861.10","OTTHUMT00000323405.3","MSH2-204","MSH2",3018,"protein_coding",2298,20,0.929423093795776,"GAACT",0.55,NA,NA,NA,NA,NA,NA,NA,NA,NA,0,0,0,NA,NA,NA
"3014","ENST00000543605.5","ENSG00000080189.15","OTTHUMG00000033050.5","OTTHUMT00000080361.2","SLC35C2-213","SLC35C2",5740,"protein_coding",1463,28,0.936779737472534,"GGACT",0.75,NA,NA,NA,NA,NA,NA,NA,NA,NA,0,0,0,NA,NA,NA
"3015","ENST00000543751.5","ENSG00000165304.8","OTTHUMG00000019906.8","-","MELK-210","MELK",2400,"protein_coding",2111,52,0.946897447109222,"AGACT",0.673076923076923,NA,NA,NA,NA,NA,NA,NA,NA,NA,0,0,0,NA,NA,NA
"3016","ENST00000543927.6","ENSG00000284194.3","OTTHUMG00000191637.2","OTTHUMT00000317092.3","SCO2-204","SCO2",1068,"protein_coding",438,104,0.93767523765564,"GGACT",0.615384615384615,NA,NA,NA,NA,NA,NA,NA,NA,NA,0,0,0,NA,NA,NA
"3017","ENST00000543927.6","ENSG00000284194.3","OTTHUMG00000191637.2","OTTHUMT00000317092.3","SCO2-204","SCO2",1068,"protein_coding",789,117,0.981504023075104,"AGACT",0.726495726495726,NA,NA,NA,NA,NA,NA,NA,NA,NA,0,0,0,NA,NA,NA
"3018","ENST00000543949.2","ENSG00000170619.10","OTTHUMG00000165251.6","-","COMMD5-207","COMMD5",1571,"protein_coding",586,23,0.951439201831818,"GGACT",0.565217391304348,NA,NA,NA,NA,NA,NA,NA,NA,NA,0,0,0,NA,NA,NA
"3019","ENST00000543949.2","ENSG00000170619.10","OTTHUMG00000165251.6","-","COMMD5-207","COMMD5",1571,"protein_coding",772,29,0.95292592048645,"GGACT",0.655172413793103,NA,NA,NA,NA,NA,NA,NA,NA,NA,0,0,0,NA,NA,NA
"3020","ENST00000543949.2","ENSG00000170619.10","OTTHUMG00000165251.6","-","COMMD5-207","COMMD5",1571,"protein_coding",859,56,0.911374807357788,"TGACT",0.785714285714286,NA,NA,NA,NA,NA,NA,NA,NA,NA,0,0,0,NA,NA,NA
"3021","ENST00000543949.2","ENSG00000170619.10","OTTHUMG00000165251.6","-","COMMD5-207","COMMD5",1571,"protein_coding",1069,55,0.977628648281097,"GGACT",0.727272727272727,NA,NA,NA,NA,NA,NA,NA,NA,NA,0,0,0,NA,NA,NA
"3022","ENST00000544000.5","ENSG00000169813.17","OTTHUMG00000018029.3","-","HNRNPF-207","HNRNPF",2676,"protein_coding",505,52,0.956335067749023,"TGACT",0.557692307692308,NA,NA,NA,NA,NA,NA,NA,NA,NA,0,0,0,NA,NA,NA
"3023","ENST00000544000.5","ENSG00000169813.17","OTTHUMG00000018029.3","-","HNRNPF-207","HNRNPF",2676,"protein_coding",644,57,0.933568835258484,"GGACA",0.403508771929824,NA,NA,NA,NA,NA,NA,NA,NA,NA,0,0,0,NA,NA,NA
"3024","ENST00000544000.5","ENSG00000169813.17","OTTHUMG00000018029.3","-","HNRNPF-207","HNRNPF",2676,"protein_coding",758,53,0.983128190040588,"GGACT",0.622641509433962,NA,NA,NA,NA,NA,NA,NA,NA,NA,0,0,0,NA,NA,NA
"3025","ENST00000544000.5","ENSG00000169813.17","OTTHUMG00000018029.3","-","HNRNPF-207","HNRNPF",2676,"protein_coding",1050,75,0.969074606895447,"GGACT",0.733333333333333,NA,NA,NA,NA,NA,NA,NA,NA,NA,0,0,0,NA,NA,NA
"3026","ENST00000544000.5","ENSG00000169813.17","OTTHUMG00000018029.3","-","HNRNPF-207","HNRNPF",2676,"protein_coding",1481,167,0.932354271411896,"GAACT",0.574850299401198,NA,NA,NA,NA,NA,NA,NA,NA,NA,0,0,0,NA,NA,NA
"3027","ENST00000544005.5","ENSG00000089737.19","OTTHUMG00000171301.3","OTTHUMT00000412862.1","DDX24-201","DDX24",2214,"protein_coding",1079,20,0.932430803775787,"AGACT",0.45,NA,NA,NA,NA,NA,NA,NA,NA,NA,0,0,0,NA,NA,NA
"3028","ENST00000544005.5","ENSG00000089737.19","OTTHUMG00000171301.3","OTTHUMT00000412862.1","DDX24-201","DDX24",2214,"protein_coding",1965,96,0.946353435516357,"TGACT",0.75,NA,NA,NA,NA,NA,NA,NA,NA,NA,0,0,0,NA,NA,NA
"3029","ENST00000544017.5","ENSG00000105197.11","OTTHUMG00000183066.6","-","TIMM50-201","TIMM50",2572,"protein_coding",1659,63,0.974711835384369,"GGACT",0.793650793650794,NA,NA,NA,NA,NA,NA,NA,NA,NA,0,0,0,NA,NA,NA
"3030","ENST00000544051.5","ENSG00000139428.12","OTTHUMG00000169255.6","OTTHUMT00000403131.1","MMAB-209","MMAB",1089,"nonsense_mediated_decay",980,65,0.950107157230377,"GGACT",0.8,NA,NA,NA,NA,NA,NA,NA,NA,NA,0,0,0,NA,NA,NA
"3031","ENST00000544551.5","ENSG00000137710.17","OTTHUMG00000166574.8","-","RDX-216","RDX",4117,"protein_coding",3706,87,0.921035647392273,"GAACT",0.448275862068966,NA,NA,NA,NA,NA,NA,NA,NA,NA,0,0,0,NA,NA,NA
"3032","ENST00000544619.1","ENSG00000111530.13","OTTHUMG00000169060.3","OTTHUMT00000402112.1","CAND1-207","CAND1",4091,"protein_coding",2302,65,0.955411374568939,"GGACA",0.815384615384615,NA,NA,NA,NA,NA,NA,NA,NA,NA,0,0,0,NA,NA,NA
"3033","ENST00000545008.5","ENSG00000165304.8","OTTHUMG00000019906.8","OTTHUMT00000482751.1","MELK-211","MELK",2236,"protein_coding",1949,52,0.955580472946167,"AGACT",0.692307692307692,NA,NA,NA,NA,NA,NA,NA,NA,NA,0,0,0,NA,NA,NA
"3034","ENST00000545038.5","ENSG00000213782.7","OTTHUMG00000168709.2","OTTHUMT00000400675.1","DDX47-212","DDX47",2357,"retained_intron",2012,147,0.96574866771698,"AGACT",0.755102040816326,NA,NA,NA,NA,NA,NA,NA,NA,NA,0,0,0,NA,NA,NA
"3035","ENST00000545038.5","ENSG00000213782.7","OTTHUMG00000168709.2","OTTHUMT00000400675.1","DDX47-212","DDX47",2357,"retained_intron",2121,145,0.952905654907227,"AGACT",0.662068965517241,NA,NA,NA,NA,NA,NA,NA,NA,NA,0,0,0,NA,NA,NA
"3036","ENST00000545054.6","ENSG00000100889.12","OTTHUMG00000028791.10","OTTHUMT00000416429.2","PCK2-203","PCK2",2505,"protein_coding",2212,50,0.900859475135803,"GGACA",0.3,NA,NA,NA,NA,NA,NA,NA,NA,NA,0,0,0,NA,NA,NA
"3037","ENST00000545297.5","ENSG00000148248.14","OTTHUMG00000020868.3","-","SURF4-207","SURF4",2863,"protein_coding",867,89,0.96015453338623,"GGACT",0.662921348314607,NA,NA,NA,NA,NA,NA,NA,NA,NA,0,0,0,NA,NA,NA
"3038","ENST00000545297.5","ENSG00000148248.14","OTTHUMG00000020868.3","-","SURF4-207","SURF4",2863,"protein_coding",1831,88,0.929775059223175,"GGACA",0.579545454545455,NA,NA,NA,NA,NA,NA,NA,NA,NA,0,0,0,NA,NA,NA
"3039","ENST00000545297.5","ENSG00000148248.14","OTTHUMG00000020868.3","-","SURF4-207","SURF4",2863,"protein_coding",2251,127,0.913724839687347,"GAACT",0.519685039370079,NA,NA,NA,NA,NA,NA,NA,NA,NA,0,0,0,NA,NA,NA
"3040","ENST00000545495.5","ENSG00000158796.17","OTTHUMG00000033104.7","-","DEDD-212","DEDD",2329,"protein_coding",1100,21,0.960934698581696,"GGACT",0.523809523809524,NA,NA,NA,NA,NA,NA,NA,NA,NA,0,0,0,NA,NA,NA
"3041","ENST00000545495.5","ENSG00000158796.17","OTTHUMG00000033104.7","-","DEDD-212","DEDD",2329,"protein_coding",1184,20,0.916974127292633,"GGACT",0.65,NA,NA,NA,NA,NA,NA,NA,NA,NA,0,0,0,NA,NA,NA
"3042","ENST00000545507.6","ENSG00000172270.22","OTTHUMG00000177718.19","OTTHUMT00000438628.8","BSG-204","BSG",1795,"protein_coding",1540,347,0.927786350250244,"GGACT",0.504322766570605,NA,NA,NA,NA,NA,NA,NA,NA,NA,0,0,0,NA,NA,NA
"3043","ENST00000545606.6","ENSG00000111530.13","OTTHUMG00000169060.3","OTTHUMT00000402105.2","CAND1-208","CAND1",11176,"protein_coding",4042,70,0.962603867053986,"GGACA",0.814285714285714,NA,NA,NA,NA,NA,NA,NA,NA,NA,0,0,0,NA,NA,NA
"3044","ENST00000545664.5","ENSG00000141873.11","OTTHUMG00000180440.4","OTTHUMT00000451353.1","SLC39A3-203","SLC39A3",1219,"protein_coding",819,58,0.961243569850922,"AGACA",0.551724137931034,NA,NA,NA,NA,NA,NA,NA,NA,NA,0,0,0,NA,NA,NA
"3045","ENST00000545681.2","ENSG00000185651.16","OTTHUMG00000150823.2","-","UBE2L3-204","UBE2L3",2932,"protein_coding",641,186,0.940045773983002,"GGACT",0.60752688172043,NA,NA,NA,NA,NA,NA,NA,NA,NA,0,0,0,NA,NA,NA
"3046","ENST00000545681.2","ENSG00000185651.16","OTTHUMG00000150823.2","-","UBE2L3-204","UBE2L3",2932,"protein_coding",1603,56,0.981103599071503,"GGACT",0.785714285714286,NA,NA,NA,NA,NA,NA,NA,NA,NA,0,0,0,NA,NA,NA
"3047","ENST00000545681.2","ENSG00000185651.16","OTTHUMG00000150823.2","-","UBE2L3-204","UBE2L3",2932,"protein_coding",1711,48,0.929345965385437,"GGACT",0.583333333333333,NA,NA,NA,NA,NA,NA,NA,NA,NA,0,0,0,NA,NA,NA
"3048","ENST00000545682.5","ENSG00000172663.9","OTTHUMG00000168034.5","OTTHUMT00000397625.1","TMEM134-217","TMEM134",1063,"nonsense_mediated_decay",299,47,0.92535537481308,"GAACT",0.468085106382979,NA,NA,NA,NA,NA,NA,NA,NA,NA,0,0,0,NA,NA,NA
"3049","ENST00000545712.7","ENSG00000139428.12","OTTHUMG00000169255.6","OTTHUMT00000403128.3","MMAB-210","MMAB",4090,"protein_coding",945,124,0.948076784610748,"GGACT",0.790322580645161,NA,NA,NA,NA,NA,NA,NA,NA,NA,0,0,0,NA,NA,NA
"3050","ENST00000545862.5","ENSG00000183048.12","OTTHUMG00000178173.2","-","SLC25A10-203","SLC25A10",1911,"protein_coding",1359,22,0.976265847682953,"GGACT",0.727272727272727,NA,NA,NA,NA,NA,NA,NA,NA,NA,0,0,0,NA,NA,NA
"3051","ENST00000545897.5","ENSG00000158882.15","OTTHUMG00000034345.2","-","TOMM40L-209","TOMM40L",2807,"protein_coding",2421,65,0.905453324317932,"AGACT",0.769230769230769,NA,NA,NA,NA,NA,NA,NA,NA,NA,0,0,0,NA,NA,NA
"3052","ENST00000545897.5","ENSG00000158882.15","OTTHUMG00000034345.2","-","TOMM40L-209","TOMM40L",2807,"protein_coding",2567,58,0.921122431755066,"GGACT",0.672413793103448,NA,NA,NA,NA,NA,NA,NA,NA,NA,0,0,0,NA,NA,NA
"3053","ENST00000546109.5","ENSG00000121766.16","OTTHUMG00000003791.2","-","ZCCHC17-204","ZCCHC17",1705,"protein_coding",1016,82,0.911161839962006,"AGACT",0.597560975609756,NA,NA,NA,NA,NA,NA,NA,NA,NA,0,0,0,NA,NA,NA
"3054","ENST00000546165.6","ENSG00000130713.17","OTTHUMG00000020811.5","OTTHUMT00000054675.3","EXOSC2-211","EXOSC2",1928,"protein_coding",838,60,0.921896994113922,"GGACT",0.683333333333333,NA,NA,NA,NA,NA,NA,NA,NA,NA,0,0,0,NA,NA,NA
"3055","ENST00000546165.6","ENSG00000130713.17","OTTHUMG00000020811.5","OTTHUMT00000054675.3","EXOSC2-211","EXOSC2",1928,"protein_coding",899,69,0.936430156230927,"AGACT",0.782608695652174,NA,NA,NA,NA,NA,NA,NA,NA,NA,0,0,0,NA,NA,NA
"3056","ENST00000546165.6","ENSG00000130713.17","OTTHUMG00000020811.5","OTTHUMT00000054675.3","EXOSC2-211","EXOSC2",1928,"protein_coding",1242,45,0.964539110660553,"TGACT",0.688888888888889,NA,NA,NA,NA,NA,NA,NA,NA,NA,0,0,0,NA,NA,NA
"3057","ENST00000546477.1","ENSG00000089248.7","OTTHUMG00000169637.4","OTTHUMT00000405204.1","ERP29-203","ERP29",1698,"protein_coding",769,74,0.925264537334442,"GGACT",0.743243243243243,NA,NA,NA,NA,NA,NA,NA,NA,NA,0,0,0,NA,NA,NA
"3058","ENST00000546753.5","ENSG00000111142.14","OTTHUMG00000170280.3","OTTHUMT00000408297.1","METAP2-205","METAP2",1862,"protein_coding",1566,173,0.930803120136261,"GGACC",0.520231213872832,NA,NA,NA,NA,NA,NA,NA,NA,NA,0,0,0,NA,NA,NA
"3059","ENST00000546954.2","ENSG00000170855.4","OTTHUMG00000047787.4","OTTHUMT00000108980.4","TRIAP1-202","TRIAP1",1151,"protein_coding",447,117,0.90137243270874,"GAACT",0.538461538461538,NA,NA,NA,NA,NA,NA,NA,NA,NA,0,0,0,NA,NA,NA
"3060","ENST00000547825.5","ENSG00000050405.14","OTTHUMG00000169852.6","OTTHUMT00000406410.1","LIMA1-203","LIMA1",3920,"protein_coding",3514,70,0.946319222450256,"GAACT",0.657142857142857,NA,NA,NA,NA,NA,NA,NA,NA,NA,0,0,0,NA,NA,NA
"3061","ENST00000547986.5","ENSG00000184752.14","OTTHUMG00000170098.5","OTTHUMT00000407526.1","NDUFA12-206","NDUFA12",487,"protein_coding",224,29,0.960866570472717,"TGACT",0.586206896551724,NA,NA,NA,NA,NA,NA,NA,NA,NA,0,0,0,NA,NA,NA
"3062","ENST00000548847.1","ENSG00000075415.15","OTTHUMG00000170212.3","OTTHUMT00000407998.1","SLC25A3-210","SLC25A3",1369,"protein_coding",1249,166,0.9109708070755,"GGACT",0.626506024096386,NA,NA,NA,NA,NA,NA,NA,NA,NA,0,0,0,NA,NA,NA
"3063","ENST00000549338.5","ENSG00000075415.15","OTTHUMG00000170212.3","OTTHUMT00000407996.1","SLC25A3-211","SLC25A3",1285,"protein_coding",1159,960,0.912858784198761,"GGACT",0.614583333333333,NA,NA,NA,NA,NA,NA,NA,NA,NA,0,0,0,NA,NA,NA
"3064","ENST00000549572.5","ENSG00000139546.12","OTTHUMG00000169855.6","OTTHUMT00000406291.1","TARBP2-211","TARBP2",1514,"nonsense_mediated_decay",1356,22,0.939253091812134,"AGACT",0.727272727272727,NA,NA,NA,NA,NA,NA,NA,NA,NA,0,0,0,NA,NA,NA
"3065","ENST00000550043.1","ENSG00000293235.1","-","OTTHUMT00000408770.1","ENST00000550043","ENSG00000293235",1585,"lncRNA",357,23,0.946266055107117,"TGACA",0.608695652173913,NA,NA,NA,NA,NA,NA,NA,NA,NA,0,0,0,NA,NA,NA
"3066","ENST00000550641.6","ENSG00000111596.14","OTTHUMG00000169481.8","OTTHUMT00000404274.3","CNOT2-225","CNOT2",3031,"protein_coding",2903,23,0.921539068222046,"GAACT",0.608695652173913,NA,NA,NA,NA,NA,NA,NA,NA,NA,0,0,0,NA,NA,NA
"3067","ENST00000550777.5","ENSG00000111142.14","OTTHUMG00000170280.3","OTTHUMT00000408302.1","METAP2-209","METAP2",1779,"protein_coding",1453,171,0.931034326553345,"GGACC",0.508771929824561,NA,NA,NA,NA,NA,NA,NA,NA,NA,0,0,0,NA,NA,NA
"3068","ENST00000551840.5","ENSG00000111142.14","OTTHUMG00000170280.3","OTTHUMT00000408303.1","METAP2-210","METAP2",1874,"protein_coding",1551,174,0.928176760673523,"GGACC",0.517241379310345,NA,NA,NA,NA,NA,NA,NA,NA,NA,0,0,0,NA,NA,NA
"3069","ENST00000551917.5","ENSG00000075415.15","OTTHUMG00000170212.3","OTTHUMT00000407989.2","SLC25A3-215","SLC25A3",1359,"protein_coding",263,344,0.932836472988129,"TGACT",0.712209302325581,NA,NA,NA,NA,NA,NA,NA,NA,NA,0,0,0,NA,NA,NA
"3070","ENST00000551917.5","ENSG00000075415.15","OTTHUMG00000170212.3","OTTHUMT00000407989.2","SLC25A3-215","SLC25A3",1359,"protein_coding",297,298,0.943100929260254,"GGACT",0.748322147651007,NA,NA,NA,NA,NA,NA,NA,NA,NA,0,0,0,NA,NA,NA
"3071","ENST00000551991.5","ENSG00000184752.14","OTTHUMG00000170098.5","OTTHUMT00000407534.1","NDUFA12-208","NDUFA12",546,"nonsense_mediated_decay",352,124,0.903886735439301,"TGACT",0.637096774193548,NA,NA,NA,NA,NA,NA,NA,NA,NA,0,0,0,NA,NA,NA
"3072","ENST00000552369.6","ENSG00000174243.11","OTTHUMG00000170399.4","OTTHUMT00000408911.1","DDX23-213","DDX23",3372,"nonsense_mediated_decay",3143,24,0.941840052604675,"GGACA",0.625,NA,NA,NA,NA,NA,NA,NA,NA,NA,0,0,0,NA,NA,NA
"3073","ENST00000552491.5","ENSG00000050405.14","OTTHUMG00000169852.6","OTTHUMT00000407270.1","LIMA1-212","LIMA1",2652,"protein_coding",2246,70,0.947701692581177,"GAACT",0.657142857142857,NA,NA,NA,NA,NA,NA,NA,NA,NA,0,0,0,NA,NA,NA
"3074","ENST00000552783.5","ENSG00000050405.14","OTTHUMG00000169852.6","OTTHUMT00000406236.2","LIMA1-214","LIMA1",3612,"protein_coding",3208,74,0.94091260433197,"GAACT",0.635135135135135,NA,NA,NA,NA,NA,NA,NA,NA,NA,0,0,0,NA,NA,NA
"3075","ENST00000552823.5","ENSG00000050405.14","OTTHUMG00000169852.6","OTTHUMT00000406411.1","LIMA1-215","LIMA1",3254,"protein_coding",2848,74,0.942774295806885,"GAACT",0.635135135135135,NA,NA,NA,NA,NA,NA,NA,NA,NA,0,0,0,NA,NA,NA
"3076","ENST00000552918.6","ENSG00000123352.18","OTTHUMG00000169419.11","OTTHUMT00000404024.1","SPATS2-222","SPATS2",3240,"protein_coding",2125,50,0.905204713344574,"GGACT",0.72,NA,NA,NA,NA,NA,NA,NA,NA,NA,0,0,0,NA,NA,NA
"3077","ENST00000552951.7","ENSG00000151131.11","OTTHUMG00000169822.5","OTTHUMT00000406076.3","NOPCHAP1-204","NOPCHAP1",23524,"protein_coding",566,45,0.982573509216309,"GGACA",0.888888888888889,NA,NA,NA,NA,NA,NA,NA,NA,NA,0,0,0,NA,NA,NA
"3078","ENST00000552981.6","ENSG00000075415.15","OTTHUMG00000170212.3","OTTHUMT00000407992.1","SLC25A3-216","SLC25A3",5984,"protein_coding",1165,1487,0.900891184806824,"GGACT",0.601210490921318,NA,NA,NA,NA,NA,NA,NA,NA,NA,0,0,0,NA,NA,NA
"3079","ENST00000553127.5","ENSG00000123352.18","OTTHUMG00000169419.11","OTTHUMT00000404023.2","SPATS2-223","SPATS2",3320,"protein_coding",2206,49,0.906565129756927,"GGACT",0.714285714285714,NA,NA,NA,NA,NA,NA,NA,NA,NA,0,0,0,NA,NA,NA
"3080","ENST00000553300.6","ENSG00000092199.19","OTTHUMG00000170757.3","OTTHUMT00000410236.1","HNRNPC-204","HNRNPC",3165,"protein_coding",250,163,0.916352927684784,"GAACT",0.558282208588957,NA,NA,NA,NA,NA,NA,NA,NA,NA,0,0,0,NA,NA,NA
"3081","ENST00000553400.1","ENSG00000089737.19","OTTHUMG00000171301.3","OTTHUMT00000412858.1","DDX24-202","DDX24",618,"protein_coding_CDS_not_defined",368,30,0.936944425106049,"TGACT",0.633333333333333,NA,NA,NA,NA,NA,NA,NA,NA,NA,0,0,0,NA,NA,NA
"3082","ENST00000553451.1","ENSG00000089737.19","OTTHUMG00000171301.3","OTTHUMT00000412859.1","DDX24-203","DDX24",486,"protein_coding_CDS_not_defined",236,21,0.926788926124573,"TGACT",0.619047619047619,NA,NA,NA,NA,NA,NA,NA,NA,NA,0,0,0,NA,NA,NA
"3083","ENST00000553506.5","ENSG00000142208.18","OTTHUMG00000170795.7","OTTHUMT00000410420.1","AKT1-205","AKT1",2830,"retained_intron",2126,20,0.965540170669556,"GGACT",0.75,NA,NA,NA,NA,NA,NA,NA,NA,NA,0,0,0,NA,NA,NA
"3084","ENST00000553555.5","ENSG00000100823.12","OTTHUMG00000029544.7","OTTHUMT00000411059.1","APEX1-205","APEX1",1603,"retained_intron",1221,385,0.961882054805756,"GGACT",0.818181818181818,NA,NA,NA,NA,NA,NA,NA,NA,NA,0,0,0,NA,NA,NA
"3085","ENST00000554455.5","ENSG00000092199.19","OTTHUMG00000170757.3","OTTHUMT00000410225.1","HNRNPC-210","HNRNPC",1784,"protein_coding",233,160,0.920328199863434,"GAACT",0.56875,NA,NA,NA,NA,NA,NA,NA,NA,NA,0,0,0,NA,NA,NA
"3086","ENST00000554581.5","ENSG00000142208.18","OTTHUMG00000170795.7","OTTHUMT00000410418.1","AKT1-208","AKT1",3916,"protein_coding",3209,58,0.939874827861786,"GGACT",0.689655172413793,NA,NA,NA,NA,NA,NA,NA,NA,NA,0,0,0,NA,NA,NA
"3087","ENST00000555054.1","ENSG00000089737.19","OTTHUMG00000171301.3","OTTHUMT00000412863.1","DDX24-204","DDX24",2769,"protein_coding",1676,23,0.928593635559082,"AGACT",0.434782608695652,NA,NA,NA,NA,NA,NA,NA,NA,NA,0,0,0,NA,NA,NA
"3088","ENST00000555054.1","ENSG00000089737.19","OTTHUMG00000171301.3","OTTHUMT00000412863.1","DDX24-204","DDX24",2769,"protein_coding",2562,91,0.948659598827362,"TGACT",0.758241758241758,NA,NA,NA,NA,NA,NA,NA,NA,NA,0,0,0,NA,NA,NA
"3089","ENST00000555209.5","ENSG00000100461.18","OTTHUMG00000171467.10","OTTHUMT00000413548.2","RBM23-215","RBM23",2278,"protein_coding",1381,50,0.963968455791473,"GGACT",0.78,NA,NA,NA,NA,NA,NA,NA,NA,NA,0,0,0,NA,NA,NA
"3090","ENST00000555209.5","ENSG00000100461.18","OTTHUMG00000171467.10","OTTHUMT00000413548.2","RBM23-215","RBM23",2278,"protein_coding",1625,56,0.906344830989838,"GGACT",0.553571428571429,NA,NA,NA,NA,NA,NA,NA,NA,NA,0,0,0,NA,NA,NA
"3091","ENST00000555309.5","ENSG00000092199.19","OTTHUMG00000170757.3","OTTHUMT00000410229.1","HNRNPC-218","HNRNPC",1714,"protein_coding",229,89,0.941332161426544,"GAACT",0.617977528089888,NA,NA,NA,NA,NA,NA,NA,NA,NA,0,0,0,NA,NA,NA
"3092","ENST00000555414.5","ENSG00000100823.12","OTTHUMG00000029544.7","OTTHUMT00000073640.4","APEX1-210","APEX1",1437,"protein_coding",1017,480,0.962217509746552,"GGACT",0.820833333333333,NA,NA,NA,NA,NA,NA,NA,NA,NA,0,0,0,NA,NA,NA
"3093","ENST00000555762.1","ENSG00000089737.19","OTTHUMG00000171301.3","OTTHUMT00000412857.1","DDX24-206","DDX24",5573,"retained_intron",5321,70,0.938960313796997,"TGACT",0.714285714285714,NA,NA,NA,NA,NA,NA,NA,NA,NA,0,0,0,NA,NA,NA
"3094","ENST00000555914.5","ENSG00000092199.19","OTTHUMG00000170757.3","OTTHUMT00000410228.1","HNRNPC-221","HNRNPC",1658,"protein_coding",212,123,0.928668141365051,"GAACT",0.577235772357724,NA,NA,NA,NA,NA,NA,NA,NA,NA,0,0,0,NA,NA,NA
"3095","ENST00000556007.6","ENSG00000100575.14","OTTHUMG00000140322.8","OTTHUMT00000412360.2","TIMM9-208","TIMM9",746,"protein_coding",439,57,0.930811166763306,"GGACT",0.578947368421053,NA,NA,NA,NA,NA,NA,NA,NA,NA,0,0,0,NA,NA,NA
"3096","ENST00000557021.5","ENSG00000244687.13","OTTHUMG00000152626.6","-","UBE2V1-221","UBE2V1",2258,"protein_coding",595,71,0.935932278633118,"GGACA",0.464788732394366,NA,NA,NA,NA,NA,NA,NA,NA,NA,0,0,0,NA,NA,NA
"3097","ENST00000557054.1","ENSG00000100823.12","OTTHUMG00000029544.7","OTTHUMT00000411068.2","APEX1-214","APEX1",888,"protein_coding",473,94,0.928677976131439,"GGACT",0.702127659574468,NA,NA,NA,NA,NA,NA,NA,NA,NA,0,0,0,NA,NA,NA
"3098","ENST00000557159.5","ENSG00000100823.12","OTTHUMG00000029544.7","OTTHUMT00000411065.1","APEX1-216","APEX1",1803,"retained_intron",1417,410,0.962300479412079,"GGACT",0.824390243902439,NA,NA,NA,NA,NA,NA,NA,NA,NA,0,0,0,NA,NA,NA
"3099","ENST00000557201.5","ENSG00000092199.19","OTTHUMG00000170757.3","OTTHUMT00000410235.1","HNRNPC-229","HNRNPC",1371,"protein_coding",207,90,0.94203382730484,"GAACT",0.6,NA,NA,NA,NA,NA,NA,NA,NA,NA,0,0,0,NA,NA,NA
"3100","ENST00000557394.5","ENSG00000092201.10","OTTHUMG00000029685.4","OTTHUMT00000410269.1","SUPT16H-207","SUPT16H",2324,"retained_intron",1199,42,0.901096820831299,"AAACT",0.380952380952381,NA,NA,NA,NA,NA,NA,NA,NA,NA,0,0,0,NA,NA,NA
"3101","ENST00000557682.6","ENSG00000272888.8","OTTHUMG00000149845.10","OTTHUMT00000415064.3","CHASERR-209","CHASERR",2683,"lncRNA",896,75,0.988726079463959,"GGACA",0.746666666666667,NA,NA,NA,NA,NA,NA,NA,NA,NA,0,0,0,NA,NA,NA
"3102","ENST00000557731.1","ENSG00000182512.5","OTTHUMG00000171636.2","OTTHUMT00000414551.1","GLRX5-203","GLRX5",1863,"protein_coding",1312,50,0.915157496929169,"AGACT",0.68,NA,NA,NA,NA,NA,NA,NA,NA,NA,0,0,0,NA,NA,NA
"3103","ENST00000557850.5","ENSG00000051180.17","OTTHUMG00000130067.10","OTTHUMT00000387936.2","RAD51-210","RAD51",1397,"protein_coding",980,40,0.953561425209045,"AGACT",0.675,NA,NA,NA,NA,NA,NA,NA,NA,NA,0,0,0,NA,NA,NA
"3104","ENST00000558046.5","ENSG00000196497.17","OTTHUMG00000028801.7","OTTHUMT00000415602.1","IPO4-203","IPO4",3440,"nonsense_mediated_decay",3321,122,0.939534246921539,"AGACT",0.639344262295082,NA,NA,NA,NA,NA,NA,NA,NA,NA,0,0,0,NA,NA,NA
"3105","ENST00000558096.5","ENSG00000100889.12","OTTHUMG00000028791.10","OTTHUMT00000416428.1","PCK2-205","PCK2",2433,"protein_coding",2394,62,0.933021008968353,"AGACT",0.580645161290323,842,166,1425,1,842,843,2266,2267,2432,0,0,1,NA,NA,0.765060240963855
"3106","ENST00000558581.5","ENSG00000157326.19","OTTHUMG00000028777.6","OTTHUMT00000416567.1","DHRS4-206","DHRS4",1143,"protein_coding",959,20,0.994107782840729,"GGACA",0.6,NA,NA,NA,NA,NA,NA,NA,NA,NA,0,0,0,NA,NA,NA
"3107","ENST00000558780.5","ENSG00000196497.17","OTTHUMG00000028801.7","OTTHUMT00000415601.1","IPO4-207","IPO4",3540,"nonsense_mediated_decay",3415,120,0.943849861621857,"AGACT",0.641666666666667,NA,NA,NA,NA,NA,NA,NA,NA,NA,0,0,0,NA,NA,NA
"3108","ENST00000559651.1","ENSG00000156381.9","OTTHUMG00000171777.6","OTTHUMT00000415845.2","ANKRD9-204","ANKRD9",1444,"protein_coding",1189,48,0.981949090957642,"GGACA",0.520833333333333,NA,NA,NA,NA,NA,NA,NA,NA,NA,0,0,0,NA,NA,NA
"3109","ENST00000559651.1","ENSG00000156381.9","OTTHUMG00000171777.6","OTTHUMT00000415845.2","ANKRD9-204","ANKRD9",1444,"protein_coding",1381,49,0.977112591266632,"GGACA",0.714285714285714,NA,NA,NA,NA,NA,NA,NA,NA,NA,0,0,0,NA,NA,NA
"3110","ENST00000559668.5","ENSG00000290689.1","-","OTTHUMT00000418802.1","ENST00000559668","ENSG00000290689",4253,"lncRNA",4064,20,0.969035625457764,"GGACT",0.85,NA,NA,NA,NA,NA,NA,NA,NA,NA,0,0,0,NA,NA,NA
"3111","ENST00000560748.5","ENSG00000156381.9","OTTHUMG00000171777.6","OTTHUMT00000415846.1","ANKRD9-205","ANKRD9",1413,"protein_coding",1192,47,0.983346462249756,"GGACA",0.531914893617021,NA,NA,NA,NA,NA,NA,NA,NA,NA,0,0,0,NA,NA,NA
"3112","ENST00000560748.5","ENSG00000156381.9","OTTHUMG00000171777.6","OTTHUMT00000415846.1","ANKRD9-205","ANKRD9",1413,"protein_coding",1384,46,0.98163366317749,"GGACA",0.717391304347826,NA,NA,NA,NA,NA,NA,NA,NA,NA,0,0,0,NA,NA,NA
"3113","ENST00000560798.5","ENSG00000196497.17","OTTHUMG00000028801.7","OTTHUMT00000415600.1","IPO4-214","IPO4",3581,"retained_intron",3456,121,0.94064724445343,"AGACT",0.636363636363636,NA,NA,NA,NA,NA,NA,NA,NA,NA,0,0,0,NA,NA,NA
"3114","ENST00000560981.5","ENSG00000128944.14","OTTHUMG00000172454.3","OTTHUMT00000418635.1","KNSTRN-212","KNSTRN",1598,"nonsense_mediated_decay",1112,119,0.977202892303467,"GGACT",0.663865546218487,NA,NA,NA,NA,NA,NA,NA,NA,NA,0,0,0,NA,NA,NA
"3115","ENST00000560981.5","ENSG00000128944.14","OTTHUMG00000172454.3","OTTHUMT00000418635.1","KNSTRN-212","KNSTRN",1598,"nonsense_mediated_decay",1158,148,0.922539532184601,"GGACA",0.567567567567568,NA,NA,NA,NA,NA,NA,NA,NA,NA,0,0,0,NA,NA,NA
"3116","ENST00000560981.5","ENSG00000128944.14","OTTHUMG00000172454.3","OTTHUMT00000418635.1","KNSTRN-212","KNSTRN",1598,"nonsense_mediated_decay",1308,138,0.907490730285645,"TGACT",0.594202898550725,NA,NA,NA,NA,NA,NA,NA,NA,NA,0,0,0,NA,NA,NA
"3117","ENST00000561090.5","ENSG00000196497.17","OTTHUMG00000028801.7","OTTHUMT00000415598.2","IPO4-217","IPO4",3632,"retained_intron",3506,116,0.93497496843338,"AGACT",0.629310344827586,NA,NA,NA,NA,NA,NA,NA,NA,NA,0,0,0,NA,NA,NA
"3118","ENST00000561169.5","ENSG00000128944.14","OTTHUMG00000172454.3","OTTHUMT00000418638.1","KNSTRN-213","KNSTRN",1388,"nonsense_mediated_decay",914,117,0.976349949836731,"GGACT",0.666666666666667,NA,NA,NA,NA,NA,NA,NA,NA,NA,0,0,0,NA,NA,NA
"3119","ENST00000561169.5","ENSG00000128944.14","OTTHUMG00000172454.3","OTTHUMT00000418638.1","KNSTRN-213","KNSTRN",1388,"nonsense_mediated_decay",960,145,0.922568738460541,"GGACA",0.56551724137931,NA,NA,NA,NA,NA,NA,NA,NA,NA,0,0,0,NA,NA,NA
"3120","ENST00000561169.5","ENSG00000128944.14","OTTHUMG00000172454.3","OTTHUMT00000418638.1","KNSTRN-213","KNSTRN",1388,"nonsense_mediated_decay",1110,133,0.9046750664711,"TGACT",0.593984962406015,NA,NA,NA,NA,NA,NA,NA,NA,NA,0,0,0,NA,NA,NA
"3121","ENST00000561286.5","ENSG00000100889.12","OTTHUMG00000028791.10","OTTHUMT00000416426.1","PCK2-216","PCK2",2012,"protein_coding",1730,56,0.901935279369354,"GGACT",0.678571428571429,NA,NA,NA,NA,NA,NA,NA,NA,NA,0,0,0,NA,NA,NA
"3122","ENST00000561286.5","ENSG00000100889.12","OTTHUMG00000028791.10","OTTHUMT00000416426.1","PCK2-216","PCK2",2012,"protein_coding",1979,54,0.940486013889313,"AGACT",0.592592592592593,NA,NA,NA,NA,NA,NA,NA,NA,NA,0,0,0,NA,NA,NA
"3123","ENST00000561462.5","ENSG00000196497.17","OTTHUMG00000028801.7","OTTHUMT00000415599.1","IPO4-220","IPO4",1864,"protein_coding",1739,104,0.929444313049316,"AGACT",0.605769230769231,0,222,1642,1,0,1,1641,1642,1863,0,0,1,NA,NA,0.436936936936937
"3124","ENST00000561573.1","ENSG00000261147.1","OTTHUMG00000177211.1","OTTHUMT00000435855.1","ENST00000561573","ENSG00000261147",3838,"nonsense_mediated_decay",3543,219,0.975553870201111,"GGACT",0.849315068493151,NA,NA,NA,NA,NA,NA,NA,NA,NA,0,0,0,NA,NA,NA
"3125","ENST00000561734.5","ENSG00000007376.8","OTTHUMG00000047840.5","OTTHUMT00000420620.1","RPUSD1-202","RPUSD1",2159,"protein_coding",1225,21,0.961069941520691,"GGACT",0.761904761904762,NA,NA,NA,NA,NA,NA,NA,NA,NA,0,0,0,NA,NA,NA
"3126","ENST00000561734.5","ENSG00000007376.8","OTTHUMG00000047840.5","OTTHUMT00000420620.1","RPUSD1-202","RPUSD1",2159,"protein_coding",1402,27,0.97955185174942,"GGACT",0.888888888888889,NA,NA,NA,NA,NA,NA,NA,NA,NA,0,0,0,NA,NA,NA
"3127","ENST00000561734.5","ENSG00000007376.8","OTTHUMG00000047840.5","OTTHUMT00000420620.1","RPUSD1-202","RPUSD1",2159,"protein_coding",1522,36,0.989171981811523,"GGACT",0.833333333333333,NA,NA,NA,NA,NA,NA,NA,NA,NA,0,0,0,NA,NA,NA
"3128","ENST00000561734.5","ENSG00000007376.8","OTTHUMG00000047840.5","OTTHUMT00000420620.1","RPUSD1-202","RPUSD1",2159,"protein_coding",2145,34,0.97810572385788,"TGACT",0.735294117647059,NA,NA,NA,NA,NA,NA,NA,NA,NA,0,0,0,NA,NA,NA
"3129","ENST00000562103.2","ENSG00000167962.15","OTTHUMG00000176955.7","-","ZNF598-202","ZNF598",3366,"protein_coding",2661,49,0.96958315372467,"GGACT",0.795918367346939,NA,NA,NA,NA,NA,NA,NA,NA,NA,0,0,0,NA,NA,NA
"3130","ENST00000562103.2","ENSG00000167962.15","OTTHUMG00000176955.7","-","ZNF598-202","ZNF598",3366,"protein_coding",2925,66,0.996431767940521,"GGACA",0.757575757575758,NA,NA,NA,NA,NA,NA,NA,NA,NA,0,0,0,NA,NA,NA
"3131","ENST00000562237.5","ENSG00000141076.18","OTTHUMG00000137570.7","OTTHUMT00000433337.1","UTP4-203","UTP4",2186,"protein_coding",2132,183,0.914867997169495,"GAACT",0.502732240437158,NA,NA,NA,NA,NA,NA,NA,NA,NA,0,0,0,NA,NA,NA
"3132","ENST00000562392.1","ENSG00000167965.18","OTTHUMG00000128827.6","OTTHUMT00000435089.1","MLST8-208","MLST8",1662,"retained_intron",1302,28,0.934410870075226,"GGACT",0.571428571428571,NA,NA,NA,NA,NA,NA,NA,NA,NA,0,0,0,NA,NA,NA
"3133","ENST00000562435.6","ENSG00000171208.10","OTTHUMG00000133101.5","OTTHUMT00000256766.3","NETO2-202","NETO2",7429,"protein_coding",1529,77,0.954184353351593,"GAACT",0.701298701298701,NA,NA,NA,NA,NA,NA,NA,NA,NA,0,0,0,NA,NA,NA
"3134","ENST00000562435.6","ENSG00000171208.10","OTTHUMG00000133101.5","OTTHUMT00000256766.3","NETO2-202","NETO2",7429,"protein_coding",2098,144,0.914401471614838,"GAACT",0.493055555555556,NA,NA,NA,NA,NA,NA,NA,NA,NA,0,0,0,NA,NA,NA
"3135","ENST00000562684.5","ENSG00000206053.13","OTTHUMG00000047859.5","OTTHUMT00000432991.1","JPT2-206","JPT2",3185,"protein_coding",1032,49,0.97758960723877,"TGACT",0.693877551020408,NA,NA,NA,NA,NA,NA,NA,NA,NA,0,0,0,NA,NA,NA
"3136","ENST00000562988.5","ENSG00000167962.15","OTTHUMG00000176955.7","OTTHUMT00000434438.2","ZNF598-203","ZNF598",3382,"retained_intron",2676,47,0.968574583530426,"GGACT",0.787234042553192,NA,NA,NA,NA,NA,NA,NA,NA,NA,0,0,0,NA,NA,NA
"3137","ENST00000562988.5","ENSG00000167962.15","OTTHUMG00000176955.7","OTTHUMT00000434438.2","ZNF598-203","ZNF598",3382,"retained_intron",2940,64,0.996388792991638,"GGACA",0.75,NA,NA,NA,NA,NA,NA,NA,NA,NA,0,0,0,NA,NA,NA
"3138","ENST00000563130.5","ENSG00000125107.19","OTTHUMG00000133487.12","OTTHUMT00000422263.1","CNOT1-204","CNOT1",2280,"retained_intron",2070,73,0.940188884735107,"TGACT",0.684931506849315,NA,NA,NA,NA,NA,NA,NA,NA,NA,0,0,0,NA,NA,NA
"3139","ENST00000563158.1","ENSG00000069345.12","OTTHUMG00000133104.9","OTTHUMT00000430628.2","DNAJA2-202","DNAJA2",1825,"nonsense_mediated_decay",1512,56,0.913407981395721,"GAACT",0.5,NA,NA,NA,NA,NA,NA,NA,NA,NA,0,0,0,NA,NA,NA
"3140","ENST00000563206.5","ENSG00000157349.17","OTTHUMG00000137577.6","OTTHUMT00000435032.2","DDX19B-207","DDX19B",1765,"protein_coding",1668,43,0.917558073997498,"GGACT",0.697674418604651,NA,NA,NA,NA,NA,NA,NA,NA,NA,0,0,0,NA,NA,NA
"3141","ENST00000563364.3","ENSG00000132603.15","OTTHUMG00000137568.8","OTTHUMT00000431460.3","NIP7-205","NIP7",3936,"retained_intron",2611,49,0.921863257884979,"GGACT",0.510204081632653,NA,NA,NA,NA,NA,NA,NA,NA,NA,0,0,0,NA,NA,NA
"3142","ENST00000563392.5","ENSG00000157349.17","OTTHUMG00000137577.6","OTTHUMT00000435030.2","DDX19B-208","DDX19B",1760,"protein_coding",1666,41,0.920378684997559,"GGACT",0.682926829268293,NA,NA,NA,NA,NA,NA,NA,NA,NA,0,0,0,NA,NA,NA
"3143","ENST00000563614.1","ENSG00000166847.10","OTTHUMG00000131610.7","OTTHUMT00000434877.1","DCTN5-203","DCTN5",3405,"retained_intron",3092,61,0.92923891544342,"AGACT",0.655737704918033,NA,NA,NA,NA,NA,NA,NA,NA,NA,0,0,0,NA,NA,NA
"3144","ENST00000563779.5","ENSG00000103121.9","OTTHUMG00000137625.6","OTTHUMT00000432281.1","CMC2-206","CMC2",2087,"retained_intron",1838,110,0.951308965682983,"AGACT",0.727272727272727,NA,NA,NA,NA,NA,NA,NA,NA,NA,0,0,0,NA,NA,NA
"3145","ENST00000563974.1","ENSG00000174109.5","OTTHUMG00000192232.2","OTTHUMT00000432503.1","UQCC4-202","UQCC4",1005,"retained_intron",416,34,0.961194455623627,"GGACC",0.617647058823529,NA,NA,NA,NA,NA,NA,NA,NA,NA,0,0,0,NA,NA,NA
"3146","ENST00000563974.1","ENSG00000174109.5","OTTHUMG00000192232.2","OTTHUMT00000432503.1","UQCC4-202","UQCC4",1005,"retained_intron",584,55,0.939918458461761,"TGACT",0.690909090909091,NA,NA,NA,NA,NA,NA,NA,NA,NA,0,0,0,NA,NA,NA
"3147","ENST00000563974.1","ENSG00000174109.5","OTTHUMG00000192232.2","OTTHUMT00000432503.1","UQCC4-202","UQCC4",1005,"retained_intron",621,57,0.942341923713684,"GGACT",0.771929824561403,NA,NA,NA,NA,NA,NA,NA,NA,NA,0,0,0,NA,NA,NA
"3148","ENST00000564088.5","ENSG00000167965.18","OTTHUMG00000128827.6","OTTHUMT00000435063.1","MLST8-215","MLST8",1861,"protein_coding",1497,92,0.951949954032898,"GGACT",0.597826086956522,NA,NA,NA,NA,NA,NA,NA,NA,NA,0,0,0,NA,NA,NA
"3149","ENST00000564316.1","ENSG00000103266.11","OTTHUMG00000121140.7","OTTHUMT00000421437.1","STUB1-203","STUB1",729,"protein_coding",590,60,0.955671846866608,"GGACT",0.716666666666667,NA,NA,NA,NA,NA,NA,NA,NA,NA,0,0,0,NA,NA,NA
"3150","ENST00000564316.1","ENSG00000103266.11","OTTHUMG00000121140.7","OTTHUMT00000421437.1","STUB1-203","STUB1",729,"protein_coding",597,62,0.905657231807709,"GGACT",0.806451612903226,NA,NA,NA,NA,NA,NA,NA,NA,NA,0,0,0,NA,NA,NA
"3151","ENST00000564644.5","ENSG00000169371.14","OTTHUMG00000142833.6","OTTHUMT00000420332.1","SNUPN-205","SNUPN",1931,"protein_coding",1728,71,0.938256442546844,"GGACA",0.380281690140845,NA,NA,NA,NA,NA,NA,NA,NA,NA,0,0,0,NA,NA,NA
"3152","ENST00000564675.5","ENSG00000169371.14","OTTHUMG00000142833.6","OTTHUMT00000420333.1","SNUPN-206","SNUPN",1682,"protein_coding",1512,71,0.923613131046295,"GGACA",0.366197183098592,NA,NA,NA,NA,NA,NA,NA,NA,NA,0,0,0,NA,NA,NA
"3153","ENST00000564678.1","ENSG00000051108.15","OTTHUMG00000133276.10","OTTHUMT00000432317.1","HERPUD1-209","HERPUD1",2199,"retained_intron",1654,23,0.947114706039429,"GGACT",0.608695652173913,NA,NA,NA,NA,NA,NA,NA,NA,NA,0,0,0,NA,NA,NA
"3154","ENST00000565396.5","ENSG00000167962.15","OTTHUMG00000176955.7","OTTHUMT00000434440.2","ZNF598-206","ZNF598",4457,"retained_intron",4016,22,0.999640822410583,"GGACA",0.863636363636364,NA,NA,NA,NA,NA,NA,NA,NA,NA,0,0,0,NA,NA,NA
"3155","ENST00000565465.1","ENSG00000174446.13","OTTHUMG00000133195.5","OTTHUMT00000420729.2","SNAPC5-206","SNAPC5",1069,"nonsense_mediated_decay",868,55,0.946366190910339,"AGACT",0.781818181818182,NA,NA,NA,NA,NA,NA,NA,NA,NA,0,0,0,NA,NA,NA
"3156","ENST00000565644.5","ENSG00000103257.9","OTTHUMG00000137658.4","OTTHUMT00000431869.1","SLC7A5-203","SLC7A5",3983,"protein_coding",2849,21,0.991508185863495,"GGACT",0.857142857142857,NA,NA,NA,NA,NA,NA,NA,NA,NA,0,0,0,NA,NA,NA
"3157","ENST00000565644.5","ENSG00000103257.9","OTTHUMG00000137658.4","OTTHUMT00000431869.1","SLC7A5-203","SLC7A5",3983,"protein_coding",2853,23,0.961678624153137,"TGACT",0.695652173913043,NA,NA,NA,NA,NA,NA,NA,NA,NA,0,0,0,NA,NA,NA
"3158","ENST00000565644.5","ENSG00000103257.9","OTTHUMG00000137658.4","OTTHUMT00000431869.1","SLC7A5-203","SLC7A5",3983,"protein_coding",2909,22,0.979772686958313,"GGACA",0.454545454545454,NA,NA,NA,NA,NA,NA,NA,NA,NA,0,0,0,NA,NA,NA
"3159","ENST00000565644.5","ENSG00000103257.9","OTTHUMG00000137658.4","OTTHUMT00000431869.1","SLC7A5-203","SLC7A5",3983,"protein_coding",3518,128,0.935602307319641,"GGACT",0.5546875,NA,NA,NA,NA,NA,NA,NA,NA,NA,0,0,0,NA,NA,NA
"3160","ENST00000565677.5","ENSG00000103266.11","OTTHUMG00000121140.7","OTTHUMT00000421293.1","STUB1-205","STUB1",1560,"protein_coding",1421,190,0.967859745025635,"GGACT",0.763157894736842,NA,NA,NA,NA,NA,NA,NA,NA,NA,0,0,0,NA,NA,NA
"3161","ENST00000565677.5","ENSG00000103266.11","OTTHUMG00000121140.7","OTTHUMT00000421293.1","STUB1-205","STUB1",1560,"protein_coding",1428,194,0.950721561908722,"GGACT",0.829896907216495,NA,NA,NA,NA,NA,NA,NA,NA,NA,0,0,0,NA,NA,NA
"3162","ENST00000565698.5","ENSG00000169180.12","OTTHUMG00000176782.9","OTTHUMT00000433731.1","XPO6-208","XPO6",4255,"protein_coding",3720,27,0.904268741607666,"GGACT",0.666666666666667,NA,NA,NA,NA,NA,NA,NA,NA,NA,0,0,0,NA,NA,NA
"3163","ENST00000565698.5","ENSG00000169180.12","OTTHUMG00000176782.9","OTTHUMT00000433731.1","XPO6-208","XPO6",4255,"protein_coding",4022,83,0.98222815990448,"GGACA",0.590361445783133,NA,NA,NA,NA,NA,NA,NA,NA,NA,0,0,0,NA,NA,NA
"3164","ENST00000565698.5","ENSG00000169180.12","OTTHUMG00000176782.9","OTTHUMT00000433731.1","XPO6-208","XPO6",4255,"protein_coding",4159,94,0.975233793258667,"AGACT",0.882978723404255,NA,NA,NA,NA,NA,NA,NA,NA,NA,0,0,0,NA,NA,NA
"3165","ENST00000565809.5","ENSG00000007376.8","OTTHUMG00000047840.5","OTTHUMT00000420621.1","RPUSD1-207","RPUSD1",1918,"protein_coding",1001,21,0.960908532142639,"GGACT",0.761904761904762,NA,NA,NA,NA,NA,NA,NA,NA,NA,0,0,0,NA,NA,NA
"3166","ENST00000565809.5","ENSG00000007376.8","OTTHUMG00000047840.5","OTTHUMT00000420621.1","RPUSD1-207","RPUSD1",1918,"protein_coding",1178,27,0.979652345180511,"GGACT",0.888888888888889,NA,NA,NA,NA,NA,NA,NA,NA,NA,0,0,0,NA,NA,NA
"3167","ENST00000565809.5","ENSG00000007376.8","OTTHUMG00000047840.5","OTTHUMT00000420621.1","RPUSD1-207","RPUSD1",1918,"protein_coding",1298,56,0.98983907699585,"GGACT",0.857142857142857,NA,NA,NA,NA,NA,NA,NA,NA,NA,0,0,0,NA,NA,NA
"3168","ENST00000565990.2","ENSG00000189091.13","OTTHUMG00000137582.8","OTTHUMT00000434922.3","SF3B3-206","SF3B3",967,"retained_intron",511,46,0.962128400802612,"AGACT",0.739130434782609,NA,NA,NA,NA,NA,NA,NA,NA,NA,0,0,0,NA,NA,NA
"3169","ENST00000565990.2","ENSG00000189091.13","OTTHUMG00000137582.8","OTTHUMT00000434922.3","SF3B3-206","SF3B3",967,"retained_intron",591,22,0.904840111732483,"AGACT",0.5,NA,NA,NA,NA,NA,NA,NA,NA,NA,0,0,0,NA,NA,NA
"3170","ENST00000566157.6","ENSG00000087263.17","OTTHUMG00000133237.5","OTTHUMT00000256976.4","OGFOD1-207","OGFOD1",4587,"protein_coding",1662,51,0.958320796489716,"GGACT",0.764705882352941,NA,NA,NA,NA,NA,NA,NA,NA,NA,0,0,0,NA,NA,NA
"3171","ENST00000566157.6","ENSG00000087263.17","OTTHUMG00000133237.5","OTTHUMT00000256976.4","OGFOD1-207","OGFOD1",4587,"protein_coding",1825,56,0.964634656906128,"GGACT",0.607142857142857,NA,NA,NA,NA,NA,NA,NA,NA,NA,0,0,0,NA,NA,NA
"3172","ENST00000566605.5","ENSG00000089280.19","OTTHUMG00000132395.5","OTTHUMT00000433550.1","FUS-209","FUS",1787,"nonsense_mediated_decay",995,29,0.981239020824432,"GGACA",0.689655172413793,NA,NA,NA,NA,NA,NA,NA,NA,NA,0,0,0,NA,NA,NA
"3173","ENST00000566756.5","ENSG00000140931.20","OTTHUMG00000137503.9","OTTHUMT00000421025.2","CMTM3-213","CMTM3",1950,"nonsense_mediated_decay",1397,28,0.95397412776947,"AGACT",0.678571428571429,NA,NA,NA,NA,NA,NA,NA,NA,NA,0,0,0,NA,NA,NA
"3174","ENST00000566860.1","ENSG00000091651.9","OTTHUMG00000132539.5","OTTHUMT00000430607.1","ORC6-204","ORC6",1699,"protein_coding",1008,51,0.983661770820618,"AGACT",0.823529411764706,NA,NA,NA,NA,NA,NA,NA,NA,NA,0,0,0,NA,NA,NA
"3175","ENST00000567000.2","ENSG00000091651.9","OTTHUMG00000132539.5","OTTHUMT00000430608.2","ORC6-205","ORC6",1560,"retained_intron",872,21,0.972070872783661,"AGACT",0.714285714285714,NA,NA,NA,NA,NA,NA,NA,NA,NA,0,0,0,NA,NA,NA
"3176","ENST00000567007.5","ENSG00000205250.9","OTTHUMG00000172975.3","OTTHUMT00000421567.1","E2F4-208","E2F4",2615,"retained_intron",1856,20,0.92687326669693,"AGACT",0.55,NA,NA,NA,NA,NA,NA,NA,NA,NA,0,0,0,NA,NA,NA
"3177","ENST00000567007.5","ENSG00000205250.9","OTTHUMG00000172975.3","OTTHUMT00000421567.1","E2F4-208","E2F4",2615,"retained_intron",2019,56,0.970137476921082,"GGACT",0.678571428571429,NA,NA,NA,NA,NA,NA,NA,NA,NA,0,0,0,NA,NA,NA
"3178","ENST00000567072.5","ENSG00000088682.14","OTTHUMG00000176582.5","OTTHUMT00000432601.1","COQ9-210","COQ9",1482,"protein_coding",980,120,0.98735910654068,"GGACT",0.858333333333333,NA,NA,NA,NA,NA,NA,NA,NA,NA,0,0,0,NA,NA,NA
"3179","ENST00000567114.5","ENSG00000007376.8","OTTHUMG00000047840.5","OTTHUMT00000420622.1","RPUSD1-208","RPUSD1",1835,"protein_coding",941,20,0.95890086889267,"GGACT",0.75,NA,NA,NA,NA,NA,NA,NA,NA,NA,0,0,0,NA,NA,NA
"3180","ENST00000567114.5","ENSG00000007376.8","OTTHUMG00000047840.5","OTTHUMT00000420622.1","RPUSD1-208","RPUSD1",1835,"protein_coding",1118,26,0.981649279594421,"GGACT",0.884615384615385,NA,NA,NA,NA,NA,NA,NA,NA,NA,0,0,0,NA,NA,NA
"3181","ENST00000567114.5","ENSG00000007376.8","OTTHUMG00000047840.5","OTTHUMT00000420622.1","RPUSD1-208","RPUSD1",1835,"protein_coding",1238,35,0.989591002464294,"GGACT",0.828571428571429,NA,NA,NA,NA,NA,NA,NA,NA,NA,0,0,0,NA,NA,NA
"3182","ENST00000567134.5","ENSG00000169371.14","OTTHUMG00000142833.6","OTTHUMT00000420331.1","SNUPN-207","SNUPN",1641,"protein_coding",1432,70,0.935947954654694,"GGACA",0.371428571428571,NA,NA,NA,NA,NA,NA,NA,NA,NA,0,0,0,NA,NA,NA
"3183","ENST00000567188.5","ENSG00000125107.19","OTTHUMG00000133487.12","OTTHUMT00000422264.1","CNOT1-211","CNOT1",7830,"nonsense_mediated_decay",7642,56,0.951417863368988,"TGACT",0.696428571428571,NA,NA,NA,NA,NA,NA,NA,NA,NA,0,0,0,NA,NA,NA
"3184","ENST00000567351.5","ENSG00000261408.7","OTTHUMG00000170136.4","OTTHUMT00000407610.1","TEN1-CDK3-201","TEN1-CDK3",3897,"retained_intron",879,29,0.954003036022186,"AGACT",0.551724137931034,NA,NA,NA,NA,NA,NA,NA,NA,NA,0,0,0,NA,NA,NA
"3185","ENST00000567530.5","ENSG00000103507.14","OTTHUMG00000047356.7","OTTHUMT00000433530.1","BCKDK-208","BCKDK",1796,"nonsense_mediated_decay",1658,53,0.949008643627167,"GGACT",0.811320754716981,NA,NA,NA,NA,NA,NA,NA,NA,NA,0,0,0,NA,NA,NA
"3186","ENST00000567571.5","ENSG00000103653.17","OTTHUMG00000142814.5","OTTHUMT00000421495.1","CSK-210","CSK",2443,"protein_coding",1820,23,0.932475328445435,"GGACT",0.521739130434783,NA,NA,NA,NA,NA,NA,NA,NA,NA,0,0,0,NA,NA,NA
"3187","ENST00000567572.6","ENSG00000140931.20","OTTHUMG00000137503.9","OTTHUMT00000421022.2","CMTM3-214","CMTM3",1901,"protein_coding",1310,67,0.930200099945068,"AGACT",0.552238805970149,NA,NA,NA,NA,NA,NA,NA,NA,NA,0,0,0,NA,NA,NA
"3188","ENST00000567700.5","ENSG00000095906.17","OTTHUMG00000128639.6","OTTHUMT00000433370.1","NUBP2-211","NUBP2",2196,"retained_intron",2128,79,0.901709735393524,"GAACT",0.518987341772152,NA,NA,NA,NA,NA,NA,NA,NA,NA,0,0,0,NA,NA,NA
"3189","ENST00000568065.5","ENSG00000169180.12","OTTHUMG00000176782.9","OTTHUMT00000433767.1","XPO6-213","XPO6",942,"protein_coding",725,25,0.988072037696838,"GGACA",0.6,NA,NA,NA,NA,NA,NA,NA,NA,NA,0,0,0,NA,NA,NA
"3190","ENST00000568065.5","ENSG00000169180.12","OTTHUMG00000176782.9","OTTHUMT00000433767.1","XPO6-213","XPO6",942,"protein_coding",862,54,0.972292840480804,"AGACT",0.888888888888889,NA,NA,NA,NA,NA,NA,NA,NA,NA,0,0,0,NA,NA,NA
"3191","ENST00000568194.5","ENSG00000167965.18","OTTHUMG00000128827.6","OTTHUMT00000435077.1","MLST8-230","MLST8",2116,"retained_intron",1751,111,0.942278861999512,"GGACT",0.603603603603604,NA,NA,NA,NA,NA,NA,NA,NA,NA,0,0,0,NA,NA,NA
"3192","ENST00000568280.1","ENSG00000260196.1","OTTHUMG00000173015.1","OTTHUMT00000421715.1","ENST00000568280","ENSG00000260196",2883,"lncRNA",889,22,0.936068415641785,"GAACT",0.636363636363636,NA,NA,NA,NA,NA,NA,NA,NA,NA,0,0,0,NA,NA,NA
"3193","ENST00000568542.5","ENSG00000167965.18","OTTHUMG00000128827.6","OTTHUMT00000435066.1","MLST8-231","MLST8",1865,"retained_intron",1504,77,0.922324120998383,"GGACT",0.558441558441558,NA,NA,NA,NA,NA,NA,NA,NA,NA,0,0,0,NA,NA,NA
"3194","ENST00000568620.5","ENSG00000159720.13","OTTHUMG00000137515.7","OTTHUMT00000422216.1","ATP6V0D1-217","ATP6V0D1",3390,"retained_intron",3045,25,0.92264997959137,"AGACT",0.6,NA,NA,NA,NA,NA,NA,NA,NA,NA,0,0,0,NA,NA,NA
"3195","ENST00000568636.5","ENSG00000140983.15","OTTHUMG00000121139.7","OTTHUMT00000421283.1","RHOT2-218","RHOT2",3098,"retained_intron",3055,49,0.906685054302216,"GGACC",0.469387755102041,NA,NA,NA,NA,NA,NA,NA,NA,NA,0,0,0,NA,NA,NA
"3196","ENST00000568685.1","ENSG00000089280.19","OTTHUMG00000132395.5","OTTHUMT00000433552.1","FUS-210","FUS",1785,"protein_coding",1020,29,0.980989515781403,"GGACA",0.689655172413793,NA,NA,NA,NA,NA,NA,NA,NA,NA,0,0,0,NA,NA,NA
"3197","ENST00000568875.1","ENSG00000174446.13","OTTHUMG00000133195.5","OTTHUMT00000420728.1","SNAPC5-208","SNAPC5",1741,"nonsense_mediated_decay",1164,52,0.946885108947754,"AGACT",0.769230769230769,49,1440,252,1,49,50,300,301,1740,0,0,1,NA,NA,0.599305555555556
"3198","ENST00000569187.5","ENSG00000103121.9","OTTHUMG00000137625.6","OTTHUMT00000432286.1","CMC2-220","CMC2",612,"protein_coding_CDS_not_defined",366,23,0.901483476161957,"AGACT",0.695652173913043,NA,NA,NA,NA,NA,NA,NA,NA,NA,0,0,0,NA,NA,NA
"3199","ENST00000569240.5","ENSG00000125107.19","OTTHUMG00000133487.12","OTTHUMT00000422244.1","CNOT1-216","CNOT1",7660,"protein_coding",7461,117,0.919659197330475,"TGACT",0.641025641025641,NA,NA,NA,NA,NA,NA,NA,NA,NA,0,0,0,NA,NA,NA
"3200","ENST00000569284.1","ENSG00000261408.7","OTTHUMG00000170136.4","OTTHUMT00000407611.2","TEN1-CDK3-202","TEN1-CDK3",3287,"retained_intron",850,30,0.953062653541565,"AGACT",0.533333333333333,NA,NA,NA,NA,NA,NA,NA,NA,NA,0,0,0,NA,NA,NA
"3201","ENST00000569417.6","ENSG00000167965.18","OTTHUMG00000128827.6","OTTHUMT00000250763.3","MLST8-232","MLST8",1671,"protein_coding",1250,124,0.93949282169342,"GGACT",0.604838709677419,NA,NA,NA,NA,NA,NA,NA,NA,NA,0,0,0,NA,NA,NA
"3202","ENST00000569466.1","ENSG00000169217.9","OTTHUMG00000132397.3","OTTHUMT00000434111.1","CD2BP2-203","CD2BP2",1417,"protein_coding",1319,131,0.981315970420837,"GGACT",0.778625954198473,NA,NA,NA,NA,NA,NA,NA,NA,NA,0,0,0,NA,NA,NA
"3203","ENST00000569675.5","ENSG00000140983.15","OTTHUMG00000121139.7","OTTHUMT00000421271.1","RHOT2-222","RHOT2",2559,"retained_intron",2111,46,0.921493828296661,"GGACT",0.630434782608696,NA,NA,NA,NA,NA,NA,NA,NA,NA,0,0,0,NA,NA,NA
"3204","ENST00000569980.1","ENSG00000088682.14","OTTHUMG00000176582.5","OTTHUMT00000432603.1","COQ9-216","COQ9",1118,"retained_intron",588,68,0.989304184913635,"GGACT",0.882352941176471,NA,NA,NA,NA,NA,NA,NA,NA,NA,0,0,0,NA,NA,NA
"3205","ENST00000570382.2","ENSG00000184009.13","OTTHUMG00000177955.9","OTTHUMT00000439922.4","ACTG1-201","ACTG1",2052,"protein_coding",670,299,0.999561250209808,"GGACT",0.876254180602007,NA,NA,NA,NA,NA,NA,NA,NA,NA,0,0,0,NA,NA,NA
"3206","ENST00000570382.2","ENSG00000184009.13","OTTHUMG00000177955.9","OTTHUMT00000439922.4","ACTG1-201","ACTG1",2052,"protein_coding",1342,545,0.975818753242493,"GGACT",0.755963302752294,NA,NA,NA,NA,NA,NA,NA,NA,NA,0,0,0,NA,NA,NA
"3207","ENST00000570646.6","ENSG00000103415.12","OTTHUMG00000129473.4","OTTHUMT00000251636.3","HMOX2-208","HMOX2",1673,"protein_coding",680,109,0.976997196674347,"GGACC",0.623853211009174,NA,NA,NA,NA,NA,NA,NA,NA,NA,0,0,0,NA,NA,NA
"3208","ENST00000570646.6","ENSG00000103415.12","OTTHUMG00000129473.4","OTTHUMT00000251636.3","HMOX2-208","HMOX2",1673,"protein_coding",708,82,0.93839293718338,"GGACA",0.536585365853659,NA,NA,NA,NA,NA,NA,NA,NA,NA,0,0,0,NA,NA,NA
"3209","ENST00000570646.6","ENSG00000103415.12","OTTHUMG00000129473.4","OTTHUMT00000251636.3","HMOX2-208","HMOX2",1673,"protein_coding",1057,123,0.906341075897217,"GGACT",0.520325203252033,NA,NA,NA,NA,NA,NA,NA,NA,NA,0,0,0,NA,NA,NA
"3210","ENST00000571133.6","ENSG00000171490.13","OTTHUMG00000129824.6","OTTHUMT00000252059.4","RSL1D1-204","RSL1D1",5440,"protein_coding",1608,443,0.954471290111542,"GGACT",0.738148984198646,NA,NA,NA,NA,NA,NA,NA,NA,NA,0,0,0,NA,NA,NA
"3211","ENST00000571362.5","ENSG00000040633.13","OTTHUMG00000177972.6","OTTHUMT00000440048.1","PHF23-205","PHF23",1768,"protein_coding",1192,44,0.955240488052368,"GAACT",0.431818181818182,NA,NA,NA,NA,NA,NA,NA,NA,NA,0,0,0,NA,NA,NA
"3212","ENST00000571362.5","ENSG00000040633.13","OTTHUMG00000177972.6","OTTHUMT00000440048.1","PHF23-205","PHF23",1768,"protein_coding",1219,54,0.945498287677765,"GAACT",0.574074074074074,NA,NA,NA,NA,NA,NA,NA,NA,NA,0,0,0,NA,NA,NA
"3213","ENST00000571362.5","ENSG00000040633.13","OTTHUMG00000177972.6","OTTHUMT00000440048.1","PHF23-205","PHF23",1768,"protein_coding",1355,52,0.95112806558609,"GGACT",0.769230769230769,NA,NA,NA,NA,NA,NA,NA,NA,NA,0,0,0,NA,NA,NA
"3214","ENST00000571368.5","ENSG00000132382.15","OTTHUMG00000090747.3","OTTHUMT00000439109.1","MYBBP1A-205","MYBBP1A",1995,"retained_intron",1921,45,0.973075211048126,"AGACT",0.822222222222222,NA,NA,NA,NA,NA,NA,NA,NA,NA,0,0,0,NA,NA,NA
"3215","ENST00000571418.7","ENSG00000108963.19","OTTHUMG00000177724.8","OTTHUMT00000438662.4","DPH1-206","DPH1",2607,"protein_coding",1658,52,0.930341064929962,"GGACA",0.5,NA,NA,NA,NA,NA,NA,NA,NA,NA,0,0,0,NA,NA,NA
"3216","ENST00000571710.6","ENSG00000108963.19","OTTHUMG00000177724.8","OTTHUMT00000438672.2","DPH1-207","DPH1",2487,"protein_coding",1893,133,0.907831370830536,"GGACA",0.706766917293233,NA,NA,NA,NA,NA,NA,NA,NA,NA,0,0,0,NA,NA,NA
"3217","ENST00000571735.3","ENSG00000172270.22","OTTHUMG00000177718.19","OTTHUMT00000438639.6","BSG-205","BSG",2141,"retained_intron",1887,357,0.927316248416901,"GGACT",0.523809523809524,NA,NA,NA,NA,NA,NA,NA,NA,NA,0,0,0,NA,NA,NA
"3218","ENST00000572105.7","ENSG00000184009.13","OTTHUMG00000177955.9","OTTHUMT00000439932.3","ACTG1-204","ACTG1",2005,"nonsense_mediated_decay",625,189,0.999428868293762,"GGACT",0.862433862433862,NA,NA,NA,NA,NA,NA,NA,NA,NA,0,0,0,NA,NA,NA
"3219","ENST00000572105.7","ENSG00000184009.13","OTTHUMG00000177955.9","OTTHUMT00000439932.3","ACTG1-204","ACTG1",2005,"nonsense_mediated_decay",1297,285,0.982690930366516,"GGACT",0.754385964912281,NA,NA,NA,NA,NA,NA,NA,NA,NA,0,0,0,NA,NA,NA
"3220","ENST00000572195.3","ENSG00000262664.3","OTTHUMG00000132471.7","OTTHUMT00000255636.7","OVCA2-201","OVCA2",1031,"protein_coding",910,156,0.920503795146942,"GGACA",0.711538461538462,NA,NA,NA,NA,NA,NA,NA,NA,NA,0,0,0,NA,NA,NA
"3221","ENST00000572447.6","ENSG00000129195.16","OTTHUMG00000177832.6","OTTHUMT00000439158.3","PIMREG-205","PIMREG",1908,"protein_coding",1049,43,0.951286375522614,"GGACT",0.744186046511628,NA,NA,NA,NA,NA,NA,NA,NA,NA,0,0,0,NA,NA,NA
"3222","ENST00000572583.5","ENSG00000141580.16","OTTHUMG00000150146.4","OTTHUMT00000440010.1","WDR45B-205","WDR45B",2322,"nonsense_mediated_decay",1298,23,0.99673455953598,"GGACC",0.956521739130435,NA,NA,NA,NA,NA,NA,NA,NA,NA,0,0,0,NA,NA,NA
"3223","ENST00000572684.2","ENSG00000108963.19","OTTHUMG00000177724.8","OTTHUMT00000438673.2","DPH1-210","DPH1",3081,"retained_intron",2487,138,0.907813370227814,"GGACA",0.688405797101449,NA,NA,NA,NA,NA,NA,NA,NA,NA,0,0,0,NA,NA,NA
"3224","ENST00000572887.5","ENSG00000102967.12","OTTHUMG00000178093.7","OTTHUMT00000440470.3","DHODH-205","DHODH",4824,"protein_coding",1441,58,0.949848711490631,"GGACT",0.568965517241379,NA,NA,NA,NA,NA,NA,NA,NA,NA,0,0,0,NA,NA,NA
"3225","ENST00000573283.7","ENSG00000184009.13","OTTHUMG00000177955.9","OTTHUMT00000495511.2","ACTG1-205","ACTG1",1919,"protein_coding",532,340,0.999656617641449,"GGACT",0.888235294117647,NA,NA,NA,NA,NA,NA,NA,NA,NA,0,0,0,NA,NA,NA
"3226","ENST00000573283.7","ENSG00000184009.13","OTTHUMG00000177955.9","OTTHUMT00000495511.2","ACTG1-205","ACTG1",1919,"protein_coding",1204,568,0.974347114562988,"GGACT",0.73943661971831,NA,NA,NA,NA,NA,NA,NA,NA,NA,0,0,0,NA,NA,NA
"3227","ENST00000573547.1","ENSG00000072849.11","OTTHUMG00000102040.5","OTTHUMT00000439400.1","DERL2-207","DERL2",701,"retained_intron",411,25,0.955241084098816,"GGACA",0.68,NA,NA,NA,NA,NA,NA,NA,NA,NA,0,0,0,NA,NA,NA
"3228","ENST00000573600.5","ENSG00000175826.12","OTTHUMG00000102180.7","OTTHUMT00000440215.1","CTDNEP1-208","CTDNEP1",1724,"protein_coding",1321,207,0.92376035451889,"GGACA",0.584541062801932,NA,NA,NA,NA,NA,NA,NA,NA,NA,0,0,0,NA,NA,NA
"3229","ENST00000573635.1","ENSG00000103226.19","OTTHUMG00000177317.23","OTTHUMT00000436259.1","NOMO3-210","NOMO3",1898,"retained_intron",1593,45,0.975518047809601,"GGACC",0.688888888888889,NA,NA,NA,NA,NA,NA,NA,NA,NA,0,0,0,NA,NA,NA
"3230","ENST00000573784.6","ENSG00000172270.22","OTTHUMG00000177718.19","OTTHUMT00000438636.3","BSG-208","BSG",1587,"protein_coding",1331,383,0.935045421123505,"GGACT",0.522193211488251,NA,NA,NA,NA,NA,NA,NA,NA,NA,0,0,0,NA,NA,NA
"3231","ENST00000574049.1","ENSG00000132383.12","OTTHUMG00000090579.4","OTTHUMT00000437468.1","RPA1-207","RPA1",3849,"protein_coding",1058,51,0.965735077857971,"GGACT",0.745098039215686,NA,NA,NA,NA,NA,NA,NA,NA,NA,0,0,0,NA,NA,NA
"3232","ENST00000574205.5","ENSG00000175826.12","OTTHUMG00000102180.7","OTTHUMT00000440218.2","CTDNEP1-209","CTDNEP1",1506,"nonsense_mediated_decay",1260,73,0.916241228580475,"GGACT",0.575342465753425,NA,NA,NA,NA,NA,NA,NA,NA,NA,0,0,0,NA,NA,NA
"3233","ENST00000574322.6","ENSG00000175826.12","OTTHUMG00000102180.7","OTTHUMT00000220030.5","CTDNEP1-210","CTDNEP1",1767,"protein_coding",1337,207,0.928928732872009,"GGACA",0.584541062801932,NA,NA,NA,NA,NA,NA,NA,NA,NA,0,0,0,NA,NA,NA
"3234","ENST00000574428.6","ENSG00000123472.13","OTTHUMG00000007988.4","OTTHUMT00000476200.1","ATPAF1-211","ATPAF1",4068,"protein_coding",695,45,0.980341732501984,"GAACT",0.711111111111111,NA,NA,NA,NA,NA,NA,NA,NA,NA,0,0,0,NA,NA,NA
"3235","ENST00000574671.6","ENSG00000184009.13","OTTHUMG00000177955.9","OTTHUMT00000439925.1","ACTG1-206","ACTG1",2241,"retained_intron",860,46,0.998553693294525,"GGACT",0.847826086956522,NA,NA,NA,NA,NA,NA,NA,NA,NA,0,0,0,NA,NA,NA
"3236","ENST00000574671.6","ENSG00000184009.13","OTTHUMG00000177955.9","OTTHUMT00000439925.1","ACTG1-206","ACTG1",2241,"retained_intron",1532,345,0.970005393028259,"GGACT",0.739130434782609,NA,NA,NA,NA,NA,NA,NA,NA,NA,0,0,0,NA,NA,NA
"3237","ENST00000574934.5","ENSG00000132382.15","OTTHUMG00000090747.3","OTTHUMT00000439112.1","MYBBP1A-212","MYBBP1A",1941,"retained_intron",1871,45,0.972539722919464,"AGACT",0.822222222222222,NA,NA,NA,NA,NA,NA,NA,NA,NA,0,0,0,NA,NA,NA
"3238","ENST00000575069.6","ENSG00000185624.16","OTTHUMG00000150269.8","OTTHUMT00000439695.1","P4HB-220","P4HB",2485,"nonsense_mediated_decay",1627,22,0.946572005748749,"GAACT",0.681818181818182,NA,NA,NA,NA,NA,NA,NA,NA,NA,0,0,0,NA,NA,NA
"3239","ENST00000575069.6","ENSG00000185624.16","OTTHUMG00000150269.8","OTTHUMT00000439695.1","P4HB-220","P4HB",2485,"nonsense_mediated_decay",2091,52,0.988623738288879,"GGACT",0.903846153846154,NA,NA,NA,NA,NA,NA,NA,NA,NA,0,0,0,NA,NA,NA
"3240","ENST00000575087.5","ENSG00000184009.13","OTTHUMG00000177955.9","OTTHUMT00000439928.2","ACTG1-207","ACTG1",2001,"protein_coding",651,24,0.999156653881073,"GGACT",0.791666666666667,NA,NA,NA,NA,NA,NA,NA,NA,NA,0,0,0,NA,NA,NA
"3241","ENST00000575087.5","ENSG00000184009.13","OTTHUMG00000177955.9","OTTHUMT00000439928.2","ACTG1-207","ACTG1",2001,"protein_coding",1323,58,0.958674073219299,"GGACT",0.706896551724138,NA,NA,NA,NA,NA,NA,NA,NA,NA,0,0,0,NA,NA,NA
"3242","ENST00000575158.5","ENSG00000197879.17","OTTHUMG00000090323.17","OTTHUMT00000438694.2","MYO1C-214","MYO1C",4804,"protein_coding",3623,44,0.921037673950195,"GGACA",0.454545454545454,NA,NA,NA,NA,NA,NA,NA,NA,NA,0,0,0,NA,NA,NA
"3243","ENST00000575162.2","ENSG00000108963.19","OTTHUMG00000177724.8","OTTHUMT00000440730.2","DPH1-212","DPH1",1636,"protein_coding",687,20,0.901640892028809,"GGACA",0.45,NA,NA,NA,NA,NA,NA,NA,NA,NA,0,0,0,NA,NA,NA
"3244","ENST00000575842.5","ENSG00000184009.13","OTTHUMG00000177955.9","OTTHUMT00000439935.2","ACTG1-209","ACTG1",2256,"protein_coding",887,131,0.999654769897461,"GGACT",0.862595419847328,NA,NA,NA,NA,NA,NA,NA,NA,NA,0,0,0,NA,NA,NA
"3245","ENST00000575842.5","ENSG00000184009.13","OTTHUMG00000177955.9","OTTHUMT00000439935.2","ACTG1-209","ACTG1",2256,"protein_coding",1559,149,0.969866812229156,"GGACT",0.758389261744966,NA,NA,NA,NA,NA,NA,NA,NA,NA,0,0,0,NA,NA,NA
"3246","ENST00000576209.5","ENSG00000184009.13","OTTHUMG00000177955.9","OTTHUMT00000439926.1","ACTG1-211","ACTG1",1698,"retained_intron",1017,23,0.956368505954742,"GGACT",0.608695652173913,NA,NA,NA,NA,NA,NA,NA,NA,NA,0,0,0,NA,NA,NA
"3247","ENST00000576409.5","ENSG00000123472.13","OTTHUMG00000007988.4","OTTHUMT00000021920.2","ATPAF1-212","ATPAF1",4158,"protein_coding",785,45,0.980715334415436,"GAACT",0.711111111111111,NA,NA,NA,NA,NA,NA,NA,NA,NA,0,0,0,NA,NA,NA
"3248","ENST00000576778.1","ENSG00000179409.11","OTTHUMG00000177495.5","OTTHUMT00000437182.1","GEMIN4-207","GEMIN4",4729,"protein_coding",4348,20,0.901956558227539,"AGACT",0.75,NA,NA,NA,NA,NA,NA,NA,NA,NA,0,0,0,NA,NA,NA
"3249","ENST00000576778.1","ENSG00000179409.11","OTTHUMG00000177495.5","OTTHUMT00000437182.1","GEMIN4-207","GEMIN4",4729,"protein_coding",4614,21,0.951372921466827,"GGACT",0.80952380952381,NA,NA,NA,NA,NA,NA,NA,NA,NA,0,0,0,NA,NA,NA
"3250","ENST00000576892.8","ENSG00000262919.8","OTTHUMG00000024206.8","OTTHUMT00000060992.5","CCNQ-204","CCNQ",1253,"protein_coding",920,171,0.901166617870331,"GGACT",0.573099415204678,NA,NA,NA,NA,NA,NA,NA,NA,NA,0,0,0,NA,NA,NA
"3251","ENST00000576892.8","ENSG00000262919.8","OTTHUMG00000024206.8","OTTHUMT00000060992.5","CCNQ-204","CCNQ",1253,"protein_coding",1152,160,0.928070187568665,"AGACT",0.6,NA,NA,NA,NA,NA,NA,NA,NA,NA,0,0,0,NA,NA,NA
"3252","ENST00000576917.5","ENSG00000184009.13","OTTHUMG00000177955.9","OTTHUMT00000439924.1","ACTG1-214","ACTG1",1958,"retained_intron",513,70,0.999613463878632,"GGACT",0.871428571428571,NA,NA,NA,NA,NA,NA,NA,NA,NA,0,0,0,NA,NA,NA
"3253","ENST00000576917.5","ENSG00000184009.13","OTTHUMG00000177955.9","OTTHUMT00000439924.1","ACTG1-214","ACTG1",1958,"retained_intron",1264,79,0.97437310218811,"GGACT",0.708860759493671,NA,NA,NA,NA,NA,NA,NA,NA,NA,0,0,0,NA,NA,NA
"3254","ENST00000576925.4","ENSG00000172270.22","OTTHUMG00000177718.19","OTTHUMT00000438631.3","BSG-210","BSG",2314,"retained_intron",2089,122,0.952767550945282,"GGACT",0.532786885245902,NA,NA,NA,NA,NA,NA,NA,NA,NA,0,0,0,NA,NA,NA
"3255","ENST00000576955.5","ENSG00000040633.13","OTTHUMG00000177972.6","OTTHUMT00000440049.1","PHF23-212","PHF23",1944,"protein_coding",1377,45,0.953472554683685,"GAACT",0.422222222222222,NA,NA,NA,NA,NA,NA,NA,NA,NA,0,0,0,NA,NA,NA
"3256","ENST00000576955.5","ENSG00000040633.13","OTTHUMG00000177972.6","OTTHUMT00000440049.1","PHF23-212","PHF23",1944,"protein_coding",1404,55,0.943426609039307,"GAACT",0.563636363636364,NA,NA,NA,NA,NA,NA,NA,NA,NA,0,0,0,NA,NA,NA
"3257","ENST00000576955.5","ENSG00000040633.13","OTTHUMG00000177972.6","OTTHUMT00000440049.1","PHF23-212","PHF23",1944,"protein_coding",1540,73,0.954173445701599,"GGACT",0.780821917808219,NA,NA,NA,NA,NA,NA,NA,NA,NA,0,0,0,NA,NA,NA
"3258","ENST00000576984.3","ENSG00000172270.22","OTTHUMG00000177718.19","OTTHUMT00000438638.4","BSG-211","BSG",1666,"protein_coding",1411,349,0.930530905723572,"GGACT",0.515759312320917,NA,NA,NA,NA,NA,NA,NA,NA,NA,0,0,0,NA,NA,NA
"3259","ENST00000577335.2","ENSG00000133028.12","OTTHUMG00000130364.9","OTTHUMT00000440329.2","SCO1-202","SCO1",3108,"nonsense_mediated_decay",1087,54,0.904462873935699,"AAACT",0.5,NA,NA,NA,NA,NA,NA,NA,NA,NA,0,0,0,NA,NA,NA
"3260","ENST00000577335.2","ENSG00000133028.12","OTTHUMG00000130364.9","OTTHUMT00000440329.2","SCO1-202","SCO1",3108,"nonsense_mediated_decay",1221,57,0.925894677639008,"GAACT",0.649122807017544,NA,NA,NA,NA,NA,NA,NA,NA,NA,0,0,0,NA,NA,NA
"3261","ENST00000577335.2","ENSG00000133028.12","OTTHUMG00000130364.9","OTTHUMT00000440329.2","SCO1-202","SCO1",3108,"nonsense_mediated_decay",1424,60,0.986376821994781,"GGACT",0.883333333333333,NA,NA,NA,NA,NA,NA,NA,NA,NA,0,0,0,NA,NA,NA
"3262","ENST00000577419.5","ENSG00000178307.10","OTTHUMG00000178971.3","OTTHUMT00000444148.1","TMEM11-202","TMEM11",1246,"protein_coding_CDS_not_defined",726,54,0.968794643878937,"AAACT",0.777777777777778,NA,NA,NA,NA,NA,NA,NA,NA,NA,0,0,0,NA,NA,NA
"3263","ENST00000577419.5","ENSG00000178307.10","OTTHUMG00000178971.3","OTTHUMT00000444148.1","TMEM11-202","TMEM11",1246,"protein_coding_CDS_not_defined",807,64,0.955754518508911,"AGACT",0.640625,NA,NA,NA,NA,NA,NA,NA,NA,NA,0,0,0,NA,NA,NA
"3264","ENST00000577427.1","ENSG00000133028.12","OTTHUMG00000130364.9","OTTHUMT00000252730.2","SCO1-203","SCO1",1601,"protein_coding",884,53,0.900397896766663,"AAACT",0.509433962264151,NA,NA,NA,NA,NA,NA,NA,NA,NA,0,0,0,NA,NA,NA
"3265","ENST00000577427.1","ENSG00000133028.12","OTTHUMG00000130364.9","OTTHUMT00000252730.2","SCO1-203","SCO1",1601,"protein_coding",1018,56,0.928500950336456,"GAACT",0.660714285714286,NA,NA,NA,NA,NA,NA,NA,NA,NA,0,0,0,NA,NA,NA
"3266","ENST00000577427.1","ENSG00000133028.12","OTTHUMG00000130364.9","OTTHUMT00000252730.2","SCO1-203","SCO1",1601,"protein_coding",1221,58,0.985455930233002,"GGACT",0.879310344827586,NA,NA,NA,NA,NA,NA,NA,NA,NA,0,0,0,NA,NA,NA
"3267","ENST00000578552.6","ENSG00000169727.14","OTTHUMG00000178484.3","OTTHUMT00000442165.1","GPS1-208","GPS1",1841,"protein_coding",1549,127,0.900830566883087,"GGACC",0.503937007874016,NA,NA,NA,NA,NA,NA,NA,NA,NA,0,0,0,NA,NA,NA
"3268","ENST00000579520.5","ENSG00000169689.15","OTTHUMG00000132129.3","OTTHUMT00000441992.1","CENPX-204","CENPX",702,"protein_coding",364,239,0.917158305644989,"GGACT",0.573221757322176,NA,NA,NA,NA,NA,NA,NA,NA,NA,0,0,0,NA,NA,NA
"3269","ENST00000579624.1","ENSG00000133313.15","OTTHUMG00000132853.6","OTTHUMT00000444345.1","CNDP2-208","CNDP2",1176,"protein_coding",792,47,0.900224149227142,"GGACA",0.574468085106383,NA,NA,NA,NA,NA,NA,NA,NA,NA,0,0,0,NA,NA,NA
"3270","ENST00000579847.5","ENSG00000133313.15","OTTHUMG00000132853.6","OTTHUMT00000444323.1","CNDP2-209","CNDP2",2653,"protein_coding",2000,21,0.912230610847473,"AGACT",0.619047619047619,NA,NA,NA,NA,NA,NA,NA,NA,NA,0,0,0,NA,NA,NA
"3271","ENST00000579847.5","ENSG00000133313.15","OTTHUMG00000132853.6","OTTHUMT00000444323.1","CNDP2-209","CNDP2",2653,"protein_coding",2242,59,0.906776309013367,"GGACA",0.593220338983051,NA,NA,NA,NA,NA,NA,NA,NA,NA,0,0,0,NA,NA,NA
"3272","ENST00000579991.3","ENSG00000264364.3","OTTHUMG00000178783.3","OTTHUMT00000443338.3","DYNLL2-201","DYNLL2",6807,"protein_coding",605,26,0.918113470077515,"GGACT",0.576923076923077,NA,NA,NA,NA,NA,NA,NA,NA,NA,0,0,0,NA,NA,NA
"3273","ENST00000580435.5","ENSG00000169689.15","OTTHUMG00000132129.3","OTTHUMT00000441994.1","CENPX-206","CENPX",710,"protein_coding",373,242,0.917520821094513,"GGACT",0.578512396694215,NA,NA,NA,NA,NA,NA,NA,NA,NA,0,0,0,NA,NA,NA
"3274","ENST00000581777.2","ENSG00000125457.15","OTTHUMG00000179485.4","-","MIF4GD-213","MIF4GD",1400,"protein_coding",975,50,0.905449450016022,"AGACT",0.76,NA,NA,NA,NA,NA,NA,NA,NA,NA,0,0,0,NA,NA,NA
"3275","ENST00000582022.5","ENSG00000161526.15","OTTHUMG00000179798.3","OTTHUMT00000448241.2","SAP30BP-217","SAP30BP",2409,"nonsense_mediated_decay",887,65,0.915814697742462,"GGACT",0.615384615384615,NA,NA,NA,NA,NA,NA,NA,NA,NA,0,0,0,NA,NA,NA
"3276","ENST00000582022.5","ENSG00000161526.15","OTTHUMG00000179798.3","OTTHUMT00000448241.2","SAP30BP-217","SAP30BP",2409,"nonsense_mediated_decay",953,78,0.971452653408051,"GGACT",0.743589743589744,NA,NA,NA,NA,NA,NA,NA,NA,NA,0,0,0,NA,NA,NA
"3277","ENST00000582594.5","ENSG00000154845.16","OTTHUMG00000137466.4","OTTHUMT00000443564.1","PPP4R1-222","PPP4R1",2982,"retained_intron",2668,21,0.96294641494751,"GGACC",0.666666666666667,NA,NA,NA,NA,NA,NA,NA,NA,NA,0,0,0,NA,NA,NA
"3278","ENST00000583486.1","ENSG00000169727.14","OTTHUMG00000178484.3","OTTHUMT00000442185.1","GPS1-218","GPS1",796,"retained_intron",687,20,0.935625195503235,"AGACT",0.55,NA,NA,NA,NA,NA,NA,NA,NA,NA,0,0,0,NA,NA,NA
"3279","ENST00000584049.5","ENSG00000176697.20","OTTHUMG00000178797.3","OTTHUMT00000388103.1","BDNF-217","BDNF",4030,"protein_coding_CDS_not_defined",1207,23,0.907602965831757,"GAACT",0.478260869565217,NA,NA,NA,NA,NA,NA,NA,NA,NA,0,0,0,NA,NA,NA
"3280","ENST00000584049.5","ENSG00000176697.20","OTTHUMG00000178797.3","OTTHUMT00000388103.1","BDNF-217","BDNF",4030,"protein_coding_CDS_not_defined",1362,21,0.97495037317276,"GAACT",0.571428571428571,NA,NA,NA,NA,NA,NA,NA,NA,NA,0,0,0,NA,NA,NA
"3281","ENST00000584432.5","ENSG00000178307.10","OTTHUMG00000178971.3","OTTHUMT00000444147.1","TMEM11-205","TMEM11",1648,"protein_coding_CDS_not_defined",1124,54,0.97140109539032,"AAACT",0.777777777777778,NA,NA,NA,NA,NA,NA,NA,NA,NA,0,0,0,NA,NA,NA
"3282","ENST00000584432.5","ENSG00000178307.10","OTTHUMG00000178971.3","OTTHUMT00000444147.1","TMEM11-205","TMEM11",1648,"protein_coding_CDS_not_defined",1205,64,0.954894483089447,"AGACT",0.640625,NA,NA,NA,NA,NA,NA,NA,NA,NA,0,0,0,NA,NA,NA
"3283","ENST00000584514.5","ENSG00000169689.15","OTTHUMG00000132129.3","OTTHUMT00000441995.1","CENPX-209","CENPX",882,"protein_coding_CDS_not_defined",558,244,0.925103783607483,"GGACT",0.581967213114754,NA,NA,NA,NA,NA,NA,NA,NA,NA,0,0,0,NA,NA,NA
"3284","ENST00000584514.5","ENSG00000169689.15","OTTHUMG00000132129.3","OTTHUMT00000441995.1","CENPX-209","CENPX",882,"protein_coding_CDS_not_defined",650,218,0.902141869068146,"GGACA",0.481651376146789,NA,NA,NA,NA,NA,NA,NA,NA,NA,0,0,0,NA,NA,NA
"3285","ENST00000584581.5","ENSG00000133313.15","OTTHUMG00000132853.6","OTTHUMT00000444343.1","CNDP2-226","CNDP2",4523,"retained_intron",4122,56,0.916401982307434,"GGACA",0.607142857142857,NA,NA,NA,NA,NA,NA,NA,NA,NA,0,0,0,NA,NA,NA
"3286","ENST00000584600.5","ENSG00000169689.15","OTTHUMG00000132129.3","OTTHUMT00000441993.1","CENPX-210","CENPX",730,"protein_coding",393,232,0.922989726066589,"GGACT",0.586206896551724,NA,NA,NA,NA,NA,NA,NA,NA,NA,0,0,0,NA,NA,NA
"3287","ENST00000584667.6","ENSG00000161526.15","OTTHUMG00000179798.3","OTTHUMT00000448227.2","SAP30BP-225","SAP30BP",2500,"protein_coding",1047,80,0.973990201950073,"GGACT",0.7375,NA,NA,NA,NA,NA,NA,NA,NA,NA,0,0,0,NA,NA,NA
"3288","ENST00000585089.5","ENSG00000109083.14","OTTHUMG00000179412.5","OTTHUMT00000446152.1","IFT20-214","IFT20",1071,"protein_coding",748,22,0.992565453052521,"GAACT",0.818181818181818,NA,NA,NA,NA,NA,NA,NA,NA,NA,0,0,0,NA,NA,NA
"3289","ENST00000585318.6","ENSG00000130159.15","OTTHUMG00000178590.6","OTTHUMT00000442604.2","ECSIT-204","ECSIT",1510,"protein_coding",1317,100,0.982511579990387,"GGACT",0.9,NA,NA,NA,NA,NA,NA,NA,NA,NA,0,0,0,NA,NA,NA
"3290","ENST00000585603.6","ENSG00000105171.10","OTTHUMG00000182020.4","OTTHUMT00000458710.2","POP4-202","POP4",2556,"protein_coding",744,292,0.936161637306213,"GGACA",0.527397260273973,NA,NA,NA,NA,NA,NA,NA,NA,NA,0,0,0,NA,NA,NA
"3291","ENST00000585652.5","ENSG00000065000.20","OTTHUMG00000180354.6","OTTHUMT00000450911.1","AP3D1-202","AP3D1",4433,"retained_intron",4202,48,0.939654529094696,"GGACT",0.625,NA,NA,NA,NA,NA,NA,NA,NA,NA,0,0,0,NA,NA,NA
"3292","ENST00000585716.3","ENSG00000228300.14","OTTHUMG00000153928.8","OTTHUMT00000450061.3","FAM174C-204","FAM174C",558,"protein_coding_CDS_not_defined",401,106,0.90157151222229,"TGACT",0.575471698113208,NA,NA,NA,NA,NA,NA,NA,NA,NA,0,0,0,NA,NA,NA
"3293","ENST00000585749.5","ENSG00000132581.10","OTTHUMG00000132681.6","OTTHUMT00000255968.1","SDF2-203","SDF2",823,"protein_coding_CDS_not_defined",644,44,0.923552811145782,"GGACT",0.659090909090909,NA,NA,NA,NA,NA,NA,NA,NA,NA,0,0,0,NA,NA,NA
"3294","ENST00000585749.5","ENSG00000132581.10","OTTHUMG00000132681.6","OTTHUMT00000255968.1","SDF2-203","SDF2",823,"protein_coding_CDS_not_defined",753,20,0.938093781471252,"GGACT",0.65,NA,NA,NA,NA,NA,NA,NA,NA,NA,0,0,0,NA,NA,NA
"3295","ENST00000585809.6","ENSG00000065268.11","OTTHUMG00000181903.9","OTTHUMT00000458225.3","WDR18-202","WDR18",1521,"protein_coding",1403,217,0.955405294895172,"GGACT",0.709677419354839,NA,NA,NA,NA,NA,NA,NA,NA,NA,0,0,0,NA,NA,NA
"3296","ENST00000585933.2","ENSG00000153879.9","OTTHUMG00000180469.5","OTTHUMT00000451428.2","CEBPG-202","CEBPG",3845,"protein_coding",844,165,0.998052835464478,"GGACA",0.763636363636364,NA,NA,NA,NA,NA,NA,NA,NA,NA,0,0,0,NA,NA,NA
"3297","ENST00000585933.2","ENSG00000153879.9","OTTHUMG00000180469.5","OTTHUMT00000451428.2","CEBPG-202","CEBPG",3845,"protein_coding",950,177,0.937940061092377,"TGACT",0.553672316384181,NA,NA,NA,NA,NA,NA,NA,NA,NA,0,0,0,NA,NA,NA
"3298","ENST00000586040.5","ENSG00000175387.16","OTTHUMG00000132652.5","OTTHUMT00000450572.1","SMAD2-205","SMAD2",1971,"protein_coding",1397,65,0.914649963378906,"AGACT",0.692307692307692,NA,NA,NA,NA,NA,NA,NA,NA,NA,0,0,0,NA,NA,NA
"3299","ENST00000586040.5","ENSG00000175387.16","OTTHUMG00000132652.5","OTTHUMT00000450572.1","SMAD2-205","SMAD2",1971,"protein_coding",1446,67,0.950858056545258,"GGACT",0.805970149253731,NA,NA,NA,NA,NA,NA,NA,NA,NA,0,0,0,NA,NA,NA
"3300","ENST00000586171.3","ENSG00000160877.7","OTTHUMG00000180748.5","OTTHUMT00000452878.4","NACC1-203","NACC1",4524,"protein_coding",4284,103,0.927823483943939,"AGACT",0.553398058252427,NA,NA,NA,NA,NA,NA,NA,NA,NA,0,0,0,NA,NA,NA
"3301","ENST00000586276.5","ENSG00000108883.13","OTTHUMG00000179865.4","OTTHUMT00000448674.1","EFTUD2-205","EFTUD2",3678,"retained_intron",3222,83,0.95133376121521,"GGACT",0.72289156626506,NA,NA,NA,NA,NA,NA,NA,NA,NA,0,0,0,NA,NA,NA
"3302","ENST00000586283.6","ENSG00000099804.9","OTTHUMG00000180558.11","OTTHUMT00000474894.3","CDC34-202","CDC34",1147,"protein_coding",910,59,0.938100457191467,"GGACT",0.661016949152542,0,707,440,1,0,1,439,440,1146,0,0,1,NA,NA,0.664780763790665
"3303","ENST00000586544.1","ENSG00000129351.18","OTTHUMG00000180587.2","OTTHUMT00000452084.1","ILF3-204","ILF3",3859,"protein_coding_CDS_not_defined",963,44,0.930395007133484,"GGACT",0.681818181818182,NA,NA,NA,NA,NA,NA,NA,NA,NA,0,0,0,NA,NA,NA
"3304","ENST00000586544.1","ENSG00000129351.18","OTTHUMG00000180587.2","OTTHUMT00000452084.1","ILF3-204","ILF3",3859,"protein_coding_CDS_not_defined",3648,25,0.928375959396362,"GGACT",0.6,NA,NA,NA,NA,NA,NA,NA,NA,NA,0,0,0,NA,NA,NA
"3305","ENST00000586544.1","ENSG00000129351.18","OTTHUMG00000180587.2","OTTHUMT00000452084.1","ILF3-204","ILF3",3859,"protein_coding_CDS_not_defined",3762,30,0.915830850601196,"AGACT",0.533333333333333,NA,NA,NA,NA,NA,NA,NA,NA,NA,0,0,0,NA,NA,NA
"3306","ENST00000586738.5","ENSG00000181038.14","OTTHUMG00000180371.3","OTTHUMT00000450996.1","METTL23-203","METTL23",1059,"protein_coding",868,24,0.999719083309174,"GGACA",0.791666666666667,NA,NA,NA,NA,NA,NA,NA,NA,NA,0,0,0,NA,NA,NA
"3307","ENST00000586738.5","ENSG00000181038.14","OTTHUMG00000180371.3","OTTHUMT00000450996.1","METTL23-203","METTL23",1059,"protein_coding",903,28,0.947992622852325,"GGACA",0.607142857142857,NA,NA,NA,NA,NA,NA,NA,NA,NA,0,0,0,NA,NA,NA
"3308","ENST00000586942.7","ENSG00000163597.17","OTTHUMG00000132201.6","OTTHUMT00000450646.2","SNHG16-204","SNHG16",993,"lncRNA",755,42,0.956877052783966,"GGACT",0.714285714285714,NA,NA,NA,NA,NA,NA,NA,NA,NA,0,0,0,NA,NA,NA
"3309","ENST00000587001.6","ENSG00000065268.11","OTTHUMG00000181903.9","OTTHUMT00000458226.3","WDR18-204","WDR18",1465,"protein_coding",1347,170,0.958903193473816,"GGACT",0.723529411764706,NA,NA,NA,NA,NA,NA,NA,NA,NA,0,0,0,NA,NA,NA
"3310","ENST00000587079.5","ENSG00000071626.17","OTTHUMG00000180058.9","OTTHUMT00000473520.2","DAZAP1-205","DAZAP1",2086,"protein_coding",1368,140,0.902006328105927,"GAACT",0.507142857142857,NA,NA,NA,NA,NA,NA,NA,NA,NA,0,0,0,NA,NA,NA
"3311","ENST00000587079.5","ENSG00000071626.17","OTTHUMG00000180058.9","OTTHUMT00000473520.2","DAZAP1-205","DAZAP1",2086,"protein_coding",1472,152,0.911529779434204,"GGACT",0.697368421052632,NA,NA,NA,NA,NA,NA,NA,NA,NA,0,0,0,NA,NA,NA
"3312","ENST00000587161.5","ENSG00000118894.15","OTTHUMG00000129527.11","OTTHUMT00000435173.2","EEF2KMT-207","EEF2KMT",1282,"nonsense_mediated_decay",1014,25,0.985194683074951,"GGACT",0.68,NA,NA,NA,NA,NA,NA,NA,NA,NA,0,0,0,NA,NA,NA
"3313","ENST00000587161.5","ENSG00000118894.15","OTTHUMG00000129527.11","OTTHUMT00000435173.2","EEF2KMT-207","EEF2KMT",1282,"nonsense_mediated_decay",1104,23,0.986643373966217,"GGACT",0.956521739130435,NA,NA,NA,NA,NA,NA,NA,NA,NA,0,0,0,NA,NA,NA
"3314","ENST00000587252.5","ENSG00000171425.10","OTTHUMG00000180869.5","OTTHUMT00000453430.1","ZNF581-203","ZNF581",1324,"protein_coding",899,42,0.901878178119659,"GGACT",0.642857142857143,NA,NA,NA,NA,NA,NA,NA,NA,NA,0,0,0,NA,NA,NA
"3315","ENST00000587252.5","ENSG00000171425.10","OTTHUMG00000180869.5","OTTHUMT00000453430.1","ZNF581-203","ZNF581",1324,"protein_coding",1291,44,0.959192991256714,"AGACT",0.681818181818182,NA,NA,NA,NA,NA,NA,NA,NA,NA,0,0,0,NA,NA,NA
"3316","ENST00000587424.3","ENSG00000263465.5","OTTHUMG00000188534.3","OTTHUMT00000477545.2","SRSF8-201","SRSF8",4307,"protein_coding",1191,20,0.950083136558533,"GGACT",0.6,NA,NA,NA,NA,NA,NA,NA,NA,NA,0,0,0,NA,NA,NA
"3317","ENST00000587424.3","ENSG00000263465.5","OTTHUMG00000188534.3","OTTHUMT00000477545.2","SRSF8-201","SRSF8",4307,"protein_coding",2031,28,0.961586713790894,"GAACT",0.607142857142857,NA,NA,NA,NA,NA,NA,NA,NA,NA,0,0,0,NA,NA,NA
"3318","ENST00000587670.2","ENSG00000136448.13","OTTHUMG00000180003.4","OTTHUMT00000449240.1","NMT1-206","NMT1",4756,"nonsense_mediated_decay",1521,32,0.90116685628891,"GAACT",0.53125,NA,NA,NA,NA,NA,NA,NA,NA,NA,0,0,0,NA,NA,NA
"3319","ENST00000587928.5","ENSG00000129351.18","OTTHUMG00000180587.2","OTTHUMT00000452059.1","ILF3-207","ILF3",4230,"retained_intron",3885,48,0.949245989322662,"GGACT",0.6875,NA,NA,NA,NA,NA,NA,NA,NA,NA,0,0,0,NA,NA,NA
"3320","ENST00000587962.6","ENSG00000104886.12","OTTHUMG00000180425.5","OTTHUMT00000451259.2","PLEKHJ1-206","PLEKHJ1",1311,"protein_coding",798,55,0.947217762470245,"GGACT",0.618181818181818,NA,NA,NA,NA,NA,NA,NA,NA,NA,0,0,0,NA,NA,NA
"3321","ENST00000588202.5","ENSG00000257949.7","OTTHUMG00000132686.6","OTTHUMT00000449358.1","TEN1-204","TEN1",862,"protein_coding",823,26,0.948108375072479,"AGACT",0.5,NA,NA,NA,NA,NA,NA,NA,NA,NA,0,0,0,NA,NA,NA
"3322","ENST00000588213.1","ENSG00000123144.11","OTTHUMG00000180347.2","OTTHUMT00000450857.1","TRIR-202","TRIR",841,"protein_coding",670,394,0.957197427749634,"GGACT",0.67258883248731,NA,NA,NA,NA,NA,NA,NA,NA,NA,0,0,0,NA,NA,NA
"3323","ENST00000588282.5","ENSG00000108639.8","OTTHUMG00000177457.4","OTTHUMT00000437011.2","SYNGR2-203","SYNGR2",1553,"protein_coding",822,94,0.938997566699982,"GGACT",0.595744680851064,NA,NA,NA,NA,NA,NA,NA,NA,NA,0,0,0,NA,NA,NA
"3324","ENST00000588282.5","ENSG00000108639.8","OTTHUMG00000177457.4","OTTHUMT00000437011.2","SYNGR2-203","SYNGR2",1553,"protein_coding",1161,294,0.969239473342896,"AGACT",0.795918367346939,NA,NA,NA,NA,NA,NA,NA,NA,NA,0,0,0,NA,NA,NA
"3325","ENST00000588302.5","ENSG00000181038.14","OTTHUMG00000180371.3","OTTHUMT00000451000.1","METTL23-205","METTL23",925,"protein_coding",720,22,0.999793887138367,"GGACA",0.772727272727273,NA,NA,NA,NA,NA,NA,NA,NA,NA,0,0,0,NA,NA,NA
"3326","ENST00000588454.6","ENSG00000179218.15","OTTHUMG00000180574.3","OTTHUMT00000451954.2","CALR-206","CALR",1661,"protein_coding",1107,595,0.938473165035248,"GGACT",0.680672268907563,NA,NA,NA,NA,NA,NA,NA,NA,NA,0,0,0,NA,NA,NA
"3327","ENST00000588537.1","ENSG00000171425.10","OTTHUMG00000180869.5","OTTHUMT00000453588.1","ZNF581-204","ZNF581",1100,"protein_coding",676,42,0.903083145618439,"GGACT",0.642857142857143,NA,NA,NA,NA,NA,NA,NA,NA,NA,0,0,0,NA,NA,NA
"3328","ENST00000588537.1","ENSG00000171425.10","OTTHUMG00000180869.5","OTTHUMT00000453588.1","ZNF581-204","ZNF581",1100,"protein_coding",1068,44,0.95878678560257,"AGACT",0.681818181818182,NA,NA,NA,NA,NA,NA,NA,NA,NA,0,0,0,NA,NA,NA
"3329","ENST00000588538.5","ENSG00000099624.8","OTTHUMG00000180143.5","OTTHUMT00000449961.1","ATP5F1D-203","ATP5F1D",1393,"retained_intron",1351,102,0.940452396869659,"GAACT",0.529411764705882,NA,NA,NA,NA,NA,NA,NA,NA,NA,0,0,0,NA,NA,NA
"3330","ENST00000588643.1","ENSG00000167881.15","OTTHUMG00000180054.3","OTTHUMT00000449488.1","SRP68-207","SRP68",2040,"retained_intron",1820,58,0.95134437084198,"GAACT",0.655172413793103,NA,NA,NA,NA,NA,NA,NA,NA,NA,0,0,0,NA,NA,NA
"3331","ENST00000588657.6","ENSG00000129351.18","OTTHUMG00000180587.2","OTTHUMT00000452073.2","ILF3-209","ILF3",6017,"protein_coding",3119,50,0.943571627140045,"GGACT",0.66,NA,NA,NA,NA,NA,NA,NA,NA,NA,0,0,0,NA,NA,NA
"3332","ENST00000588657.6","ENSG00000129351.18","OTTHUMG00000180587.2","OTTHUMT00000452073.2","ILF3-209","ILF3",6017,"protein_coding",5804,25,0.930292367935181,"GGACT",0.6,NA,NA,NA,NA,NA,NA,NA,NA,NA,0,0,0,NA,NA,NA
"3333","ENST00000588657.6","ENSG00000129351.18","OTTHUMG00000180587.2","OTTHUMT00000452073.2","ILF3-209","ILF3",6017,"protein_coding",5918,30,0.915278971195221,"AGACT",0.533333333333333,NA,NA,NA,NA,NA,NA,NA,NA,NA,0,0,0,NA,NA,NA
"3334","ENST00000588692.5","ENSG00000123136.15","OTTHUMG00000182181.5","OTTHUMT00000459879.1","DDX39A-208","DDX39A",1478,"nonsense_mediated_decay",181,162,0.907727539539337,"GGACT",0.574074074074074,NA,NA,NA,NA,NA,NA,NA,NA,NA,0,0,0,NA,NA,NA
"3335","ENST00000588704.1","ENSG00000152240.13","OTTHUMG00000132638.6","OTTHUMT00000445240.1","HAUS1-205","HAUS1",937,"protein_coding_CDS_not_defined",759,27,0.912921130657196,"GAACT",0.666666666666667,NA,NA,NA,NA,NA,NA,NA,NA,NA,0,0,0,NA,NA,NA
"3336","ENST00000588783.5","ENSG00000181038.14","OTTHUMG00000180371.3","OTTHUMT00000450997.1","METTL23-207","METTL23",1184,"protein_coding",923,23,0.999683499336243,"GGACA",0.782608695652174,NA,NA,NA,NA,NA,NA,NA,NA,NA,0,0,0,NA,NA,NA
"3337","ENST00000588783.5","ENSG00000181038.14","OTTHUMG00000180371.3","OTTHUMT00000450997.1","METTL23-207","METTL23",1184,"protein_coding",958,48,0.914995133876801,"GGACA",0.541666666666667,NA,NA,NA,NA,NA,NA,NA,NA,NA,0,0,0,NA,NA,NA
"3338","ENST00000589097.6","ENSG00000104886.12","OTTHUMG00000180425.5","OTTHUMT00000530176.1","PLEKHJ1-211","PLEKHJ1",2250,"protein_coding",1742,58,0.950545132160187,"GGACT",0.620689655172414,NA,NA,NA,NA,NA,NA,NA,NA,NA,0,0,0,NA,NA,NA
"3339","ENST00000589168.1","ENSG00000108639.8","OTTHUMG00000177457.4","OTTHUMT00000437012.2","SYNGR2-204","SYNGR2",2125,"protein_coding",586,119,0.958411276340485,"GGACT",0.638655462184874,NA,NA,NA,NA,NA,NA,NA,NA,NA,0,0,0,NA,NA,NA
"3340","ENST00000589168.1","ENSG00000108639.8","OTTHUMG00000177457.4","OTTHUMT00000437012.2","SYNGR2-204","SYNGR2",2125,"protein_coding",925,344,0.964660882949829,"AGACT",0.787790697674419,NA,NA,NA,NA,NA,NA,NA,NA,NA,0,0,0,NA,NA,NA
"3341","ENST00000589223.5","ENSG00000065000.20","OTTHUMG00000180354.6","OTTHUMT00000450908.1","AP3D1-205","AP3D1",3357,"retained_intron",3120,51,0.930040299892426,"GGACT",0.666666666666667,NA,NA,NA,NA,NA,NA,NA,NA,NA,0,0,0,NA,NA,NA
"3342","ENST00000589318.5","ENSG00000123136.15","OTTHUMG00000182181.5","OTTHUMT00000459878.1","DDX39A-209","DDX39A",1903,"retained_intron",253,162,0.906359136104584,"GGACT",0.567901234567901,NA,NA,NA,NA,NA,NA,NA,NA,NA,0,0,0,NA,NA,NA
"3343","ENST00000589478.1","ENSG00000099624.8","OTTHUMG00000180143.5","OTTHUMT00000449963.1","ATP5F1D-204","ATP5F1D",640,"retained_intron",598,24,0.947175264358521,"GAACT",0.541666666666667,NA,NA,NA,NA,NA,NA,NA,NA,NA,0,0,0,NA,NA,NA
"3344","ENST00000589484.5","ENSG00000071626.17","OTTHUMG00000180058.9","OTTHUMT00000449527.3","DAZAP1-207","DAZAP1",3414,"retained_intron",2692,133,0.902758538722992,"GAACT",0.503759398496241,NA,NA,NA,NA,NA,NA,NA,NA,NA,0,0,0,NA,NA,NA
"3345","ENST00000589484.5","ENSG00000071626.17","OTTHUMG00000180058.9","OTTHUMT00000449527.3","DAZAP1-207","DAZAP1",3414,"retained_intron",2796,143,0.908482313156128,"GGACT",0.692307692307692,NA,NA,NA,NA,NA,NA,NA,NA,NA,0,0,0,NA,NA,NA
"3346","ENST00000589688.2","ENSG00000131462.9","OTTHUMG00000180277.4","OTTHUMT00000452323.1","TUBG1-204","TUBG1",1509,"nonsense_mediated_decay",1441,63,0.954014003276825,"GGACT",0.666666666666667,NA,NA,NA,NA,NA,NA,NA,NA,NA,0,0,0,NA,NA,NA
"3347","ENST00000589711.1","ENSG00000108639.8","OTTHUMG00000177457.4","OTTHUMT00000437010.2","SYNGR2-206","SYNGR2",2041,"protein_coding",502,25,0.963169455528259,"GGACT",0.68,NA,NA,NA,NA,NA,NA,NA,NA,NA,0,0,0,NA,NA,NA
"3348","ENST00000589711.1","ENSG00000108639.8","OTTHUMG00000177457.4","OTTHUMT00000437010.2","SYNGR2-206","SYNGR2",2041,"protein_coding",841,221,0.963600099086761,"AGACT",0.769230769230769,NA,NA,NA,NA,NA,NA,NA,NA,NA,0,0,0,NA,NA,NA
"3349","ENST00000589791.5","ENSG00000104886.12","OTTHUMG00000180425.5","OTTHUMT00000451256.2","PLEKHJ1-212","PLEKHJ1",1329,"protein_coding_CDS_not_defined",822,58,0.94457995891571,"GGACT",0.603448275862069,NA,NA,NA,NA,NA,NA,NA,NA,NA,0,0,0,NA,NA,NA
"3350","ENST00000589881.5","ENSG00000172466.16","OTTHUMG00000132565.6","OTTHUMT00000442598.2","ZNF24-204","ZNF24",7419,"protein_coding",7169,29,0.901407778263092,"GAACT",0.620689655172414,NA,NA,NA,NA,NA,NA,NA,NA,NA,0,0,0,NA,NA,NA
"3351","ENST00000589881.5","ENSG00000172466.16","OTTHUMG00000132565.6","OTTHUMT00000442598.2","ZNF24-204","ZNF24",7419,"protein_coding",7238,31,0.918676376342773,"GGACT",0.612903225806452,NA,NA,NA,NA,NA,NA,NA,NA,NA,0,0,0,NA,NA,NA
"3352","ENST00000590201.1","ENSG00000108639.8","OTTHUMG00000177457.4","OTTHUMT00000438291.1","SYNGR2-207","SYNGR2",2239,"protein_coding",700,102,0.932206332683563,"GGACT",0.57843137254902,NA,NA,NA,NA,NA,NA,NA,NA,NA,0,0,0,NA,NA,NA
"3353","ENST00000590201.1","ENSG00000108639.8","OTTHUMG00000177457.4","OTTHUMT00000438291.1","SYNGR2-207","SYNGR2",2239,"protein_coding",1039,307,0.966376721858978,"AGACT",0.785016286644951,NA,NA,NA,NA,NA,NA,NA,NA,NA,0,0,0,NA,NA,NA
"3354","ENST00000590261.5","ENSG00000129351.18","OTTHUMG00000180587.2","OTTHUMT00000452074.1","ILF3-218","ILF3",3219,"protein_coding",2875,48,0.947556138038635,"GGACT",0.6875,NA,NA,NA,NA,NA,NA,NA,NA,NA,0,0,0,NA,NA,NA
"3355","ENST00000590265.5","ENSG00000099624.8","OTTHUMG00000180143.5","OTTHUMT00000449960.1","ATP5F1D-205","ATP5F1D",1144,"retained_intron",1102,169,0.937349736690521,"GAACT",0.502958579881657,NA,NA,NA,NA,NA,NA,NA,NA,NA,0,0,0,NA,NA,NA
"3356","ENST00000590354.3","ENSG00000065268.11","OTTHUMG00000181903.9","OTTHUMT00000474030.3","WDR18-205","WDR18",678,"nonsense_mediated_decay",560,128,0.940256118774414,"GGACT",0.6875,NA,NA,NA,NA,NA,NA,NA,NA,NA,0,0,0,NA,NA,NA
"3357","ENST00000590367.5","ENSG00000108883.13","OTTHUMG00000179865.4","OTTHUMT00000448676.1","EFTUD2-218","EFTUD2",3638,"retained_intron",3288,83,0.954397976398468,"GGACT",0.72289156626506,NA,NA,NA,NA,NA,NA,NA,NA,NA,0,0,0,NA,NA,NA
"3358","ENST00000590505.1","ENSG00000142396.11","OTTHUMG00000150367.8","OTTHUMT00000459131.1","ERVK3-1-204","ERVK3-1",3889,"retained_intron",3627,43,0.917251467704773,"GAACT",0.674418604651163,NA,NA,NA,NA,NA,NA,NA,NA,NA,0,0,0,NA,NA,NA
"3359","ENST00000590550.6","ENSG00000071655.18","OTTHUMG00000180081.9","OTTHUMT00000473640.2","MBD3-207","MBD3",2782,"protein_coding",1716,30,0.992629110813141,"GGACT",0.933333333333333,NA,NA,NA,NA,NA,NA,NA,NA,NA,0,0,0,NA,NA,NA
"3360","ENST00000590550.6","ENSG00000071655.18","OTTHUMG00000180081.9","OTTHUMT00000473640.2","MBD3-207","MBD3",2782,"protein_coding",2219,154,0.980221092700958,"GGACT",0.857142857142857,NA,NA,NA,NA,NA,NA,NA,NA,NA,0,0,0,NA,NA,NA
"3361","ENST00000590550.6","ENSG00000071655.18","OTTHUMG00000180081.9","OTTHUMT00000473640.2","MBD3-207","MBD3",2782,"protein_coding",2420,164,0.975484311580658,"GGACT",0.810975609756098,NA,NA,NA,NA,NA,NA,NA,NA,NA,0,0,0,NA,NA,NA
"3362","ENST00000590665.5","ENSG00000152234.16","OTTHUMG00000132637.10","OTTHUMT00000445119.2","ATP5F1A-215","ATP5F1A",1793,"protein_coding",464,641,0.900553524494171,"GGACA",0.360374414976599,NA,NA,NA,NA,NA,NA,NA,NA,NA,0,0,0,NA,NA,NA
"3363","ENST00000590901.5","ENSG00000154832.16","OTTHUMG00000132670.12","OTTHUMT00000448605.2","CXXC1-214","CXXC1",2562,"retained_intron",2463,20,0.991767346858978,"GGACT",0.8,NA,NA,NA,NA,NA,NA,NA,NA,NA,0,0,0,NA,NA,NA
"3364","ENST00000590964.5","ENSG00000181038.14","OTTHUMG00000180371.3","OTTHUMT00000451001.1","METTL23-212","METTL23",1006,"protein_coding",803,24,0.999727368354797,"GGACA",0.75,NA,NA,NA,NA,NA,NA,NA,NA,NA,0,0,0,NA,NA,NA
"3365","ENST00000590977.5","ENSG00000108883.13","OTTHUMG00000179865.4","OTTHUMT00000448678.1","EFTUD2-219","EFTUD2",2422,"retained_intron",2073,74,0.950143575668335,"GGACT",0.689189189189189,NA,NA,NA,NA,NA,NA,NA,NA,NA,0,0,0,NA,NA,NA
"3366","ENST00000591099.6","ENSG00000104886.12","OTTHUMG00000180425.5","OTTHUMT00000451261.3","PLEKHJ1-213","PLEKHJ1",1092,"protein_coding",583,56,0.938008487224579,"GGACT",0.589285714285714,NA,NA,NA,NA,NA,NA,NA,NA,NA,0,0,0,NA,NA,NA
"3367","ENST00000591155.1","ENSG00000065268.11","OTTHUMG00000181903.9","OTTHUMT00000474655.1","WDR18-207","WDR18",417,"retained_intron",302,46,0.94025856256485,"GGACT",0.673913043478261,NA,NA,NA,NA,NA,NA,NA,NA,NA,0,0,0,NA,NA,NA
"3368","ENST00000591208.1","ENSG00000176014.13","OTTHUMG00000131692.4","OTTHUMT00000452807.1","TUBB6-211","TUBB6",1492,"protein_coding",1453,153,0.920045793056488,"AGACT",0.751633986928105,NA,NA,NA,NA,NA,NA,NA,NA,NA,0,0,0,NA,NA,NA
"3369","ENST00000591325.1","ENSG00000267216.1","OTTHUMG00000182074.1","OTTHUMT00000459138.1","ZNF8-ERVK3-1-201","ZNF8-ERVK3-1",4227,"lncRNA",3971,83,0.902416408061981,"GAACT",0.614457831325301,NA,NA,NA,NA,NA,NA,NA,NA,NA,0,0,0,NA,NA,NA
"3370","ENST00000591382.5","ENSG00000108883.13","OTTHUMG00000179865.4","OTTHUMT00000448677.1","EFTUD2-220","EFTUD2",3675,"protein_coding",3325,160,0.952350437641144,"GGACT",0.71875,NA,NA,NA,NA,NA,NA,NA,NA,NA,0,0,0,NA,NA,NA
"3371","ENST00000591607.1","ENSG00000142252.11","OTTHUMG00000181768.2","OTTHUMT00000457531.1","GEMIN7-203","GEMIN7",848,"protein_coding",626,24,0.976758539676666,"GGACT",0.916666666666667,NA,NA,NA,NA,NA,NA,NA,NA,NA,0,0,0,NA,NA,NA
"3372","ENST00000591607.1","ENSG00000142252.11","OTTHUMG00000181768.2","OTTHUMT00000457531.1","GEMIN7-203","GEMIN7",848,"protein_coding",715,23,0.970663845539093,"GAACT",0.608695652173913,NA,NA,NA,NA,NA,NA,NA,NA,NA,0,0,0,NA,NA,NA
"3373","ENST00000591649.5","ENSG00000129351.18","OTTHUMG00000180587.2","OTTHUMT00000452083.1","ILF3-220","ILF3",2579,"retained_intron",2234,46,0.939384758472443,"GGACT",0.673913043478261,NA,NA,NA,NA,NA,NA,NA,NA,NA,0,0,0,NA,NA,NA
"3374","ENST00000591715.5","ENSG00000152240.13","OTTHUMG00000132638.6","OTTHUMT00000445235.1","HAUS1-208","HAUS1",1098,"nonsense_mediated_decay",859,94,0.921357035636902,"GAACT",0.648936170212766,NA,NA,NA,NA,NA,NA,NA,NA,NA,0,0,0,NA,NA,NA
"3375","ENST00000591919.5","ENSG00000167671.12","OTTHUMG00000181954.8","OTTHUMT00000458446.1","UBXN6-207","UBXN6",1613,"protein_coding",648,22,0.988133192062378,"GAACT",0.681818181818182,NA,NA,NA,NA,NA,NA,NA,NA,NA,0,0,0,NA,NA,NA
"3376","ENST00000591985.6","ENSG00000065268.11","OTTHUMG00000181903.9","OTTHUMT00000458227.3","WDR18-209","WDR18",1498,"nonsense_mediated_decay",1383,204,0.954392313957214,"GGACT",0.705882352941177,NA,NA,NA,NA,NA,NA,NA,NA,NA,0,0,0,NA,NA,NA
"3377","ENST00000592012.5","ENSG00000071655.18","OTTHUMG00000180081.9","OTTHUMT00000473835.1","MBD3-209","MBD3",2379,"nonsense_mediated_decay",1188,88,0.99396014213562,"AGACT",0.761363636363636,NA,NA,NA,NA,NA,NA,NA,NA,NA,0,0,0,NA,NA,NA
"3378","ENST00000592012.5","ENSG00000071655.18","OTTHUMG00000180081.9","OTTHUMT00000473835.1","MBD3-209","MBD3",2379,"nonsense_mediated_decay",1279,108,0.907552480697632,"AAACT",0.472222222222222,NA,NA,NA,NA,NA,NA,NA,NA,NA,0,0,0,NA,NA,NA
"3379","ENST00000592012.5","ENSG00000071655.18","OTTHUMG00000180081.9","OTTHUMT00000473835.1","MBD3-209","MBD3",2379,"nonsense_mediated_decay",1313,116,0.990164577960968,"GGACT",0.879310344827586,NA,NA,NA,NA,NA,NA,NA,NA,NA,0,0,0,NA,NA,NA
"3380","ENST00000592012.5","ENSG00000071655.18","OTTHUMG00000180081.9","OTTHUMT00000473835.1","MBD3-209","MBD3",2379,"nonsense_mediated_decay",1534,163,0.925272822380066,"GGACT",0.662576687116564,NA,NA,NA,NA,NA,NA,NA,NA,NA,0,0,0,NA,NA,NA
"3381","ENST00000592012.5","ENSG00000071655.18","OTTHUMG00000180081.9","OTTHUMT00000473835.1","MBD3-209","MBD3",2379,"nonsense_mediated_decay",1816,209,0.981936633586884,"GGACT",0.851674641148325,NA,NA,NA,NA,NA,NA,NA,NA,NA,0,0,0,NA,NA,NA
"3382","ENST00000592012.5","ENSG00000071655.18","OTTHUMG00000180081.9","OTTHUMT00000473835.1","MBD3-209","MBD3",2379,"nonsense_mediated_decay",2017,213,0.975957632064819,"GGACT",0.821596244131455,NA,NA,NA,NA,NA,NA,NA,NA,NA,0,0,0,NA,NA,NA
"3383","ENST00000592250.5","ENSG00000132581.10","OTTHUMG00000132681.6","OTTHUMT00000255967.1","SDF2-210","SDF2",1025,"protein_coding_CDS_not_defined",846,103,0.956443250179291,"GGACT",0.757281553398058,NA,NA,NA,NA,NA,NA,NA,NA,NA,0,0,0,NA,NA,NA
"3384","ENST00000592250.5","ENSG00000132581.10","OTTHUMG00000132681.6","OTTHUMT00000255967.1","SDF2-210","SDF2",1025,"protein_coding_CDS_not_defined",955,92,0.913030564785004,"GGACT",0.58695652173913,NA,NA,NA,NA,NA,NA,NA,NA,NA,0,0,0,NA,NA,NA
"3385","ENST00000592273.5","ENSG00000123144.11","OTTHUMG00000180347.2","OTTHUMT00000450855.1","TRIR-205","TRIR",783,"protein_coding",610,275,0.956717431545258,"GGACT",0.658181818181818,NA,NA,NA,NA,NA,NA,NA,NA,NA,0,0,0,NA,NA,NA
"3386","ENST00000592456.1","ENSG00000108639.8","OTTHUMG00000177457.4","OTTHUMT00000437013.1","SYNGR2-209","SYNGR2",3036,"protein_coding_CDS_not_defined",2305,44,0.943592429161072,"GGACT",0.636363636363636,NA,NA,NA,NA,NA,NA,NA,NA,NA,0,0,0,NA,NA,NA
"3387","ENST00000592456.1","ENSG00000108639.8","OTTHUMG00000177457.4","OTTHUMT00000437013.1","SYNGR2-209","SYNGR2",3036,"protein_coding_CDS_not_defined",2644,213,0.963788270950317,"AGACT",0.774647887323944,NA,NA,NA,NA,NA,NA,NA,NA,NA,0,0,0,NA,NA,NA
"3388","ENST00000592522.5","ENSG00000071626.17","OTTHUMG00000180058.9","OTTHUMT00000473519.2","DAZAP1-211","DAZAP1",2157,"protein_coding",1539,150,0.911676287651062,"GGACT",0.7,NA,NA,NA,NA,NA,NA,NA,NA,NA,0,0,0,NA,NA,NA
"3389","ENST00000592576.5","ENSG00000108883.13","OTTHUMG00000179865.4","OTTHUMT00000448675.1","EFTUD2-223","EFTUD2",3364,"protein_coding",2964,160,0.954346895217896,"GGACT",0.71875,67,408,2889,1,67,68,2955,2956,3363,0,0,1,NA,NA,0.0196078431372549
"3390","ENST00000592654.3","ENSG00000136448.13","OTTHUMG00000180003.4","OTTHUMT00000449244.2","NMT1-211","NMT1",1939,"protein_coding",1707,47,0.949135780334473,"GAACT",0.595744680851064,NA,NA,NA,NA,NA,NA,NA,NA,NA,0,0,0,NA,NA,NA
"3391","ENST00000592737.5","ENSG00000125912.11","OTTHUMG00000180687.5","OTTHUMT00000452549.1","NCLN-208","NCLN",2735,"protein_coding",1018,46,0.994213283061981,"AGACT",0.826086956521739,NA,NA,NA,NA,NA,NA,NA,NA,NA,0,0,0,NA,NA,NA
"3392","ENST00000592737.5","ENSG00000125912.11","OTTHUMG00000180687.5","OTTHUMT00000452549.1","NCLN-208","NCLN",2735,"protein_coding",1103,60,0.941036880016327,"GGACT",0.683333333333333,NA,NA,NA,NA,NA,NA,NA,NA,NA,0,0,0,NA,NA,NA
"3393","ENST00000592782.5","ENSG00000136448.13","OTTHUMG00000180003.4","OTTHUMT00000449239.1","NMT1-212","NMT1",4999,"protein_coding",1737,58,0.954351902008057,"GAACT",0.620689655172414,NA,NA,NA,NA,NA,NA,NA,NA,NA,0,0,0,NA,NA,NA
"3394","ENST00000592937.1","ENSG00000099860.9","OTTHUMG00000180434.4","OTTHUMT00000451336.2","GADD45B-206","GADD45B",2007,"retained_intron",1826,50,0.933529198169708,"GGACT",0.72,NA,NA,NA,NA,NA,NA,NA,NA,NA,0,0,0,NA,NA,NA
"3395","ENST00000593445.5","ENSG00000269858.6","OTTHUMG00000182703.6","OTTHUMT00000463920.1","EGLN2-204","EGLN2",3034,"retained_intron",2935,60,0.909149765968323,"GGACT",0.75,NA,NA,NA,NA,NA,NA,NA,NA,NA,0,0,0,NA,NA,NA
"3396","ENST00000593726.5","ENSG00000269858.6","OTTHUMG00000182703.6","OTTHUMT00000463218.1","EGLN2-207","EGLN2",2821,"protein_coding",2721,79,0.910255789756775,"GGACT",0.759493670886076,NA,NA,NA,NA,NA,NA,NA,NA,NA,0,0,0,NA,NA,NA
"3397","ENST00000593829.6","ENSG00000130520.11","OTTHUMG00000183357.11","OTTHUMT00000466321.1","LSM4-203","LSM4",1704,"protein_coding",866,486,0.943668186664581,"GGACT",0.699588477366255,NA,NA,NA,NA,NA,NA,NA,NA,NA,0,0,0,NA,NA,NA
"3398","ENST00000593832.1","ENSG00000130309.12","OTTHUMG00000182893.3","OTTHUMT00000464223.1","COLGALT1-202","COLGALT1",2941,"retained_intron",1216,20,0.91381847858429,"GAACT",0.5,NA,NA,NA,NA,NA,NA,NA,NA,NA,0,0,0,NA,NA,NA
"3399","ENST00000594099.6","ENSG00000132002.9","OTTHUMG00000183289.4","OTTHUMT00000465994.3","DNAJB1-203","DNAJB1",2600,"protein_coding",2228,22,0.946778059005737,"GGACT",0.681818181818182,NA,NA,NA,NA,NA,NA,NA,NA,NA,0,0,0,NA,NA,NA
"3400","ENST00000594136.2","ENSG00000171570.11","OTTHUMG00000182702.4","OTTHUMT00000464583.3","RAB4B-EGLN2-201","RAB4B-EGLN2",2774,"nonsense_mediated_decay",2689,54,0.91797935962677,"GGACT",0.759259259259259,NA,NA,NA,NA,NA,NA,NA,NA,NA,0,0,0,NA,NA,NA
"3401","ENST00000594991.5","ENSG00000105281.12","OTTHUMG00000183434.3","OTTHUMT00000466632.1","SLC1A5-205","SLC1A5",2031,"protein_coding",1450,70,0.974822700023651,"GGACA",0.757142857142857,NA,NA,NA,NA,NA,NA,NA,NA,NA,0,0,0,NA,NA,NA
"3402","ENST00000595227.5","ENSG00000105402.8","OTTHUMG00000183294.4","OTTHUMT00000466049.1","NAPA-210","NAPA",1460,"protein_coding",543,26,0.93193918466568,"GGACA",0.576923076923077,NA,NA,NA,NA,NA,NA,NA,NA,NA,0,0,0,NA,NA,NA
"3403","ENST00000595227.5","ENSG00000105402.8","OTTHUMG00000183294.4","OTTHUMT00000466049.1","NAPA-210","NAPA",1460,"protein_coding",1028,24,0.975744962692261,"GGACA",0.625,NA,NA,NA,NA,NA,NA,NA,NA,NA,0,0,0,NA,NA,NA
"3404","ENST00000595961.5","ENSG00000105197.11","OTTHUMG00000183066.6","OTTHUMT00000464948.1","TIMM50-205","TIMM50",2576,"retained_intron",1321,23,0.990415036678314,"GGACT",0.91304347826087,NA,NA,NA,NA,NA,NA,NA,NA,NA,0,0,0,NA,NA,NA
"3405","ENST00000596075.2","ENSG00000132002.9","OTTHUMG00000183289.4","OTTHUMT00000465997.3","DNAJB1-206","DNAJB1",2278,"protein_coding",1899,21,0.988135874271393,"GGACT",0.80952380952381,NA,NA,NA,NA,NA,NA,NA,NA,NA,0,0,0,NA,NA,NA
"3406","ENST00000596075.2","ENSG00000132002.9","OTTHUMG00000183289.4","OTTHUMT00000465997.3","DNAJB1-206","DNAJB1",2278,"protein_coding",1906,24,0.965806245803833,"GGACT",0.75,NA,NA,NA,NA,NA,NA,NA,NA,NA,0,0,0,NA,NA,NA
"3407","ENST00000596287.6","ENSG00000293495.1","-","OTTHUMT00000464125.2","C19orf48P-204","C19orf48P",1364,"lncRNA",496,20,0.978916049003601,"GGACA",0.6,NA,NA,NA,NA,NA,NA,NA,NA,NA,0,0,0,NA,NA,NA
"3408","ENST00000596287.6","ENSG00000293495.1","-","OTTHUMT00000464125.2","C19orf48P-204","C19orf48P",1364,"lncRNA",887,153,0.967162609100342,"GGACA",0.660130718954248,NA,NA,NA,NA,NA,NA,NA,NA,NA,0,0,0,NA,NA,NA
"3409","ENST00000596657.1","ENSG00000125652.8","OTTHUMG00000180792.3","OTTHUMT00000453037.1","ALKBH7-202","ALKBH7",603,"protein_coding",598,22,0.945255637168884,"GGACA",0.5,NA,NA,NA,NA,NA,NA,NA,NA,NA,0,0,0,NA,NA,NA
"3410","ENST00000596853.6","ENSG00000132002.9","OTTHUMG00000183289.4","OTTHUMT00000465992.3","DNAJB1-207","DNAJB1",2137,"protein_coding",1765,21,0.968517363071442,"GGACT",0.714285714285714,NA,NA,NA,NA,NA,NA,NA,NA,NA,0,0,0,NA,NA,NA
"3411","ENST00000596995.1","ENSG00000142230.13","OTTHUMG00000183464.5","OTTHUMT00000466776.1","SAE1-207","SAE1",2106,"nonsense_mediated_decay",1570,109,0.90753185749054,"GGACT",0.513761467889908,NA,NA,NA,NA,NA,NA,NA,NA,NA,0,0,0,NA,NA,NA
"3412","ENST00000597017.5","ENSG00000105438.9","OTTHUMG00000183215.3","OTTHUMT00000465709.1","KDELR1-203","KDELR1",1594,"protein_coding",801,119,0.96359783411026,"AGACA",0.789915966386555,NA,NA,NA,NA,NA,NA,NA,NA,NA,0,0,0,NA,NA,NA
"3413","ENST00000597020.5","ENSG00000042753.12","OTTHUMG00000183437.2","OTTHUMT00000466645.1","AP2S1-204","AP2S1",707,"protein_coding",302,484,0.926602065563202,"GAACT",0.576446280991736,NA,NA,NA,NA,NA,NA,NA,NA,NA,0,0,0,NA,NA,NA
"3414","ENST00000597493.7","ENSG00000293495.1","-","OTTHUMT00000464127.2","C19orf48P-207","C19orf48P",1575,"lncRNA",716,132,0.956683814525604,"GGACA",0.636363636363636,NA,NA,NA,NA,NA,NA,NA,NA,NA,0,0,0,NA,NA,NA
"3415","ENST00000597493.7","ENSG00000293495.1","-","OTTHUMT00000464127.2","C19orf48P-207","C19orf48P",1575,"lncRNA",778,181,0.930611252784729,"GGACA",0.591160220994475,NA,NA,NA,NA,NA,NA,NA,NA,NA,0,0,0,NA,NA,NA
"3416","ENST00000597493.7","ENSG00000293495.1","-","OTTHUMT00000464127.2","C19orf48P-207","C19orf48P",1575,"lncRNA",1107,253,0.944093644618988,"GGACA",0.604743083003953,NA,NA,NA,NA,NA,NA,NA,NA,NA,0,0,0,NA,NA,NA
"3417","ENST00000597705.7","ENSG00000293495.1","-","OTTHUMT00000464126.2","C19orf48P-208","C19orf48P",1411,"lncRNA",540,40,0.988673985004425,"GGACA",0.7,NA,NA,NA,NA,NA,NA,NA,NA,NA,0,0,0,NA,NA,NA
"3418","ENST00000597705.7","ENSG00000293495.1","-","OTTHUMT00000464126.2","C19orf48P-208","C19orf48P",1411,"lncRNA",602,76,0.930575668811798,"GGACA",0.618421052631579,NA,NA,NA,NA,NA,NA,NA,NA,NA,0,0,0,NA,NA,NA
"3419","ENST00000597705.7","ENSG00000293495.1","-","OTTHUMT00000464126.2","C19orf48P-208","C19orf48P",1411,"lncRNA",931,147,0.955057978630066,"GGACA",0.646258503401361,NA,NA,NA,NA,NA,NA,NA,NA,NA,0,0,0,NA,NA,NA
"3420","ENST00000597912.1","ENSG00000243137.8","OTTHUMG00000151544.7","OTTHUMT00000463910.1","PSG4-212","PSG4",2294,"retained_intron",1577,21,0.957699477672577,"GGACT",0.80952380952381,NA,NA,NA,NA,NA,NA,NA,NA,NA,0,0,0,NA,NA,NA
"3421","ENST00000597912.1","ENSG00000243137.8","OTTHUMG00000151544.7","OTTHUMT00000463910.1","PSG4-212","PSG4",2294,"retained_intron",2001,24,0.950281262397766,"GGACT",0.666666666666667,NA,NA,NA,NA,NA,NA,NA,NA,NA,0,0,0,NA,NA,NA
"3422","ENST00000598036.1","ENSG00000268902.4","OTTHUMG00000022641.6","OTTHUMT00000477034.2","CSAG2-201","CSAG2",789,"protein_coding_CDS_not_defined",627,20,0.972465932369232,"GGACA",0.65,NA,NA,NA,NA,NA,NA,NA,NA,NA,0,0,0,NA,NA,NA
"3423","ENST00000598188.6","ENSG00000105393.16","OTTHUMG00000182755.3","OTTHUMT00000463469.2","BABAM1-208","BABAM1",1377,"protein_coding",1168,136,0.956866085529327,"GGACC",0.514705882352941,NA,NA,NA,NA,NA,NA,NA,NA,NA,0,0,0,NA,NA,NA
"3424","ENST00000598463.5","ENSG00000293495.1","-","OTTHUMT00000464107.1","C19orf48P-209","C19orf48P",1844,"lncRNA",990,130,0.959295392036438,"GGACA",0.646153846153846,NA,NA,NA,NA,NA,NA,NA,NA,NA,0,0,0,NA,NA,NA
"3425","ENST00000598463.5","ENSG00000293495.1","-","OTTHUMT00000464107.1","C19orf48P-209","C19orf48P",1844,"lncRNA",1052,183,0.915183842182159,"GGACA",0.573770491803279,NA,NA,NA,NA,NA,NA,NA,NA,NA,0,0,0,NA,NA,NA
"3426","ENST00000598463.5","ENSG00000293495.1","-","OTTHUMT00000464107.1","C19orf48P-209","C19orf48P",1844,"lncRNA",1381,255,0.930222392082214,"GGACA",0.572549019607843,NA,NA,NA,NA,NA,NA,NA,NA,NA,0,0,0,NA,NA,NA
"3427","ENST00000599255.5","ENSG00000142227.11","OTTHUMG00000183196.3","OTTHUMT00000465617.1","EMP3-208","EMP3",667,"nonsense_mediated_decay",267,122,0.969991683959961,"GGACT",0.778688524590164,NA,NA,NA,NA,NA,NA,NA,NA,NA,0,0,0,NA,NA,NA
"3428","ENST00000599612.3","ENSG00000254858.10","OTTHUMG00000165628.9","OTTHUMT00000466294.3","MPV17L2-204","MPV17L2",1578,"protein_coding",851,66,0.917621374130249,"GGACT",0.545454545454545,NA,NA,NA,NA,NA,NA,NA,NA,NA,0,0,0,NA,NA,NA
"3429","ENST00000599672.6","ENSG00000126749.17","OTTHUMG00000188247.3","OTTHUMT00000401804.6","EMG1-202","EMG1",4873,"protein_coding",843,329,0.945501327514648,"AGACT",0.553191489361702,NA,NA,NA,NA,NA,NA,NA,NA,NA,0,0,0,NA,NA,NA
"3430","ENST00000599990.5","ENSG00000042753.12","OTTHUMG00000183437.2","OTTHUMT00000466641.1","AP2S1-207","AP2S1",829,"protein_coding",410,488,0.928277015686035,"GAACT",0.579918032786885,105,289,435,1,105,106,539,540,828,0,1,0,NA,0.701149425287356,NA
"3431","ENST00000600252.5","ENSG00000105137.13","OTTHUMG00000183207.4","OTTHUMT00000465668.1","SYDE1-203","SYDE1",3832,"protein_coding",3341,47,0.913779973983765,"GGACA",0.553191489361702,NA,NA,NA,NA,NA,NA,NA,NA,NA,0,0,0,NA,NA,NA
"3432","ENST00000600289.6","ENSG00000130520.11","OTTHUMG00000183357.11","OTTHUMT00000466323.2","LSM4-206","LSM4",1113,"nonsense_mediated_decay",955,306,0.938581943511963,"GGACT",0.699346405228758,NA,NA,NA,NA,NA,NA,NA,NA,NA,0,0,0,NA,NA,NA
"3433","ENST00000600440.5","ENSG00000105137.13","OTTHUMG00000183207.4","OTTHUMT00000465667.1","SYDE1-204","SYDE1",3058,"protein_coding",2070,23,0.95261138677597,"GGACC",0.652173913043478,NA,NA,NA,NA,NA,NA,NA,NA,NA,0,0,0,NA,NA,NA
"3434","ENST00000600440.5","ENSG00000105137.13","OTTHUMG00000183207.4","OTTHUMT00000465667.1","SYDE1-204","SYDE1",3058,"protein_coding",2189,20,0.961919069290161,"AGACT",0.7,NA,NA,NA,NA,NA,NA,NA,NA,NA,0,0,0,NA,NA,NA
"3435","ENST00000600440.5","ENSG00000105137.13","OTTHUMG00000183207.4","OTTHUMT00000465667.1","SYDE1-204","SYDE1",3058,"protein_coding",2556,54,0.925247073173523,"GGACA",0.592592592592593,NA,NA,NA,NA,NA,NA,NA,NA,NA,0,0,0,NA,NA,NA
"3436","ENST00000601043.5","ENSG00000105393.16","OTTHUMG00000182755.3","OTTHUMT00000463475.1","BABAM1-213","BABAM1",1366,"protein_coding",1157,136,0.95843768119812,"GGACC",0.514705882352941,NA,NA,NA,NA,NA,NA,NA,NA,NA,0,0,0,NA,NA,NA
"3437","ENST00000601498.5","ENSG00000042753.12","OTTHUMG00000183437.2","OTTHUMT00000466640.1","AP2S1-209","AP2S1",898,"protein_coding",479,491,0.927148878574371,"GAACT",0.582484725050917,NA,NA,NA,NA,NA,NA,NA,NA,NA,0,0,0,NA,NA,NA
"3438","ENST00000602720.5","ENSG00000167881.15","OTTHUMG00000180054.3","-","SRP68-212","SRP68",2037,"protein_coding",1488,96,0.960195302963257,"GAACT",0.677083333333333,NA,NA,NA,NA,NA,NA,NA,NA,NA,0,0,0,NA,NA,NA
"3439","ENST00000602748.5","ENSG00000055130.18","OTTHUMG00000152776.7","OTTHUMT00000467784.1","CUL1-203","CUL1",3054,"protein_coding",2810,51,0.975815296173096,"GGACA",0.705882352941177,NA,NA,NA,NA,NA,NA,NA,NA,NA,0,0,0,NA,NA,NA
"3440","ENST00000602748.5","ENSG00000055130.18","OTTHUMG00000152776.7","OTTHUMT00000467784.1","CUL1-203","CUL1",3054,"protein_coding",2848,93,0.936243653297424,"GGACT",0.634408602150538,NA,NA,NA,NA,NA,NA,NA,NA,NA,0,0,0,NA,NA,NA
"3441","ENST00000602775.5","ENSG00000213523.12","OTTHUMG00000163569.4","OTTHUMT00000374261.2","SRA1-205","SRA1",1466,"retained_intron",919,262,0.960338473320007,"AGACT",0.702290076335878,NA,NA,NA,NA,NA,NA,NA,NA,NA,0,0,0,NA,NA,NA
"3442","ENST00000602845.2","ENSG00000270170.2","OTTHUMG00000184107.3","OTTHUMT00000468038.3","NCBP2AS2-201","NCBP2AS2",870,"protein_coding",647,107,0.977318823337555,"GGACT",0.85981308411215,NA,NA,NA,NA,NA,NA,NA,NA,NA,0,0,0,NA,NA,NA
"3443","ENST00000602845.2","ENSG00000270170.2","OTTHUMG00000184107.3","OTTHUMT00000468038.3","NCBP2AS2-201","NCBP2AS2",870,"protein_coding",679,119,0.944661140441895,"TGACT",0.605042016806723,NA,NA,NA,NA,NA,NA,NA,NA,NA,0,0,0,NA,NA,NA
"3444","ENST00000602845.2","ENSG00000270170.2","OTTHUMG00000184107.3","OTTHUMT00000468038.3","NCBP2AS2-201","NCBP2AS2",870,"protein_coding",693,118,0.979748666286469,"GGACA",0.652542372881356,NA,NA,NA,NA,NA,NA,NA,NA,NA,0,0,0,NA,NA,NA
"3445","ENST00000602845.2","ENSG00000270170.2","OTTHUMG00000184107.3","OTTHUMT00000468038.3","NCBP2AS2-201","NCBP2AS2",870,"protein_coding",826,113,0.912238001823425,"GGACT",0.566371681415929,NA,NA,NA,NA,NA,NA,NA,NA,NA,0,0,0,NA,NA,NA
"3446","ENST00000602875.5","ENSG00000213523.12","OTTHUMG00000163569.4","OTTHUMT00000468009.1","SRA1-206","SRA1",769,"retained_intron",706,31,0.902622044086456,"AGACT",0.548387096774194,NA,NA,NA,NA,NA,NA,NA,NA,NA,0,0,0,NA,NA,NA
"3447","ENST00000603946.5","ENSG00000166197.17","OTTHUMG00000018944.5","OTTHUMT00000470037.1","NOLC1-208","NOLC1",3217,"nonsense_mediated_decay",922,20,0.914507806301117,"GGACA",0.4,NA,NA,NA,NA,NA,NA,NA,NA,NA,0,0,0,NA,NA,NA
"3448","ENST00000605788.6","ENSG00000166197.17","OTTHUMG00000018944.5","OTTHUMT00000050012.2","NOLC1-209","NOLC1",3723,"protein_coding",1424,21,0.919693410396576,"GGACA",0.428571428571428,NA,NA,NA,NA,NA,NA,NA,NA,NA,0,0,0,NA,NA,NA
"3449","ENST00000606065.3","ENSG00000099804.9","OTTHUMG00000180558.11","OTTHUMT00000471238.3","CDC34-205","CDC34",1062,"protein_coding",830,59,0.934747219085693,"GGACT",0.661016949152542,NA,NA,NA,NA,NA,NA,NA,NA,NA,0,0,0,NA,NA,NA
"3450","ENST00000606162.6","ENSG00000122378.14","OTTHUMG00000018614.4","OTTHUMT00000049074.3","PRXL2A-205","PRXL2A",5801,"protein_coding",967,93,0.911068677902222,"AGACT",0.548387096774194,NA,NA,NA,NA,NA,NA,NA,NA,NA,0,0,0,NA,NA,NA
"3451","ENST00000606369.5","ENSG00000182149.21","OTTHUMG00000137597.9","-","IST1-226","IST1",3583,"protein_coding",953,24,0.993833720684052,"AGACT",0.875,NA,NA,NA,NA,NA,NA,NA,NA,NA,0,0,0,NA,NA,NA
"3452","ENST00000606400.3","ENSG00000099804.9","OTTHUMG00000180558.11","OTTHUMT00000457366.5","CDC34-206","CDC34",899,"retained_intron",712,53,0.940681219100952,"GGACT",0.679245283018868,NA,NA,NA,NA,NA,NA,NA,NA,NA,0,0,0,NA,NA,NA
"3453","ENST00000607440.5","ENSG00000065268.11","OTTHUMG00000181903.9","OTTHUMT00000474026.1","WDR18-211","WDR18",1397,"protein_coding",1279,215,0.957044780254364,"GGACT",0.711627906976744,NA,NA,NA,NA,NA,NA,NA,NA,NA,0,0,0,NA,NA,NA
"3454","ENST00000607714.6","ENSG00000105197.11","OTTHUMG00000183066.6","OTTHUMT00000470728.3","TIMM50-219","TIMM50",5037,"protein_coding",1233,63,0.974937260150909,"GGACT",0.793650793650794,NA,NA,NA,NA,NA,NA,NA,NA,NA,0,0,0,NA,NA,NA
"3455","ENST00000608100.5","ENSG00000128944.14","OTTHUMG00000172454.3","OTTHUMT00000473005.1","KNSTRN-216","KNSTRN",1495,"protein_coding",935,119,0.977631568908691,"GGACT",0.663865546218487,NA,NA,NA,NA,NA,NA,NA,NA,NA,0,0,0,NA,NA,NA
"3456","ENST00000608100.5","ENSG00000128944.14","OTTHUMG00000172454.3","OTTHUMT00000473005.1","KNSTRN-216","KNSTRN",1495,"protein_coding",981,148,0.923423171043396,"GGACA",0.567567567567568,NA,NA,NA,NA,NA,NA,NA,NA,NA,0,0,0,NA,NA,NA
"3457","ENST00000608100.5","ENSG00000128944.14","OTTHUMG00000172454.3","OTTHUMT00000473005.1","KNSTRN-216","KNSTRN",1495,"protein_coding",1131,140,0.902611434459686,"TGACT",0.585714285714286,NA,NA,NA,NA,NA,NA,NA,NA,NA,0,0,0,NA,NA,NA
"3458","ENST00000608611.5","ENSG00000186501.15","OTTHUMG00000004410.6","OTTHUMT00000473019.1","TMEM222-210","TMEM222",1511,"protein_coding",722,54,0.907966077327728,"GGACT",0.462962962962963,NA,NA,NA,NA,NA,NA,NA,NA,NA,0,0,0,NA,NA,NA
"3459","ENST00000608703.1","ENSG00000204389.10","OTTHUMG00000031201.4","OTTHUMT00000268464.2","HSPA1A-202","HSPA1A",1909,"protein_coding",1545,178,0.992574989795685,"GGACT",0.910112359550562,NA,NA,NA,NA,NA,NA,NA,NA,NA,0,0,0,NA,NA,NA
"3460","ENST00000610520.5","ENSG00000156508.19","OTTHUMG00000015031.7","-","EEF1A1-211","EEF1A1",3503,"protein_coding",1502,2778,0.914140939712524,"GAACT",0.607271418286537,NA,NA,NA,NA,NA,NA,NA,NA,NA,0,0,0,NA,NA,NA
"3461","ENST00000610520.5","ENSG00000156508.19","OTTHUMG00000015031.7","-","EEF1A1-211","EEF1A1",3503,"protein_coding",1543,2663,0.943336129188538,"AGACT",0.562147953435974,NA,NA,NA,NA,NA,NA,NA,NA,NA,0,0,0,NA,NA,NA
"3462","ENST00000610533.6","ENSG00000106628.13","OTTHUMG00000022909.15","-","POLD2-218","POLD2",1609,"protein_coding",345,20,0.90534919500351,"GAACT",0.65,NA,NA,NA,NA,NA,NA,NA,NA,NA,0,0,0,NA,NA,NA
"3463","ENST00000610905.4","ENSG00000171606.18","OTTHUMG00000183456.6","OTTHUMT00000466738.2","ZNF274-210","ZNF274",2559,"protein_coding",2230,21,0.982118487358093,"GGACT",0.761904761904762,NA,NA,NA,NA,NA,NA,NA,NA,NA,0,0,0,NA,NA,NA
"3464","ENST00000610905.4","ENSG00000171606.18","OTTHUMG00000183456.6","OTTHUMT00000466738.2","ZNF274-210","ZNF274",2559,"protein_coding",2261,22,0.967881202697754,"GGACA",0.590909090909091,NA,NA,NA,NA,NA,NA,NA,NA,NA,0,0,0,NA,NA,NA
"3465","ENST00000611328.4","ENSG00000172366.20","OTTHUMG00000048042.8","OTTHUMT00000473575.1","MCRIP2-205","MCRIP2",628,"protein_coding_CDS_not_defined",463,58,0.90179967880249,"GGACT",0.724137931034483,NA,NA,NA,NA,NA,NA,NA,NA,NA,0,0,0,NA,NA,NA
"3466","ENST00000611400.4","ENSG00000164081.13","OTTHUMG00000156901.2","-","TEX264-215","TEX264",1488,"protein_coding",1374,149,0.924707174301147,"GGACT",0.577181208053691,NA,NA,NA,NA,NA,NA,NA,NA,NA,0,0,0,NA,NA,NA
"3467","ENST00000611517.4","ENSG00000186501.15","OTTHUMG00000004410.6","-","TMEM222-211","TMEM222",1613,"protein_coding",825,54,0.902075052261353,"GGACT",0.462962962962963,NA,NA,NA,NA,NA,NA,NA,NA,NA,0,0,0,NA,NA,NA
"3468","ENST00000612130.4","ENSG00000184182.19","OTTHUMG00000133341.4","-","UBE2F-223","UBE2F",2135,"protein_coding",718,68,0.901377320289612,"GGACT",0.588235294117647,NA,NA,NA,NA,NA,NA,NA,NA,NA,0,0,0,NA,NA,NA
"3469","ENST00000612630.4","ENSG00000276043.5","OTTHUMG00000180251.5","OTTHUMT00000450444.3","UHRF1-201","UHRF1",4309,"protein_coding",3812,20,0.940637826919556,"AAACT",0.55,NA,NA,NA,NA,NA,NA,NA,NA,NA,0,0,0,NA,NA,NA
"3470","ENST00000612662.2","ENSG00000176087.16","OTTHUMG00000129495.6","-","SLC35A4-203","SLC35A4",2789,"protein_coding",1660,22,0.953167855739594,"GGACT",0.818181818181818,NA,NA,NA,NA,NA,NA,NA,NA,NA,0,0,0,NA,NA,NA
"3471","ENST00000612895.4","ENSG00000278540.5","OTTHUMG00000188463.3","OTTHUMT00000477313.1","ACACA-226","ACACA",9624,"protein_coding",9547,46,0.901939928531647,"GGACA",0.543478260869565,NA,NA,NA,NA,NA,NA,NA,NA,NA,0,0,0,NA,NA,NA
"3472","ENST00000613129.4","ENSG00000148248.14","OTTHUMG00000020868.3","-","SURF4-208","SURF4",3148,"protein_coding",1152,27,0.95541125535965,"GGACT",0.592592592592593,NA,NA,NA,NA,NA,NA,NA,NA,NA,0,0,0,NA,NA,NA
"3473","ENST00000613129.4","ENSG00000148248.14","OTTHUMG00000020868.3","-","SURF4-208","SURF4",3148,"protein_coding",2116,52,0.908006370067596,"GGACA",0.538461538461538,NA,NA,NA,NA,NA,NA,NA,NA,NA,0,0,0,NA,NA,NA
"3474","ENST00000613129.4","ENSG00000148248.14","OTTHUMG00000020868.3","-","SURF4-208","SURF4",3148,"protein_coding",2536,115,0.915549099445343,"GAACT",0.521739130434783,NA,NA,NA,NA,NA,NA,NA,NA,NA,0,0,0,NA,NA,NA
"3475","ENST00000613132.5","ENSG00000146674.16","OTTHUMG00000023769.10","OTTHUMT00000251356.3","IGFBP3-209","IGFBP3",2613,"protein_coding",1123,68,0.967380464076996,"GAACT",0.691176470588235,NA,NA,NA,NA,NA,NA,NA,NA,NA,0,0,0,NA,NA,NA
"3476","ENST00000613132.5","ENSG00000146674.16","OTTHUMG00000023769.10","OTTHUMT00000251356.3","IGFBP3-209","IGFBP3",2613,"protein_coding",1272,113,0.98108959197998,"AGACT",0.902654867256637,NA,NA,NA,NA,NA,NA,NA,NA,NA,0,0,0,NA,NA,NA
"3477","ENST00000613132.5","ENSG00000146674.16","OTTHUMG00000023769.10","OTTHUMT00000251356.3","IGFBP3-209","IGFBP3",2613,"protein_coding",1584,124,0.91083288192749,"GGACT",0.620967741935484,NA,NA,NA,NA,NA,NA,NA,NA,NA,0,0,0,NA,NA,NA
"3478","ENST00000613183.1","ENSG00000066697.15","OTTHUMG00000020365.3","-","MSANTD3-206","MSANTD3",1755,"protein_coding",1011,145,0.945219993591309,"AGACT",0.855172413793103,NA,NA,NA,NA,NA,NA,NA,NA,NA,0,0,0,NA,NA,NA
"3479","ENST00000613183.1","ENSG00000066697.15","OTTHUMG00000020365.3","-","MSANTD3-206","MSANTD3",1755,"protein_coding",1070,138,0.916955828666687,"GGACT",0.760869565217391,NA,NA,NA,NA,NA,NA,NA,NA,NA,0,0,0,NA,NA,NA
"3480","ENST00000613315.4","ENSG00000143569.20","OTTHUMG00000035983.6","-","UBAP2L-220","UBAP2L",3451,"protein_coding",3255,73,0.982115745544434,"GAACT",0.602739726027397,NA,NA,NA,NA,NA,NA,NA,NA,NA,0,0,0,NA,NA,NA
"3481","ENST00000613322.4","ENSG00000042286.15","OTTHUMG00000018398.3","-","AIFM2-204","AIFM2",3247,"protein_coding",1384,195,0.951652824878693,"GGACT",0.723076923076923,NA,NA,NA,NA,NA,NA,NA,NA,NA,0,0,0,NA,NA,NA
"3482","ENST00000613459.4","ENSG00000113716.13","OTTHUMG00000163493.2","-","HMGXB3-206","HMGXB3",5567,"protein_coding",4636,21,0.945136368274689,"GGACT",0.619047619047619,NA,NA,NA,NA,NA,NA,NA,NA,NA,0,0,0,NA,NA,NA
"3483","ENST00000613459.4","ENSG00000113716.13","OTTHUMG00000163493.2","-","HMGXB3-206","HMGXB3",5567,"protein_coding",4739,20,0.993298947811127,"GGACT",0.85,NA,NA,NA,NA,NA,NA,NA,NA,NA,0,0,0,NA,NA,NA
"3484","ENST00000613496.4","ENSG00000115756.13","OTTHUMG00000090451.6","-","HPCAL1-206","HPCAL1",1547,"protein_coding",1122,78,0.963086903095245,"TGACT",0.743589743589744,NA,NA,NA,NA,NA,NA,NA,NA,NA,0,0,0,NA,NA,NA
"3485","ENST00000613537.5","ENSG00000011007.13","OTTHUMG00000002957.3","OTTHUMT00000008230.2","ELOA-204","ELOA",4838,"protein_coding",2401,66,0.950411796569824,"GGACA",0.46969696969697,NA,NA,NA,NA,NA,NA,NA,NA,NA,0,0,0,NA,NA,NA
"3486","ENST00000613539.1","ENSG00000103415.12","OTTHUMG00000129473.4","-","HMOX2-216","HMOX2",1703,"protein_coding",711,56,0.976976096630096,"GGACC",0.625,NA,NA,NA,NA,NA,NA,NA,NA,NA,0,0,0,NA,NA,NA
"3487","ENST00000613539.1","ENSG00000103415.12","OTTHUMG00000129473.4","-","HMOX2-216","HMOX2",1703,"protein_coding",739,45,0.933819651603699,"GGACA",0.577777777777778,NA,NA,NA,NA,NA,NA,NA,NA,NA,0,0,0,NA,NA,NA
"3488","ENST00000613539.1","ENSG00000103415.12","OTTHUMG00000129473.4","-","HMOX2-216","HMOX2",1703,"protein_coding",1088,93,0.91601550579071,"GGACT",0.516129032258065,NA,NA,NA,NA,NA,NA,NA,NA,NA,0,0,0,NA,NA,NA
"3489","ENST00000613675.5","ENSG00000278845.5","OTTHUMG00000188489.2","OTTHUMT00000477410.2","MRPL45-203","MRPL45",1553,"protein_coding",1133,134,0.972076535224915,"GGACA",0.73134328358209,NA,NA,NA,NA,NA,NA,NA,NA,NA,0,0,0,NA,NA,NA
"3490","ENST00000614067.4","ENSG00000164081.13","OTTHUMG00000156901.2","-","TEX264-216","TEX264",1174,"protein_coding",1060,48,0.917238473892212,"GGACT",0.5,NA,NA,NA,NA,NA,NA,NA,NA,NA,0,0,0,NA,NA,NA
"3491","ENST00000614314.4","ENSG00000132254.13","OTTHUMG00000133406.6","-","ARFIP2-210","ARFIP2",3846,"protein_coding",1449,52,0.956423342227936,"AGACA",0.692307692307692,NA,NA,NA,NA,NA,NA,NA,NA,NA,0,0,0,NA,NA,NA
"3492","ENST00000614314.4","ENSG00000132254.13","OTTHUMG00000133406.6","-","ARFIP2-210","ARFIP2",3846,"protein_coding",1486,55,0.92612898349762,"GGACA",0.527272727272727,NA,NA,NA,NA,NA,NA,NA,NA,NA,0,0,0,NA,NA,NA
"3493","ENST00000614314.4","ENSG00000132254.13","OTTHUMG00000133406.6","-","ARFIP2-210","ARFIP2",3846,"protein_coding",1786,74,0.945145010948181,"GGACT",0.594594594594595,NA,NA,NA,NA,NA,NA,NA,NA,NA,0,0,0,NA,NA,NA
"3494","ENST00000614363.4","ENSG00000204387.14","OTTHUMG00000031175.4","-","SNHG32-209","SNHG32",748,"lncRNA",573,274,0.901866436004639,"GAACT",0.5,NA,NA,NA,NA,NA,NA,NA,NA,NA,0,0,0,NA,NA,NA
"3495","ENST00000614428.4","ENSG00000278540.5","OTTHUMG00000188463.3","OTTHUMT00000477314.1","ACACA-231","ACACA",9554,"protein_coding",9477,46,0.903676629066467,"GGACA",0.543478260869565,191,2322,7041,1,191,192,7231,7232,9553,0,0,1,NA,NA,0.966838931955211
"3496","ENST00000614445.5","ENSG00000167085.14","OTTHUMG00000134271.10","OTTHUMT00000258827.4","PHB1-214","PHB1",1908,"protein_coding",1648,52,0.970695614814758,"GGACT",0.865384615384615,NA,NA,NA,NA,NA,NA,NA,NA,NA,0,0,0,NA,NA,NA
"3497","ENST00000614499.5","ENSG00000119977.22","OTTHUMG00000018814.7","-","TCTN3-207","TCTN3",2552,"protein_coding",1762,27,0.907478511333466,"GGACT",0.62962962962963,NA,NA,NA,NA,NA,NA,NA,NA,NA,0,0,0,NA,NA,NA
"3498","ENST00000614499.5","ENSG00000119977.22","OTTHUMG00000018814.7","-","TCTN3-207","TCTN3",2552,"protein_coding",2312,22,0.950674116611481,"GGACT",0.727272727272727,NA,NA,NA,NA,NA,NA,NA,NA,NA,0,0,0,NA,NA,NA
"3499","ENST00000614531.1","ENSG00000163946.14","OTTHUMG00000158827.5","-","TASOR-210","TASOR",3441,"protein_coding",2966,22,0.931533396244049,"GAACT",0.454545454545454,NA,NA,NA,NA,NA,NA,NA,NA,NA,0,0,0,NA,NA,NA
"3500","ENST00000614556.5","ENSG00000136485.16","OTTHUMG00000178902.7","OTTHUMT00000443855.5","DCAF7-205","DCAF7",6324,"protein_coding",5947,20,0.921710312366486,"GAACT",0.7,NA,NA,NA,NA,NA,NA,NA,NA,NA,0,0,0,NA,NA,NA
"3501","ENST00000614731.4","ENSG00000196072.12","OTTHUMG00000018908.3","-","BLOC1S2-205","BLOC1S2",2634,"protein_coding",606,52,0.960232794284821,"GGACT",0.576923076923077,NA,NA,NA,NA,NA,NA,NA,NA,NA,0,0,0,NA,NA,NA
"3502","ENST00000614731.4","ENSG00000196072.12","OTTHUMG00000018908.3","-","BLOC1S2-205","BLOC1S2",2634,"protein_coding",709,84,0.947892010211945,"AGACT",0.821428571428571,NA,NA,NA,NA,NA,NA,NA,NA,NA,0,0,0,NA,NA,NA
"3503","ENST00000614851.4","ENSG00000262919.8","OTTHUMG00000024206.8","OTTHUMT00000060990.5","CCNQ-206","CCNQ",1006,"nonsense_mediated_decay",675,139,0.904982507228851,"GGACT",0.597122302158273,NA,NA,NA,NA,NA,NA,NA,NA,NA,0,0,0,NA,NA,NA
"3504","ENST00000614851.4","ENSG00000262919.8","OTTHUMG00000024206.8","OTTHUMT00000060990.5","CCNQ-206","CCNQ",1006,"nonsense_mediated_decay",907,131,0.92275196313858,"AGACT",0.572519083969466,NA,NA,NA,NA,NA,NA,NA,NA,NA,0,0,0,NA,NA,NA
"3505","ENST00000614867.2","ENSG00000172270.22","OTTHUMG00000177718.19","OTTHUMT00000474399.1","BSG-214","BSG",960,"protein_coding",711,233,0.929301977157593,"GGACT",0.510729613733906,NA,NA,NA,NA,NA,NA,NA,NA,NA,0,0,0,NA,NA,NA
"3506","ENST00000615060.5","ENSG00000156508.19","OTTHUMG00000015031.7","-","EEF1A1-212","EEF1A1",3694,"protein_coding",1708,2802,0.914020359516144,"GAACT",0.589935760171306,NA,NA,NA,NA,NA,NA,NA,NA,NA,0,0,0,NA,NA,NA
"3507","ENST00000615060.5","ENSG00000156508.19","OTTHUMG00000015031.7","-","EEF1A1-212","EEF1A1",3694,"protein_coding",1749,2674,0.92931455373764,"AGACT",0.539267015706806,NA,NA,NA,NA,NA,NA,NA,NA,NA,0,0,0,NA,NA,NA
"3508","ENST00000615116.1","ENSG00000171222.11","OTTHUMG00000032370.2","-","SCAND1-203","SCAND1",1371,"protein_coding",1285,226,0.979395866394043,"GGACT",0.721238938053097,NA,NA,NA,NA,NA,NA,NA,NA,NA,0,0,0,NA,NA,NA
"3509","ENST00000615337.4","ENSG00000157593.20","OTTHUMG00000014760.3","-","SLC35B2-206","SLC35B2",2014,"protein_coding",562,75,0.99324095249176,"GGACT",0.893333333333333,NA,NA,NA,NA,NA,NA,NA,NA,NA,0,0,0,NA,NA,NA
"3510","ENST00000615507.4","ENSG00000166295.9","OTTHUMG00000018433.4","-","ANAPC16-204","ANAPC16",3100,"protein_coding",410,21,0.909708023071289,"GGACT",0.571428571428571,NA,NA,NA,NA,NA,NA,NA,NA,NA,0,0,0,NA,NA,NA
"3511","ENST00000615544.5","ENSG00000184009.13","OTTHUMG00000177955.9","-","ACTG1-215","ACTG1",1895,"protein_coding",513,292,0.999446034431458,"GGACT",0.883561643835616,NA,NA,NA,NA,NA,NA,NA,NA,NA,0,0,0,NA,NA,NA
"3512","ENST00000615544.5","ENSG00000184009.13","OTTHUMG00000177955.9","-","ACTG1-215","ACTG1",1895,"protein_coding",1185,539,0.977954685688019,"GGACT",0.755102040816326,NA,NA,NA,NA,NA,NA,NA,NA,NA,0,0,0,NA,NA,NA
"3513","ENST00000615554.4","ENSG00000122378.14","OTTHUMG00000018614.4","-","PRXL2A-206","PRXL2A",2213,"protein_coding",1498,93,0.911896288394928,"AGACT",0.548387096774194,NA,NA,NA,NA,NA,NA,NA,NA,NA,0,0,0,NA,NA,NA
"3514","ENST00000615637.3","ENSG00000251493.5","OTTHUMG00000162495.5","OTTHUMT00000477686.3","FOXD1-202","FOXD1",2512,"protein_coding",1747,45,0.939548313617706,"GGACT",0.666666666666667,NA,NA,NA,NA,NA,NA,NA,NA,NA,0,0,0,NA,NA,NA
"3515","ENST00000615637.3","ENSG00000251493.5","OTTHUMG00000162495.5","OTTHUMT00000477686.3","FOXD1-202","FOXD1",2512,"protein_coding",1762,45,0.981835961341858,"GGACT",0.844444444444444,NA,NA,NA,NA,NA,NA,NA,NA,NA,0,0,0,NA,NA,NA
"3516","ENST00000615637.3","ENSG00000251493.5","OTTHUMG00000162495.5","OTTHUMT00000477686.3","FOXD1-202","FOXD1",2512,"protein_coding",1784,46,0.930073976516724,"GAACT",0.5,NA,NA,NA,NA,NA,NA,NA,NA,NA,0,0,0,NA,NA,NA
"3517","ENST00000615637.3","ENSG00000251493.5","OTTHUMG00000162495.5","OTTHUMT00000477686.3","FOXD1-202","FOXD1",2512,"protein_coding",1955,50,0.986202776432037,"GGACA",0.78,NA,NA,NA,NA,NA,NA,NA,NA,NA,0,0,0,NA,NA,NA
"3518","ENST00000615637.3","ENSG00000251493.5","OTTHUMG00000162495.5","OTTHUMT00000477686.3","FOXD1-202","FOXD1",2512,"protein_coding",2263,84,0.955641269683838,"GGACA",0.595238095238095,NA,NA,NA,NA,NA,NA,NA,NA,NA,0,0,0,NA,NA,NA
"3519","ENST00000615744.4","ENSG00000172366.20","OTTHUMG00000048042.8","OTTHUMT00000473577.1","MCRIP2-206","MCRIP2",1379,"protein_coding_CDS_not_defined",1251,22,0.944352030754089,"GGACT",0.863636363636364,NA,NA,NA,NA,NA,NA,NA,NA,NA,0,0,0,NA,NA,NA
"3520","ENST00000615879.4","ENSG00000058600.16","OTTHUMG00000094779.4","-","POLR3E-219","POLR3E",3655,"protein_coding",2356,22,0.942405164241791,"GAACT",0.409090909090909,NA,NA,NA,NA,NA,NA,NA,NA,NA,0,0,0,NA,NA,NA
"3521","ENST00000615879.4","ENSG00000058600.16","OTTHUMG00000094779.4","-","POLR3E-219","POLR3E",3655,"protein_coding",2397,23,0.928452253341675,"GGACA",0.478260869565217,NA,NA,NA,NA,NA,NA,NA,NA,NA,0,0,0,NA,NA,NA
"3522","ENST00000615916.4","ENSG00000121766.16","OTTHUMG00000003791.2","-","ZCCHC17-205","ZCCHC17",1652,"protein_coding",963,83,0.902323722839355,"AGACT",0.578313253012048,NA,NA,NA,NA,NA,NA,NA,NA,NA,0,0,0,NA,NA,NA
"3523","ENST00000615984.4","ENSG00000181038.14","OTTHUMG00000180371.3","-","METTL23-215","METTL23",1171,"protein_coding",967,24,0.999721169471741,"GGACA",0.791666666666667,NA,NA,NA,NA,NA,NA,NA,NA,NA,0,0,0,NA,NA,NA
"3524","ENST00000615984.4","ENSG00000181038.14","OTTHUMG00000180371.3","-","METTL23-215","METTL23",1171,"protein_coding",1002,28,0.92267644405365,"GGACA",0.571428571428571,NA,NA,NA,NA,NA,NA,NA,NA,NA,0,0,0,NA,NA,NA
"3525","ENST00000616035.4","ENSG00000197172.11","OTTHUMG00000022642.5","-","MAGEA6-204","MAGEA6",1762,"protein_coding",484,21,0.918261826038361,"GAACT",0.619047619047619,NA,NA,NA,NA,NA,NA,NA,NA,NA,0,0,0,NA,NA,NA
"3526","ENST00000616122.5","ENSG00000135316.20","OTTHUMG00000015141.5","-","SYNCRIP-204","SYNCRIP",6770,"protein_coding",1831,22,0.947421371936798,"GGACT",0.818181818181818,NA,NA,NA,NA,NA,NA,NA,NA,NA,0,0,0,NA,NA,NA
"3527","ENST00000616317.5","ENSG00000278540.5","OTTHUMG00000188463.3","OTTHUMT00000477312.2","ACACA-237","ACACA",10013,"protein_coding",9934,46,0.901546895503998,"GGACA",0.543478260869565,NA,NA,NA,NA,NA,NA,NA,NA,NA,0,0,0,NA,NA,NA
"3528","ENST00000616393.4","ENSG00000121766.16","OTTHUMG00000003791.2","-","ZCCHC17-206","ZCCHC17",1534,"protein_coding",845,82,0.906088471412659,"AGACT",0.585365853658537,NA,NA,NA,NA,NA,NA,NA,NA,NA,0,0,0,NA,NA,NA
"3529","ENST00000616395.4","ENSG00000054116.12","OTTHUMG00000007664.4","-","TRAPPC3-209","TRAPPC3",1336,"protein_coding",955,89,0.926521003246307,"GGACT",0.674157303370786,NA,NA,NA,NA,NA,NA,NA,NA,NA,0,0,0,NA,NA,NA
"3530","ENST00000616577.4","ENSG00000133112.17","OTTHUMG00000016845.7","-","TPT1-214","TPT1",4814,"protein_coding",1400,72,0.909664332866669,"AGACT",0.694444444444444,NA,NA,NA,NA,NA,NA,NA,NA,NA,0,0,0,NA,NA,NA
"3531","ENST00000616640.1","ENSG00000152464.15","OTTHUMG00000017728.4","-","RPP38-207","RPP38",1537,"protein_coding",745,47,0.914074957370758,"GGACA",0.361702127659574,NA,NA,NA,NA,NA,NA,NA,NA,NA,0,0,0,NA,NA,NA
"3532","ENST00000616640.1","ENSG00000152464.15","OTTHUMG00000017728.4","-","RPP38-207","RPP38",1537,"protein_coding",1159,75,0.918602883815765,"TGACT",0.626666666666667,NA,NA,NA,NA,NA,NA,NA,NA,NA,0,0,0,NA,NA,NA
"3533","ENST00000616640.1","ENSG00000152464.15","OTTHUMG00000017728.4","-","RPP38-207","RPP38",1537,"protein_coding",1294,66,0.974062204360962,"GGACA",0.712121212121212,NA,NA,NA,NA,NA,NA,NA,NA,NA,0,0,0,NA,NA,NA
"3534","ENST00000616743.1","ENSG00000176788.9","OTTHUMG00000131061.8","-","BASP1-203","BASP1",1711,"protein_coding",534,23,0.991039574146271,"AGACT",0.695652173913043,NA,NA,NA,NA,NA,NA,NA,NA,NA,0,0,0,NA,NA,NA
"3535","ENST00000616743.1","ENSG00000176788.9","OTTHUMG00000131061.8","-","BASP1-203","BASP1",1711,"protein_coding",595,24,0.980067014694214,"AGACT",0.875,NA,NA,NA,NA,NA,NA,NA,NA,NA,0,0,0,NA,NA,NA
"3536","ENST00000616743.1","ENSG00000176788.9","OTTHUMG00000131061.8","-","BASP1-203","BASP1",1711,"protein_coding",773,20,0.994085550308228,"GGACA",0.7,NA,NA,NA,NA,NA,NA,NA,NA,NA,0,0,0,NA,NA,NA
"3537","ENST00000616852.1","ENSG00000087995.16","OTTHUMG00000164527.3","-","METTL2A-204","METTL2A",3150,"protein_coding",260,44,0.98234361410141,"GGACT",0.75,NA,NA,NA,NA,NA,NA,NA,NA,NA,0,0,0,NA,NA,NA
"3538","ENST00000617047.1","ENSG00000162775.17","OTTHUMG00000011284.7","OTTHUMT00000475899.2","RBM15-204","RBM15",3284,"protein_coding",2964,30,0.935395479202271,"GGACC",0.8,NA,NA,NA,NA,NA,NA,NA,NA,NA,0,0,0,NA,NA,NA
"3539","ENST00000617119.4","ENSG00000244687.13","OTTHUMG00000152626.6","-","UBE2V1-222","UBE2V1",2432,"protein_coding",769,65,0.943029642105103,"GGACA",0.476923076923077,NA,NA,NA,NA,NA,NA,NA,NA,NA,0,0,0,NA,NA,NA
"3540","ENST00000617158.4","ENSG00000268916.6","OTTHUMG00000188381.2","OTTHUMT00000477035.1","CSAG3-202","CSAG3",789,"protein_coding_CDS_not_defined",627,20,0.972420036792755,"GGACA",0.65,NA,NA,NA,NA,NA,NA,NA,NA,NA,0,0,0,NA,NA,NA
"3541","ENST00000617412.1","ENSG00000145632.15","OTTHUMG00000097047.3","-","PLK2-215","PLK2",2792,"protein_coding",2199,72,0.916027426719666,"AGACT",0.777777777777778,NA,NA,NA,NA,NA,NA,NA,NA,NA,0,0,0,NA,NA,NA
"3542","ENST00000617412.1","ENSG00000145632.15","OTTHUMG00000097047.3","-","PLK2-215","PLK2",2792,"protein_coding",2212,60,0.929751336574554,"GGACC",0.483333333333333,NA,NA,NA,NA,NA,NA,NA,NA,NA,0,0,0,NA,NA,NA
"3543","ENST00000617412.1","ENSG00000145632.15","OTTHUMG00000097047.3","-","PLK2-215","PLK2",2792,"protein_coding",2222,69,0.931809067726135,"GGACT",0.623188405797101,NA,NA,NA,NA,NA,NA,NA,NA,NA,0,0,0,NA,NA,NA
"3544","ENST00000617412.1","ENSG00000145632.15","OTTHUMG00000097047.3","-","PLK2-215","PLK2",2792,"protein_coding",2333,65,0.903128445148468,"GGACT",0.584615384615385,NA,NA,NA,NA,NA,NA,NA,NA,NA,0,0,0,NA,NA,NA
"3545","ENST00000617412.1","ENSG00000145632.15","OTTHUMG00000097047.3","-","PLK2-215","PLK2",2792,"protein_coding",2380,21,0.963483929634094,"GGACA",0.666666666666667,NA,NA,NA,NA,NA,NA,NA,NA,NA,0,0,0,NA,NA,NA
"3546","ENST00000617501.5","ENSG00000171606.18","OTTHUMG00000183456.6","OTTHUMT00000476764.2","ZNF274-212","ZNF274",2808,"protein_coding",2469,21,0.981369376182556,"GGACT",0.761904761904762,NA,NA,NA,NA,NA,NA,NA,NA,NA,0,0,0,NA,NA,NA
"3547","ENST00000617501.5","ENSG00000171606.18","OTTHUMG00000183456.6","OTTHUMT00000476764.2","ZNF274-212","ZNF274",2808,"protein_coding",2500,22,0.963432908058167,"GGACA",0.590909090909091,NA,NA,NA,NA,NA,NA,NA,NA,NA,0,0,0,NA,NA,NA
"3548","ENST00000617763.1","ENSG00000184983.11","OTTHUMG00000151287.6","-","NDUFA6-203","NDUFA6",1183,"protein_coding",660,30,0.915024638175964,"GGACC",0.6,NA,NA,NA,NA,NA,NA,NA,NA,NA,0,0,0,NA,NA,NA
"3549","ENST00000617874.5","ENSG00000167085.14","OTTHUMG00000134271.10","OTTHUMT00000364810.3","PHB1-215","PHB1",1885,"protein_coding",1625,54,0.972382664680481,"GGACT",0.888888888888889,NA,NA,NA,NA,NA,NA,NA,NA,NA,0,0,0,NA,NA,NA
"3550","ENST00000617904.4","ENSG00000054116.12","OTTHUMG00000007664.4","-","TRAPPC3-210","TRAPPC3",1305,"protein_coding",924,89,0.927797019481659,"GGACT",0.662921348314607,NA,NA,NA,NA,NA,NA,NA,NA,NA,0,0,0,NA,NA,NA
"3551","ENST00000617987.1","ENSG00000122783.17","OTTHUMG00000155447.5","-","CYREN-213","CYREN",1727,"protein_coding",917,20,0.930868625640869,"GAACT",0.6,NA,NA,NA,NA,NA,NA,NA,NA,NA,0,0,0,NA,NA,NA
"3552","ENST00000617987.1","ENSG00000122783.17","OTTHUMG00000155447.5","-","CYREN-213","CYREN",1727,"protein_coding",1106,41,0.986497640609741,"GGACT",0.707317073170732,NA,NA,NA,NA,NA,NA,NA,NA,NA,0,0,0,NA,NA,NA
"3553","ENST00000617987.1","ENSG00000122783.17","OTTHUMG00000155447.5","-","CYREN-213","CYREN",1727,"protein_coding",1259,47,0.993050754070282,"AGACA",0.787234042553192,NA,NA,NA,NA,NA,NA,NA,NA,NA,0,0,0,NA,NA,NA
"3554","ENST00000618006.4","ENSG00000172270.22","OTTHUMG00000177718.19","OTTHUMT00000474398.3","BSG-215","BSG",1329,"protein_coding",1080,298,0.915139675140381,"GGACT",0.503355704697987,NA,NA,NA,NA,NA,NA,NA,NA,NA,0,0,0,NA,NA,NA
"3555","ENST00000618112.4","ENSG00000172270.22","OTTHUMG00000177718.19","-","BSG-216","BSG",1519,"nonsense_mediated_decay",1294,238,0.912844896316528,"GGACT",0.495798319327731,NA,NA,NA,NA,NA,NA,NA,NA,NA,0,0,0,NA,NA,NA
"3556","ENST00000618216.4","ENSG00000121766.16","OTTHUMG00000003791.2","-","ZCCHC17-208","ZCCHC17",1489,"protein_coding",800,80,0.909765601158142,"AGACT",0.6,NA,NA,NA,NA,NA,NA,NA,NA,NA,0,0,0,NA,NA,NA
"3557","ENST00000618229.4","ENSG00000148248.14","OTTHUMG00000020868.3","-","SURF4-209","SURF4",3200,"protein_coding",1204,50,0.935084462165833,"GGACT",0.64,NA,NA,NA,NA,NA,NA,NA,NA,NA,0,0,0,NA,NA,NA
"3558","ENST00000618229.4","ENSG00000148248.14","OTTHUMG00000020868.3","-","SURF4-209","SURF4",3200,"protein_coding",2168,54,0.904540121555328,"GGACA",0.537037037037037,NA,NA,NA,NA,NA,NA,NA,NA,NA,0,0,0,NA,NA,NA
"3559","ENST00000618229.4","ENSG00000148248.14","OTTHUMG00000020868.3","-","SURF4-209","SURF4",3200,"protein_coding",2588,116,0.903374373912811,"GAACT",0.517241379310345,NA,NA,NA,NA,NA,NA,NA,NA,NA,0,0,0,NA,NA,NA
"3560","ENST00000618655.2","ENSG00000136213.10","OTTHUMG00000023849.9","OTTHUMT00000504138.2","CHST12-204","CHST12",15985,"protein_coding",1275,55,0.971719205379486,"GGACT",0.709090909090909,NA,NA,NA,NA,NA,NA,NA,NA,NA,0,0,0,NA,NA,NA
"3561","ENST00000618655.2","ENSG00000136213.10","OTTHUMG00000023849.9","OTTHUMT00000504138.2","CHST12-204","CHST12",15985,"protein_coding",1380,60,0.99176824092865,"AGACT",0.9,NA,NA,NA,NA,NA,NA,NA,NA,NA,0,0,0,NA,NA,NA
"3562","ENST00000618772.4","ENSG00000162775.17","OTTHUMG00000011284.7","-","RBM15-205","RBM15",3431,"protein_coding",3107,31,0.926790654659271,"GGACC",0.774193548387097,NA,NA,NA,NA,NA,NA,NA,NA,NA,0,0,0,NA,NA,NA
"3563","ENST00000618916.4","ENSG00000196072.12","OTTHUMG00000018908.3","-","BLOC1S2-206","BLOC1S2",2470,"protein_coding",545,49,0.951944828033447,"AGACT",0.836734693877551,NA,NA,NA,NA,NA,NA,NA,NA,NA,0,0,0,NA,NA,NA
"3564","ENST00000619304.4","ENSG00000101447.15","OTTHUMG00000032462.4","OTTHUMT00000079211.2","FAM83D-201","FAM83D",2475,"protein_coding",1681,51,0.906616866588593,"GAACT",0.568627450980392,NA,NA,NA,NA,NA,NA,NA,NA,NA,0,0,0,NA,NA,NA
"3565","ENST00000619304.4","ENSG00000101447.15","OTTHUMG00000032462.4","OTTHUMT00000079211.2","FAM83D-201","FAM83D",2475,"protein_coding",1695,55,0.963667392730713,"TGACT",0.745454545454545,NA,NA,NA,NA,NA,NA,NA,NA,NA,0,0,0,NA,NA,NA
"3566","ENST00000619304.4","ENSG00000101447.15","OTTHUMG00000032462.4","OTTHUMT00000079211.2","FAM83D-201","FAM83D",2475,"protein_coding",1933,52,0.902213215827942,"GGACA",0.576923076923077,NA,NA,NA,NA,NA,NA,NA,NA,NA,0,0,0,NA,NA,NA
"3567","ENST00000619360.6","ENSG00000146232.17","OTTHUMG00000014762.9","OTTHUMT00000040733.6","NFKBIE-204","NFKBIE",2344,"protein_coding",1399,56,0.932222962379456,"GGACT",0.678571428571429,NA,NA,NA,NA,NA,NA,NA,NA,NA,0,0,0,NA,NA,NA
"3568","ENST00000619360.6","ENSG00000146232.17","OTTHUMG00000014762.9","OTTHUMT00000040733.6","NFKBIE-204","NFKBIE",2344,"protein_coding",1637,61,0.986665844917297,"GGACT",0.934426229508197,NA,NA,NA,NA,NA,NA,NA,NA,NA,0,0,0,NA,NA,NA
"3569","ENST00000619360.6","ENSG00000146232.17","OTTHUMG00000014762.9","OTTHUMT00000040733.6","NFKBIE-204","NFKBIE",2344,"protein_coding",1657,63,0.97275048494339,"AGACT",0.714285714285714,NA,NA,NA,NA,NA,NA,NA,NA,NA,0,0,0,NA,NA,NA
"3570","ENST00000619360.6","ENSG00000146232.17","OTTHUMG00000014762.9","OTTHUMT00000040733.6","NFKBIE-204","NFKBIE",2344,"protein_coding",1737,70,0.904046535491943,"AGACT",0.7,NA,NA,NA,NA,NA,NA,NA,NA,NA,0,0,0,NA,NA,NA
"3571","ENST00000619493.4","ENSG00000101246.20","OTTHUMG00000032993.9","-","ARFRP1-213","ARFRP1",2456,"protein_coding",1290,42,0.955042481422424,"TGACT",0.595238095238095,NA,NA,NA,NA,NA,NA,NA,NA,NA,0,0,0,NA,NA,NA
"3572","ENST00000619528.4","ENSG00000103415.12","OTTHUMG00000129473.4","-","HMOX2-217","HMOX2",1829,"protein_coding",837,58,0.962559521198273,"GGACC",0.586206896551724,NA,NA,NA,NA,NA,NA,NA,NA,NA,0,0,0,NA,NA,NA
"3573","ENST00000619528.4","ENSG00000103415.12","OTTHUMG00000129473.4","-","HMOX2-217","HMOX2",1829,"protein_coding",865,46,0.905247271060944,"GGACA",0.478260869565217,NA,NA,NA,NA,NA,NA,NA,NA,NA,0,0,0,NA,NA,NA
"3574","ENST00000619528.4","ENSG00000103415.12","OTTHUMG00000129473.4","-","HMOX2-217","HMOX2",1829,"protein_coding",1214,101,0.923753917217255,"GGACT",0.485148514851485,NA,NA,NA,NA,NA,NA,NA,NA,NA,0,0,0,NA,NA,NA
"3575","ENST00000619546.4","ENSG00000278540.5","OTTHUMG00000188463.3","OTTHUMT00000477315.1","ACACA-245","ACACA",5315,"protein_coding",5242,46,0.902398765087128,"GGACA",0.543478260869565,NA,NA,NA,NA,NA,NA,NA,NA,NA,0,0,0,NA,NA,NA
"3576","ENST00000619548.1","ENSG00000278845.5","OTTHUMG00000188489.2","-","MRPL45-204","MRPL45",1554,"protein_coding",1128,134,0.972974479198456,"GGACA",0.73134328358209,NA,NA,NA,NA,NA,NA,NA,NA,NA,0,0,0,NA,NA,NA
"3577","ENST00000619850.2","ENSG00000101447.15","OTTHUMG00000032462.4","OTTHUMT00000476201.2","FAM83D-202","FAM83D",2370,"protein_coding",1576,51,0.908393681049347,"GAACT",0.568627450980392,NA,NA,NA,NA,NA,NA,NA,NA,NA,0,0,0,NA,NA,NA
"3578","ENST00000619850.2","ENSG00000101447.15","OTTHUMG00000032462.4","OTTHUMT00000476201.2","FAM83D-202","FAM83D",2370,"protein_coding",1590,55,0.965137362480164,"TGACT",0.745454545454545,NA,NA,NA,NA,NA,NA,NA,NA,NA,0,0,0,NA,NA,NA
"3579","ENST00000619913.4","ENSG00000103415.12","OTTHUMG00000129473.4","-","HMOX2-218","HMOX2",1908,"protein_coding",916,81,0.966320693492889,"GGACC",0.592592592592593,NA,NA,NA,NA,NA,NA,NA,NA,NA,0,0,0,NA,NA,NA
"3580","ENST00000619913.4","ENSG00000103415.12","OTTHUMG00000129473.4","-","HMOX2-218","HMOX2",1908,"protein_coding",944,59,0.937196910381317,"GGACA",0.525423728813559,NA,NA,NA,NA,NA,NA,NA,NA,NA,0,0,0,NA,NA,NA
"3581","ENST00000619913.4","ENSG00000103415.12","OTTHUMG00000129473.4","-","HMOX2-218","HMOX2",1908,"protein_coding",1293,124,0.914227783679962,"GGACT",0.5,NA,NA,NA,NA,NA,NA,NA,NA,NA,0,0,0,NA,NA,NA
"3582","ENST00000620088.4","ENSG00000262919.8","OTTHUMG00000024206.8","OTTHUMT00000060987.4","CCNQ-207","CCNQ",1160,"nonsense_mediated_decay",834,167,0.901356399059296,"GGACT",0.568862275449102,NA,NA,NA,NA,NA,NA,NA,NA,NA,0,0,0,NA,NA,NA
"3583","ENST00000620088.4","ENSG00000262919.8","OTTHUMG00000024206.8","OTTHUMT00000060987.4","CCNQ-207","CCNQ",1160,"nonsense_mediated_decay",1066,156,0.923055768013,"AGACT",0.58974358974359,NA,NA,NA,NA,NA,NA,NA,NA,NA,0,0,0,NA,NA,NA
"3584","ENST00000620138.4","ENSG00000205531.14","OTTHUMG00000011009.12","-","NAP1L4-222","NAP1L4",2479,"protein_coding",1693,81,0.982957541942596,"GGACT",0.814814814814815,NA,NA,NA,NA,NA,NA,NA,NA,NA,0,0,0,NA,NA,NA
"3585","ENST00000620384.1","ENSG00000189057.11","OTTHUMG00000167279.5","-","FAM111B-206","FAM111B",3405,"protein_coding",2841,58,0.975503325462341,"GAACT",0.655172413793103,NA,NA,NA,NA,NA,NA,NA,NA,NA,0,0,0,NA,NA,NA
"3586","ENST00000620384.1","ENSG00000189057.11","OTTHUMG00000167279.5","-","FAM111B-206","FAM111B",3405,"protein_coding",3191,106,0.94266265630722,"GGACA",0.660377358490566,NA,NA,NA,NA,NA,NA,NA,NA,NA,0,0,0,NA,NA,NA
"3587","ENST00000620384.1","ENSG00000189057.11","OTTHUMG00000167279.5","-","FAM111B-206","FAM111B",3405,"protein_coding",3364,102,0.936277687549591,"GGACT",0.686274509803922,NA,NA,NA,NA,NA,NA,NA,NA,NA,0,0,0,NA,NA,NA
"3588","ENST00000620440.4","ENSG00000185164.15","OTTHUMG00000131366.2","-","NOMO2-210","NOMO2",1360,"protein_coding",1055,69,0.97591906785965,"GGACC",0.695652173913043,NA,NA,NA,NA,NA,NA,NA,NA,NA,0,0,0,NA,NA,NA
"3589","ENST00000620557.4","ENSG00000147654.16","OTTHUMG00000165346.4","-","EBAG9-210","EBAG9",2186,"protein_coding",916,24,0.91967761516571,"GAACT",0.5,NA,NA,NA,NA,NA,NA,NA,NA,NA,0,0,0,NA,NA,NA
"3590","ENST00000620565.4","ENSG00000276043.5","OTTHUMG00000180251.5","OTTHUMT00000450445.2","UHRF1-205","UHRF1",3965,"protein_coding",3472,20,0.939098656177521,"AAACT",0.55,NA,NA,NA,NA,NA,NA,NA,NA,NA,0,0,0,NA,NA,NA
"3591","ENST00000620709.4","ENSG00000101017.15","OTTHUMG00000033053.4","-","CD40-207","CD40",1522,"nonsense_mediated_decay",1144,29,0.95891273021698,"AGACA",0.689655172413793,NA,NA,NA,NA,NA,NA,NA,NA,NA,0,0,0,NA,NA,NA
"3592","ENST00000620709.4","ENSG00000101017.15","OTTHUMG00000033053.4","-","CD40-207","CD40",1522,"nonsense_mediated_decay",1345,30,0.92821592092514,"AGACT",0.5,NA,NA,NA,NA,NA,NA,NA,NA,NA,0,0,0,NA,NA,NA
"3593","ENST00000620771.4","ENSG00000115756.13","OTTHUMG00000090451.6","-","HPCAL1-207","HPCAL1",1941,"protein_coding",1516,78,0.96343469619751,"TGACT",0.743589743589744,NA,NA,NA,NA,NA,NA,NA,NA,NA,0,0,0,NA,NA,NA
"3594","ENST00000620897.4","ENSG00000122783.17","OTTHUMG00000155447.5","-","CYREN-214","CYREN",1349,"protein_coding",881,21,0.997991979122162,"AGACA",0.904761904761905,NA,NA,NA,NA,NA,NA,NA,NA,NA,0,0,0,NA,NA,NA
"3595","ENST00000620915.4","ENSG00000171302.17","OTTHUMG00000177570.9","-","CANT1-216","CANT1",3337,"protein_coding",2402,20,0.978631794452667,"GAACT",0.8,NA,NA,NA,NA,NA,NA,NA,NA,NA,0,0,0,NA,NA,NA
"3596","ENST00000620915.4","ENSG00000171302.17","OTTHUMG00000177570.9","-","CANT1-216","CANT1",3337,"protein_coding",3117,94,0.900367796421051,"GGACT",0.563829787234043,NA,NA,NA,NA,NA,NA,NA,NA,NA,0,0,0,NA,NA,NA
"3597","ENST00000621096.4","ENSG00000110047.18","OTTHUMG00000066832.18","-","EHD1-213","EHD1",3336,"protein_coding",1823,23,0.994318127632141,"AGACT",0.91304347826087,NA,NA,NA,NA,NA,NA,NA,NA,NA,0,0,0,NA,NA,NA
"3598","ENST00000621096.4","ENSG00000110047.18","OTTHUMG00000066832.18","-","EHD1-213","EHD1",3336,"protein_coding",1938,22,0.951349258422852,"GAACT",0.772727272727273,NA,NA,NA,NA,NA,NA,NA,NA,NA,0,0,0,NA,NA,NA
"3599","ENST00000621096.4","ENSG00000110047.18","OTTHUMG00000066832.18","-","EHD1-213","EHD1",3336,"protein_coding",3321,28,0.959003686904907,"GAACT",0.607142857142857,NA,NA,NA,NA,NA,NA,NA,NA,NA,0,0,0,NA,NA,NA
"3600","ENST00000621420.5","ENSG00000153037.15","OTTHUMG00000186064.6","OTTHUMT00000488541.2","SRP19-212","SRP19",1270,"protein_coding",522,292,0.943464517593384,"GAACT",0.626712328767123,NA,NA,NA,NA,NA,NA,NA,NA,NA,0,0,0,NA,NA,NA
"3601","ENST00000621420.5","ENSG00000153037.15","OTTHUMG00000186064.6","OTTHUMT00000488541.2","SRP19-212","SRP19",1270,"protein_coding",670,217,0.914903342723846,"GGACA",0.571428571428571,NA,NA,NA,NA,NA,NA,NA,NA,NA,0,0,0,NA,NA,NA
"3602","ENST00000621420.5","ENSG00000153037.15","OTTHUMG00000186064.6","OTTHUMT00000488541.2","SRP19-212","SRP19",1270,"protein_coding",677,257,0.941209733486176,"GGACT",0.727626459143969,NA,NA,NA,NA,NA,NA,NA,NA,NA,0,0,0,NA,NA,NA
"3603","ENST00000621592.8","ENSG00000136997.22","OTTHUMG00000128475.10","OTTHUMT00000250277.8","MYC-206","MYC",3721,"protein_coding",802,20,0.989926278591156,"GGACT",0.9,NA,NA,NA,NA,NA,NA,NA,NA,NA,0,0,0,NA,NA,NA
"3604","ENST00000621592.8","ENSG00000136997.22","OTTHUMG00000128475.10","OTTHUMT00000250277.8","MYC-206","MYC",3721,"protein_coding",1840,126,0.948452651500702,"AGACT",0.579365079365079,NA,NA,NA,NA,NA,NA,NA,NA,NA,0,0,0,NA,NA,NA
"3605","ENST00000621592.8","ENSG00000136997.22","OTTHUMG00000128475.10","OTTHUMT00000250277.8","MYC-206","MYC",3721,"protein_coding",1880,124,0.931873440742493,"GGACT",0.806451612903226,NA,NA,NA,NA,NA,NA,NA,NA,NA,0,0,0,NA,NA,NA
"3606","ENST00000621629.4","ENSG00000262919.8","OTTHUMG00000024206.8","OTTHUMT00000060996.2","CCNQ-208","CCNQ",1220,"nonsense_mediated_decay",894,171,0.901048481464386,"GGACT",0.573099415204678,NA,NA,NA,NA,NA,NA,NA,NA,NA,0,0,0,NA,NA,NA
"3607","ENST00000621629.4","ENSG00000262919.8","OTTHUMG00000024206.8","OTTHUMT00000060996.2","CCNQ-208","CCNQ",1220,"nonsense_mediated_decay",1126,159,0.930074691772461,"AGACT",0.59748427672956,NA,NA,NA,NA,NA,NA,NA,NA,NA,0,0,0,NA,NA,NA
"3608","ENST00000621632.5","ENSG00000089737.19","OTTHUMG00000171301.3","OTTHUMT00000412861.3","DDX24-208","DDX24",5573,"protein_coding",1802,23,0.926894307136536,"AGACT",0.434782608695652,NA,NA,NA,NA,NA,NA,NA,NA,NA,0,0,0,NA,NA,NA
"3609","ENST00000621632.5","ENSG00000089737.19","OTTHUMG00000171301.3","OTTHUMT00000412861.3","DDX24-208","DDX24",5573,"protein_coding",2688,123,0.944579780101776,"TGACT",0.739837398373984,NA,NA,NA,NA,NA,NA,NA,NA,NA,0,0,0,NA,NA,NA
"3610","ENST00000621833.4","ENSG00000138867.17","OTTHUMG00000150728.3","-","GUCD1-213","GUCD1",3584,"protein_coding",3449,20,0.975500345230103,"GGACA",0.9,NA,NA,NA,NA,NA,NA,NA,NA,NA,0,0,0,NA,NA,NA
"3611","ENST00000621943.4","ENSG00000066322.15","OTTHUMG00000007422.3","-","ELOVL1-216","ELOVL1",1625,"protein_coding",1147,127,0.99015212059021,"GGACT",0.748031496062992,NA,NA,NA,NA,NA,NA,NA,NA,NA,0,0,0,NA,NA,NA
"3612","ENST00000621943.4","ENSG00000066322.15","OTTHUMG00000007422.3","-","ELOVL1-216","ELOVL1",1625,"protein_coding",1218,179,0.919611930847168,"GGACT",0.715083798882682,NA,NA,NA,NA,NA,NA,NA,NA,NA,0,0,0,NA,NA,NA
"3613","ENST00000622018.4","ENSG00000115756.13","OTTHUMG00000090451.6","-","HPCAL1-208","HPCAL1",1535,"protein_coding",1110,78,0.961418926715851,"TGACT",0.743589743589744,NA,NA,NA,NA,NA,NA,NA,NA,NA,0,0,0,NA,NA,NA
"3614","ENST00000622235.5","ENSG00000244486.9","OTTHUMG00000150779.5","OTTHUMT00000320048.4","SCARF2-202","SCARF2",3463,"protein_coding",3011,47,0.948312222957611,"GGACT",0.765957446808511,NA,NA,NA,NA,NA,NA,NA,NA,NA,0,0,0,NA,NA,NA
"3615","ENST00000622306.5","ENSG00000185164.15","OTTHUMG00000131366.2","-","NOMO2-212","NOMO2",4235,"protein_coding",3932,105,0.985610246658325,"GGACC",0.752380952380952,NA,NA,NA,NA,NA,NA,NA,NA,NA,0,0,0,NA,NA,NA
"3616","ENST00000622395.4","ENSG00000158850.15","OTTHUMG00000034348.2","-","B4GALT3-213","B4GALT3",2414,"protein_coding",1756,45,0.902483880519867,"GGACT",0.644444444444444,NA,NA,NA,NA,NA,NA,NA,NA,NA,0,0,0,NA,NA,NA
"3617","ENST00000622558.4","ENSG00000188130.14","OTTHUMG00000030145.5","-","MAPK12-211","MAPK12",1779,"protein_coding",1339,45,0.929871916770935,"GGACT",0.644444444444444,NA,NA,NA,NA,NA,NA,NA,NA,NA,0,0,0,NA,NA,NA
"3618","ENST00000622558.4","ENSG00000188130.14","OTTHUMG00000030145.5","-","MAPK12-211","MAPK12",1779,"protein_coding",1416,42,0.987181305885315,"GGACC",0.69047619047619,NA,NA,NA,NA,NA,NA,NA,NA,NA,0,0,0,NA,NA,NA
"3619","ENST00000622558.4","ENSG00000188130.14","OTTHUMG00000030145.5","-","MAPK12-211","MAPK12",1779,"protein_coding",1633,55,0.941789031028748,"GGACA",0.490909090909091,NA,NA,NA,NA,NA,NA,NA,NA,NA,0,0,0,NA,NA,NA
"3620","ENST00000622581.4","ENSG00000169241.19","OTTHUMG00000035333.5","-","SLC50A1-214","SLC50A1",1245,"protein_coding",804,114,0.90242999792099,"GGACC",0.43859649122807,NA,NA,NA,NA,NA,NA,NA,NA,NA,0,0,0,NA,NA,NA
"3621","ENST00000622602.2","ENSG00000256537.5","OTTHUMG00000168565.4","OTTHUMT00000474483.3","SMIM10L1-201","SMIM10L1",4823,"protein_coding",585,156,0.930378973484039,"GAACT",0.538461538461538,NA,NA,NA,NA,NA,NA,NA,NA,NA,0,0,0,NA,NA,NA
"3622","ENST00000622602.2","ENSG00000256537.5","OTTHUMG00000168565.4","OTTHUMT00000474483.3","SMIM10L1-201","SMIM10L1",4823,"protein_coding",745,166,0.945571541786194,"GGACT",0.63855421686747,NA,NA,NA,NA,NA,NA,NA,NA,NA,0,0,0,NA,NA,NA
"3623","ENST00000622602.2","ENSG00000256537.5","OTTHUMG00000168565.4","OTTHUMT00000474483.3","SMIM10L1-201","SMIM10L1",4823,"protein_coding",874,196,0.943892359733582,"AAACT",0.653061224489796,NA,NA,NA,NA,NA,NA,NA,NA,NA,0,0,0,NA,NA,NA
"3624","ENST00000622639.4","ENSG00000066697.15","OTTHUMG00000020365.3","-","MSANTD3-207","MSANTD3",1748,"protein_coding",1004,145,0.946200668811798,"AGACT",0.855172413793103,NA,NA,NA,NA,NA,NA,NA,NA,NA,0,0,0,NA,NA,NA
"3625","ENST00000622639.4","ENSG00000066697.15","OTTHUMG00000020365.3","-","MSANTD3-207","MSANTD3",1748,"protein_coding",1063,138,0.915580570697784,"GGACT",0.760869565217391,NA,NA,NA,NA,NA,NA,NA,NA,NA,0,0,0,NA,NA,NA
"3626","ENST00000622749.2","ENSG00000277150.2","OTTHUMG00000034289.1","OTTHUMT00000082833.1","F8A3-201","F8A3",1707,"protein_coding",1178,57,0.926169514656067,"GGACT",0.701754385964912,NA,NA,NA,NA,NA,NA,NA,NA,NA,0,0,0,NA,NA,NA
"3627","ENST00000623091.2","ENSG00000278970.4","OTTHUMG00000162271.2","OTTHUMT00000368349.2","HEIH-201","HEIH",1668,"lncRNA",960,47,0.990043342113495,"TGACT",0.702127659574468,NA,NA,NA,NA,NA,NA,NA,NA,NA,0,0,0,NA,NA,NA
"3628","ENST00000623091.2","ENSG00000278970.4","OTTHUMG00000162271.2","OTTHUMT00000368349.2","HEIH-201","HEIH",1668,"lncRNA",964,49,0.982591092586517,"TGACT",0.714285714285714,NA,NA,NA,NA,NA,NA,NA,NA,NA,0,0,0,NA,NA,NA
"3629","ENST00000623091.2","ENSG00000278970.4","OTTHUMG00000162271.2","OTTHUMT00000368349.2","HEIH-201","HEIH",1668,"lncRNA",1060,52,0.986297607421875,"TGACT",0.769230769230769,NA,NA,NA,NA,NA,NA,NA,NA,NA,0,0,0,NA,NA,NA
"3630","ENST00000623091.2","ENSG00000278970.4","OTTHUMG00000162271.2","OTTHUMT00000368349.2","HEIH-201","HEIH",1668,"lncRNA",1064,52,0.984770059585571,"TGACT",0.826923076923077,NA,NA,NA,NA,NA,NA,NA,NA,NA,0,0,0,NA,NA,NA
"3631","ENST00000624186.1","ENSG00000141568.21","OTTHUMG00000140374.7","OTTHUMT00000439988.1","FOXK2-212","FOXK2",4244,"TEC",3050,21,0.940310060977936,"AGACT",0.857142857142857,NA,NA,NA,NA,NA,NA,NA,NA,NA,0,0,0,NA,NA,NA
"3632","ENST00000624186.1","ENSG00000141568.21","OTTHUMG00000140374.7","OTTHUMT00000439988.1","FOXK2-212","FOXK2",4244,"TEC",3338,22,0.927769482135773,"GGACT",0.545454545454545,NA,NA,NA,NA,NA,NA,NA,NA,NA,0,0,0,NA,NA,NA
"3633","ENST00000624301.3","ENSG00000276043.5","OTTHUMG00000180251.5","-","UHRF1-207","UHRF1",3898,"protein_coding",3404,20,0.939230024814606,"AAACT",0.55,NA,NA,NA,NA,NA,NA,NA,NA,NA,0,0,0,NA,NA,NA
"3634","ENST00000624682.1","ENSG00000280206.1","OTTHUMG00000184128.1","OTTHUMT00000468072.1","ENST00000624682","ENSG00000280206",882,"lncRNA",409,20,0.907595813274384,"GAACT",0.6,NA,NA,NA,NA,NA,NA,NA,NA,NA,0,0,0,NA,NA,NA
"3635","ENST00000625172.3","ENSG00000244687.13","OTTHUMG00000152626.6","-","UBE2V1-223","UBE2V1",2297,"protein_coding",898,26,0.931027352809906,"GAACT",0.538461538461538,NA,NA,NA,NA,NA,NA,NA,NA,NA,0,0,0,NA,NA,NA
"3636","ENST00000626257.2","ENSG00000146574.16","OTTHUMG00000152441.3","-","CCZ1B-215","CCZ1B",2211,"protein_coding",2009,491,0.929353177547455,"GGACT",0.625254582484725,NA,NA,NA,NA,NA,NA,NA,NA,NA,0,0,0,NA,NA,NA
"3637","ENST00000627109.2","ENSG00000044115.21","OTTHUMG00000163502.5","-","CTNNA1-244","CTNNA1",3831,"protein_coding",2876,21,0.985591650009155,"GGACA",0.666666666666667,NA,NA,NA,NA,NA,NA,NA,NA,NA,0,0,0,NA,NA,NA
"3638","ENST00000627714.2","ENSG00000011304.22","OTTHUMG00000181789.13","-","PTBP1-219","PTBP1",2201,"protein_coding",903,23,0.959379732608795,"TGACT",0.695652173913043,NA,NA,NA,NA,NA,NA,NA,NA,NA,0,0,0,NA,NA,NA
"3639","ENST00000628813.2","ENSG00000122674.12","OTTHUMG00000155502.2","-","CCZ1-207","CCZ1",2218,"protein_coding",1436,488,0.930846810340881,"GGACT",0.625,NA,NA,NA,NA,NA,NA,NA,NA,NA,0,0,0,NA,NA,NA
"3640","ENST00000629496.3","ENSG00000215301.11","OTTHUMG00000021369.22","OTTHUMT00000481647.3","DDX3X-217","DDX3X",5036,"protein_coding",4947,56,0.922842979431152,"GAACT",0.464285714285714,NA,NA,NA,NA,NA,NA,NA,NA,NA,0,0,0,NA,NA,NA
"3641","ENST00000630236.2","ENSG00000136877.15","OTTHUMG00000020716.6","-","FPGS-221","FPGS",2160,"protein_coding",1740,92,0.927946925163269,"GAACT",0.41304347826087,NA,NA,NA,NA,NA,NA,NA,NA,NA,0,0,0,NA,NA,NA
"3642","ENST00000630287.2","ENSG00000117394.24","OTTHUMG00000007657.12","OTTHUMT00000481667.1","SLC2A1-208","SLC2A1",2398,"nonsense_mediated_decay",1914,56,0.933082401752472,"GGACA",0.5,NA,NA,NA,NA,NA,NA,NA,NA,NA,0,0,0,NA,NA,NA
"3643","ENST00000630539.1","ENSG00000049656.14","OTTHUMG00000131015.5","-","CLPTM1L-216","CLPTM1L",2032,"protein_coding",1670,253,0.95448511838913,"GGACA",0.695652173913043,NA,NA,NA,NA,NA,NA,NA,NA,NA,0,0,0,NA,NA,NA
"3644","ENST00000630539.1","ENSG00000049656.14","OTTHUMG00000131015.5","-","CLPTM1L-216","CLPTM1L",2032,"protein_coding",1957,282,0.96003532409668,"GGACT",0.765957446808511,NA,NA,NA,NA,NA,NA,NA,NA,NA,0,0,0,NA,NA,NA
"3645","ENST00000631619.1","ENSG00000163660.12","OTTHUMG00000158713.2","OTTHUMT00000487865.1","CCNL1-226","CCNL1",2457,"nonsense_mediated_decay",1920,21,0.903081238269806,"GGACA",0.380952380952381,NA,NA,NA,NA,NA,NA,NA,NA,NA,0,0,0,NA,NA,NA
"3646","ENST00000631619.1","ENSG00000163660.12","OTTHUMG00000158713.2","OTTHUMT00000487865.1","CCNL1-226","CCNL1",2457,"nonsense_mediated_decay",2011,20,0.944013714790344,"TGACT",0.5,NA,NA,NA,NA,NA,NA,NA,NA,NA,0,0,0,NA,NA,NA
"3647","ENST00000634348.1","ENSG00000116350.18","OTTHUMG00000003663.7","OTTHUMT00000488418.1","SRSF4-207","SRSF4",8128,"retained_intron",8015,46,0.964783191680908,"GGACT",0.782608695652174,NA,NA,NA,NA,NA,NA,NA,NA,NA,0,0,0,NA,NA,NA
"3648","ENST00000635031.2","ENSG00000170846.17","OTTHUMG00000125505.7","OTTHUMT00000488307.3","MRFAP1L2-203","MRFAP1L2",1973,"protein_coding",1289,20,0.944895505905151,"GGACT",0.75,NA,NA,NA,NA,NA,NA,NA,NA,NA,0,0,0,NA,NA,NA
"3649","ENST00000635031.2","ENSG00000170846.17","OTTHUMG00000125505.7","OTTHUMT00000488307.3","MRFAP1L2-203","MRFAP1L2",1973,"protein_coding",1646,52,0.96261328458786,"TGACT",0.730769230769231,NA,NA,NA,NA,NA,NA,NA,NA,NA,0,0,0,NA,NA,NA
"3650","ENST00000635647.1","ENSG00000011304.22","OTTHUMG00000181789.13","OTTHUMT00000488051.1","PTBP1-220","PTBP1",3691,"protein_coding",2393,58,0.916272222995758,"TGACT",0.655172413793103,NA,NA,NA,NA,NA,NA,NA,NA,NA,0,0,0,NA,NA,NA
"3651","ENST00000635918.2","ENSG00000236444.5","OTTHUMG00000016669.4","OTTHUMT00000044355.4","UBE2L5-202","UBE2L5",2731,"protein_coding",1502,63,0.915822744369507,"GGACT",0.619047619047619,NA,NA,NA,NA,NA,NA,NA,NA,NA,0,0,0,NA,NA,NA
"3652","ENST00000636147.2","ENSG00000188603.22","OTTHUMG00000097024.10","OTTHUMT00000489689.3","CLN3-243","CLN3",1685,"protein_coding",1537,24,0.924767971038818,"GAACT",0.666666666666667,NA,NA,NA,NA,NA,NA,NA,NA,NA,0,0,0,NA,NA,NA
"3653","ENST00000636766.1","ENSG00000261832.6","OTTHUMG00000175737.3","OTTHUMT00000489710.1","ENST00000636766","ENSG00000261832",2061,"nonsense_mediated_decay",1537,46,0.911334812641144,"GAACT",0.58695652173913,NA,NA,NA,NA,NA,NA,NA,NA,NA,0,0,0,NA,NA,NA
"3654","ENST00000637233.1","ENSG00000283515.1","OTTHUMG00000183459.2","OTTHUMT00000488725.1","ENST00000637233","ENSG00000283515",3042,"nonsense_mediated_decay",2800,83,0.903245687484741,"GAACT",0.614457831325301,NA,NA,NA,NA,NA,NA,NA,NA,NA,0,0,0,NA,NA,NA
"3655","ENST00000638475.1","ENSG00000153187.21","OTTHUMG00000040396.17","OTTHUMT00000492377.1","HNRNPU-214","HNRNPU",2698,"protein_coding",2204,188,0.954064548015594,"GAACT",0.638297872340426,NA,NA,NA,NA,NA,NA,NA,NA,NA,0,0,0,NA,NA,NA
"3656","ENST00000638716.1","ENSG00000153187.21","OTTHUMG00000040396.17","OTTHUMT00000492369.1","HNRNPU-216","HNRNPU",2640,"protein_coding",1674,196,0.963854849338531,"GAACT",0.678571428571429,NA,NA,NA,NA,NA,NA,NA,NA,NA,0,0,0,NA,NA,NA
"3657","ENST00000638952.1","ENSG00000153187.21","OTTHUMG00000040396.17","OTTHUMT00000492372.2","HNRNPU-217","HNRNPU",5678,"retained_intron",4712,256,0.96518862247467,"GAACT",0.6875,NA,NA,NA,NA,NA,NA,NA,NA,NA,0,0,0,NA,NA,NA
"3658","ENST00000639628.2","ENSG00000153187.21","OTTHUMG00000040396.17","OTTHUMT00000097165.3","HNRNPU-219","HNRNPU",7674,"protein_coding",3538,257,0.961461782455444,"GAACT",0.626459143968872,NA,NA,NA,NA,NA,NA,NA,NA,NA,0,0,0,NA,NA,NA
"3659","ENST00000639880.1","ENSG00000153187.21","OTTHUMG00000040396.17","OTTHUMT00000492370.1","HNRNPU-222","HNRNPU",4239,"nonsense_mediated_decay",3502,157,0.934449672698975,"GAACT",0.617834394904459,NA,NA,NA,NA,NA,NA,NA,NA,NA,0,0,0,NA,NA,NA
"3660","ENST00000640056.1","ENSG00000153187.21","OTTHUMG00000040396.17","OTTHUMT00000492378.1","HNRNPU-224","HNRNPU",2045,"nonsense_mediated_decay",1818,22,0.970973908901215,"GAACT",0.772727272727273,NA,NA,NA,NA,NA,NA,NA,NA,NA,0,0,0,NA,NA,NA
"3661","ENST00000640218.2","ENSG00000153187.21","OTTHUMG00000040396.17","OTTHUMT00000097163.5","HNRNPU-226","HNRNPU",6867,"protein_coding",2731,311,0.960732102394104,"GAACT",0.639871382636656,NA,NA,NA,NA,NA,NA,NA,NA,NA,0,0,0,NA,NA,NA
"3662","ENST00000641098.1","ENSG00000105443.17","OTTHUMG00000150245.7","OTTHUMT00000492896.1","CYTH2-213","CYTH2",2721,"protein_coding",1036,50,0.912666082382202,"GAACT",0.58,NA,NA,NA,NA,NA,NA,NA,NA,NA,0,0,0,NA,NA,NA
"3663","ENST00000641834.2","ENSG00000293495.1","-","OTTHUMT00000464108.1","C19orf48P-214","C19orf48P",1735,"lncRNA",864,137,0.961138367652893,"GGACA",0.642335766423358,NA,NA,NA,NA,NA,NA,NA,NA,NA,0,0,0,NA,NA,NA
"3664","ENST00000641834.2","ENSG00000293495.1","-","OTTHUMT00000464108.1","C19orf48P-214","C19orf48P",1735,"lncRNA",926,188,0.925704956054688,"GGACA",0.579787234042553,NA,NA,NA,NA,NA,NA,NA,NA,NA,0,0,0,NA,NA,NA
"3665","ENST00000641834.2","ENSG00000293495.1","-","OTTHUMT00000464108.1","C19orf48P-214","C19orf48P",1735,"lncRNA",1255,268,0.95218700170517,"GGACA",0.623134328358209,NA,NA,NA,NA,NA,NA,NA,NA,NA,0,0,0,NA,NA,NA
"3666","ENST00000641936.1","ENSG00000291110.1","-","OTTHUMT00000440707.1","TRIM16L-215","TRIM16L",2048,"lncRNA",1243,82,0.902750730514526,"TGACT",0.548780487804878,NA,NA,NA,NA,NA,NA,NA,NA,NA,0,0,0,NA,NA,NA
"3667","ENST00000642675.1","ENSG00000168724.18","OTTHUMG00000074103.7","OTTHUMT00000497040.1","DNAJC21-206","DNAJC21",2338,"protein_coding",1940,21,0.900793433189392,"GAACT",0.523809523809524,NA,NA,NA,NA,NA,NA,NA,NA,NA,0,0,0,NA,NA,NA
"3668","ENST00000642752.1","ENSG00000112855.17","OTTHUMG00000129500.19","OTTHUMT00000496018.1","HARS2-214","HARS2",2346,"protein_coding",2106,25,0.929496347904205,"GGACA",0.36,NA,NA,NA,NA,NA,NA,NA,NA,NA,0,0,0,NA,NA,NA
"3669","ENST00000642752.1","ENSG00000112855.17","OTTHUMG00000129500.19","OTTHUMT00000496018.1","HARS2-214","HARS2",2346,"protein_coding",2220,52,0.960695326328278,"GAACT",0.653846153846154,NA,NA,NA,NA,NA,NA,NA,NA,NA,0,0,0,NA,NA,NA
"3670","ENST00000642851.1","ENSG00000168724.18","OTTHUMG00000074103.7","OTTHUMT00000497039.1","DNAJC21-207","DNAJC21",2788,"protein_coding",1691,21,0.924022078514099,"GAACT",0.619047619047619,NA,NA,NA,NA,NA,NA,NA,NA,NA,0,0,0,NA,NA,NA
"3671","ENST00000642900.1","ENSG00000174780.17","OTTHUMG00000128843.17","OTTHUMT00000496472.1","SRP72-205","SRP72",3855,"protein_coding",2248,140,0.925248146057129,"GGACT",0.564285714285714,NA,NA,NA,NA,NA,NA,NA,NA,NA,0,0,0,NA,NA,NA
"3672","ENST00000642970.1","ENSG00000112855.17","OTTHUMG00000129500.19","OTTHUMT00000372871.3","HARS2-215","HARS2",2436,"protein_coding",1748,29,0.907318592071533,"GAACT",0.586206896551724,NA,NA,NA,NA,NA,NA,NA,NA,NA,0,0,0,NA,NA,NA
"3673","ENST00000642970.1","ENSG00000112855.17","OTTHUMG00000129500.19","OTTHUMT00000372871.3","HARS2-215","HARS2",2436,"protein_coding",1844,30,0.906753778457642,"GAACT",0.533333333333333,NA,NA,NA,NA,NA,NA,NA,NA,NA,0,0,0,NA,NA,NA
"3674","ENST00000642970.1","ENSG00000112855.17","OTTHUMG00000129500.19","OTTHUMT00000372871.3","HARS2-215","HARS2",2436,"protein_coding",1863,27,0.940012812614441,"GGACT",0.444444444444444,NA,NA,NA,NA,NA,NA,NA,NA,NA,0,0,0,NA,NA,NA
"3675","ENST00000642970.1","ENSG00000112855.17","OTTHUMG00000129500.19","OTTHUMT00000372871.3","HARS2-215","HARS2",2436,"protein_coding",2185,34,0.923161923885345,"GGACA",0.323529411764706,NA,NA,NA,NA,NA,NA,NA,NA,NA,0,0,0,NA,NA,NA
"3676","ENST00000642970.1","ENSG00000112855.17","OTTHUMG00000129500.19","OTTHUMT00000372871.3","HARS2-215","HARS2",2436,"protein_coding",2299,83,0.94717937707901,"GAACT",0.590361445783133,NA,NA,NA,NA,NA,NA,NA,NA,NA,0,0,0,NA,NA,NA
"3677","ENST00000643029.1","ENSG00000257524.6","OTTHUMG00000169436.5","OTTHUMT00000497417.1","ENST00000643029","ENSG00000257524",3578,"nonsense_mediated_decay",3557,55,0.931132912635803,"GGACA",0.545454545454545,NA,NA,NA,NA,NA,NA,NA,NA,NA,0,0,0,NA,NA,NA
"3678","ENST00000643116.3","ENSG00000065000.20","OTTHUMG00000180354.6","OTTHUMT00000496907.2","AP3D1-213","AP3D1",5065,"protein_coding",4827,54,0.943927228450775,"GGACT",0.648148148148148,NA,NA,NA,NA,NA,NA,NA,NA,NA,0,0,0,NA,NA,NA
"3679","ENST00000643206.1","ENSG00000127990.19","OTTHUMG00000022828.19","OTTHUMT00000494036.1","SGCE-230","SGCE",1359,"nonsense_mediated_decay",1024,47,0.90595006942749,"GAACT",0.468085106382979,NA,NA,NA,NA,NA,NA,NA,NA,NA,0,0,0,NA,NA,NA
"3680","ENST00000643338.1","ENSG00000257524.6","OTTHUMG00000169436.5","OTTHUMT00000497418.1","ENST00000643338","ENSG00000257524",3418,"nonsense_mediated_decay",3399,52,0.935742914676666,"GGACA",0.538461538461538,NA,NA,NA,NA,NA,NA,NA,NA,NA,0,0,0,NA,NA,NA
"3681","ENST00000643579.2","ENSG00000167460.17","OTTHUMG00000182134.12","OTTHUMT00000496846.2","TPM4-218","TPM4",2474,"protein_coding",802,21,0.937382459640503,"GAACT",0.523809523809524,NA,NA,NA,NA,NA,NA,NA,NA,NA,0,0,0,NA,NA,NA
"3682","ENST00000643589.1","ENSG00000222041.13","OTTHUMG00000130273.15","OTTHUMT00000496077.1","CYTOR-222","CYTOR",594,"lncRNA",465,48,0.916364014148712,"GGACT",0.625,NA,NA,NA,NA,NA,NA,NA,NA,NA,0,0,0,NA,NA,NA
"3683","ENST00000643920.1","ENSG00000253352.10","OTTHUMG00000030444.9","OTTHUMT00000495121.1","TUG1-215","TUG1",4449,"protein_coding_CDS_not_defined",4052,20,0.920970559120178,"GGACA",0.55,NA,NA,NA,NA,NA,NA,NA,NA,NA,0,0,0,NA,NA,NA
"3684","ENST00000643944.2","ENSG00000185803.12","OTTHUMG00000165168.9","OTTHUMT00000497132.1","SLC52A2-213","SLC52A2",2158,"protein_coding",1875,25,0.913820087909698,"GGACT",0.68,NA,NA,NA,NA,NA,NA,NA,NA,NA,0,0,0,NA,NA,NA
"3685","ENST00000643963.1","ENSG00000215301.11","OTTHUMG00000021369.22","OTTHUMT00000497533.1","DDX3X-236","DDX3X",4467,"nonsense_mediated_decay",4418,20,0.950992941856384,"GAACT",0.6,NA,NA,NA,NA,NA,NA,NA,NA,NA,0,0,0,NA,NA,NA
"3686","ENST00000644074.1","ENSG00000215301.11","OTTHUMG00000021369.22","OTTHUMT00000497505.2","DDX3X-238","DDX3X",4620,"protein_coding",4553,46,0.934233725070953,"GAACT",0.5,NA,NA,NA,NA,NA,NA,NA,NA,NA,0,0,0,NA,NA,NA
"3687","ENST00000644112.2","ENSG00000126953.8","OTTHUMG00000022028.6","OTTHUMT00000057555.3","TIMM8A-202","TIMM8A",2951,"protein_coding",2012,21,0.94133448600769,"GAACT",0.523809523809524,NA,NA,NA,NA,NA,NA,NA,NA,NA,0,0,0,NA,NA,NA
"3688","ENST00000644144.2","ENSG00000106992.19","OTTHUMG00000020722.11","OTTHUMT00000054307.2","AK1-206","AK1",2192,"protein_coding",807,60,0.926915228366852,"GGACA",0.55,NA,NA,NA,NA,NA,NA,NA,NA,NA,0,0,0,NA,NA,NA
"3689","ENST00000644480.2","ENSG00000285238.2","OTTHUMG00000192596.2","OTTHUMT00000496963.2","ENST00000644480","ENSG00000285238",8502,"nonsense_mediated_decay",8161,23,0.959638178348541,"AGACT",0.695652173913043,NA,NA,NA,NA,NA,NA,NA,NA,NA,0,0,0,NA,NA,NA
"3690","ENST00000644480.2","ENSG00000285238.2","OTTHUMG00000192596.2","OTTHUMT00000496963.2","ENST00000644480","ENSG00000285238",8502,"nonsense_mediated_decay",8186,23,0.927778840065002,"GGACC",0.521739130434783,NA,NA,NA,NA,NA,NA,NA,NA,NA,0,0,0,NA,NA,NA
"3691","ENST00000644773.3","ENSG00000253352.10","OTTHUMG00000030444.9","OTTHUMT00000431951.4","TUG1-217","TUG1",7474,"protein_coding",6685,49,0.911871194839478,"GAACT",0.693877551020408,NA,NA,NA,NA,NA,NA,NA,NA,NA,0,0,0,NA,NA,NA
"3692","ENST00000645065.1","ENSG00000112855.17","OTTHUMG00000129500.19","OTTHUMT00000372874.3","HARS2-217","HARS2",2363,"protein_coding",1695,26,0.906903564929962,"GAACT",0.576923076923077,NA,NA,NA,NA,NA,NA,NA,NA,NA,0,0,0,NA,NA,NA
"3693","ENST00000645065.1","ENSG00000112855.17","OTTHUMG00000129500.19","OTTHUMT00000372874.3","HARS2-217","HARS2",2363,"protein_coding",1791,26,0.920009136199951,"GAACT",0.615384615384615,NA,NA,NA,NA,NA,NA,NA,NA,NA,0,0,0,NA,NA,NA
"3694","ENST00000645065.1","ENSG00000112855.17","OTTHUMG00000129500.19","OTTHUMT00000372874.3","HARS2-217","HARS2",2363,"protein_coding",1810,25,0.934231579303741,"GGACT",0.44,NA,NA,NA,NA,NA,NA,NA,NA,NA,0,0,0,NA,NA,NA
"3695","ENST00000645065.1","ENSG00000112855.17","OTTHUMG00000129500.19","OTTHUMT00000372874.3","HARS2-217","HARS2",2363,"protein_coding",2132,24,0.965642333030701,"GGACA",0.375,NA,NA,NA,NA,NA,NA,NA,NA,NA,0,0,0,NA,NA,NA
"3696","ENST00000645065.1","ENSG00000112855.17","OTTHUMG00000129500.19","OTTHUMT00000372874.3","HARS2-217","HARS2",2363,"protein_coding",2246,29,0.963334262371063,"GAACT",0.655172413793103,NA,NA,NA,NA,NA,NA,NA,NA,NA,0,0,0,NA,NA,NA
"3697","ENST00000645279.1","ENSG00000126953.8","OTTHUMG00000022028.6","OTTHUMT00000497541.1","TIMM8A-203","TIMM8A",1494,"nonsense_mediated_decay",771,20,0.907410264015198,"GGACA",0.4,NA,NA,NA,NA,NA,NA,NA,NA,NA,0,0,0,NA,NA,NA
"3698","ENST00000645429.1","ENSG00000170846.17","OTTHUMG00000125505.7","OTTHUMT00000495425.1","MRFAP1L2-204","MRFAP1L2",2057,"protein_coding_CDS_not_defined",1022,42,0.953692615032196,"TGACT",0.714285714285714,NA,NA,NA,NA,NA,NA,NA,NA,NA,0,0,0,NA,NA,NA
"3699","ENST00000645495.2","ENSG00000137710.17","OTTHUMG00000166574.8","OTTHUMT00000496388.1","RDX-219","RDX",4392,"protein_coding",3979,87,0.910757064819336,"GAACT",0.448275862068966,NA,NA,NA,NA,NA,NA,NA,NA,NA,0,0,0,NA,NA,NA
"3700","ENST00000645673.2","ENSG00000051180.17","OTTHUMG00000130067.10","OTTHUMT00000387938.2","RAD51-211","RAD51",2439,"protein_coding",1272,115,0.968717157840729,"AGACT",0.660869565217391,NA,NA,NA,NA,NA,NA,NA,NA,NA,0,0,0,NA,NA,NA
"3701","ENST00000645878.1","ENSG00000177697.19","OTTHUMG00000133311.10","OTTHUMT00000494212.1","CD151-223","CD151",1857,"retained_intron",944,170,0.950957775115967,"GGACT",0.694117647058824,NA,NA,NA,NA,NA,NA,NA,NA,NA,0,0,0,NA,NA,NA
"3702","ENST00000646171.1","ENSG00000257524.6","OTTHUMG00000169436.5","OTTHUMT00000404005.3","ENST00000646171","ENSG00000257524",1947,"nonsense_mediated_decay",1940,25,0.940329134464264,"GGACA",0.64,NA,NA,NA,NA,NA,NA,NA,NA,NA,0,0,0,NA,NA,NA
"3703","ENST00000646188.1","ENSG00000171453.20","OTTHUMG00000014739.13","OTTHUMT00000495091.1","POLR1C-214","POLR1C",1221,"protein_coding",1217,144,0.940860688686371,"TGACT",0.416666666666667,258,87,876,1,258,259,1133,1134,1220,0,0,1,NA,NA,0.954022988505747
"3704","ENST00000646196.1","ENSG00000215301.11","OTTHUMG00000021369.22","OTTHUMT00000497438.4","DDX3X-258","DDX3X",5493,"retained_intron",5437,47,0.945951998233795,"GAACT",0.531914893617021,NA,NA,NA,NA,NA,NA,NA,NA,NA,0,0,0,NA,NA,NA
"3705","ENST00000646319.1","ENSG00000215301.11","OTTHUMG00000021369.22","OTTHUMT00000497446.1","DDX3X-260","DDX3X",4554,"protein_coding",4543,21,0.906972467899323,"GAACT",0.523809523809524,NA,NA,NA,NA,NA,NA,NA,NA,NA,0,0,0,NA,NA,NA
"3706","ENST00000646468.1","ENSG00000112855.17","OTTHUMG00000129500.19","OTTHUMT00000372873.3","HARS2-219","HARS2",2469,"protein_coding",1781,29,0.906819939613342,"GAACT",0.586206896551724,NA,NA,NA,NA,NA,NA,NA,NA,NA,0,0,0,NA,NA,NA
"3707","ENST00000646468.1","ENSG00000112855.17","OTTHUMG00000129500.19","OTTHUMT00000372873.3","HARS2-219","HARS2",2469,"protein_coding",1877,52,0.928291738033295,"GAACT",0.615384615384615,NA,NA,NA,NA,NA,NA,NA,NA,NA,0,0,0,NA,NA,NA
"3708","ENST00000646468.1","ENSG00000112855.17","OTTHUMG00000129500.19","OTTHUMT00000372873.3","HARS2-219","HARS2",2469,"protein_coding",1896,47,0.952034592628479,"GGACT",0.531914893617021,NA,NA,NA,NA,NA,NA,NA,NA,NA,0,0,0,NA,NA,NA
"3709","ENST00000646468.1","ENSG00000112855.17","OTTHUMG00000129500.19","OTTHUMT00000372873.3","HARS2-219","HARS2",2469,"protein_coding",2332,90,0.947812497615814,"GAACT",0.6,NA,NA,NA,NA,NA,NA,NA,NA,NA,0,0,0,NA,NA,NA
"3710","ENST00000646489.1","ENSG00000127990.19","OTTHUMG00000022828.19","OTTHUMT00000493933.1","SGCE-281","SGCE",1733,"protein_coding",1405,56,0.917908489704132,"GAACT",0.464285714285714,NA,NA,NA,NA,NA,NA,NA,NA,NA,0,0,0,NA,NA,NA
"3711","ENST00000646496.1","ENSG00000253352.10","OTTHUMG00000030444.9","OTTHUMT00000494310.1","TUG1-219","TUG1",4650,"protein_coding_CDS_not_defined",4413,43,0.903682351112366,"GAACT",0.651162790697674,NA,NA,NA,NA,NA,NA,NA,NA,NA,0,0,0,NA,NA,NA
"3712","ENST00000646714.1","ENSG00000168724.18","OTTHUMG00000074103.7","OTTHUMT00000497033.1","DNAJC21-209","DNAJC21",2989,"nonsense_mediated_decay",1881,21,0.900081932544708,"GAACT",0.523809523809524,NA,NA,NA,NA,NA,NA,NA,NA,NA,0,0,0,NA,NA,NA
"3713","ENST00000647484.1","ENSG00000112855.17","OTTHUMG00000129500.19","OTTHUMT00000496021.1","HARS2-220","HARS2",2310,"nonsense_mediated_decay",2165,49,0.926557600498199,"GAACT",0.591836734693878,NA,NA,NA,NA,NA,NA,NA,NA,NA,0,0,0,NA,NA,NA
"3714","ENST00000647897.1","ENSG00000171135.15","OTTHUMG00000128523.4","OTTHUMT00000501325.1","JAGN1-202","JAGN1",1637,"protein_coding",436,54,0.982986986637115,"GGACT",0.833333333333333,NA,NA,NA,NA,NA,NA,NA,NA,NA,0,0,0,NA,NA,NA
"3715","ENST00000647897.1","ENSG00000171135.15","OTTHUMG00000128523.4","OTTHUMT00000501325.1","JAGN1-202","JAGN1",1637,"protein_coding",624,69,0.936521351337433,"AGACT",0.608695652173913,NA,NA,NA,NA,NA,NA,NA,NA,NA,0,0,0,NA,NA,NA
"3716","ENST00000647912.1","ENSG00000116133.13","OTTHUMG00000009989.17","OTTHUMT00000501203.1","DHCR24-205","DHCR24",4314,"nonsense_mediated_decay",3249,23,0.996046841144562,"GGACA",1,NA,NA,NA,NA,NA,NA,NA,NA,NA,0,0,0,NA,NA,NA
"3717","ENST00000647960.1","ENSG00000285854.1","OTTHUMG00000193384.2","OTTHUMT00000501285.1","ENST00000647960","ENSG00000285854",3765,"nonsense_mediated_decay",312,117,0.968466699123383,"TGACT",0.717948717948718,54,2865,846,1,54,55,899,900,3764,0,1,0,NA,0.304964539007092,NA
"3718","ENST00000648124.1","ENSG00000178105.12","OTTHUMG00000166540.4","OTTHUMT00000499469.2","DDX10-209","DDX10",3400,"nonsense_mediated_decay",2822,24,0.913526356220245,"GGACA",0.541666666666667,NA,NA,NA,NA,NA,NA,NA,NA,NA,0,0,0,NA,NA,NA
"3719","ENST00000648127.1","ENSG00000197989.15","OTTHUMG00000003654.4","OTTHUMT00000010356.2","SNHG12-213","SNHG12",1871,"lncRNA",1823,22,0.920692384243011,"GAACT",0.454545454545454,NA,NA,NA,NA,NA,NA,NA,NA,NA,0,0,0,NA,NA,NA
"3720","ENST00000648161.1","ENSG00000100138.15","OTTHUMG00000151189.9","OTTHUMT00000497945.1","SNU13-208","SNU13",1340,"protein_coding_CDS_not_defined",1181,116,0.910577297210693,"GGACT",0.637931034482759,NA,NA,NA,NA,NA,NA,NA,NA,NA,0,0,0,NA,NA,NA
"3721","ENST00000648179.1","ENSG00000196715.7","OTTHUMG00000129449.5","-","VKORC1L1-203","VKORC1L1",5895,"protein_coding",628,53,0.930790483951569,"GGACT",0.566037735849057,NA,NA,NA,NA,NA,NA,NA,NA,NA,0,0,0,NA,NA,NA
"3722","ENST00000648179.1","ENSG00000196715.7","OTTHUMG00000129449.5","-","VKORC1L1-203","VKORC1L1",5895,"protein_coding",5346,56,0.953450798988342,"GGACT",0.75,NA,NA,NA,NA,NA,NA,NA,NA,NA,0,0,0,NA,NA,NA
"3723","ENST00000648179.1","ENSG00000196715.7","OTTHUMG00000129449.5","-","VKORC1L1-203","VKORC1L1",5895,"protein_coding",5654,42,0.990419209003448,"GGACT",0.928571428571429,NA,NA,NA,NA,NA,NA,NA,NA,NA,0,0,0,NA,NA,NA
"3724","ENST00000648187.1","ENSG00000196715.7","OTTHUMG00000129449.5","OTTHUMT00000500833.1","VKORC1L1-204","VKORC1L1",6000,"protein_coding",732,53,0.931876540184021,"GGACT",0.566037735849057,NA,NA,NA,NA,NA,NA,NA,NA,NA,0,0,0,NA,NA,NA
"3725","ENST00000648187.1","ENSG00000196715.7","OTTHUMG00000129449.5","OTTHUMT00000500833.1","VKORC1L1-204","VKORC1L1",6000,"protein_coding",5450,56,0.953279972076416,"GGACT",0.75,NA,NA,NA,NA,NA,NA,NA,NA,NA,0,0,0,NA,NA,NA
"3726","ENST00000648187.1","ENSG00000196715.7","OTTHUMG00000129449.5","OTTHUMT00000500833.1","VKORC1L1-204","VKORC1L1",6000,"protein_coding",5758,42,0.989985823631287,"GGACT",0.928571428571429,NA,NA,NA,NA,NA,NA,NA,NA,NA,0,0,0,NA,NA,NA
"3727","ENST00000648267.1","ENSG00000143612.21","OTTHUMG00000035981.5","OTTHUMT00000498735.2","C1orf43-211","C1orf43",1760,"nonsense_mediated_decay",1015,267,0.965397000312805,"GGACT",0.696629213483146,NA,NA,NA,NA,NA,NA,NA,NA,NA,0,0,0,NA,NA,NA
"3728","ENST00000648374.1","ENSG00000256269.11","OTTHUMG00000168295.13","OTTHUMT00000500930.1","HMBS-226","HMBS",1477,"protein_coding",1323,81,0.908335864543915,"GAACT",0.567901234567901,NA,NA,NA,NA,NA,NA,NA,NA,NA,0,0,0,NA,NA,NA
"3729","ENST00000648440.1","ENSG00000132669.14","OTTHUMG00000031996.3","OTTHUMT00000078212.2","RIN2-213","RIN2",4505,"protein_coding",3856,53,0.904598534107208,"GGACT",0.584905660377358,NA,NA,NA,NA,NA,NA,NA,NA,NA,0,0,0,NA,NA,NA
"3730","ENST00000648446.1","ENSG00000197879.17","OTTHUMG00000090323.17","OTTHUMT00000496219.1","MYO1C-219","MYO1C",4724,"protein_coding",3543,44,0.924071073532104,"GGACA",0.454545454545454,NA,NA,NA,NA,NA,NA,NA,NA,NA,0,0,0,NA,NA,NA
"3731","ENST00000648579.1","ENSG00000144659.13","OTTHUMG00000131289.12","OTTHUMT00000498843.2","SLC25A38-208","SLC25A38",1971,"nonsense_mediated_decay",1298,25,0.956611812114716,"GGACT",0.6,NA,NA,NA,NA,NA,NA,NA,NA,NA,0,0,0,NA,NA,NA
"3732","ENST00000648651.1","ENSG00000197879.17","OTTHUMG00000090323.17","OTTHUMT00000496220.1","MYO1C-220","MYO1C",4931,"protein_coding",3750,44,0.921717166900635,"GGACA",0.454545454545454,NA,NA,NA,NA,NA,NA,NA,NA,NA,0,0,0,NA,NA,NA
"3733","ENST00000648706.1","ENSG00000170248.15","OTTHUMG00000130751.10","OTTHUMT00000499438.2","PDCD6IP-218","PDCD6IP",6049,"nonsense_mediated_decay",3002,108,0.912389516830444,"GGACT",0.583333333333333,NA,NA,NA,NA,NA,NA,NA,NA,NA,0,0,0,NA,NA,NA
"3734","ENST00000648712.1","ENSG00000116133.13","OTTHUMG00000009989.17","OTTHUMT00000501205.1","DHCR24-209","DHCR24",4238,"protein_coding_CDS_not_defined",3204,23,0.995841801166534,"GGACA",1,NA,NA,NA,NA,NA,NA,NA,NA,NA,0,0,0,NA,NA,NA
"3735","ENST00000648890.1","ENSG00000145191.15","OTTHUMG00000156840.21","OTTHUMT00000346178.2","EIF2B5-225","EIF2B5",2552,"nonsense_mediated_decay",2302,41,0.917251706123352,"AGACT",0.439024390243902,NA,NA,NA,NA,NA,NA,NA,NA,NA,0,0,0,NA,NA,NA
"3736","ENST00000648890.1","ENSG00000145191.15","OTTHUMG00000156840.21","OTTHUMT00000346178.2","EIF2B5-225","EIF2B5",2552,"nonsense_mediated_decay",2371,40,0.914253532886505,"TGACT",0.525,NA,NA,NA,NA,NA,NA,NA,NA,NA,0,0,0,NA,NA,NA
"3737","ENST00000648915.2","ENSG00000145191.15","OTTHUMG00000156840.21","OTTHUMT00000501436.1","EIF2B5-226","EIF2B5",2562,"protein_coding",2303,44,0.952696919441223,"AGACT",0.5,NA,NA,NA,NA,NA,NA,NA,NA,NA,0,0,0,NA,NA,NA
"3738","ENST00000648915.2","ENSG00000145191.15","OTTHUMG00000156840.21","OTTHUMT00000501436.1","EIF2B5-226","EIF2B5",2562,"protein_coding",2372,46,0.917857766151428,"TGACT",0.5,NA,NA,NA,NA,NA,NA,NA,NA,NA,0,0,0,NA,NA,NA
"3739","ENST00000649217.2","ENSG00000172175.16","OTTHUMG00000132761.7","OTTHUMT00000501518.1","MALT1-208","MALT1",9289,"protein_coding",2522,26,0.9638352394104,"GGACT",0.615384615384615,NA,NA,NA,NA,NA,NA,NA,NA,NA,0,0,0,NA,NA,NA
"3740","ENST00000649393.1","ENSG00000110104.13","OTTHUMG00000167706.4","OTTHUMT00000499638.1","CCDC86-204","CCDC86",2567,"retained_intron",2097,155,0.9185711145401,"GAACT",0.52258064516129,NA,NA,NA,NA,NA,NA,NA,NA,NA,0,0,0,NA,NA,NA
"3741","ENST00000649769.1","ENSG00000116133.13","OTTHUMG00000009989.17","OTTHUMT00000501200.1","DHCR24-211","DHCR24",5311,"nonsense_mediated_decay",4266,23,0.996065080165863,"GGACA",1,NA,NA,NA,NA,NA,NA,NA,NA,NA,0,0,0,NA,NA,NA
"3742","ENST00000649815.2","ENSG00000142208.18","OTTHUMG00000170795.7","OTTHUMT00000410432.2","AKT1-218","AKT1",2957,"protein_coding",2250,48,0.962754368782043,"GGACT",0.729166666666667,NA,NA,NA,NA,NA,NA,NA,NA,NA,0,0,0,NA,NA,NA
"3743","ENST00000649846.1","ENSG00000125459.18","OTTHUMG00000014014.9","OTTHUMT00000499875.2","MSTO1-219","MSTO1",2438,"protein_coding",2140,21,0.979160964488983,"GGACT",0.714285714285714,NA,NA,NA,NA,NA,NA,NA,NA,NA,0,0,0,NA,NA,NA
"3744","ENST00000649899.1","ENSG00000153187.21","OTTHUMG00000040396.17","OTTHUMT00000500955.1","HNRNPU-231","HNRNPU",13084,"retained_intron",2662,314,0.965744137763977,"GAACT",0.665605095541401,NA,NA,NA,NA,NA,NA,NA,NA,NA,0,0,0,NA,NA,NA
"3745","ENST00000650046.1","ENSG00000111605.18","OTTHUMG00000169340.4","OTTHUMT00000499018.2","CPSF6-208","CPSF6",7525,"nonsense_mediated_decay",2955,42,0.986838519573212,"GAACT",0.785714285714286,NA,NA,NA,NA,NA,NA,NA,NA,NA,0,0,0,NA,NA,NA
"3746","ENST00000650182.1","ENSG00000163956.13","OTTHUMG00000090299.8","OTTHUMT00000206659.6","LRPAP1-205","LRPAP1",10446,"protein_coding",1298,332,0.900117695331573,"TGACT",0.521084337349398,NA,NA,NA,NA,NA,NA,NA,NA,NA,0,0,0,NA,NA,NA
"3747","ENST00000650204.1","ENSG00000285725.1","OTTHUMG00000193353.1","OTTHUMT00000500898.1","ENST00000650204","ENSG00000285725",1910,"lncRNA",1628,107,0.924095809459686,"TGACT",0.467289719626168,NA,NA,NA,NA,NA,NA,NA,NA,NA,0,0,0,NA,NA,NA
"3748","ENST00000650315.1","ENSG00000119900.9","OTTHUMG00000015000.5","OTTHUMT00000499282.2","OGFRL1-203","OGFRL1",8016,"protein_coding",832,41,0.976011037826538,"GGACT",0.731707317073171,NA,NA,NA,NA,NA,NA,NA,NA,NA,0,0,0,NA,NA,NA
"3749","ENST00000650315.1","ENSG00000119900.9","OTTHUMG00000015000.5","OTTHUMT00000499282.2","OGFRL1-203","OGFRL1",8016,"protein_coding",979,51,0.991683721542358,"GGACA",0.588235294117647,NA,NA,NA,NA,NA,NA,NA,NA,NA,0,0,0,NA,NA,NA
"3750","ENST00000650403.1","ENSG00000169241.19","OTTHUMG00000035333.5","OTTHUMT00000085506.2","SLC50A1-215","SLC50A1",1166,"nonsense_mediated_decay",731,110,0.903561294078827,"GGACC",0.445454545454545,NA,NA,NA,NA,NA,NA,NA,NA,NA,0,0,0,NA,NA,NA
"3751","ENST00000650599.1","ENSG00000055211.14","OTTHUMG00000015789.3","OTTHUMT00000498342.1","GINM1-203","GINM1",2026,"nonsense_mediated_decay",1136,42,0.979700803756714,"GGACT",0.738095238095238,NA,NA,NA,NA,NA,NA,NA,NA,NA,0,0,0,NA,NA,NA
"3752","ENST00000650599.1","ENSG00000055211.14","OTTHUMG00000015789.3","OTTHUMT00000498342.1","GINM1-203","GINM1",2026,"nonsense_mediated_decay",1238,23,0.949601709842682,"AGACT",0.695652173913043,NA,NA,NA,NA,NA,NA,NA,NA,NA,0,0,0,NA,NA,NA
"3753","ENST00000650617.1","ENSG00000144659.13","OTTHUMG00000131289.12","OTTHUMT00000254057.5","SLC25A38-209","SLC25A38",2101,"protein_coding",1280,27,0.957056224346161,"GGACT",0.592592592592593,NA,NA,NA,NA,NA,NA,NA,NA,NA,0,0,0,NA,NA,NA
"3754","ENST00000650932.1","ENSG00000276043.5","OTTHUMG00000180251.5","OTTHUMT00000504328.2","UHRF1-208","UHRF1",3898,"protein_coding",3401,20,0.938889503479004,"AAACT",0.55,NA,NA,NA,NA,NA,NA,NA,NA,NA,0,0,0,NA,NA,NA
"3755","ENST00000651066.1","ENSG00000123297.20","OTTHUMG00000153042.13","OTTHUMT00000501941.1","TSFM-210","TSFM",2534,"nonsense_mediated_decay",1408,94,0.905911982059479,"AGACT",0.478723404255319,NA,NA,NA,NA,NA,NA,NA,NA,NA,0,0,0,NA,NA,NA
"3756","ENST00000651235.1","ENSG00000286192.1","OTTHUMG00000193455.1","OTTHUMT00000501769.1","ENST00000651235","ENSG00000286192",5697,"nonsense_mediated_decay",1823,49,0.912511467933655,"GGACA",0.591836734693878,NA,NA,NA,NA,NA,NA,NA,NA,NA,0,0,0,NA,NA,NA
"3757","ENST00000651235.1","ENSG00000286192.1","OTTHUMG00000193455.1","OTTHUMT00000501769.1","ENST00000651235","ENSG00000286192",5697,"nonsense_mediated_decay",2059,53,0.970852434635162,"GGACT",0.660377358490566,NA,NA,NA,NA,NA,NA,NA,NA,NA,0,0,0,NA,NA,NA
"3758","ENST00000651235.1","ENSG00000286192.1","OTTHUMG00000193455.1","OTTHUMT00000501769.1","ENST00000651235","ENSG00000286192",5697,"nonsense_mediated_decay",2073,64,0.975087761878967,"AGACT",0.765625,NA,NA,NA,NA,NA,NA,NA,NA,NA,0,0,0,NA,NA,NA
"3759","ENST00000651428.1","ENSG00000112759.19","OTTHUMG00000014759.5","OTTHUMT00000501703.1","SLC29A1-222","SLC29A1",2358,"protein_coding",1935,277,0.978628575801849,"GGACA",0.682310469314079,NA,NA,NA,NA,NA,NA,NA,NA,NA,0,0,0,NA,NA,NA
"3760","ENST00000651500.1","ENSG00000196290.17","OTTHUMG00000154588.5","OTTHUMT00000500061.2","NIF3L1-209","NIF3L1",1821,"protein_coding",1531,54,0.968566179275513,"AGACT",0.796296296296296,NA,NA,NA,NA,NA,NA,NA,NA,NA,0,0,0,NA,NA,NA
"3761","ENST00000651500.1","ENSG00000196290.17","OTTHUMG00000154588.5","OTTHUMT00000500061.2","NIF3L1-209","NIF3L1",1821,"protein_coding",1636,67,0.962014675140381,"GGACT",0.716417910447761,NA,NA,NA,NA,NA,NA,NA,NA,NA,0,0,0,NA,NA,NA
"3762","ENST00000651626.1","ENSG00000136997.22","OTTHUMG00000128475.10","OTTHUMT00000502391.1","MYC-209","MYC",1957,"protein_coding",1113,58,0.92044460773468,"GGACT",0.517241379310345,NA,NA,NA,NA,NA,NA,NA,NA,NA,0,0,0,NA,NA,NA
"3763","ENST00000651626.1","ENSG00000136997.22","OTTHUMG00000128475.10","OTTHUMT00000502391.1","MYC-209","MYC",1957,"protein_coding",1593,111,0.952654302120209,"AGACT",0.603603603603604,NA,NA,NA,NA,NA,NA,NA,NA,NA,0,0,0,NA,NA,NA
"3764","ENST00000651626.1","ENSG00000136997.22","OTTHUMG00000128475.10","OTTHUMT00000502391.1","MYC-209","MYC",1957,"protein_coding",1633,109,0.906462550163269,"GGACT",0.761467889908257,NA,NA,NA,NA,NA,NA,NA,NA,NA,0,0,0,NA,NA,NA
"3765","ENST00000651779.1","ENSG00000122644.13","OTTHUMG00000023374.7","OTTHUMT00000504446.2","ARL4A-207","ARL4A",2889,"protein_coding",165,20,0.934662818908691,"GGACA",0.75,NA,NA,NA,NA,NA,NA,NA,NA,NA,0,0,0,NA,NA,NA
"3766","ENST00000651779.1","ENSG00000122644.13","OTTHUMG00000023374.7","OTTHUMT00000504446.2","ARL4A-207","ARL4A",2889,"protein_coding",486,51,0.992862820625305,"GGACT",1,NA,NA,NA,NA,NA,NA,NA,NA,NA,0,0,0,NA,NA,NA
"3767","ENST00000651779.1","ENSG00000122644.13","OTTHUMG00000023374.7","OTTHUMT00000504446.2","ARL4A-207","ARL4A",2889,"protein_coding",603,57,0.917068362236023,"GAACT",0.56140350877193,NA,NA,NA,NA,NA,NA,NA,NA,NA,0,0,0,NA,NA,NA
"3768","ENST00000651779.1","ENSG00000122644.13","OTTHUMG00000023374.7","OTTHUMT00000504446.2","ARL4A-207","ARL4A",2889,"protein_coding",718,67,0.925712645053864,"GGACT",0.626865671641791,NA,NA,NA,NA,NA,NA,NA,NA,NA,0,0,0,NA,NA,NA
"3769","ENST00000652001.1","ENSG00000214717.12","OTTHUMG00000021069.10","OTTHUMT00000504213.2","ZBED1-206","ZBED1",4498,"protein_coding",4225,28,0.981205105781555,"GGACA",0.714285714285714,NA,NA,NA,NA,NA,NA,NA,NA,NA,0,0,0,NA,NA,NA
"3770","ENST00000652001.1","ENSG00000214717.12","OTTHUMG00000021069.10","OTTHUMT00000504213.2","ZBED1-206","ZBED1",4498,"protein_coding",4469,23,0.912751853466034,"GGACT",0.652173913043478,NA,NA,NA,NA,NA,NA,NA,NA,NA,0,0,0,NA,NA,NA
"3771","ENST00000652107.1","ENSG00000116062.19","OTTHUMG00000129129.13","OTTHUMT00000470706.3","MSH6-211","MSH6",7669,"protein_coding",3152,20,0.971525728702545,"AGACT",0.85,NA,NA,NA,NA,NA,NA,NA,NA,NA,0,0,0,NA,NA,NA
"3772","ENST00000652107.1","ENSG00000116062.19","OTTHUMG00000129129.13","OTTHUMT00000470706.3","MSH6-211","MSH6",7669,"protein_coding",3474,21,0.939925193786621,"GGACT",0.619047619047619,NA,NA,NA,NA,NA,NA,NA,NA,NA,0,0,0,NA,NA,NA
"3773","ENST00000652107.1","ENSG00000116062.19","OTTHUMG00000129129.13","OTTHUMT00000470706.3","MSH6-211","MSH6",7669,"protein_coding",3519,41,0.970471620559692,"GGACT",0.75609756097561,NA,NA,NA,NA,NA,NA,NA,NA,NA,0,0,0,NA,NA,NA
"3774","ENST00000652288.1","ENSG00000136997.22","OTTHUMG00000128475.10","OTTHUMT00000502392.1","MYC-210","MYC",1877,"protein_coding",1513,109,0.944956362247467,"AGACT",0.55045871559633,NA,NA,NA,NA,NA,NA,NA,NA,NA,0,0,0,NA,NA,NA
"3775","ENST00000652288.1","ENSG00000136997.22","OTTHUMG00000128475.10","OTTHUMT00000502392.1","MYC-210","MYC",1877,"protein_coding",1553,107,0.922150075435638,"GGACT",0.803738317757009,NA,NA,NA,NA,NA,NA,NA,NA,NA,0,0,0,NA,NA,NA
"3776","ENST00000652332.1","ENSG00000155660.11","OTTHUMG00000150248.4","OTTHUMT00000317077.2","PDIA4-204","PDIA4",2767,"protein_coding",2211,211,0.973302721977234,"TGACT",0.663507109004739,NA,NA,NA,NA,NA,NA,NA,NA,NA,0,0,0,NA,NA,NA
"3777","ENST00000652337.1","ENSG00000100714.18","OTTHUMG00000141309.15","OTTHUMT00000501807.2","MTHFD1-220","MTHFD1",3154,"protein_coding",1475,20,0.970276653766632,"GAACT",0.6,NA,NA,NA,NA,NA,NA,NA,NA,NA,0,0,0,NA,NA,NA
"3778","ENST00000652489.1","ENSG00000168061.17","OTTHUMG00000165594.6","OTTHUMT00000504423.3","SAC3D1-204","SAC3D1",1261,"protein_coding",940,129,0.988994777202606,"GGACT",0.945736434108527,NA,NA,NA,NA,NA,NA,NA,NA,NA,0,0,0,NA,NA,NA
"3779","ENST00000652630.1","ENSG00000153879.9","OTTHUMG00000180469.5","OTTHUMT00000498796.2","CEBPG-203","CEBPG",2810,"nonsense_mediated_decay",753,183,0.99811327457428,"GGACA",0.770491803278688,NA,NA,NA,NA,NA,NA,NA,NA,NA,0,0,0,NA,NA,NA
"3780","ENST00000652630.1","ENSG00000153879.9","OTTHUMG00000180469.5","OTTHUMT00000498796.2","CEBPG-203","CEBPG",2810,"nonsense_mediated_decay",859,193,0.945299565792084,"TGACT",0.564766839378238,NA,NA,NA,NA,NA,NA,NA,NA,NA,0,0,0,NA,NA,NA
"3781","ENST00000652647.1","ENSG00000167962.15","OTTHUMG00000176955.7","OTTHUMT00000434439.5","ZNF598-209","ZNF598",3362,"protein_coding_CDS_not_defined",2656,49,0.970170021057129,"GGACT",0.795918367346939,NA,NA,NA,NA,NA,NA,NA,NA,NA,0,0,0,NA,NA,NA
"3782","ENST00000652647.1","ENSG00000167962.15","OTTHUMG00000176955.7","OTTHUMT00000434439.5","ZNF598-209","ZNF598",3362,"protein_coding_CDS_not_defined",2920,66,0.996221423149109,"GGACA",0.757575757575758,NA,NA,NA,NA,NA,NA,NA,NA,NA,0,0,0,NA,NA,NA
"3783","ENST00000652747.1","ENSG00000162775.17","OTTHUMG00000011284.7","-","RBM15-208","RBM15",4129,"protein_coding",3813,25,0.95237123966217,"GGACC",0.8,NA,NA,NA,NA,NA,NA,NA,NA,NA,0,0,0,NA,NA,NA
"3784","ENST00000653276.1","ENSG00000233016.9","OTTHUMG00000020949.5","OTTHUMT00000514410.2","SNHG7-205","SNHG7",1123,"lncRNA",788,156,0.920683681964874,"GAACT",0.544871794871795,NA,NA,NA,NA,NA,NA,NA,NA,NA,0,0,0,NA,NA,NA
"3785","ENST00000653677.2","ENSG00000163597.17","OTTHUMG00000132201.6","OTTHUMT00000526038.1","SNHG16-209","SNHG16",2536,"lncRNA",532,114,0.965889275074005,"GGACT",0.780701754385965,NA,NA,NA,NA,NA,NA,NA,NA,NA,0,0,0,NA,NA,NA
"3786","ENST00000654015.1","ENSG00000162775.17","OTTHUMG00000011284.7","OTTHUMT00000035930.5","RBM15-209","RBM15",3214,"protein_coding",2894,29,0.947502791881561,"GGACC",0.827586206896552,NA,NA,NA,NA,NA,NA,NA,NA,NA,0,0,0,NA,NA,NA
"3787","ENST00000654043.1","ENSG00000167920.12","OTTHUMG00000133579.9","OTTHUMT00000509676.1","KRT10-AS1-203","KRT10-AS1",1164,"lncRNA",657,56,0.918461799621582,"GGACT",0.589285714285714,NA,NA,NA,NA,NA,NA,NA,NA,NA,0,0,0,NA,NA,NA
"3788","ENST00000658000.1","ENSG00000204682.9","OTTHUMG00000017795.3","OTTHUMT00000047130.3","MIR1915HG-201","MIR1915HG",3799,"lncRNA",1468,40,0.925291359424591,"GGACC",0.525,NA,NA,NA,NA,NA,NA,NA,NA,NA,0,0,0,NA,NA,NA
"3789","ENST00000658000.1","ENSG00000204682.9","OTTHUMG00000017795.3","OTTHUMT00000047130.3","MIR1915HG-201","MIR1915HG",3799,"lncRNA",1477,21,0.954053401947021,"GGACT",0.666666666666667,NA,NA,NA,NA,NA,NA,NA,NA,NA,0,0,0,NA,NA,NA
"3790","ENST00000660450.1","ENSG00000237523.2","OTTHUMG00000018605.2","OTTHUMT00000522568.1","LINC00857-203","LINC00857",2459,"lncRNA",2090,25,0.980134069919586,"AGACT",0.84,NA,NA,NA,NA,NA,NA,NA,NA,NA,0,0,0,NA,NA,NA
"3791","ENST00000661348.3","ENSG00000163597.17","OTTHUMG00000132201.6","OTTHUMT00000255259.3","SNHG16-210","SNHG16",2481,"lncRNA",468,78,0.963926494121552,"GGACT",0.743589743589744,NA,NA,NA,NA,NA,NA,NA,NA,NA,0,0,0,NA,NA,NA
"3792","ENST00000662132.1","ENSG00000055130.18","OTTHUMG00000152776.7","OTTHUMT00000504814.1","CUL1-208","CUL1",3080,"protein_coding",2773,61,0.951192378997803,"GGACA",0.590163934426229,NA,NA,NA,NA,NA,NA,NA,NA,NA,0,0,0,NA,NA,NA
"3793","ENST00000662132.1","ENSG00000055130.18","OTTHUMG00000152776.7","OTTHUMT00000504814.1","CUL1-208","CUL1",3080,"protein_coding",2811,108,0.920721173286438,"GGACT",0.611111111111111,NA,NA,NA,NA,NA,NA,NA,NA,NA,0,0,0,NA,NA,NA
"3794","ENST00000662670.1","ENSG00000055130.18","OTTHUMG00000152776.7","OTTHUMT00000504818.1","CUL1-209","CUL1",3056,"nonsense_mediated_decay",2813,44,0.965585947036743,"GGACA",0.545454545454545,NA,NA,NA,NA,NA,NA,NA,NA,NA,0,0,0,NA,NA,NA
"3795","ENST00000662670.1","ENSG00000055130.18","OTTHUMG00000152776.7","OTTHUMT00000504818.1","CUL1-209","CUL1",3056,"nonsense_mediated_decay",2851,61,0.902949929237366,"GGACT",0.639344262295082,NA,NA,NA,NA,NA,NA,NA,NA,NA,0,0,0,NA,NA,NA
"3796","ENST00000663044.1","ENSG00000055130.18","OTTHUMG00000152776.7","OTTHUMT00000504811.1","CUL1-212","CUL1",3054,"protein_coding",2849,78,0.936093270778656,"GGACT",0.641025641025641,NA,NA,NA,NA,NA,NA,NA,NA,NA,0,0,0,NA,NA,NA
"3797","ENST00000663835.1","ENSG00000055130.18","OTTHUMG00000152776.7","OTTHUMT00000504812.1","CUL1-213","CUL1",3038,"protein_coding",2770,85,0.911561608314514,"GGACT",0.623529411764706,NA,NA,NA,NA,NA,NA,NA,NA,NA,0,0,0,NA,NA,NA
"3798","ENST00000667091.1","ENSG00000163597.17","OTTHUMG00000132201.6","OTTHUMT00000526037.1","SNHG16-211","SNHG16",3059,"lncRNA",1065,62,0.978916645050049,"GGACT",0.82258064516129,NA,NA,NA,NA,NA,NA,NA,NA,NA,0,0,0,NA,NA,NA
"3799","ENST00000668511.1","ENSG00000163597.17","OTTHUMG00000132201.6","OTTHUMT00000526040.1","SNHG16-212","SNHG16",3081,"lncRNA",1087,56,0.952532589435577,"GGACT",0.696428571428571,NA,NA,NA,NA,NA,NA,NA,NA,NA,0,0,0,NA,NA,NA
"3800","ENST00000670737.3","ENSG00000163597.17","OTTHUMG00000132201.6","OTTHUMT00000516713.1","SNHG16-213","SNHG16",2564,"lncRNA",559,101,0.967435717582703,"GGACT",0.752475247524752,NA,NA,NA,NA,NA,NA,NA,NA,NA,0,0,0,NA,NA,NA
"3801","ENST00000671081.1","ENSG00000237523.2","OTTHUMG00000018605.2","OTTHUMT00000522569.1","LINC00857-204","LINC00857",2237,"lncRNA",1844,25,0.980033397674561,"AGACT",0.84,NA,NA,NA,NA,NA,NA,NA,NA,NA,0,0,0,NA,NA,NA
"3802","ENST00000671399.1","ENSG00000167920.12","OTTHUMG00000133579.9","OTTHUMT00000526060.1","KRT10-AS1-208","KRT10-AS1",2613,"lncRNA",1218,50,0.926824510097504,"GGACT",0.58,NA,NA,NA,NA,NA,NA,NA,NA,NA,0,0,0,NA,NA,NA
"3803","ENST00000672596.1","ENSG00000100997.20","OTTHUMG00000032121.7","OTTHUMT00000529248.1","ABHD12-219","ABHD12",1325,"protein_coding",1036,24,0.912299573421478,"GGACT",0.541666666666667,NA,NA,NA,NA,NA,NA,NA,NA,NA,0,0,0,NA,NA,NA
"3804","ENST00000673047.2","ENSG00000111716.14","OTTHUMG00000133760.5","OTTHUMT00000505307.1","LDHB-211","LDHB",1303,"protein_coding",356,1176,0.955200672149658,"TGACT",0.706632653061224,NA,NA,NA,NA,NA,NA,NA,NA,NA,0,0,0,NA,NA,NA
"3805","ENST00000673227.1","ENSG00000100997.20","OTTHUMG00000032121.7","OTTHUMT00000529251.2","ABHD12-223","ABHD12",1326,"protein_coding",1037,23,0.915443360805511,"GGACT",0.608695652173913,NA,NA,NA,NA,NA,NA,NA,NA,NA,0,0,0,NA,NA,NA
"3806","ENST00000673524.1","ENSG00000100997.20","OTTHUMG00000032121.7","OTTHUMT00000529246.1","ABHD12-224","ABHD12",1390,"nonsense_mediated_decay",1098,27,0.925606667995453,"GGACT",0.62962962962963,NA,NA,NA,NA,NA,NA,NA,NA,NA,0,0,0,NA,NA,NA
"3807","ENST00000674184.1","ENSG00000168061.17","OTTHUMG00000165594.6","OTTHUMT00000385159.3","SAC3D1-205","SAC3D1",1366,"protein_coding",1045,20,0.978881597518921,"GGACT",0.95,NA,NA,NA,NA,NA,NA,NA,NA,NA,0,0,0,NA,NA,NA
"3808","ENST00000674523.1","ENSG00000170445.16","OTTHUMG00000129502.12","-","HARS1-217","HARS1",2900,"nonsense_mediated_decay",1710,79,0.981691360473633,"GGACT",0.708860759493671,NA,NA,NA,NA,NA,NA,NA,NA,NA,0,0,0,NA,NA,NA
"3809","ENST00000674545.1","ENSG00000117394.24","OTTHUMG00000007657.12","-","SLC2A1-211","SLC2A1",2888,"retained_intron",2517,22,0.912108778953552,"GAACT",0.545454545454545,NA,NA,NA,NA,NA,NA,NA,NA,NA,0,0,0,NA,NA,NA
"3810","ENST00000674617.1","ENSG00000166801.17","OTTHUMG00000167280.6","-","FAM111A-212","FAM111A",3676,"protein_coding",3336,20,0.93169492483139,"GGACT",0.6,NA,NA,NA,NA,NA,NA,NA,NA,NA,0,0,0,NA,NA,NA
"3811","ENST00000674629.1","ENSG00000134684.13","OTTHUMG00000003933.2","-","YARS1-211","YARS1",2075,"nonsense_mediated_decay",1491,153,0.988327205181122,"GGACT",0.849673202614379,NA,NA,NA,NA,NA,NA,NA,NA,NA,0,0,0,NA,NA,NA
"3812","ENST00000674654.1","ENSG00000134684.13","OTTHUMG00000003933.2","-","YARS1-212","YARS1",2784,"nonsense_mediated_decay",2190,114,0.986963510513306,"GGACT",0.859649122807018,NA,NA,NA,NA,NA,NA,NA,NA,NA,0,0,0,NA,NA,NA
"3813","ENST00000674691.1","ENSG00000090861.17","OTTHUMG00000177042.7","-","AARS1-210","AARS1",3494,"protein_coding",3125,74,0.973480463027954,"GGACC",0.797297297297297,NA,NA,NA,NA,NA,NA,NA,NA,NA,0,0,0,NA,NA,NA
"3814","ENST00000674743.1","ENSG00000142871.18","OTTHUMG00000010577.2","-","CCN1-203","CCN1",2446,"retained_intron",1740,593,0.959310233592987,"GGACA",0.586846543001686,NA,NA,NA,NA,NA,NA,NA,NA,NA,0,0,0,NA,NA,NA
"3815","ENST00000674818.1","ENSG00000142871.18","OTTHUMG00000010577.2","-","CCN1-204","CCN1",3080,"retained_intron",1715,756,0.962237060070038,"GGACA",0.613756613756614,NA,NA,NA,NA,NA,NA,NA,NA,NA,0,0,0,NA,NA,NA
"3816","ENST00000674963.1","ENSG00000090861.17","OTTHUMG00000177042.7","-","AARS1-215","AARS1",3717,"protein_coding",3061,56,0.977271258831024,"GGACC",0.785714285714286,NA,NA,NA,NA,NA,NA,NA,NA,NA,0,0,0,NA,NA,NA
"3817","ENST00000675083.1","ENSG00000142871.18","OTTHUMG00000010577.2","-","CCN1-205","CCN1",1868,"nonsense_mediated_decay",1162,705,0.961940884590149,"GGACA",0.605673758865248,NA,NA,NA,NA,NA,NA,NA,NA,NA,0,0,0,NA,NA,NA
"3818","ENST00000675112.1","ENSG00000117394.24","OTTHUMG00000007657.12","-","SLC2A1-213","SLC2A1",2652,"retained_intron",2181,45,0.926702439785004,"GGACA",0.533333333333333,NA,NA,NA,NA,NA,NA,NA,NA,NA,0,0,0,NA,NA,NA
"3819","ENST00000675120.1","ENSG00000090861.17","OTTHUMG00000177042.7","-","AARS1-218","AARS1",3472,"nonsense_mediated_decay",3138,45,0.953888535499573,"GGACC",0.755555555555556,NA,NA,NA,NA,NA,NA,NA,NA,NA,0,0,0,NA,NA,NA
"3820","ENST00000675121.1","ENSG00000185803.12","OTTHUMG00000165168.9","-","SLC52A2-219","SLC52A2",1740,"protein_coding",1457,27,0.971934676170349,"GGACT",0.777777777777778,NA,NA,NA,NA,NA,NA,NA,NA,NA,0,0,0,NA,NA,NA
"3821","ENST00000675130.1","ENSG00000163320.12","OTTHUMG00000159009.7","-","CGGBP1-207","CGGBP1",961,"protein_coding",355,20,0.95673656463623,"AGACT",0.7,NA,NA,NA,NA,NA,NA,NA,NA,NA,0,0,0,NA,NA,NA
"3822","ENST00000675130.1","ENSG00000163320.12","OTTHUMG00000159009.7","-","CGGBP1-207","CGGBP1",961,"protein_coding",502,25,0.928048849105835,"AGACT",0.76,NA,NA,NA,NA,NA,NA,NA,NA,NA,0,0,0,NA,NA,NA
"3823","ENST00000675130.1","ENSG00000163320.12","OTTHUMG00000159009.7","-","CGGBP1-207","CGGBP1",961,"protein_coding",623,25,0.916658937931061,"GGACT",0.64,NA,NA,NA,NA,NA,NA,NA,NA,NA,0,0,0,NA,NA,NA
"3824","ENST00000675280.1","ENSG00000185803.12","OTTHUMG00000165168.9","-","SLC52A2-220","SLC52A2",1879,"protein_coding",1596,29,0.922735095024109,"GGACT",0.586206896551724,NA,NA,NA,NA,NA,NA,NA,NA,NA,0,0,0,NA,NA,NA
"3825","ENST00000675292.1","ENSG00000185803.12","OTTHUMG00000165168.9","-","SLC52A2-221","SLC52A2",2099,"protein_coding",1816,40,0.972145974636078,"GGACT",0.675,NA,NA,NA,NA,NA,NA,NA,NA,NA,0,0,0,NA,NA,NA
"3826","ENST00000675309.1","ENSG00000131165.16","OTTHUMG00000169521.2","-","CHMP1A-215","CHMP1A",2321,"nonsense_mediated_decay",1762,26,0.911426246166229,"GGACT",0.692307692307692,NA,NA,NA,NA,NA,NA,NA,NA,NA,0,0,0,NA,NA,NA
"3827","ENST00000675453.1","ENSG00000153827.15","OTTHUMG00000153623.6","-","TRIP12-219","TRIP12",10103,"protein_coding",6524,126,0.926204323768616,"AGACA",0.5,NA,NA,NA,NA,NA,NA,NA,NA,NA,0,0,0,NA,NA,NA
"3828","ENST00000675569.1","ENSG00000090861.17","OTTHUMG00000177042.7","-","AARS1-226","AARS1",3445,"nonsense_mediated_decay",3109,20,0.975701451301575,"GGACC",0.8,NA,NA,NA,NA,NA,NA,NA,NA,NA,0,0,0,NA,NA,NA
"3829","ENST00000675643.1","ENSG00000090861.17","OTTHUMG00000177042.7","-","AARS1-228","AARS1",3768,"protein_coding",3112,85,0.972430050373077,"GGACC",0.764705882352941,123,738,2907,1,123,124,3029,3030,3767,0,0,1,NA,NA,0.111111111111111
"3830","ENST00000675691.1","ENSG00000090861.17","OTTHUMG00000177042.7","-","AARS1-229","AARS1",3344,"protein_coding",3008,20,0.942689836025238,"GGACC",0.75,NA,NA,NA,NA,NA,NA,NA,NA,NA,0,0,0,NA,NA,NA
"3831","ENST00000675698.1","ENSG00000170445.16","OTTHUMG00000129502.12","-","HARS1-224","HARS1",2595,"protein_coding",1405,31,0.962934911251068,"GGACT",0.645161290322581,NA,NA,NA,NA,NA,NA,NA,NA,NA,0,0,0,NA,NA,NA
"3832","ENST00000675763.1","ENSG00000170445.16","OTTHUMG00000129502.12","-","HARS1-225","HARS1",4659,"retained_intron",3437,21,0.910073935985565,"GAACT",0.523809523809524,NA,NA,NA,NA,NA,NA,NA,NA,NA,0,0,0,NA,NA,NA
"3833","ENST00000675785.2","ENSG00000134684.13","OTTHUMG00000003933.2","-","YARS1-213","YARS1",2899,"protein_coding",2341,129,0.98799341917038,"GGACT",0.852713178294574,787,672,1440,1,787,788,2226,2227,2898,0,0,1,NA,NA,0.169642857142857
"3834","ENST00000675898.1","ENSG00000170445.16","OTTHUMG00000129502.12","-","HARS1-228","HARS1",4570,"retained_intron",3380,21,0.948535025119781,"GGACT",0.666666666666667,NA,NA,NA,NA,NA,NA,NA,NA,NA,0,0,0,NA,NA,NA
"3835","ENST00000675903.1","ENSG00000153827.15","OTTHUMG00000153623.6","-","TRIP12-220","TRIP12",10100,"protein_coding",6521,132,0.906269192695618,"AGACA",0.484848484848485,NA,NA,NA,NA,NA,NA,NA,NA,NA,0,0,0,NA,NA,NA
"3836","ENST00000675909.1","ENSG00000131165.16","OTTHUMG00000169521.2","OTTHUMT00000404583.1","CHMP1A-219","CHMP1A",2550,"protein_coding",1793,22,0.927461504936218,"GGACT",0.636363636363636,NA,NA,NA,NA,NA,NA,NA,NA,NA,0,0,0,NA,NA,NA
"3837","ENST00000675917.1","ENSG00000090861.17","OTTHUMG00000177042.7","-","AARS1-232","AARS1",3897,"retained_intron",3286,49,0.976300060749054,"GGACC",0.795918367346939,NA,NA,NA,NA,NA,NA,NA,NA,NA,0,0,0,NA,NA,NA
"3838","ENST00000675917.1","ENSG00000090861.17","OTTHUMG00000177042.7","-","AARS1-232","AARS1",3897,"retained_intron",3522,87,0.909986913204193,"GGACC",0.448275862068966,NA,NA,NA,NA,NA,NA,NA,NA,NA,0,0,0,NA,NA,NA
"3839","ENST00000676004.1","ENSG00000090861.17","OTTHUMG00000177042.7","-","AARS1-235","AARS1",3604,"nonsense_mediated_decay",3268,23,0.961997509002686,"GGACC",0.695652173913043,NA,NA,NA,NA,NA,NA,NA,NA,NA,0,0,0,NA,NA,NA
"3840","ENST00000676004.1","ENSG00000090861.17","OTTHUMG00000177042.7","-","AARS1-235","AARS1",3604,"nonsense_mediated_decay",3504,20,0.920229494571686,"GGACC",0.45,NA,NA,NA,NA,NA,NA,NA,NA,NA,0,0,0,NA,NA,NA
"3841","ENST00000676007.1","ENSG00000142871.18","OTTHUMG00000010577.2","-","CCN1-206","CCN1",1957,"retained_intron",1528,365,0.930074036121368,"GGACA",0.531506849315069,NA,NA,NA,NA,NA,NA,NA,NA,NA,0,0,0,NA,NA,NA
"3842","ENST00000676040.1","ENSG00000090861.17","OTTHUMG00000177042.7","-","AARS1-236","AARS1",3544,"nonsense_mediated_decay",3208,27,0.971685230731964,"GGACC",0.703703703703704,NA,NA,NA,NA,NA,NA,NA,NA,NA,0,0,0,NA,NA,NA
"3843","ENST00000676040.1","ENSG00000090861.17","OTTHUMG00000177042.7","-","AARS1-236","AARS1",3544,"nonsense_mediated_decay",3444,20,0.923500001430511,"GGACC",0.5,NA,NA,NA,NA,NA,NA,NA,NA,NA,0,0,0,NA,NA,NA
"3844","ENST00000676211.1","ENSG00000090861.17","OTTHUMG00000177042.7","-","AARS1-240","AARS1",3328,"nonsense_mediated_decay",2992,22,0.984250724315643,"GGACC",0.909090909090909,NA,NA,NA,NA,NA,NA,NA,NA,NA,0,0,0,NA,NA,NA
"3845","ENST00000676254.1","ENSG00000117394.24","OTTHUMG00000007657.12","-","SLC2A1-215","SLC2A1",2795,"retained_intron",2329,55,0.91230982542038,"GGACA",0.490909090909091,NA,NA,NA,NA,NA,NA,NA,NA,NA,0,0,0,NA,NA,NA
"3846","ENST00000676297.1","ENSG00000134684.13","OTTHUMG00000003933.2","-","YARS1-214","YARS1",3263,"nonsense_mediated_decay",2657,126,0.990044355392456,"GGACT",0.880952380952381,125,2481,657,1,125,126,781,782,3262,0,0,1,NA,NA,0.755743651753325
"3847","ENST00000676327.1","ENSG00000170445.16","OTTHUMG00000129502.12","-","HARS1-230","HARS1",2729,"protein_coding",1539,23,0.957671582698822,"GGACT",0.782608695652174,NA,NA,NA,NA,NA,NA,NA,NA,NA,0,0,0,NA,NA,NA
"3848","ENST00000676453.1","ENSG00000114867.22","OTTHUMG00000156784.21","-","EIF4G1-240","EIF4G1",4590,"nonsense_mediated_decay",4210,98,0.948152363300323,"GGACT",0.581632653061224,NA,NA,NA,NA,NA,NA,NA,NA,NA,0,0,0,NA,NA,NA
"3849","ENST00000676496.1","ENSG00000215021.10","OTTHUMG00000168519.5","-","PHB2-215","PHB2",1391,"nonsense_mediated_decay",799,155,0.996580958366394,"GGACT",0.838709677419355,NA,NA,NA,NA,NA,NA,NA,NA,NA,0,0,0,NA,NA,NA
"3850","ENST00000676496.1","ENSG00000215021.10","OTTHUMG00000168519.5","-","PHB2-215","PHB2",1391,"nonsense_mediated_decay",824,639,0.993443787097931,"GGACA",0.671361502347418,NA,NA,NA,NA,NA,NA,NA,NA,NA,0,0,0,NA,NA,NA
"3851","ENST00000676514.1","ENSG00000115053.17","OTTHUMG00000153866.4","-","NCL-211","NCL",3235,"retained_intron",2833,126,0.956324398517609,"GGACT",0.619047619047619,NA,NA,NA,NA,NA,NA,NA,NA,NA,0,0,0,NA,NA,NA
"3852","ENST00000676550.1","ENSG00000103226.19","OTTHUMG00000177317.23","-","NOMO3-218","NOMO3",4060,"protein_coding",3765,51,0.982622146606445,"GGACC",0.725490196078431,NA,NA,NA,NA,NA,NA,NA,NA,NA,0,0,0,NA,NA,NA
"3853","ENST00000676629.1","ENSG00000170144.22","OTTHUMG00000132529.11","-","HNRNPA3-207","HNRNPA3",5750,"nonsense_mediated_decay",1494,103,0.902026295661926,"GGACT",0.592233009708738,NA,NA,NA,NA,NA,NA,NA,NA,NA,0,0,0,NA,NA,NA
"3854","ENST00000676630.1","ENSG00000135316.20","OTTHUMG00000015141.5","-","SYNCRIP-206","SYNCRIP",3314,"protein_coding",1918,23,0.918195188045502,"GGACT",0.739130434782609,NA,NA,NA,NA,NA,NA,NA,NA,NA,0,0,0,NA,NA,NA
"3855","ENST00000676637.1","ENSG00000135316.20","OTTHUMG00000015141.5","-","SYNCRIP-207","SYNCRIP",6591,"protein_coding",1988,58,0.921983778476715,"GGACT",0.706896551724138,NA,NA,NA,NA,NA,NA,NA,NA,NA,0,0,0,NA,NA,NA
"3856","ENST00000676710.1","ENSG00000156508.19","OTTHUMG00000015031.7","-","EEF1A1-214","EEF1A1",1790,"protein_coding",1554,2797,0.918068110942841,"GAACT",0.600286020736503,NA,NA,NA,NA,NA,NA,NA,NA,NA,0,0,0,NA,NA,NA
"3857","ENST00000676710.1","ENSG00000156508.19","OTTHUMG00000015031.7","-","EEF1A1-214","EEF1A1",1790,"protein_coding",1595,2677,0.934489786624908,"AGACT",0.553978333955921,NA,NA,NA,NA,NA,NA,NA,NA,NA,0,0,0,NA,NA,NA
"3858","ENST00000676762.1","ENSG00000170144.22","OTTHUMG00000132529.11","-","HNRNPA3-210","HNRNPA3",6209,"retained_intron",1869,151,0.901233911514282,"GGACT",0.582781456953642,NA,NA,NA,NA,NA,NA,NA,NA,NA,0,0,0,NA,NA,NA
"3859","ENST00000676798.1","ENSG00000115053.17","OTTHUMG00000153866.4","-","NCL-213","NCL",3389,"retained_intron",2990,24,0.957295835018158,"GGACT",0.708333333333333,NA,NA,NA,NA,NA,NA,NA,NA,NA,0,0,0,NA,NA,NA
"3860","ENST00000676818.1","ENSG00000173692.14","OTTHUMG00000133223.4","-","PSMD1-217","PSMD1",3370,"nonsense_mediated_decay",988,22,0.906552374362946,"GAACT",0.681818181818182,NA,NA,NA,NA,NA,NA,NA,NA,NA,0,0,0,NA,NA,NA
"3861","ENST00000676846.1","ENSG00000103226.19","OTTHUMG00000177317.23","-","NOMO3-219","NOMO3",5231,"nonsense_mediated_decay",4036,21,0.989231169223785,"GGACC",0.714285714285714,NA,NA,NA,NA,NA,NA,NA,NA,NA,0,0,0,NA,NA,NA
"3862","ENST00000676913.1","ENSG00000115053.17","OTTHUMG00000153866.4","-","NCL-214","NCL",2720,"nonsense_mediated_decay",2449,22,0.931801199913025,"GGACT",0.590909090909091,NA,NA,NA,NA,NA,NA,NA,NA,NA,0,0,0,NA,NA,NA
"3863","ENST00000676916.1","ENSG00000079785.16","OTTHUMG00000090593.6","-","DDX1-211","DDX1",2504,"protein_coding",1164,29,0.928135573863983,"GAACT",0.551724137931034,NA,NA,NA,NA,NA,NA,NA,NA,NA,0,0,0,NA,NA,NA
"3864","ENST00000676989.1","ENSG00000247596.10","OTTHUMG00000158105.4","-","TWF2-207","TWF2",1579,"nonsense_mediated_decay",1207,75,0.939768493175507,"GGACT",0.68,NA,NA,NA,NA,NA,NA,NA,NA,NA,0,0,0,NA,NA,NA
"3865","ENST00000677054.1","ENSG00000204386.12","OTTHUMG00000031284.5","-","NEU1-210","NEU1",3047,"retained_intron",2752,44,0.97926276922226,"GGACT",0.727272727272727,NA,NA,NA,NA,NA,NA,NA,NA,NA,0,0,0,NA,NA,NA
"3866","ENST00000677054.1","ENSG00000204386.12","OTTHUMG00000031284.5","-","NEU1-210","NEU1",3047,"retained_intron",3043,21,0.96575391292572,"TGACT",0.714285714285714,NA,NA,NA,NA,NA,NA,NA,NA,NA,0,0,0,NA,NA,NA
"3867","ENST00000677236.1","ENSG00000156508.19","OTTHUMG00000015031.7","-","EEF1A1-216","EEF1A1",1823,"protein_coding",1591,2784,0.915282249450684,"GAACT",0.609913793103448,NA,NA,NA,NA,NA,NA,NA,NA,NA,0,0,0,NA,NA,NA
"3868","ENST00000677236.1","ENSG00000156508.19","OTTHUMG00000015031.7","-","EEF1A1-216","EEF1A1",1823,"protein_coding",1632,2671,0.929897725582123,"AGACT",0.540621490078622,NA,NA,NA,NA,NA,NA,NA,NA,NA,0,0,0,NA,NA,NA
"3869","ENST00000677257.1","ENSG00000165280.18","OTTHUMG00000019855.5","-","VCP-209","VCP",4404,"protein_coding",3402,23,0.917766451835632,"GGACT",0.695652173913043,NA,NA,NA,NA,NA,NA,NA,NA,NA,0,0,0,NA,NA,NA
"3870","ENST00000677257.1","ENSG00000165280.18","OTTHUMG00000019855.5","-","VCP-209","VCP",4404,"protein_coding",3520,25,0.954955756664276,"AGACT",0.76,NA,NA,NA,NA,NA,NA,NA,NA,NA,0,0,0,NA,NA,NA
"3871","ENST00000677260.1","ENSG00000103226.19","OTTHUMG00000177317.23","-","NOMO3-221","NOMO3",4129,"protein_coding",3834,26,0.98515921831131,"GGACC",0.769230769230769,NA,NA,NA,NA,NA,NA,NA,NA,NA,0,0,0,NA,NA,NA
"3872","ENST00000677302.1","ENSG00000079785.16","OTTHUMG00000090593.6","-","DDX1-213","DDX1",3427,"nonsense_mediated_decay",1480,66,0.933578014373779,"GAACT",0.560606060606061,NA,NA,NA,NA,NA,NA,NA,NA,NA,0,0,0,NA,NA,NA
"3873","ENST00000677332.1","ENSG00000071553.18","OTTHUMG00000033291.11","-","ATP6AP1-211","ATP6AP1",1965,"nonsense_mediated_decay",1454,21,0.922581851482391,"GAACT",0.571428571428571,NA,NA,NA,NA,NA,NA,NA,NA,NA,0,0,0,NA,NA,NA
"3874","ENST00000677337.1","ENSG00000170144.22","OTTHUMG00000132529.11","-","HNRNPA3-213","HNRNPA3",5654,"nonsense_mediated_decay",1398,223,0.90166962146759,"GGACT",0.565022421524664,NA,NA,NA,NA,NA,NA,NA,NA,NA,0,0,0,NA,NA,NA
"3875","ENST00000677342.1","ENSG00000071553.18","OTTHUMG00000033291.11","-","ATP6AP1-212","ATP6AP1",2318,"nonsense_mediated_decay",951,51,0.912507176399231,"TGACT",0.725490196078431,NA,NA,NA,NA,NA,NA,NA,NA,NA,0,0,0,NA,NA,NA
"3876","ENST00000677508.1","ENSG00000170144.22","OTTHUMG00000132529.11","-","HNRNPA3-214","HNRNPA3",5953,"retained_intron",1613,216,0.90112441778183,"GGACT",0.564814814814815,NA,NA,NA,NA,NA,NA,NA,NA,NA,0,0,0,NA,NA,NA
"3877","ENST00000677512.1","ENSG00000204386.12","OTTHUMG00000031284.5","-","NEU1-211","NEU1",1973,"retained_intron",1561,45,0.952600657939911,"GGACT",0.666666666666667,NA,NA,NA,NA,NA,NA,NA,NA,NA,0,0,0,NA,NA,NA
"3878","ENST00000677512.1","ENSG00000204386.12","OTTHUMG00000031284.5","-","NEU1-211","NEU1",1973,"retained_intron",1615,24,0.984647154808044,"AGACA",0.791666666666667,NA,NA,NA,NA,NA,NA,NA,NA,NA,0,0,0,NA,NA,NA
"3879","ENST00000677512.1","ENSG00000204386.12","OTTHUMG00000031284.5","-","NEU1-211","NEU1",1973,"retained_intron",1690,49,0.97065258026123,"GGACT",0.673469387755102,NA,NA,NA,NA,NA,NA,NA,NA,NA,0,0,0,NA,NA,NA
"3880","ENST00000677552.1","ENSG00000079785.16","OTTHUMG00000090593.6","-","DDX1-216","DDX1",2499,"nonsense_mediated_decay",1159,39,0.9276162981987,"GAACT",0.564102564102564,NA,NA,NA,NA,NA,NA,NA,NA,NA,0,0,0,NA,NA,NA
"3881","ENST00000677661.1","ENSG00000109861.17","OTTHUMG00000167290.4","-","CTSC-215","CTSC",2468,"nonsense_mediated_decay",1905,52,0.909445941448212,"TGACT",0.653846153846154,NA,NA,NA,NA,NA,NA,NA,NA,NA,0,0,0,NA,NA,NA
"3882","ENST00000677703.1","ENSG00000115053.17","OTTHUMG00000153866.4","-","NCL-215","NCL",2268,"retained_intron",1866,184,0.95460456609726,"GGACT",0.635869565217391,NA,NA,NA,NA,NA,NA,NA,NA,NA,0,0,0,NA,NA,NA
"3883","ENST00000677781.1","ENSG00000103226.19","OTTHUMG00000177317.23","-","NOMO3-223","NOMO3",4063,"nonsense_mediated_decay",3768,31,0.984498798847198,"GGACC",0.67741935483871,NA,NA,NA,NA,NA,NA,NA,NA,NA,0,0,0,NA,NA,NA
"3884","ENST00000677802.1","ENSG00000109861.17","OTTHUMG00000167290.4","-","CTSC-217","CTSC",1957,"nonsense_mediated_decay",1394,57,0.918814301490784,"TGACT",0.684210526315789,NA,NA,NA,NA,NA,NA,NA,NA,NA,0,0,0,NA,NA,NA
"3885","ENST00000677912.1","ENSG00000103226.19","OTTHUMG00000177317.23","-","NOMO3-224","NOMO3",4390,"nonsense_mediated_decay",4084,108,0.978314816951752,"GGACC",0.685185185185185,NA,NA,NA,NA,NA,NA,NA,NA,NA,0,0,0,NA,NA,NA
"3886","ENST00000678009.1","ENSG00000132002.9","OTTHUMG00000183289.4","OTTHUMT00000465993.3","DNAJB1-221","DNAJB1",2147,"protein_coding",1775,20,0.948175609111786,"GGACT",0.7,NA,NA,NA,NA,NA,NA,NA,NA,NA,0,0,0,NA,NA,NA
"3887","ENST00000678016.1","ENSG00000179958.10","OTTHUMG00000132416.5","-","DCTPP1-206","DCTPP1",1024,"protein_coding",451,263,0.968843281269073,"GGACA",0.657794676806084,NA,NA,NA,NA,NA,NA,NA,NA,NA,0,0,0,NA,NA,NA
"3888","ENST00000678016.1","ENSG00000179958.10","OTTHUMG00000132416.5","-","DCTPP1-206","DCTPP1",1024,"protein_coding",504,292,0.910473167896271,"GGACT",0.657534246575342,NA,NA,NA,NA,NA,NA,NA,NA,NA,0,0,0,NA,NA,NA
"3889","ENST00000678018.1","ENSG00000165280.18","OTTHUMG00000019855.5","-","VCP-210","VCP",4480,"nonsense_mediated_decay",3596,25,0.937542736530304,"AGACT",0.68,NA,NA,NA,NA,NA,NA,NA,NA,NA,0,0,0,NA,NA,NA
"3890","ENST00000678116.1","ENSG00000105889.16","OTTHUMG00000193419.2","-","STEAP1B-210","STEAP1B",1261,"protein_coding",1081,163,0.938723802566528,"GGACT",0.570552147239264,NA,NA,NA,NA,NA,NA,NA,NA,NA,0,0,0,NA,NA,NA
"3891","ENST00000678148.1","ENSG00000103226.19","OTTHUMG00000177317.23","-","NOMO3-226","NOMO3",3834,"protein_coding_CDS_not_defined",3539,28,0.992371261119843,"GGACC",0.785714285714286,NA,NA,NA,NA,NA,NA,NA,NA,NA,0,0,0,NA,NA,NA
"3892","ENST00000678332.1","ENSG00000136448.13","OTTHUMG00000180003.4","-","NMT1-216","NMT1",4918,"nonsense_mediated_decay",1683,56,0.956214606761932,"GAACT",0.642857142857143,NA,NA,NA,NA,NA,NA,NA,NA,NA,0,0,0,NA,NA,NA
"3893","ENST00000678352.1","ENSG00000247596.10","OTTHUMG00000158105.4","-","TWF2-211","TWF2",1531,"retained_intron",1138,121,0.951600968837738,"GGACT",0.735537190082645,NA,NA,NA,NA,NA,NA,NA,NA,NA,0,0,0,NA,NA,NA
"3894","ENST00000678359.1","ENSG00000106636.9","OTTHUMG00000129089.4","-","YKT6-211","YKT6",2748,"protein_coding",822,56,0.904159307479858,"GAACT",0.446428571428572,NA,NA,NA,NA,NA,NA,NA,NA,NA,0,0,0,NA,NA,NA
"3895","ENST00000678364.1","ENSG00000115053.17","OTTHUMG00000153866.4","-","NCL-219","NCL",2361,"protein_coding",2090,27,0.941777348518372,"GGACT",0.481481481481482,NA,NA,NA,NA,NA,NA,NA,NA,NA,0,0,0,NA,NA,NA
"3896","ENST00000678395.1","ENSG00000109861.17","OTTHUMG00000167290.4","-","CTSC-221","CTSC",1802,"nonsense_mediated_decay",1239,24,0.904573202133179,"TGACT",0.666666666666667,NA,NA,NA,NA,NA,NA,NA,NA,NA,0,0,0,NA,NA,NA
"3897","ENST00000678421.1","ENSG00000170144.22","OTTHUMG00000132529.11","-","HNRNPA3-217","HNRNPA3",5829,"retained_intron",1489,246,0.906272113323212,"GGACT",0.560975609756098,NA,NA,NA,NA,NA,NA,NA,NA,NA,0,0,0,NA,NA,NA
"3898","ENST00000678465.1","ENSG00000165280.18","OTTHUMG00000019855.5","-","VCP-211","VCP",4451,"nonsense_mediated_decay",3567,29,0.968714714050293,"AGACT",0.793103448275862,NA,NA,NA,NA,NA,NA,NA,NA,NA,0,0,0,NA,NA,NA
"3899","ENST00000678506.1","ENSG00000109861.17","OTTHUMG00000167290.4","-","CTSC-223","CTSC",1867,"protein_coding",1304,54,0.910623669624329,"TGACT",0.62962962962963,NA,NA,NA,NA,NA,NA,NA,NA,NA,0,0,0,NA,NA,NA
"3900","ENST00000678508.1","ENSG00000156508.19","OTTHUMG00000015031.7","-","EEF1A1-219","EEF1A1",1778,"protein_coding",1542,2797,0.914692997932434,"GAACT",0.604933857704684,NA,NA,NA,NA,NA,NA,NA,NA,NA,0,0,0,NA,NA,NA
"3901","ENST00000678508.1","ENSG00000156508.19","OTTHUMG00000015031.7","-","EEF1A1-219","EEF1A1",1778,"protein_coding",1583,2680,0.932908594608307,"AGACT",0.537686567164179,NA,NA,NA,NA,NA,NA,NA,NA,NA,0,0,0,NA,NA,NA
"3902","ENST00000678515.1","ENSG00000156508.19","OTTHUMG00000015031.7","-","EEF1A1-220","EEF1A1",1842,"protein_coding",1606,1084,0.914002001285553,"GAACT",0.604243542435424,NA,NA,NA,NA,NA,NA,NA,NA,NA,0,0,0,NA,NA,NA
"3903","ENST00000678515.1","ENSG00000156508.19","OTTHUMG00000015031.7","-","EEF1A1-220","EEF1A1",1842,"protein_coding",1647,1031,0.949527204036713,"AGACT",0.57807953443259,NA,NA,NA,NA,NA,NA,NA,NA,NA,0,0,0,NA,NA,NA
"3904","ENST00000678528.1","ENSG00000135316.20","OTTHUMG00000015141.5","OTTHUMT00000041398.2","SYNCRIP-215","SYNCRIP",6511,"protein_coding",1908,52,0.934250235557556,"GGACT",0.75,NA,NA,NA,NA,NA,NA,NA,NA,NA,0,0,0,NA,NA,NA
"3905","ENST00000678549.1","ENSG00000247596.10","OTTHUMG00000158105.4","-","TWF2-212","TWF2",1558,"nonsense_mediated_decay",1186,95,0.942603290081024,"GGACT",0.705263157894737,NA,NA,NA,NA,NA,NA,NA,NA,NA,0,0,0,NA,NA,NA
"3906","ENST00000678702.1","ENSG00000156508.19","OTTHUMG00000015031.7","-","EEF1A1-221","EEF1A1",1821,"protein_coding",1589,2807,0.916975200176239,"GAACT",0.588884930530816,NA,NA,NA,NA,NA,NA,NA,NA,NA,0,0,0,NA,NA,NA
"3907","ENST00000678702.1","ENSG00000156508.19","OTTHUMG00000015031.7","-","EEF1A1-221","EEF1A1",1821,"protein_coding",1630,2679,0.928145945072174,"AGACT",0.525569242254573,NA,NA,NA,NA,NA,NA,NA,NA,NA,0,0,0,NA,NA,NA
"3908","ENST00000678703.1","ENSG00000156508.19","OTTHUMG00000015031.7","-","EEF1A1-222","EEF1A1",1731,"protein_coding",1502,2791,0.920070827007294,"GAACT",0.613758509494805,NA,NA,NA,NA,NA,NA,NA,NA,NA,0,0,0,NA,NA,NA
"3909","ENST00000678703.1","ENSG00000156508.19","OTTHUMG00000015031.7","-","EEF1A1-222","EEF1A1",1731,"protein_coding",1543,2675,0.944560885429382,"AGACT",0.565607476635514,NA,NA,NA,NA,NA,NA,NA,NA,NA,0,0,0,NA,NA,NA
"3910","ENST00000678729.1","ENSG00000115053.17","OTTHUMG00000153866.4","-","NCL-221","NCL",4237,"retained_intron",3966,46,0.926887452602386,"GGACT",0.565217391304348,NA,NA,NA,NA,NA,NA,NA,NA,NA,0,0,0,NA,NA,NA
"3911","ENST00000678828.1","ENSG00000115053.17","OTTHUMG00000153866.4","-","NCL-222","NCL",2666,"protein_coding",2265,176,0.957674086093903,"GGACT",0.653409090909091,NA,NA,NA,NA,NA,NA,NA,NA,NA,0,0,0,NA,NA,NA
"3912","ENST00000678829.1","ENSG00000215021.10","OTTHUMG00000168519.5","-","PHB2-219","PHB2",1282,"nonsense_mediated_decay",302,153,0.916706919670105,"GGACA",0.437908496732026,NA,NA,NA,NA,NA,NA,NA,NA,NA,0,0,0,NA,NA,NA
"3913","ENST00000678829.1","ENSG00000215021.10","OTTHUMG00000168519.5","-","PHB2-219","PHB2",1282,"nonsense_mediated_decay",659,88,0.994105100631714,"GGACT",0.784090909090909,NA,NA,NA,NA,NA,NA,NA,NA,NA,0,0,0,NA,NA,NA
"3914","ENST00000678829.1","ENSG00000215021.10","OTTHUMG00000168519.5","-","PHB2-219","PHB2",1282,"nonsense_mediated_decay",684,345,0.992694735527039,"GGACA",0.666666666666667,NA,NA,NA,NA,NA,NA,NA,NA,NA,0,0,0,NA,NA,NA
"3915","ENST00000678838.1","ENSG00000247596.10","OTTHUMG00000158105.4","-","TWF2-215","TWF2",1426,"protein_coding",1033,48,0.928376019001007,"GGACT",0.6875,NA,NA,NA,NA,NA,NA,NA,NA,NA,0,0,0,NA,NA,NA
"3916","ENST00000678849.1","ENSG00000115053.17","OTTHUMG00000153866.4","-","NCL-223","NCL",2874,"nonsense_mediated_decay",2603,47,0.947405338287354,"GGACT",0.553191489361702,NA,NA,NA,NA,NA,NA,NA,NA,NA,0,0,0,NA,NA,NA
"3917","ENST00000678869.1","ENSG00000204386.12","OTTHUMG00000031284.5","-","NEU1-212","NEU1",2338,"retained_intron",1872,64,0.959207892417908,"GGACT",0.765625,NA,NA,NA,NA,NA,NA,NA,NA,NA,0,0,0,NA,NA,NA
"3918","ENST00000678869.1","ENSG00000204386.12","OTTHUMG00000031284.5","-","NEU1-212","NEU1",2338,"retained_intron",1926,66,0.982564687728882,"AGACA",0.772727272727273,NA,NA,NA,NA,NA,NA,NA,NA,NA,0,0,0,NA,NA,NA
"3919","ENST00000678869.1","ENSG00000204386.12","OTTHUMG00000031284.5","-","NEU1-212","NEU1",2338,"retained_intron",2001,84,0.97520250082016,"GGACT",0.666666666666667,NA,NA,NA,NA,NA,NA,NA,NA,NA,0,0,0,NA,NA,NA
"3920","ENST00000678878.1","ENSG00000135316.20","OTTHUMG00000015141.5","-","SYNCRIP-219","SYNCRIP",6427,"protein_coding",2044,21,0.938503503799438,"GGACT",0.761904761904762,NA,NA,NA,NA,NA,NA,NA,NA,NA,0,0,0,NA,NA,NA
"3921","ENST00000678882.1","ENSG00000247596.10","OTTHUMG00000158105.4","-","TWF2-216","TWF2",1503,"protein_coding_CDS_not_defined",1131,99,0.956467151641846,"GGACT",0.747474747474748,NA,NA,NA,NA,NA,NA,NA,NA,NA,0,0,0,NA,NA,NA
"3922","ENST00000678938.1","ENSG00000136448.13","OTTHUMG00000180003.4","-","NMT1-219","NMT1",4781,"protein_coding",1546,26,0.960544526576996,"GAACT",0.692307692307692,NA,NA,NA,NA,NA,NA,NA,NA,NA,0,0,0,NA,NA,NA
"3923","ENST00000678997.1","ENSG00000147601.15","OTTHUMG00000164522.6","OTTHUMT00000379213.2","TERF1-215","TERF1",2933,"nonsense_mediated_decay",1386,21,0.933488547801971,"GGACA",0.380952380952381,NA,NA,NA,NA,NA,NA,NA,NA,NA,0,0,0,NA,NA,NA
"3924","ENST00000679020.1","ENSG00000106636.9","OTTHUMG00000129089.4","-","YKT6-213","YKT6",2288,"nonsense_mediated_decay",825,72,0.90495365858078,"GAACT",0.430555555555556,NA,NA,NA,NA,NA,NA,NA,NA,NA,0,0,0,NA,NA,NA
"3925","ENST00000679114.1","ENSG00000011304.22","OTTHUMG00000181789.13","OTTHUMT00000457610.3","PTBP1-224","PTBP1",3233,"protein_coding",1987,55,0.914171099662781,"TGACT",0.690909090909091,NA,NA,NA,NA,NA,NA,NA,NA,NA,0,0,0,NA,NA,NA
"3926","ENST00000679149.1","ENSG00000135047.16","OTTHUMG00000020149.2","OTTHUMT00000052941.1","CTSL-241","CTSL",2129,"protein_coding",947,22,0.915879011154175,"GAACT",0.590909090909091,NA,NA,NA,NA,NA,NA,NA,NA,NA,0,0,0,NA,NA,NA
"3927","ENST00000679159.1","ENSG00000170144.22","OTTHUMG00000132529.11","-","HNRNPA3-218","HNRNPA3",5697,"nonsense_mediated_decay",1431,333,0.910423696041107,"GGACT",0.585585585585586,NA,NA,NA,NA,NA,NA,NA,NA,NA,0,0,0,NA,NA,NA
"3928","ENST00000679209.1","ENSG00000106636.9","OTTHUMG00000129089.4","-","YKT6-214","YKT6",2786,"nonsense_mediated_decay",855,71,0.902885019779205,"GAACT",0.436619718309859,NA,NA,NA,NA,NA,NA,NA,NA,NA,0,0,0,NA,NA,NA
"3929","ENST00000679241.1","ENSG00000071553.18","OTTHUMG00000033291.11","-","ATP6AP1-214","ATP6AP1",2111,"nonsense_mediated_decay",907,74,0.920277953147888,"TGACT",0.743243243243243,NA,NA,NA,NA,NA,NA,NA,NA,NA,0,0,0,NA,NA,NA
"3930","ENST00000679241.1","ENSG00000071553.18","OTTHUMG00000033291.11","-","ATP6AP1-214","ATP6AP1",2111,"nonsense_mediated_decay",1600,100,0.908039033412933,"GAACT",0.57,NA,NA,NA,NA,NA,NA,NA,NA,NA,0,0,0,NA,NA,NA
"3931","ENST00000679296.1","ENSG00000247596.10","OTTHUMG00000158105.4","-","TWF2-218","TWF2",1536,"protein_coding",1164,70,0.935555934906006,"GGACT",0.671428571428571,NA,NA,NA,NA,NA,NA,NA,NA,NA,0,0,0,NA,NA,NA
"3932","ENST00000679328.1","ENSG00000170144.22","OTTHUMG00000132529.11","-","HNRNPA3-219","HNRNPA3",1911,"protein_coding",1406,266,0.933651030063629,"GGACT",0.62406015037594,NA,NA,NA,NA,NA,NA,NA,NA,NA,0,0,0,NA,NA,NA
"3933","ENST00000679348.1","ENSG00000115053.17","OTTHUMG00000153866.4","-","NCL-224","NCL",2653,"protein_coding",2311,144,0.956768333911896,"GGACT",0.611111111111111,NA,NA,NA,NA,NA,NA,NA,NA,NA,0,0,0,NA,NA,NA
"3934","ENST00000679355.1","ENSG00000044574.9","OTTHUMG00000020672.2","-","HSPA5-202","HSPA5",4052,"retained_intron",2358,287,0.985722124576569,"GGACT",0.888501742160279,NA,NA,NA,NA,NA,NA,NA,NA,NA,0,0,0,NA,NA,NA
"3935","ENST00000679355.1","ENSG00000044574.9","OTTHUMG00000020672.2","-","HSPA5-202","HSPA5",4052,"retained_intron",2392,357,0.952855110168457,"GAACT",0.535014005602241,NA,NA,NA,NA,NA,NA,NA,NA,NA,0,0,0,NA,NA,NA
"3936","ENST00000679429.1","ENSG00000182173.14","OTTHUMG00000179684.3","OTTHUMT00000447620.1","TSEN54-213","TSEN54",1921,"nonsense_mediated_decay",1808,59,0.944864511489868,"GGACT",0.559322033898305,NA,NA,NA,NA,NA,NA,NA,NA,NA,0,0,0,NA,NA,NA
"3937","ENST00000679472.1","ENSG00000172270.22","OTTHUMG00000177718.19","-","BSG-217","BSG",1610,"protein_coding",1406,198,0.914453506469727,"GGACT",0.494949494949495,NA,NA,NA,NA,NA,NA,NA,NA,NA,0,0,0,NA,NA,NA
"3938","ENST00000679475.1","ENSG00000044574.9","OTTHUMG00000020672.2","-","HSPA5-203","HSPA5",4281,"retained_intron",2587,409,0.987535893917084,"GGACT",0.880195599022005,NA,NA,NA,NA,NA,NA,NA,NA,NA,0,0,0,NA,NA,NA
"3939","ENST00000679475.1","ENSG00000044574.9","OTTHUMG00000020672.2","-","HSPA5-203","HSPA5",4281,"retained_intron",2595,513,0.911478996276855,"GAACT",0.477582846003899,NA,NA,NA,NA,NA,NA,NA,NA,NA,0,0,0,NA,NA,NA
"3940","ENST00000679475.1","ENSG00000044574.9","OTTHUMG00000020672.2","-","HSPA5-203","HSPA5",4281,"retained_intron",2621,510,0.966008424758911,"GAACT",0.580392156862745,NA,NA,NA,NA,NA,NA,NA,NA,NA,0,0,0,NA,NA,NA
"3941","ENST00000679480.1","ENSG00000184009.13","OTTHUMG00000177955.9","-","ACTG1-218","ACTG1",1919,"protein_coding",537,293,0.999447524547577,"GGACT",0.880546075085324,NA,NA,NA,NA,NA,NA,NA,NA,NA,0,0,0,NA,NA,NA
"3942","ENST00000679480.1","ENSG00000184009.13","OTTHUMG00000177955.9","-","ACTG1-218","ACTG1",1919,"protein_coding",1209,538,0.975384533405304,"GGACT",0.75092936802974,NA,NA,NA,NA,NA,NA,NA,NA,NA,0,0,0,NA,NA,NA
"3943","ENST00000679501.2","ENSG00000113649.14","OTTHUMG00000129683.4","-","TCERG1-217","TCERG1",4684,"protein_coding",3706,22,0.919413685798645,"GAACT",0.545454545454545,NA,NA,NA,NA,NA,NA,NA,NA,NA,0,0,0,NA,NA,NA
"3944","ENST00000679501.2","ENSG00000113649.14","OTTHUMG00000129683.4","-","TCERG1-217","TCERG1",4684,"protein_coding",3850,23,0.94789731502533,"GGACA",0.652173913043478,NA,NA,NA,NA,NA,NA,NA,NA,NA,0,0,0,NA,NA,NA
"3945","ENST00000679535.1","ENSG00000184009.13","OTTHUMG00000177955.9","-","ACTG1-219","ACTG1",2141,"retained_intron",1433,151,0.970468282699585,"GGACT",0.721854304635762,NA,NA,NA,NA,NA,NA,NA,NA,NA,0,0,0,NA,NA,NA
"3946","ENST00000679667.1","ENSG00000131043.13","OTTHUMG00000032380.3","-","AAR2-205","AAR2",2952,"protein_coding",2126,28,0.911510527133942,"GAACT",0.428571428571428,NA,NA,NA,NA,NA,NA,NA,NA,NA,0,0,0,NA,NA,NA
"3947","ENST00000679724.1","ENSG00000064703.13","OTTHUMG00000011956.4","-","DDX20-209","DDX20",4658,"protein_coding",2683,20,0.90515673160553,"AGACT",0.7,NA,NA,NA,NA,NA,NA,NA,NA,NA,0,0,0,NA,NA,NA
"3948","ENST00000679800.1","ENSG00000165280.18","OTTHUMG00000019855.5","-","VCP-218","VCP",4561,"retained_intron",3559,20,0.914159774780273,"GGACT",0.6,NA,NA,NA,NA,NA,NA,NA,NA,NA,0,0,0,NA,NA,NA
"3949","ENST00000679800.1","ENSG00000165280.18","OTTHUMG00000019855.5","-","VCP-218","VCP",4561,"retained_intron",3677,24,0.965519547462463,"AGACT",0.75,NA,NA,NA,NA,NA,NA,NA,NA,NA,0,0,0,NA,NA,NA
"3950","ENST00000679853.1","ENSG00000118217.7","OTTHUMG00000023961.3","-","ATF6-204","ATF6",5509,"protein_coding",2159,23,0.946533918380737,"GAACT",0.695652173913043,NA,NA,NA,NA,NA,NA,NA,NA,NA,0,0,0,NA,NA,NA
"3951","ENST00000680065.1","ENSG00000172270.22","OTTHUMG00000177718.19","-","BSG-218","BSG",1630,"protein_coding",1406,265,0.903493285179138,"GGACT",0.483018867924528,NA,NA,NA,NA,NA,NA,NA,NA,NA,0,0,0,NA,NA,NA
"3952","ENST00000680083.1","ENSG00000185624.16","OTTHUMG00000150269.8","-","P4HB-234","P4HB",2376,"nonsense_mediated_decay",1980,49,0.98653769493103,"GGACT",0.877551020408163,NA,NA,NA,NA,NA,NA,NA,NA,NA,0,0,0,NA,NA,NA
"3953","ENST00000680144.1","ENSG00000119977.22","OTTHUMG00000018814.7","-","TCTN3-211","TCTN3",2414,"protein_coding",2161,21,0.966653287410736,"GGACT",0.761904761904762,NA,NA,NA,NA,NA,NA,NA,NA,NA,0,0,0,NA,NA,NA
"3954","ENST00000680158.1","ENSG00000166794.6","OTTHUMG00000133018.2","-","PPIB-204","PPIB",1050,"nonsense_mediated_decay",979,1230,0.925931751728058,"GGACT",0.586178861788618,NA,NA,NA,NA,NA,NA,NA,NA,NA,0,0,0,NA,NA,NA
"3955","ENST00000680247.1","ENSG00000131043.13","OTTHUMG00000032380.3","-","AAR2-207","AAR2",2561,"protein_coding",2405,55,0.902072548866272,"AAACT",0.527272727272727,NA,NA,NA,NA,NA,NA,NA,NA,NA,0,0,0,NA,NA,NA
"3956","ENST00000680257.1","ENSG00000044574.9","OTTHUMG00000020672.2","-","HSPA5-206","HSPA5",4234,"retained_intron",2540,205,0.979519009590149,"GGACT",0.878048780487805,NA,NA,NA,NA,NA,NA,NA,NA,NA,0,0,0,NA,NA,NA
"3957","ENST00000680257.1","ENSG00000044574.9","OTTHUMG00000020672.2","-","HSPA5-206","HSPA5",4234,"retained_intron",2574,253,0.953375458717346,"GAACT",0.521739130434783,NA,NA,NA,NA,NA,NA,NA,NA,NA,0,0,0,NA,NA,NA
"3958","ENST00000680272.1","ENSG00000044574.9","OTTHUMG00000020672.2","-","HSPA5-207","HSPA5",3825,"protein_coding",2131,256,0.983511984348297,"GGACT",0.859375,NA,NA,NA,NA,NA,NA,NA,NA,NA,0,0,0,NA,NA,NA
"3959","ENST00000680272.1","ENSG00000044574.9","OTTHUMG00000020672.2","-","HSPA5-207","HSPA5",3825,"protein_coding",2165,314,0.961323738098145,"GAACT",0.563694267515924,NA,NA,NA,NA,NA,NA,NA,NA,NA,0,0,0,NA,NA,NA
"3960","ENST00000680313.1","ENSG00000197102.14","OTTHUMG00000171644.11","-","DYNC1H1-247","DYNC1H1",20066,"nonsense_mediated_decay",14079,22,0.94139438867569,"GAACT",0.5,NA,NA,NA,NA,NA,NA,NA,NA,NA,0,0,0,NA,NA,NA
"3961","ENST00000680326.1","ENSG00000172270.22","OTTHUMG00000177718.19","OTTHUMT00000474367.2","BSG-219","BSG",1575,"protein_coding",1320,492,0.91040712594986,"GGACT",0.491869918699187,NA,NA,NA,NA,NA,NA,NA,NA,NA,0,0,0,NA,NA,NA
"3962","ENST00000680343.1","ENSG00000166794.6","OTTHUMG00000133018.2","-","PPIB-205","PPIB",888,"protein_coding_CDS_not_defined",740,1094,0.919646441936493,"GGACT",0.577696526508227,NA,NA,NA,NA,NA,NA,NA,NA,NA,0,0,0,NA,NA,NA
"3963","ENST00000680416.1","ENSG00000185624.16","OTTHUMG00000150269.8","OTTHUMT00000317254.3","P4HB-242","P4HB",3217,"nonsense_mediated_decay",2823,27,0.973455488681793,"GGACT",0.888888888888889,NA,NA,NA,NA,NA,NA,NA,NA,NA,0,0,0,NA,NA,NA
"3964","ENST00000680494.1","ENSG00000044574.9","OTTHUMG00000020672.2","-","HSPA5-208","HSPA5",5402,"retained_intron",3708,193,0.973350942134857,"GGACT",0.823834196891192,NA,NA,NA,NA,NA,NA,NA,NA,NA,0,0,0,NA,NA,NA
"3965","ENST00000680494.1","ENSG00000044574.9","OTTHUMG00000020672.2","-","HSPA5-208","HSPA5",5402,"retained_intron",3742,236,0.932684540748596,"GAACT",0.5,NA,NA,NA,NA,NA,NA,NA,NA,NA,0,0,0,NA,NA,NA
"3966","ENST00000680552.1","ENSG00000172270.22","OTTHUMG00000177718.19","-","BSG-221","BSG",1605,"protein_coding",1401,205,0.917891263961792,"GGACT",0.48780487804878,NA,NA,NA,NA,NA,NA,NA,NA,NA,0,0,0,NA,NA,NA
"3967","ENST00000680631.1","ENSG00000168003.19","OTTHUMG00000074091.8","-","SLC3A2-230","SLC3A2",1890,"protein_coding",1719,205,0.907492876052856,"GGACC",0.4,NA,NA,NA,NA,NA,NA,NA,NA,NA,0,0,0,NA,NA,NA
"3968","ENST00000680639.1","ENSG00000131043.13","OTTHUMG00000032380.3","-","AAR2-209","AAR2",3187,"protein_coding",3031,72,0.909559786319733,"AAACT",0.569444444444444,NA,NA,NA,NA,NA,NA,NA,NA,NA,0,0,0,NA,NA,NA
"3969","ENST00000680640.1","ENSG00000044574.9","OTTHUMG00000020672.2","-","HSPA5-209","HSPA5",4929,"retained_intron",3235,217,0.981585204601288,"GGACT",0.875576036866359,NA,NA,NA,NA,NA,NA,NA,NA,NA,0,0,0,NA,NA,NA
"3970","ENST00000680640.1","ENSG00000044574.9","OTTHUMG00000020672.2","-","HSPA5-209","HSPA5",4929,"retained_intron",3269,254,0.937491714954376,"GAACT",0.484251968503937,NA,NA,NA,NA,NA,NA,NA,NA,NA,0,0,0,NA,NA,NA
"3971","ENST00000680672.1","ENSG00000131462.9","OTTHUMG00000180277.4","-","TUBG1-208","TUBG1",1753,"retained_intron",1684,22,0.956132709980011,"GGACT",0.681818181818182,NA,NA,NA,NA,NA,NA,NA,NA,NA,0,0,0,NA,NA,NA
"3972","ENST00000680725.1","ENSG00000168003.19","OTTHUMG00000074091.8","-","SLC3A2-232","SLC3A2",2197,"protein_coding",2026,193,0.907138109207153,"GGACC",0.38860103626943,NA,NA,NA,NA,NA,NA,NA,NA,NA,0,0,0,NA,NA,NA
"3973","ENST00000680933.1","ENSG00000131043.13","OTTHUMG00000032380.3","-","AAR2-211","AAR2",2568,"protein_coding",1737,25,0.916196763515472,"GAACT",0.52,NA,NA,NA,NA,NA,NA,NA,NA,NA,0,0,0,NA,NA,NA
"3974","ENST00000681001.1","ENSG00000118217.7","OTTHUMG00000023961.3","-","ATF6-211","ATF6",3084,"nonsense_mediated_decay",2177,40,0.92500364780426,"GAACT",0.675,NA,NA,NA,NA,NA,NA,NA,NA,NA,0,0,0,NA,NA,NA
"3975","ENST00000681030.1","ENSG00000185624.16","OTTHUMG00000150269.8","OTTHUMT00000317252.1","P4HB-256","P4HB",2872,"nonsense_mediated_decay",2478,53,0.985565006732941,"GGACT",0.886792452830189,NA,NA,NA,NA,NA,NA,NA,NA,NA,0,0,0,NA,NA,NA
"3976","ENST00000681036.1","ENSG00000118217.7","OTTHUMG00000023961.3","-","ATF6-212","ATF6",3178,"protein_coding",2271,25,0.924601137638092,"GAACT",0.6,NA,NA,NA,NA,NA,NA,NA,NA,NA,0,0,0,NA,NA,NA
"3977","ENST00000681045.1","ENSG00000044574.9","OTTHUMG00000020672.2","-","HSPA5-210","HSPA5",4858,"retained_intron",3164,194,0.977510750293732,"GGACT",0.860824742268041,NA,NA,NA,NA,NA,NA,NA,NA,NA,0,0,0,NA,NA,NA
"3978","ENST00000681045.1","ENSG00000044574.9","OTTHUMG00000020672.2","-","HSPA5-210","HSPA5",4858,"retained_intron",3198,223,0.946805536746979,"GAACT",0.551569506726457,NA,NA,NA,NA,NA,NA,NA,NA,NA,0,0,0,NA,NA,NA
"3979","ENST00000681052.1","ENSG00000184009.13","OTTHUMG00000177955.9","-","ACTG1-223","ACTG1",2491,"protein_coding",546,340,0.999507069587708,"GGACT",0.873529411764706,NA,NA,NA,NA,NA,NA,NA,NA,NA,0,0,0,NA,NA,NA
"3980","ENST00000681052.1","ENSG00000184009.13","OTTHUMG00000177955.9","-","ACTG1-223","ACTG1",2491,"protein_coding",1218,588,0.973389625549316,"GGACT",0.748299319727891,NA,NA,NA,NA,NA,NA,NA,NA,NA,0,0,0,NA,NA,NA
"3981","ENST00000681397.1","ENSG00000166794.6","OTTHUMG00000133018.2","-","PPIB-206","PPIB",973,"protein_coding",825,1241,0.924448192119598,"GGACT",0.585817888799355,NA,NA,NA,NA,NA,NA,NA,NA,NA,0,0,0,NA,NA,NA
"3982","ENST00000681424.1","ENSG00000044574.9","OTTHUMG00000020672.2","-","HSPA5-211","HSPA5",4333,"retained_intron",2639,175,0.979041993618011,"GGACT",0.88,NA,NA,NA,NA,NA,NA,NA,NA,NA,0,0,0,NA,NA,NA
"3983","ENST00000681424.1","ENSG00000044574.9","OTTHUMG00000020672.2","-","HSPA5-211","HSPA5",4333,"retained_intron",2673,221,0.957129657268524,"GAACT",0.547511312217195,NA,NA,NA,NA,NA,NA,NA,NA,NA,0,0,0,NA,NA,NA
"3984","ENST00000681467.1","ENSG00000168003.19","OTTHUMG00000074091.8","-","SLC3A2-237","SLC3A2",2227,"protein_coding",2056,238,0.908177614212036,"GGACC",0.411764705882353,NA,NA,NA,NA,NA,NA,NA,NA,NA,0,0,0,NA,NA,NA
"3985","ENST00000681541.1","ENSG00000118217.7","OTTHUMG00000023961.3","-","ATF6-216","ATF6",2996,"protein_coding",2089,46,0.916498780250549,"GAACT",0.608695652173913,NA,NA,NA,NA,NA,NA,NA,NA,NA,0,0,0,NA,NA,NA
"3986","ENST00000681544.1","ENSG00000044574.9","OTTHUMG00000020672.2","-","HSPA5-213","HSPA5",4028,"retained_intron",2334,514,0.988930404186249,"GGACT",0.879377431906615,NA,NA,NA,NA,NA,NA,NA,NA,NA,0,0,0,NA,NA,NA
"3987","ENST00000681544.1","ENSG00000044574.9","OTTHUMG00000020672.2","-","HSPA5-213","HSPA5",4028,"retained_intron",2342,650,0.909064948558807,"GAACT",0.464615384615385,NA,NA,NA,NA,NA,NA,NA,NA,NA,0,0,0,NA,NA,NA
"3988","ENST00000681544.1","ENSG00000044574.9","OTTHUMG00000020672.2","-","HSPA5-213","HSPA5",4028,"retained_intron",2368,639,0.970057725906372,"GAACT",0.594679186228482,NA,NA,NA,NA,NA,NA,NA,NA,NA,0,0,0,NA,NA,NA
"3989","ENST00000681557.1","ENSG00000118217.7","OTTHUMG00000023961.3","-","ATF6-217","ATF6",3032,"nonsense_mediated_decay",2125,25,0.9338658452034,"GAACT",0.56,NA,NA,NA,NA,NA,NA,NA,NA,NA,0,0,0,NA,NA,NA
"3990","ENST00000681563.1","ENSG00000168003.19","OTTHUMG00000074091.8","OTTHUMT00000396057.1","SLC3A2-238","SLC3A2",2843,"retained_intron",2682,112,0.915561020374298,"GGACC",0.392857142857143,NA,NA,NA,NA,NA,NA,NA,NA,NA,0,0,0,NA,NA,NA
"3991","ENST00000681650.1","ENSG00000172409.7","OTTHUMG00000167146.6","OTTHUMT00000393692.2","CLP1-207","CLP1",1931,"protein_coding",1638,54,0.992690801620483,"AGACT",0.888888888888889,NA,NA,NA,NA,NA,NA,NA,NA,NA,0,0,0,NA,NA,NA
"3992","ENST00000681650.1","ENSG00000172409.7","OTTHUMG00000167146.6","OTTHUMT00000393692.2","CLP1-207","CLP1",1931,"protein_coding",1670,52,0.937899947166443,"GGACT",0.673076923076923,NA,NA,NA,NA,NA,NA,NA,NA,NA,0,0,0,NA,NA,NA
"3993","ENST00000681650.1","ENSG00000172409.7","OTTHUMG00000167146.6","OTTHUMT00000393692.2","CLP1-207","CLP1",1931,"protein_coding",1756,51,0.93385112285614,"AGACT",0.666666666666667,NA,NA,NA,NA,NA,NA,NA,NA,NA,0,0,0,NA,NA,NA
"3994","ENST00000681657.1","ENSG00000168003.19","OTTHUMG00000074091.8","-","SLC3A2-240","SLC3A2",1905,"protein_coding",1734,287,0.906917452812195,"GGACC",0.348432055749129,128,187,1590,1,128,129,1717,1718,1904,0,0,1,NA,NA,0.0855614973262032
"3995","ENST00000681658.1","ENSG00000166794.6","OTTHUMG00000133018.2","-","PPIB-207","PPIB",869,"protein_coding",721,1195,0.925444602966309,"GGACT",0.588284518828452,NA,NA,NA,NA,NA,NA,NA,NA,NA,0,0,0,NA,NA,NA
"3996","ENST00000681675.1","ENSG00000044574.9","OTTHUMG00000020672.2","-","HSPA5-214","HSPA5",4577,"retained_intron",2883,386,0.986501216888428,"GGACT",0.873056994818653,NA,NA,NA,NA,NA,NA,NA,NA,NA,0,0,0,NA,NA,NA
"3997","ENST00000681675.1","ENSG00000044574.9","OTTHUMG00000020672.2","-","HSPA5-214","HSPA5",4577,"retained_intron",2891,493,0.91018408536911,"GAACT",0.466531440162272,NA,NA,NA,NA,NA,NA,NA,NA,NA,0,0,0,NA,NA,NA
"3998","ENST00000681675.1","ENSG00000044574.9","OTTHUMG00000020672.2","-","HSPA5-214","HSPA5",4577,"retained_intron",2917,487,0.971400916576385,"GAACT",0.583162217659138,NA,NA,NA,NA,NA,NA,NA,NA,NA,0,0,0,NA,NA,NA
"3999","ENST00000681774.1","ENSG00000044574.9","OTTHUMG00000020672.2","-","HSPA5-215","HSPA5",4919,"retained_intron",3225,383,0.989481925964355,"GGACT",0.89556135770235,NA,NA,NA,NA,NA,NA,NA,NA,NA,0,0,0,NA,NA,NA
"4000","ENST00000681774.1","ENSG00000044574.9","OTTHUMG00000020672.2","-","HSPA5-215","HSPA5",4919,"retained_intron",3233,486,0.910404145717621,"GAACT",0.475308641975309,NA,NA,NA,NA,NA,NA,NA,NA,NA,0,0,0,NA,NA,NA
"4001","ENST00000681774.1","ENSG00000044574.9","OTTHUMG00000020672.2","-","HSPA5-215","HSPA5",4919,"retained_intron",3259,480,0.963253855705261,"GAACT",0.564583333333333,NA,NA,NA,NA,NA,NA,NA,NA,NA,0,0,0,NA,NA,NA
"4002","ENST00000681898.1","ENSG00000168209.6","OTTHUMG00000183961.3","-","DDIT4-205","DDIT4",1676,"protein_coding",913,58,0.905703067779541,"GGACT",0.5,NA,NA,NA,NA,NA,NA,NA,NA,NA,0,0,0,NA,NA,NA
"4003","ENST00000681912.1","ENSG00000118217.7","OTTHUMG00000023961.3","-","ATF6-221","ATF6",2757,"protein_coding",1857,20,0.902240395545959,"GAACT",0.6,NA,NA,NA,NA,NA,NA,NA,NA,NA,0,0,0,NA,NA,NA
"4004","ENST00000681947.1","ENSG00000131462.9","OTTHUMG00000180277.4","-","TUBG1-214","TUBG1",1719,"retained_intron",1652,68,0.958381474018097,"GGACT",0.676470588235294,NA,NA,NA,NA,NA,NA,NA,NA,NA,0,0,0,NA,NA,NA
"4005","ENST00000682046.1","ENSG00000137492.9","OTTHUMG00000165280.2","-","THAP12-206","THAP12",3395,"nonsense_mediated_decay",1981,58,0.954606950283051,"GAACT",0.5,NA,NA,NA,NA,NA,NA,NA,NA,NA,0,0,0,NA,NA,NA
"4006","ENST00000682046.1","ENSG00000137492.9","OTTHUMG00000165280.2","-","THAP12-206","THAP12",3395,"nonsense_mediated_decay",2427,53,0.98178106546402,"GGACA",0.773584905660377,NA,NA,NA,NA,NA,NA,NA,NA,NA,0,0,0,NA,NA,NA
"4007","ENST00000682046.1","ENSG00000137492.9","OTTHUMG00000165280.2","-","THAP12-206","THAP12",3395,"nonsense_mediated_decay",2600,123,0.97893613576889,"GGACT",0.739837398373984,NA,NA,NA,NA,NA,NA,NA,NA,NA,0,0,0,NA,NA,NA
"4008","ENST00000682046.1","ENSG00000137492.9","OTTHUMG00000165280.2","-","THAP12-206","THAP12",3395,"nonsense_mediated_decay",2951,146,0.989134669303894,"GGACA",0.842465753424658,NA,NA,NA,NA,NA,NA,NA,NA,NA,0,0,0,NA,NA,NA
"4009","ENST00000682046.1","ENSG00000137492.9","OTTHUMG00000165280.2","-","THAP12-206","THAP12",3395,"nonsense_mediated_decay",3029,197,0.932581126689911,"GAACT",0.553299492385787,NA,NA,NA,NA,NA,NA,NA,NA,NA,0,0,0,NA,NA,NA
"4010","ENST00000682060.1","ENSG00000136463.9","OTTHUMG00000178904.2","-","TACO1-203","TACO1",983,"protein_coding_CDS_not_defined",780,25,0.931822001934052,"GGACA",0.64,NA,NA,NA,NA,NA,NA,NA,NA,NA,0,0,0,NA,NA,NA
"4011","ENST00000682060.1","ENSG00000136463.9","OTTHUMG00000178904.2","-","TACO1-203","TACO1",983,"protein_coding_CDS_not_defined",785,22,0.912498950958252,"GGACT",0.863636363636364,NA,NA,NA,NA,NA,NA,NA,NA,NA,0,0,0,NA,NA,NA
"4012","ENST00000682386.1","ENSG00000169813.17","OTTHUMG00000018029.3","-","HNRNPF-208","HNRNPF",2569,"protein_coding",399,52,0.956446290016174,"TGACT",0.557692307692308,NA,NA,NA,NA,NA,NA,NA,NA,NA,0,0,0,NA,NA,NA
"4013","ENST00000682386.1","ENSG00000169813.17","OTTHUMG00000018029.3","-","HNRNPF-208","HNRNPF",2569,"protein_coding",538,57,0.931014180183411,"GGACA",0.403508771929824,NA,NA,NA,NA,NA,NA,NA,NA,NA,0,0,0,NA,NA,NA
"4014","ENST00000682386.1","ENSG00000169813.17","OTTHUMG00000018029.3","-","HNRNPF-208","HNRNPF",2569,"protein_coding",652,53,0.982898831367493,"GGACT",0.622641509433962,NA,NA,NA,NA,NA,NA,NA,NA,NA,0,0,0,NA,NA,NA
"4015","ENST00000682386.1","ENSG00000169813.17","OTTHUMG00000018029.3","-","HNRNPF-208","HNRNPF",2569,"protein_coding",944,75,0.968520879745483,"GGACT",0.733333333333333,NA,NA,NA,NA,NA,NA,NA,NA,NA,0,0,0,NA,NA,NA
"4016","ENST00000682386.1","ENSG00000169813.17","OTTHUMG00000018029.3","-","HNRNPF-208","HNRNPF",2569,"protein_coding",1375,167,0.933512926101685,"GAACT",0.574850299401198,NA,NA,NA,NA,NA,NA,NA,NA,NA,0,0,0,NA,NA,NA
"4017","ENST00000682527.1","ENSG00000137492.9","OTTHUMG00000165280.2","-","THAP12-207","THAP12",3255,"protein_coding",1769,55,0.934278011322021,"GAACT",0.472727272727273,NA,NA,NA,NA,NA,NA,NA,NA,NA,0,0,0,NA,NA,NA
"4018","ENST00000682527.1","ENSG00000137492.9","OTTHUMG00000165280.2","-","THAP12-207","THAP12",3255,"protein_coding",2215,51,0.98174387216568,"GGACA",0.764705882352941,NA,NA,NA,NA,NA,NA,NA,NA,NA,0,0,0,NA,NA,NA
"4019","ENST00000682527.1","ENSG00000137492.9","OTTHUMG00000165280.2","-","THAP12-207","THAP12",3255,"protein_coding",2388,118,0.973399519920349,"GGACT",0.711864406779661,NA,NA,NA,NA,NA,NA,NA,NA,NA,0,0,0,NA,NA,NA
"4020","ENST00000682527.1","ENSG00000137492.9","OTTHUMG00000165280.2","-","THAP12-207","THAP12",3255,"protein_coding",2739,145,0.988104164600372,"GGACA",0.848275862068966,NA,NA,NA,NA,NA,NA,NA,NA,NA,0,0,0,NA,NA,NA
"4021","ENST00000682527.1","ENSG00000137492.9","OTTHUMG00000165280.2","-","THAP12-207","THAP12",3255,"protein_coding",2817,197,0.93103551864624,"GAACT",0.548223350253807,NA,NA,NA,NA,NA,NA,NA,NA,NA,0,0,0,NA,NA,NA
"4022","ENST00000682708.1","ENSG00000172893.18","OTTHUMG00000167346.3","-","DHCR7-213","DHCR7",2710,"protein_coding",1700,177,0.946994841098785,"GGACT",0.757062146892655,277,954,1479,1,277,278,1755,1756,2709,0,1,0,NA,0.962136578769439,NA
"4023","ENST00000682708.1","ENSG00000172893.18","OTTHUMG00000167346.3","-","DHCR7-213","DHCR7",2710,"protein_coding",2292,238,0.920762121677399,"GGACA",0.605042016806723,277,954,1479,1,277,278,1755,1756,2709,0,0,1,NA,NA,0.561844863731656
"4024","ENST00000682944.1","ENSG00000151835.17","OTTHUMG00000016562.6","-","SACS-210","SACS",15712,"protein_coding",14219,93,0.985069692134857,"GGACT",0.817204301075269,NA,NA,NA,NA,NA,NA,NA,NA,NA,0,0,0,NA,NA,NA
"4025","ENST00000682944.1","ENSG00000151835.17","OTTHUMG00000016562.6","-","SACS-210","SACS",15712,"protein_coding",14664,87,0.933996319770813,"GAACT",0.517241379310345,NA,NA,NA,NA,NA,NA,NA,NA,NA,0,0,0,NA,NA,NA
"4026","ENST00000683270.1","ENSG00000151835.17","OTTHUMG00000016562.6","-","SACS-213","SACS",7009,"protein_coding",1342,42,0.926359713077545,"TGACT",0.69047619047619,NA,NA,NA,NA,NA,NA,NA,NA,NA,0,0,0,NA,NA,NA
"4027","ENST00000683270.1","ENSG00000151835.17","OTTHUMG00000016562.6","-","SACS-213","SACS",7009,"protein_coding",1358,20,0.962576270103455,"GAACT",0.7,NA,NA,NA,NA,NA,NA,NA,NA,NA,0,0,0,NA,NA,NA
"4028","ENST00000683270.1","ENSG00000151835.17","OTTHUMG00000016562.6","-","SACS-213","SACS",7009,"protein_coding",1856,20,0.963020086288452,"GAACT",0.65,NA,NA,NA,NA,NA,NA,NA,NA,NA,0,0,0,NA,NA,NA
"4029","ENST00000683270.1","ENSG00000151835.17","OTTHUMG00000016562.6","-","SACS-213","SACS",7009,"protein_coding",1884,23,0.945833384990692,"AAACT",0.608695652173913,NA,NA,NA,NA,NA,NA,NA,NA,NA,0,0,0,NA,NA,NA
"4030","ENST00000683287.1","ENSG00000172893.18","OTTHUMG00000167346.3","-","DHCR7-215","DHCR7",2695,"protein_coding",1685,226,0.937792241573334,"GGACT",0.765486725663717,NA,NA,NA,NA,NA,NA,NA,NA,NA,0,0,0,NA,NA,NA
"4031","ENST00000683287.1","ENSG00000172893.18","OTTHUMG00000167346.3","-","DHCR7-215","DHCR7",2695,"protein_coding",2277,278,0.9467653632164,"GGACA",0.665467625899281,NA,NA,NA,NA,NA,NA,NA,NA,NA,0,0,0,NA,NA,NA
"4032","ENST00000683341.1","ENSG00000173212.5","OTTHUMG00000012110.3","-","MAB21L3-203","MAB21L3",6311,"protein_coding",5690,21,0.940088868141174,"GGACT",0.761904761904762,NA,NA,NA,NA,NA,NA,NA,NA,NA,0,0,0,NA,NA,NA
"4033","ENST00000683341.1","ENSG00000173212.5","OTTHUMG00000012110.3","-","MAB21L3-203","MAB21L3",6311,"protein_coding",5801,21,0.977533340454102,"GGACT",0.619047619047619,NA,NA,NA,NA,NA,NA,NA,NA,NA,0,0,0,NA,NA,NA
"4034","ENST00000683351.1","ENSG00000087274.19","OTTHUMG00000122080.23","-","ADD1-229","ADD1",4140,"protein_coding",3952,51,0.925379276275635,"GGACT",0.607843137254902,NA,NA,NA,NA,NA,NA,NA,NA,NA,0,0,0,NA,NA,NA
"4035","ENST00000683374.1","ENSG00000100221.11","OTTHUMG00000151030.18","OTTHUMT00000321052.1","JOSD1-210","JOSD1",3743,"protein_coding",3256,23,0.928059101104736,"GGACC",0.608695652173913,NA,NA,NA,NA,NA,NA,NA,NA,NA,0,0,0,NA,NA,NA
"4036","ENST00000683600.1","ENSG00000137492.9","OTTHUMG00000165280.2","-","THAP12-209","THAP12",3373,"nonsense_mediated_decay",1959,57,0.95193874835968,"GAACT",0.491228070175439,NA,NA,NA,NA,NA,NA,NA,NA,NA,0,0,0,NA,NA,NA
"4037","ENST00000683600.1","ENSG00000137492.9","OTTHUMG00000165280.2","-","THAP12-209","THAP12",3373,"nonsense_mediated_decay",2405,53,0.980006575584412,"GGACA",0.773584905660377,NA,NA,NA,NA,NA,NA,NA,NA,NA,0,0,0,NA,NA,NA
"4038","ENST00000683600.1","ENSG00000137492.9","OTTHUMG00000165280.2","-","THAP12-209","THAP12",3373,"nonsense_mediated_decay",2578,122,0.980692744255066,"GGACT",0.745901639344262,NA,NA,NA,NA,NA,NA,NA,NA,NA,0,0,0,NA,NA,NA
"4039","ENST00000683600.1","ENSG00000137492.9","OTTHUMG00000165280.2","-","THAP12-209","THAP12",3373,"nonsense_mediated_decay",2929,141,0.989744067192078,"GGACA",0.858156028368794,NA,NA,NA,NA,NA,NA,NA,NA,NA,0,0,0,NA,NA,NA
"4040","ENST00000683600.1","ENSG00000137492.9","OTTHUMG00000165280.2","-","THAP12-209","THAP12",3373,"nonsense_mediated_decay",3007,195,0.937510013580322,"GAACT",0.553846153846154,NA,NA,NA,NA,NA,NA,NA,NA,NA,0,0,0,NA,NA,NA
"4041","ENST00000683714.1","ENSG00000172893.18","OTTHUMG00000167346.3","-","DHCR7-216","DHCR7",2645,"protein_coding",1657,121,0.930253267288208,"GGACT",0.743801652892562,277,1123,1245,1,277,278,1521,1522,2644,0,0,1,NA,NA,0.120213713268032
"4042","ENST00000683714.1","ENSG00000172893.18","OTTHUMG00000167346.3","-","DHCR7-216","DHCR7",2645,"protein_coding",2249,126,0.944096624851227,"GGACA",0.682539682539683,277,1123,1245,1,277,278,1521,1522,2644,0,0,1,NA,NA,0.647373107747106
"4043","ENST00000683859.1","ENSG00000153885.15","OTTHUMG00000180475.5","-","KCTD15-213","KCTD15",3909,"protein_coding",2227,20,0.962155342102051,"GGACT",0.5,NA,NA,NA,NA,NA,NA,NA,NA,NA,0,0,0,NA,NA,NA
"4044","ENST00000684059.1","ENSG00000137492.9","OTTHUMG00000165280.2","-","THAP12-210","THAP12",3730,"nonsense_mediated_decay",2310,47,0.941334307193756,"GAACT",0.48936170212766,NA,NA,NA,NA,NA,NA,NA,NA,NA,0,0,0,NA,NA,NA
"4045","ENST00000684059.1","ENSG00000137492.9","OTTHUMG00000165280.2","-","THAP12-210","THAP12",3730,"nonsense_mediated_decay",2756,48,0.980669558048248,"GGACA",0.791666666666667,NA,NA,NA,NA,NA,NA,NA,NA,NA,0,0,0,NA,NA,NA
"4046","ENST00000684059.1","ENSG00000137492.9","OTTHUMG00000165280.2","-","THAP12-210","THAP12",3730,"nonsense_mediated_decay",2929,114,0.976561844348907,"GGACT",0.719298245614035,NA,NA,NA,NA,NA,NA,NA,NA,NA,0,0,0,NA,NA,NA
"4047","ENST00000684059.1","ENSG00000137492.9","OTTHUMG00000165280.2","-","THAP12-210","THAP12",3730,"nonsense_mediated_decay",3280,134,0.989443242549896,"GGACA",0.843283582089552,NA,NA,NA,NA,NA,NA,NA,NA,NA,0,0,0,NA,NA,NA
"4048","ENST00000684059.1","ENSG00000137492.9","OTTHUMG00000165280.2","-","THAP12-210","THAP12",3730,"nonsense_mediated_decay",3358,184,0.934910535812378,"GAACT",0.565217391304348,NA,NA,NA,NA,NA,NA,NA,NA,NA,0,0,0,NA,NA,NA
"4049","ENST00000684189.1","ENSG00000182197.13","OTTHUMG00000059718.6","-","EXT1-204","EXT1",2006,"protein_coding_CDS_not_defined",1884,49,0.92082691192627,"GGACT",0.530612244897959,NA,NA,NA,NA,NA,NA,NA,NA,NA,0,0,0,NA,NA,NA
"4050","ENST00000684385.1","ENSG00000151835.17","OTTHUMG00000016562.6","-","SACS-222","SACS",3321,"protein_coding",2403,44,0.972139656543732,"AAACT",0.659090909090909,NA,NA,NA,NA,NA,NA,NA,NA,NA,0,0,0,NA,NA,NA
"4051","ENST00000684396.1","ENSG00000172893.18","OTTHUMG00000167346.3","-","DHCR7-218","DHCR7",2422,"retained_intron",1412,75,0.902281999588013,"GGACT",0.72,NA,NA,NA,NA,NA,NA,NA,NA,NA,0,0,0,NA,NA,NA
"4052","ENST00000684396.1","ENSG00000172893.18","OTTHUMG00000167346.3","-","DHCR7-218","DHCR7",2422,"retained_intron",1580,120,0.918866217136383,"AAACT",0.566666666666667,NA,NA,NA,NA,NA,NA,NA,NA,NA,0,0,0,NA,NA,NA
"4053","ENST00000684396.1","ENSG00000172893.18","OTTHUMG00000167346.3","-","DHCR7-218","DHCR7",2422,"retained_intron",2004,168,0.924180507659912,"GGACA",0.625,NA,NA,NA,NA,NA,NA,NA,NA,NA,0,0,0,NA,NA,NA
"4054","ENST00000684484.1","ENSG00000173212.5","OTTHUMG00000012110.3","-","MAB21L3-204","MAB21L3",6194,"protein_coding",5684,20,0.969122171401978,"GGACT",0.65,NA,NA,NA,NA,NA,NA,NA,NA,NA,0,0,0,NA,NA,NA
"4055","ENST00000684587.1","ENSG00000136463.9","OTTHUMG00000178904.2","-","TACO1-204","TACO1",1218,"protein_coding",1015,55,0.935391664505005,"GGACA",0.527272727272727,NA,NA,NA,NA,NA,NA,NA,NA,NA,0,0,0,NA,NA,NA
"4056","ENST00000684587.1","ENSG00000136463.9","OTTHUMG00000178904.2","-","TACO1-204","TACO1",1218,"protein_coding",1020,31,0.93106210231781,"GGACT",0.806451612903226,NA,NA,NA,NA,NA,NA,NA,NA,NA,0,0,0,NA,NA,NA
"4057","ENST00000684587.1","ENSG00000136463.9","OTTHUMG00000178904.2","-","TACO1-204","TACO1",1218,"protein_coding",1151,53,0.901037693023682,"AGACT",0.641509433962264,NA,NA,NA,NA,NA,NA,NA,NA,NA,0,0,0,NA,NA,NA
"4058","ENST00000685137.1","ENSG00000130713.17","OTTHUMG00000020811.5","-","EXOSC2-212","EXOSC2",1976,"nonsense_mediated_decay",944,65,0.907284915447235,"GGACT",0.707692307692308,NA,NA,NA,NA,NA,NA,NA,NA,NA,0,0,0,NA,NA,NA
"4059","ENST00000685137.1","ENSG00000130713.17","OTTHUMG00000020811.5","-","EXOSC2-212","EXOSC2",1976,"nonsense_mediated_decay",1005,74,0.933649182319641,"AGACT",0.783783783783784,NA,NA,NA,NA,NA,NA,NA,NA,NA,0,0,0,NA,NA,NA
"4060","ENST00000685137.1","ENSG00000130713.17","OTTHUMG00000020811.5","-","EXOSC2-212","EXOSC2",1976,"nonsense_mediated_decay",1348,24,0.941440045833588,"TGACT",0.666666666666667,NA,NA,NA,NA,NA,NA,NA,NA,NA,0,0,0,NA,NA,NA
"4061","ENST00000685320.1","ENSG00000172893.18","OTTHUMG00000167346.3","-","DHCR7-219","DHCR7",2287,"protein_coding",1277,145,0.946518838405609,"GGACT",0.806896551724138,NA,NA,NA,NA,NA,NA,NA,NA,NA,0,0,0,NA,NA,NA
"4062","ENST00000685320.1","ENSG00000172893.18","OTTHUMG00000167346.3","-","DHCR7-219","DHCR7",2287,"protein_coding",1445,164,0.90009343624115,"AAACT",0.530487804878049,NA,NA,NA,NA,NA,NA,NA,NA,NA,0,0,0,NA,NA,NA
"4063","ENST00000685320.1","ENSG00000172893.18","OTTHUMG00000167346.3","-","DHCR7-219","DHCR7",2287,"protein_coding",1869,205,0.932584464550018,"GGACA",0.639024390243902,NA,NA,NA,NA,NA,NA,NA,NA,NA,0,0,0,NA,NA,NA
"4064","ENST00000685320.1","ENSG00000172893.18","OTTHUMG00000167346.3","-","DHCR7-219","DHCR7",2287,"protein_coding",2069,200,0.900954604148865,"TGACT",0.44,NA,NA,NA,NA,NA,NA,NA,NA,NA,0,0,0,NA,NA,NA
"4065","ENST00000686218.1","ENSG00000256269.11","OTTHUMG00000168295.13","-","HMBS-233","HMBS",2173,"protein_coding",1370,21,0.923720598220825,"TGACT",0.428571428571428,NA,NA,NA,NA,NA,NA,NA,NA,NA,0,0,0,NA,NA,NA
"4066","ENST00000686283.1","ENSG00000178105.12","OTTHUMG00000166540.4","-","DDX10-210","DDX10",3439,"protein_coding",2780,54,0.942996025085449,"GGACA",0.518518518518518,NA,NA,NA,NA,NA,NA,NA,NA,NA,0,0,0,NA,NA,NA
"4067","ENST00000686820.1","ENSG00000149483.13","OTTHUMG00000168145.4","-","TMEM138-214","TMEM138",1931,"nonsense_mediated_decay",788,22,0.911317348480225,"GAACT",0.545454545454545,NA,NA,NA,NA,NA,NA,NA,NA,NA,0,0,0,NA,NA,NA
"4068","ENST00000687051.1","ENSG00000130713.17","OTTHUMG00000020811.5","-","EXOSC2-216","EXOSC2",1539,"protein_coding",814,21,0.948119163513184,"GGACT",0.80952380952381,NA,NA,NA,NA,NA,NA,NA,NA,NA,0,0,0,NA,NA,NA
"4069","ENST00000687051.1","ENSG00000130713.17","OTTHUMG00000020811.5","-","EXOSC2-216","EXOSC2",1539,"protein_coding",875,46,0.935130715370178,"AGACT",0.782608695652174,NA,NA,NA,NA,NA,NA,NA,NA,NA,0,0,0,NA,NA,NA
"4070","ENST00000687072.1","ENSG00000178105.12","OTTHUMG00000166540.4","-","DDX10-212","DDX10",3196,"nonsense_mediated_decay",2537,49,0.928365707397461,"GGACA",0.551020408163265,80,1760,1356,1,80,81,1435,1436,3195,0,0,1,NA,NA,0.625568181818182
"4071","ENST00000687203.1","ENSG00000147533.19","OTTHUMG00000164077.2","OTTHUMT00000377138.1","GOLGA7-208","GOLGA7",2275,"protein_coding",885,25,0.950534224510193,"GGACT",0.68,NA,NA,NA,NA,NA,NA,NA,NA,NA,0,0,0,NA,NA,NA
"4072","ENST00000687337.1","ENSG00000141385.12","OTTHUMG00000131695.4","-","AFG3L2-206","AFG3L2",2921,"nonsense_mediated_decay",2251,87,0.933324217796326,"GGACT",0.609195402298851,26,2598,297,1,26,27,322,323,2920,0,0,1,NA,NA,0.742109314857583
"4073","ENST00000687337.1","ENSG00000141385.12","OTTHUMG00000131695.4","-","AFG3L2-206","AFG3L2",2921,"nonsense_mediated_decay",2648,96,0.996921956539154,"GGACT",0.90625,26,2598,297,1,26,27,322,323,2920,0,0,1,NA,NA,0.894919168591224
"4074","ENST00000688199.1","ENSG00000141385.12","OTTHUMG00000131695.4","-","AFG3L2-208","AFG3L2",2888,"protein_coding",2221,40,0.939153909683228,"GGACT",0.575,NA,NA,NA,NA,NA,NA,NA,NA,NA,0,0,0,NA,NA,NA
"4075","ENST00000688199.1","ENSG00000141385.12","OTTHUMG00000131695.4","-","AFG3L2-208","AFG3L2",2888,"protein_coding",2618,42,0.998505592346191,"GGACT",0.952380952380952,NA,NA,NA,NA,NA,NA,NA,NA,NA,0,0,0,NA,NA,NA
"4076","ENST00000688351.1","ENSG00000130159.15","OTTHUMG00000178590.6","-","ECSIT-216","ECSIT",2219,"protein_coding",2026,94,0.981817841529846,"GGACT",0.925531914893617,NA,NA,NA,NA,NA,NA,NA,NA,NA,0,0,0,NA,NA,NA
"4077","ENST00000688543.1","ENSG00000132155.14","OTTHUMG00000129789.8","OTTHUMT00000339672.4","RAF1-236","RAF1",4662,"protein_coding",2366,22,0.918814599514008,"GGACC",0.636363636363636,NA,NA,NA,NA,NA,NA,NA,NA,NA,0,0,0,NA,NA,NA
"4078","ENST00000688571.1","ENSG00000108094.17","OTTHUMG00000017950.5","-","CUL2-229","CUL2",3026,"protein_coding",2643,62,0.964698195457458,"GGACT",0.806451612903226,NA,NA,NA,NA,NA,NA,NA,NA,NA,0,0,0,NA,NA,NA
"4079","ENST00000688634.1","ENSG00000123989.15","OTTHUMG00000058929.4","-","CHPF-204","CHPF",2871,"nonsense_mediated_decay",2365,25,0.988136351108551,"GGACC",0.76,NA,NA,NA,NA,NA,NA,NA,NA,NA,0,0,0,NA,NA,NA
"4080","ENST00000688972.1","ENSG00000136485.16","OTTHUMG00000178902.7","-","DCAF7-212","DCAF7",6711,"retained_intron",6334,20,0.91716331243515,"GAACT",0.7,NA,NA,NA,NA,NA,NA,NA,NA,NA,0,0,0,NA,NA,NA
"4081","ENST00000689853.1","ENSG00000004487.18","OTTHUMG00000003220.7","-","KDM1A-221","KDM1A",3006,"nonsense_mediated_decay",2915,32,0.940862834453583,"AGACT",0.625,NA,NA,NA,NA,NA,NA,NA,NA,NA,0,0,0,NA,NA,NA
"4082","ENST00000690123.1","ENSG00000108094.17","OTTHUMG00000017950.5","-","CUL2-236","CUL2",3984,"protein_coding",2299,46,0.966511964797974,"GGACT",0.869565217391304,NA,NA,NA,NA,NA,NA,NA,NA,NA,0,0,0,NA,NA,NA
"4083","ENST00000690257.1","ENSG00000172893.18","OTTHUMG00000167346.3","OTTHUMT00000394248.2","DHCR7-220","DHCR7",2515,"protein_coding",1505,165,0.947397172451019,"GGACT",0.775757575757576,NA,NA,NA,NA,NA,NA,NA,NA,NA,0,0,0,NA,NA,NA
"4084","ENST00000690257.1","ENSG00000172893.18","OTTHUMG00000167346.3","OTTHUMT00000394248.2","DHCR7-220","DHCR7",2515,"protein_coding",2097,228,0.945738255977631,"GGACA",0.657894736842105,NA,NA,NA,NA,NA,NA,NA,NA,NA,0,0,0,NA,NA,NA
"4085","ENST00000690346.1","ENSG00000130159.15","OTTHUMG00000178590.6","-","ECSIT-217","ECSIT",1768,"protein_coding",1575,96,0.983157336711884,"GGACT",0.90625,NA,NA,NA,NA,NA,NA,NA,NA,NA,0,0,0,NA,NA,NA
"4086","ENST00000690393.1","ENSG00000108094.17","OTTHUMG00000017950.5","-","CUL2-237","CUL2",2934,"protein_coding",2564,54,0.960737407207489,"GGACT",0.666666666666667,NA,NA,NA,NA,NA,NA,NA,NA,NA,0,0,0,NA,NA,NA
"4087","ENST00000690520.1","ENSG00000144647.7","OTTHUMG00000133038.3","-","POMGNT2-206","POMGNT2",6127,"retained_intron",5867,20,0.926618754863739,"GGACC",0.6,NA,NA,NA,NA,NA,NA,NA,NA,NA,0,0,0,NA,NA,NA
"4088","ENST00000690585.1","ENSG00000132155.14","OTTHUMG00000129789.8","-","RAF1-253","RAF1",1586,"nonsense_mediated_decay",1162,20,0.921792984008789,"GGACT",0.45,NA,NA,NA,NA,NA,NA,NA,NA,NA,0,0,0,NA,NA,NA
"4089","ENST00000690765.1","ENSG00000288894.1","-","-","ENST00000690765","ENSG00000288894",2169,"nonsense_mediated_decay",1948,46,0.939590930938721,"GGACA",0.630434782608696,NA,NA,NA,NA,NA,NA,NA,NA,NA,0,0,0,NA,NA,NA
"4090","ENST00000690765.1","ENSG00000288894.1","-","-","ENST00000690765","ENSG00000288894",2169,"nonsense_mediated_decay",1953,23,0.90877628326416,"GGACT",0.869565217391304,NA,NA,NA,NA,NA,NA,NA,NA,NA,0,0,0,NA,NA,NA
"4091","ENST00000690947.1","ENSG00000130309.12","OTTHUMG00000182893.3","-","COLGALT1-209","COLGALT1",3630,"nonsense_mediated_decay",1923,26,0.900589466094971,"GAACT",0.5,NA,NA,NA,NA,NA,NA,NA,NA,NA,0,0,0,NA,NA,NA
"4092","ENST00000691179.1","ENSG00000141385.12","OTTHUMG00000131695.4","-","AFG3L2-209","AFG3L2",2954,"protein_coding",2284,63,0.940665423870087,"GGACT",0.603174603174603,NA,NA,NA,NA,NA,NA,NA,NA,NA,0,0,0,NA,NA,NA
"4093","ENST00000691179.1","ENSG00000141385.12","OTTHUMG00000131695.4","-","AFG3L2-209","AFG3L2",2954,"protein_coding",2681,93,0.996504127979279,"GGACT",0.903225806451613,NA,NA,NA,NA,NA,NA,NA,NA,NA,0,0,0,NA,NA,NA
"4094","ENST00000691430.1","ENSG00000130159.15","OTTHUMG00000178590.6","-","ECSIT-218","ECSIT",2313,"retained_intron",2120,94,0.978965401649475,"GGACT",0.882978723404255,NA,NA,NA,NA,NA,NA,NA,NA,NA,0,0,0,NA,NA,NA
"4095","ENST00000691479.1","ENSG00000116350.18","OTTHUMG00000003663.7","OTTHUMT00000010395.2","SRSF4-208","SRSF4",2952,"nonsense_mediated_decay",2747,79,0.967232882976532,"GGACT",0.772151898734177,NA,NA,NA,NA,NA,NA,NA,NA,NA,0,0,0,NA,NA,NA
"4096","ENST00000691864.1","ENSG00000123989.15","OTTHUMG00000058929.4","-","CHPF-205","CHPF",2766,"protein_coding",2260,25,0.988327145576477,"GGACC",0.76,NA,NA,NA,NA,NA,NA,NA,NA,NA,0,0,0,NA,NA,NA
"4097","ENST00000691970.1","ENSG00000141385.12","OTTHUMG00000131695.4","-","AFG3L2-210","AFG3L2",2773,"nonsense_mediated_decay",2103,58,0.932180047035217,"GGACT",0.568965517241379,NA,NA,NA,NA,NA,NA,NA,NA,NA,0,0,0,NA,NA,NA
"4098","ENST00000691970.1","ENSG00000141385.12","OTTHUMG00000131695.4","-","AFG3L2-210","AFG3L2",2773,"nonsense_mediated_decay",2500,85,0.996271371841431,"GGACT",0.905882352941176,NA,NA,NA,NA,NA,NA,NA,NA,NA,0,0,0,NA,NA,NA
"4099","ENST00000691974.1","ENSG00000108094.17","OTTHUMG00000017950.5","OTTHUMT00000047544.1","CUL2-246","CUL2",3187,"protein_coding",2803,63,0.969419658184052,"GGACT",0.746031746031746,NA,NA,NA,NA,NA,NA,NA,NA,NA,0,0,0,NA,NA,NA
"4100","ENST00000692017.1","ENSG00000144647.7","OTTHUMG00000133038.3","-","POMGNT2-207","POMGNT2",2527,"protein_coding",2257,21,0.932686865329742,"GGACC",0.619047619047619,NA,NA,NA,NA,NA,NA,NA,NA,NA,0,0,0,NA,NA,NA
"4101","ENST00000692197.2","ENSG00000163597.17","OTTHUMG00000132201.6","-","SNHG16-215","SNHG16",659,"lncRNA",420,49,0.956992566585541,"GGACT",0.693877551020408,NA,NA,NA,NA,NA,NA,NA,NA,NA,0,0,0,NA,NA,NA
"4102","ENST00000692219.1","ENSG00000149483.13","OTTHUMG00000168145.4","-","TMEM138-220","TMEM138",2827,"protein_coding",1684,22,0.911786437034607,"GAACT",0.545454545454545,NA,NA,NA,NA,NA,NA,NA,NA,NA,0,0,0,NA,NA,NA
"4103","ENST00000692421.1","ENSG00000293495.1","-","-","C19orf48P-215","C19orf48P",1372,"lncRNA",518,123,0.966465473175049,"GGACA",0.650406504065041,NA,NA,NA,NA,NA,NA,NA,NA,NA,0,0,0,NA,NA,NA
"4104","ENST00000692421.1","ENSG00000293495.1","-","-","C19orf48P-215","C19orf48P",1372,"lncRNA",580,174,0.903507709503174,"GGACA",0.563218390804598,NA,NA,NA,NA,NA,NA,NA,NA,NA,0,0,0,NA,NA,NA
"4105","ENST00000692421.1","ENSG00000293495.1","-","-","C19orf48P-215","C19orf48P",1372,"lncRNA",909,244,0.938855409622192,"GGACA",0.610655737704918,NA,NA,NA,NA,NA,NA,NA,NA,NA,0,0,0,NA,NA,NA
"4106","ENST00000692988.1","ENSG00000141385.12","OTTHUMG00000131695.4","-","AFG3L2-212","AFG3L2",2820,"retained_intron",2150,38,0.941144526004791,"GGACT",0.578947368421053,NA,NA,NA,NA,NA,NA,NA,NA,NA,0,0,0,NA,NA,NA
"4107","ENST00000692988.1","ENSG00000141385.12","OTTHUMG00000131695.4","-","AFG3L2-212","AFG3L2",2820,"retained_intron",2547,41,0.998331785202026,"GGACT",0.926829268292683,NA,NA,NA,NA,NA,NA,NA,NA,NA,0,0,0,NA,NA,NA
"4108","ENST00000693236.1","ENSG00000123989.15","OTTHUMG00000058929.4","-","CHPF-206","CHPF",3280,"retained_intron",2774,20,0.984997987747192,"GGACC",0.75,NA,NA,NA,NA,NA,NA,NA,NA,NA,0,0,0,NA,NA,NA
"4109","ENST00000693315.1","ENSG00000293495.1","-","-","C19orf48P-216","C19orf48P",1450,"lncRNA",596,130,0.951987147331238,"GGACA",0.630769230769231,NA,NA,NA,NA,NA,NA,NA,NA,NA,0,0,0,NA,NA,NA
"4110","ENST00000693315.1","ENSG00000293495.1","-","-","C19orf48P-216","C19orf48P",1450,"lncRNA",658,181,0.91942286491394,"GGACA",0.574585635359116,NA,NA,NA,NA,NA,NA,NA,NA,NA,0,0,0,NA,NA,NA
"4111","ENST00000693315.1","ENSG00000293495.1","-","-","C19orf48P-216","C19orf48P",1450,"lncRNA",987,250,0.936682462692261,"GGACA",0.604,NA,NA,NA,NA,NA,NA,NA,NA,NA,0,0,0,NA,NA,NA
"4112","ENST00000693593.1","ENSG00000064995.19","OTTHUMG00000014556.4","-","TAF11-212","TAF11",2221,"nonsense_mediated_decay",1196,44,0.921871840953827,"GGACA",0.386363636363636,NA,NA,NA,NA,NA,NA,NA,NA,NA,0,0,0,NA,NA,NA
"4113","ENST00000693593.1","ENSG00000064995.19","OTTHUMG00000014556.4","-","TAF11-212","TAF11",2221,"nonsense_mediated_decay",1302,48,0.981743037700653,"AGACT",0.895833333333333,NA,NA,NA,NA,NA,NA,NA,NA,NA,0,0,0,NA,NA,NA
"4114","ENST00000693593.1","ENSG00000064995.19","OTTHUMG00000014556.4","-","TAF11-212","TAF11",2221,"nonsense_mediated_decay",1440,44,0.992538273334503,"GGACC",0.75,NA,NA,NA,NA,NA,NA,NA,NA,NA,0,0,0,NA,NA,NA
"4115","ENST00000694989.1","ENSG00000113048.19","OTTHUMG00000100951.9","-","MRPS27-217","MRPS27",7518,"protein_coding",1670,21,0.954247057437897,"GAACT",0.476190476190476,NA,NA,NA,NA,NA,NA,NA,NA,NA,0,0,0,NA,NA,NA
"4116","ENST00000694989.1","ENSG00000113048.19","OTTHUMG00000100951.9","-","MRPS27-217","MRPS27",7518,"protein_coding",1693,20,0.94836962223053,"GGACT",0.75,NA,NA,NA,NA,NA,NA,NA,NA,NA,0,0,0,NA,NA,NA
"4117","ENST00000694990.1","ENSG00000113048.19","OTTHUMG00000100951.9","-","MRPS27-218","MRPS27",7716,"protein_coding",1794,26,0.918851017951965,"GAACT",0.461538461538462,NA,NA,NA,NA,NA,NA,NA,NA,NA,0,0,0,NA,NA,NA
"4118","ENST00000694990.1","ENSG00000113048.19","OTTHUMG00000100951.9","-","MRPS27-218","MRPS27",7716,"protein_coding",1817,24,0.970537960529327,"GGACT",0.791666666666667,NA,NA,NA,NA,NA,NA,NA,NA,NA,0,0,0,NA,NA,NA
"4119","ENST00000694990.1","ENSG00000113048.19","OTTHUMG00000100951.9","-","MRPS27-218","MRPS27",7716,"protein_coding",1998,23,0.920991837978363,"GGACT",0.608695652173913,NA,NA,NA,NA,NA,NA,NA,NA,NA,0,0,0,NA,NA,NA
"4120","ENST00000694993.1","ENSG00000113048.19","OTTHUMG00000100951.9","-","MRPS27-221","MRPS27",2721,"protein_coding_CDS_not_defined",2133,20,0.936005234718323,"GAACT",0.5,NA,NA,NA,NA,NA,NA,NA,NA,NA,0,0,0,NA,NA,NA
"4121","ENST00000694997.1","ENSG00000113048.19","OTTHUMG00000100951.9","-","MRPS27-225","MRPS27",2894,"nonsense_mediated_decay",2544,20,0.916518211364746,"GAACA",0.65,NA,NA,NA,NA,NA,NA,NA,NA,NA,0,0,0,NA,NA,NA
"4122","ENST00000695471.1","ENSG00000115761.17","OTTHUMG00000119023.3","-","NOL10-213","NOL10",5315,"retained_intron",3698,20,0.903116345405579,"AGACA",0.85,NA,NA,NA,NA,NA,NA,NA,NA,NA,0,0,0,NA,NA,NA
"4123","ENST00000695675.1","ENSG00000101017.15","OTTHUMG00000033053.4","-","CD40-214","CD40",3339,"retained_intron",2951,25,0.962126553058624,"AGACA",0.72,NA,NA,NA,NA,NA,NA,NA,NA,NA,0,0,0,NA,NA,NA
"4124","ENST00000695675.1","ENSG00000101017.15","OTTHUMG00000033053.4","-","CD40-214","CD40",3339,"retained_intron",3152,27,0.907580494880676,"AGACT",0.481481481481482,NA,NA,NA,NA,NA,NA,NA,NA,NA,0,0,0,NA,NA,NA
"4125","ENST00000696046.1","ENSG00000185651.16","OTTHUMG00000150823.2","-","UBE2L3-205","UBE2L3",824,"nonsense_mediated_decay",694,41,0.930481255054474,"GGACT",0.560975609756098,NA,NA,NA,NA,NA,NA,NA,NA,NA,0,0,0,NA,NA,NA
"4126","ENST00000696050.1","ENSG00000144048.11","OTTHUMG00000129816.3","-","DUSP11-206","DUSP11",1983,"nonsense_mediated_decay",1095,21,0.91219300031662,"GGACC",0.380952380952381,NA,NA,NA,NA,NA,NA,NA,NA,NA,0,0,0,NA,NA,NA
"4127","ENST00000696053.1","ENSG00000144048.11","OTTHUMG00000129816.3","-","DUSP11-209","DUSP11",1553,"protein_coding",1143,22,0.900116562843323,"GGACC",0.363636363636364,NA,NA,NA,NA,NA,NA,NA,NA,NA,0,0,0,NA,NA,NA
"4128","ENST00000696192.1","ENSG00000131187.11","OTTHUMG00000163403.1","-","F12-207","F12",2295,"nonsense_mediated_decay",2151,49,0.950650870800018,"GGACT",0.551020408163265,NA,NA,NA,NA,NA,NA,NA,NA,NA,0,0,0,NA,NA,NA
"4129","ENST00000696193.1","ENSG00000131187.11","OTTHUMG00000163403.1","-","F12-208","F12",2580,"nonsense_mediated_decay",2437,51,0.941028356552124,"GGACT",0.549019607843137,NA,NA,NA,NA,NA,NA,NA,NA,NA,0,0,0,NA,NA,NA
"4130","ENST00000696194.1","ENSG00000131187.11","OTTHUMG00000163403.1","-","F12-209","F12",2224,"nonsense_mediated_decay",2081,62,0.959583103656769,"GGACT",0.580645161290323,NA,NA,NA,NA,NA,NA,NA,NA,NA,0,0,0,NA,NA,NA
"4131","ENST00000696200.1","ENSG00000131187.11","OTTHUMG00000163403.1","-","F12-211","F12",2351,"retained_intron",2202,68,0.958750605583191,"GGACT",0.573529411764706,NA,NA,NA,NA,NA,NA,NA,NA,NA,0,0,0,NA,NA,NA
"4132","ENST00000696365.1","ENSG00000167085.14","OTTHUMG00000134271.10","-","PHB1-216","PHB1",1509,"protein_coding",1226,53,0.974992454051971,"GGACT",0.886792452830189,NA,NA,NA,NA,NA,NA,NA,NA,NA,0,0,0,NA,NA,NA
"4133","ENST00000697171.1","ENSG00000100714.18","OTTHUMG00000141309.15","-","MTHFD1-228","MTHFD1",3244,"nonsense_mediated_decay",1549,20,0.979235291481018,"GAACT",0.65,NA,NA,NA,NA,NA,NA,NA,NA,NA,0,0,0,NA,NA,NA
"4134","ENST00000697194.1","ENSG00000140983.15","OTTHUMG00000121139.7","-","RHOT2-228","RHOT2",2513,"protein_coding",2080,46,0.919808268547058,"GGACT",0.630434782608696,NA,NA,NA,NA,NA,NA,NA,NA,NA,0,0,0,NA,NA,NA
"4135","ENST00000698440.1","ENSG00000204267.19","OTTHUMG00000031068.4","-","TAP2-205","TAP2",5694,"protein_coding",2252,69,0.906491219997406,"GGACT",0.608695652173913,NA,NA,NA,NA,NA,NA,NA,NA,NA,0,0,0,NA,NA,NA
"4136","ENST00000698440.1","ENSG00000204267.19","OTTHUMG00000031068.4","-","TAP2-205","TAP2",5694,"protein_coding",2385,74,0.951934099197388,"GGACA",0.594594594594595,NA,NA,NA,NA,NA,NA,NA,NA,NA,0,0,0,NA,NA,NA
"4137","ENST00000698441.1","ENSG00000204267.19","OTTHUMG00000031068.4","-","TAP2-206","TAP2",5418,"protein_coding",1992,70,0.908294677734375,"GGACT",0.614285714285714,NA,NA,NA,NA,NA,NA,NA,NA,NA,0,0,0,NA,NA,NA
"4138","ENST00000698441.1","ENSG00000204267.19","OTTHUMG00000031068.4","-","TAP2-206","TAP2",5418,"protein_coding",2125,74,0.948674619197845,"GGACA",0.594594594594595,NA,NA,NA,NA,NA,NA,NA,NA,NA,0,0,0,NA,NA,NA
"4139","ENST00000698448.1","ENSG00000204267.19","OTTHUMG00000031068.4","-","TAP2-207","TAP2",5721,"protein_coding",2276,69,0.907398879528046,"GGACT",0.608695652173913,NA,NA,NA,NA,NA,NA,NA,NA,NA,0,0,0,NA,NA,NA
"4140","ENST00000698448.1","ENSG00000204267.19","OTTHUMG00000031068.4","-","TAP2-207","TAP2",5721,"protein_coding",2409,74,0.949785172939301,"GGACA",0.594594594594595,NA,NA,NA,NA,NA,NA,NA,NA,NA,0,0,0,NA,NA,NA
"4141","ENST00000698449.1","ENSG00000204267.19","OTTHUMG00000031068.4","-","TAP2-208","TAP2",2486,"protein_coding",2231,56,0.911721050739288,"GGACT",0.625,NA,NA,NA,NA,NA,NA,NA,NA,NA,0,0,0,NA,NA,NA
"4142","ENST00000698449.1","ENSG00000204267.19","OTTHUMG00000031068.4","-","TAP2-208","TAP2",2486,"protein_coding",2364,56,0.96478009223938,"GGACA",0.660714285714286,NA,NA,NA,NA,NA,NA,NA,NA,NA,0,0,0,NA,NA,NA
"4143","ENST00000698691.1","ENSG00000105612.10","OTTHUMG00000180535.3","-","DNASE2-205","DNASE2",2048,"retained_intron",1424,23,0.941686809062958,"GAACT",0.521739130434783,NA,NA,NA,NA,NA,NA,NA,NA,NA,0,0,0,NA,NA,NA
"4144","ENST00000698691.1","ENSG00000105612.10","OTTHUMG00000180535.3","-","DNASE2-205","DNASE2",2048,"retained_intron",1556,45,0.936528623104095,"AGACT",0.533333333333333,NA,NA,NA,NA,NA,NA,NA,NA,NA,0,0,0,NA,NA,NA
"4145","ENST00000698693.1","ENSG00000105612.10","OTTHUMG00000180535.3","-","DNASE2-207","DNASE2",1903,"nonsense_mediated_decay",1432,22,0.950457036495209,"GAACT",0.545454545454545,220,1161,522,1,220,221,741,742,1902,0,0,1,NA,NA,0.594315245478036
"4146","ENST00000698693.1","ENSG00000105612.10","OTTHUMG00000180535.3","-","DNASE2-207","DNASE2",1903,"nonsense_mediated_decay",1564,45,0.937783777713776,"AGACT",0.533333333333333,220,1161,522,1,220,221,741,742,1902,0,0,1,NA,NA,0.708010335917313
"4147","ENST00000698782.1","ENSG00000131368.9","OTTHUMG00000129836.5","-","MRPS25-231","MRPS25",4188,"nonsense_mediated_decay",768,22,0.910395801067352,"AGACT",0.590909090909091,NA,NA,NA,NA,NA,NA,NA,NA,NA,0,0,0,NA,NA,NA
"4148","ENST00000698857.1","ENSG00000065882.18","OTTHUMG00000150302.10","-","TBC1D1-219","TBC1D1",5985,"protein_coding",4291,66,0.938935458660126,"GAACT",0.515151515151515,NA,NA,NA,NA,NA,NA,NA,NA,NA,0,0,0,NA,NA,NA
"4149","ENST00000698858.1","ENSG00000065882.18","OTTHUMG00000150302.10","-","TBC1D1-220","TBC1D1",5516,"protein_coding_CDS_not_defined",3880,65,0.929382920265198,"GAACT",0.492307692307692,NA,NA,NA,NA,NA,NA,NA,NA,NA,0,0,0,NA,NA,NA
"4150","ENST00000698901.1","ENSG00000276045.4","OTTHUMG00000169073.3","-","ORAI1-204","ORAI1",2603,"protein_coding_CDS_not_defined",1191,26,0.900137960910797,"AAACT",0.461538461538462,NA,NA,NA,NA,NA,NA,NA,NA,NA,0,0,0,NA,NA,NA
"4151","ENST00000699270.1","ENSG00000058262.11","OTTHUMG00000159624.5","-","SEC61A1-212","SEC61A1",3742,"nonsense_mediated_decay",2614,22,0.932060956954956,"AAACT",0.409090909090909,NA,NA,NA,NA,NA,NA,NA,NA,NA,0,0,0,NA,NA,NA
"4152","ENST00000699270.1","ENSG00000058262.11","OTTHUMG00000159624.5","-","SEC61A1-212","SEC61A1",3742,"nonsense_mediated_decay",2697,24,0.949691653251648,"GGACT",0.625,NA,NA,NA,NA,NA,NA,NA,NA,NA,0,0,0,NA,NA,NA
"4153","ENST00000699271.1","ENSG00000058262.11","OTTHUMG00000159624.5","-","SEC61A1-213","SEC61A1",4442,"nonsense_mediated_decay",3318,20,0.917852163314819,"TGACT",0.55,NA,NA,NA,NA,NA,NA,NA,NA,NA,0,0,0,NA,NA,NA
"4154","ENST00000699273.1","ENSG00000058262.11","OTTHUMG00000159624.5","-","SEC61A1-215","SEC61A1",3632,"protein_coding",1431,24,0.917796015739441,"GAACT",0.5,NA,NA,NA,NA,NA,NA,NA,NA,NA,0,0,0,NA,NA,NA
"4155","ENST00000699273.1","ENSG00000058262.11","OTTHUMG00000159624.5","-","SEC61A1-215","SEC61A1",3632,"protein_coding",1823,21,0.901855647563934,"GAACT",0.571428571428571,NA,NA,NA,NA,NA,NA,NA,NA,NA,0,0,0,NA,NA,NA
"4156","ENST00000699273.1","ENSG00000058262.11","OTTHUMG00000159624.5","-","SEC61A1-215","SEC61A1",3632,"protein_coding",2133,22,0.975379526615143,"GGACT",0.863636363636364,NA,NA,NA,NA,NA,NA,NA,NA,NA,0,0,0,NA,NA,NA
"4157","ENST00000699273.1","ENSG00000058262.11","OTTHUMG00000159624.5","-","SEC61A1-215","SEC61A1",3632,"protein_coding",2191,21,0.965130150318146,"GGACA",0.428571428571428,NA,NA,NA,NA,NA,NA,NA,NA,NA,0,0,0,NA,NA,NA
"4158","ENST00000699273.1","ENSG00000058262.11","OTTHUMG00000159624.5","-","SEC61A1-215","SEC61A1",3632,"protein_coding",2504,47,0.915173232555389,"AAACT",0.446808510638298,NA,NA,NA,NA,NA,NA,NA,NA,NA,0,0,0,NA,NA,NA
"4159","ENST00000699273.1","ENSG00000058262.11","OTTHUMG00000159624.5","-","SEC61A1-215","SEC61A1",3632,"protein_coding",2508,53,0.937806129455566,"TGACT",0.622641509433962,NA,NA,NA,NA,NA,NA,NA,NA,NA,0,0,0,NA,NA,NA
"4160","ENST00000699273.1","ENSG00000058262.11","OTTHUMG00000159624.5","-","SEC61A1-215","SEC61A1",3632,"protein_coding",2587,49,0.9742152094841,"GGACT",0.775510204081633,NA,NA,NA,NA,NA,NA,NA,NA,NA,0,0,0,NA,NA,NA
"4161","ENST00000699274.1","ENSG00000058262.11","OTTHUMG00000159624.5","-","SEC61A1-216","SEC61A1",4519,"nonsense_mediated_decay",3395,21,0.969272553920746,"TGACT",0.714285714285714,NA,NA,NA,NA,NA,NA,NA,NA,NA,0,0,0,NA,NA,NA
"4162","ENST00000699274.1","ENSG00000058262.11","OTTHUMG00000159624.5","-","SEC61A1-216","SEC61A1",4519,"nonsense_mediated_decay",3474,23,0.94173789024353,"GGACT",0.565217391304348,NA,NA,NA,NA,NA,NA,NA,NA,NA,0,0,0,NA,NA,NA
"4163","ENST00000699275.1","ENSG00000058262.11","OTTHUMG00000159624.5","-","SEC61A1-217","SEC61A1",3575,"nonsense_mediated_decay",2133,20,0.98807555437088,"GGACA",0.5,NA,NA,NA,NA,NA,NA,NA,NA,NA,0,0,0,NA,NA,NA
"4164","ENST00000699275.1","ENSG00000058262.11","OTTHUMG00000159624.5","-","SEC61A1-217","SEC61A1",3575,"nonsense_mediated_decay",2440,25,0.978334188461304,"GGACA",0.68,NA,NA,NA,NA,NA,NA,NA,NA,NA,0,0,0,NA,NA,NA
"4165","ENST00000699275.1","ENSG00000058262.11","OTTHUMG00000159624.5","-","SEC61A1-217","SEC61A1",3575,"nonsense_mediated_decay",2446,52,0.964375495910645,"AAACT",0.538461538461538,NA,NA,NA,NA,NA,NA,NA,NA,NA,0,0,0,NA,NA,NA
"4166","ENST00000699275.1","ENSG00000058262.11","OTTHUMG00000159624.5","-","SEC61A1-217","SEC61A1",3575,"nonsense_mediated_decay",2450,79,0.958178222179413,"TGACT",0.69620253164557,NA,NA,NA,NA,NA,NA,NA,NA,NA,0,0,0,NA,NA,NA
"4167","ENST00000699275.1","ENSG00000058262.11","OTTHUMG00000159624.5","-","SEC61A1-217","SEC61A1",3575,"nonsense_mediated_decay",2529,59,0.974265515804291,"GGACT",0.711864406779661,NA,NA,NA,NA,NA,NA,NA,NA,NA,0,0,0,NA,NA,NA
"4168","ENST00000699283.1","ENSG00000058262.11","OTTHUMG00000159624.5","-","SEC61A1-221","SEC61A1",3856,"retained_intron",2036,24,0.91487193107605,"GAACT",0.458333333333333,NA,NA,NA,NA,NA,NA,NA,NA,NA,0,0,0,NA,NA,NA
"4169","ENST00000699283.1","ENSG00000058262.11","OTTHUMG00000159624.5","-","SEC61A1-221","SEC61A1",3856,"retained_intron",2294,35,0.908168137073517,"GGACC",0.428571428571428,NA,NA,NA,NA,NA,NA,NA,NA,NA,0,0,0,NA,NA,NA
"4170","ENST00000699283.1","ENSG00000058262.11","OTTHUMG00000159624.5","-","SEC61A1-221","SEC61A1",3856,"retained_intron",2346,36,0.981751203536987,"GGACT",0.805555555555556,NA,NA,NA,NA,NA,NA,NA,NA,NA,0,0,0,NA,NA,NA
"4171","ENST00000699283.1","ENSG00000058262.11","OTTHUMG00000159624.5","-","SEC61A1-221","SEC61A1",3856,"retained_intron",2404,64,0.960764467716217,"GGACA",0.46875,NA,NA,NA,NA,NA,NA,NA,NA,NA,0,0,0,NA,NA,NA
"4172","ENST00000699283.1","ENSG00000058262.11","OTTHUMG00000159624.5","-","SEC61A1-221","SEC61A1",3856,"retained_intron",2711,64,0.981918334960938,"GGACA",0.765625,NA,NA,NA,NA,NA,NA,NA,NA,NA,0,0,0,NA,NA,NA
"4173","ENST00000699283.1","ENSG00000058262.11","OTTHUMG00000159624.5","-","SEC61A1-221","SEC61A1",3856,"retained_intron",2717,104,0.936535060405731,"AAACT",0.548076923076923,NA,NA,NA,NA,NA,NA,NA,NA,NA,0,0,0,NA,NA,NA
"4174","ENST00000699283.1","ENSG00000058262.11","OTTHUMG00000159624.5","-","SEC61A1-221","SEC61A1",3856,"retained_intron",2721,117,0.960350334644318,"TGACT",0.709401709401709,NA,NA,NA,NA,NA,NA,NA,NA,NA,0,0,0,NA,NA,NA
"4175","ENST00000699283.1","ENSG00000058262.11","OTTHUMG00000159624.5","-","SEC61A1-221","SEC61A1",3856,"retained_intron",2800,111,0.970513164997101,"GGACT",0.675675675675676,NA,NA,NA,NA,NA,NA,NA,NA,NA,0,0,0,NA,NA,NA
"4176","ENST00000699338.1","ENSG00000147654.16","OTTHUMG00000165346.4","-","EBAG9-211","EBAG9",1449,"protein_coding",1007,24,0.91406387090683,"GAACT",0.5,NA,NA,NA,NA,NA,NA,NA,NA,NA,0,0,0,NA,NA,NA
"4177","ENST00000699339.1","ENSG00000147654.16","OTTHUMG00000165346.4","-","EBAG9-212","EBAG9",1611,"nonsense_mediated_decay",1104,24,0.918212056159973,"GAACT",0.5,NA,NA,NA,NA,NA,NA,NA,NA,NA,0,0,0,NA,NA,NA
"4178","ENST00000699647.1","ENSG00000231925.14","OTTHUMG00000031090.6","-","TAPBP-241","TAPBP",3860,"retained_intron",3712,26,0.917595624923706,"GGACC",0.538461538461538,NA,NA,NA,NA,NA,NA,NA,NA,NA,0,0,0,NA,NA,NA
"4179","ENST00000699926.1","ENSG00000182117.7","OTTHUMG00000129440.3","-","NOP10-203","NOP10",988,"protein_coding",374,768,0.901589751243591,"GGACT",0.541666666666667,NA,NA,NA,NA,NA,NA,NA,NA,NA,0,0,0,NA,NA,NA
"4180","ENST00000699936.1","ENSG00000182117.7","OTTHUMG00000129440.3","-","NOP10-206","NOP10",629,"protein_coding",446,327,0.909383177757263,"GGACT",0.553516819571865,NA,NA,NA,NA,NA,NA,NA,NA,NA,0,0,0,NA,NA,NA
"4181","ENST00000699937.1","ENSG00000182117.7","OTTHUMG00000129440.3","-","NOP10-207","NOP10",494,"protein_coding",314,756,0.902383208274841,"GGACT",0.544973544973545,NA,NA,NA,NA,NA,NA,NA,NA,NA,0,0,0,NA,NA,NA
"4182","ENST00000700029.2","ENSG00000171862.15","OTTHUMG00000018686.1","-","PTEN-218","PTEN",3563,"protein_coding",1235,56,0.903752028942108,"GAACT",0.571428571428571,NA,NA,NA,NA,NA,NA,NA,NA,NA,0,0,0,NA,NA,NA
"4183","ENST00000700232.1","ENSG00000160877.7","OTTHUMG00000180748.5","-","NACC1-204","NACC1",4657,"protein_coding",4398,103,0.92549866437912,"AGACT",0.553398058252427,NA,NA,NA,NA,NA,NA,NA,NA,NA,0,0,0,NA,NA,NA
"4184","ENST00000700294.1","ENSG00000099341.13","OTTHUMG00000150691.5","-","PSMD8-211","PSMD8",2529,"protein_coding",2186,34,0.937935292720795,"GGACT",0.588235294117647,NA,NA,NA,NA,NA,NA,NA,NA,NA,0,0,0,NA,NA,NA
"4185","ENST00000700295.1","ENSG00000099341.13","OTTHUMG00000150691.5","-","PSMD8-212","PSMD8",2295,"protein_coding",1913,89,0.91486269235611,"GGACT",0.629213483146067,NA,NA,NA,NA,NA,NA,NA,NA,NA,0,0,0,NA,NA,NA
"4186","ENST00000700387.1","ENSG00000065000.20","OTTHUMG00000180354.6","-","AP3D1-220","AP3D1",4997,"protein_coding",4765,28,0.92191618680954,"GGACT",0.607142857142857,NA,NA,NA,NA,NA,NA,NA,NA,NA,0,0,0,NA,NA,NA
"4187","ENST00000700957.1","ENSG00000163597.17","OTTHUMG00000132201.6","-","SNHG16-216","SNHG16",733,"lncRNA",494,80,0.957957923412323,"GGACT",0.725,NA,NA,NA,NA,NA,NA,NA,NA,NA,0,0,0,NA,NA,NA
"4188","ENST00000702900.1","ENSG00000293495.1","-","-","C19orf48P-217","C19orf48P",1567,"lncRNA",713,117,0.954638421535492,"GGACA",0.666666666666667,NA,NA,NA,NA,NA,NA,NA,NA,NA,0,0,0,NA,NA,NA
"4189","ENST00000702900.1","ENSG00000293495.1","-","-","C19orf48P-217","C19orf48P",1567,"lncRNA",775,165,0.917820692062378,"GGACA",0.575757575757576,NA,NA,NA,NA,NA,NA,NA,NA,NA,0,0,0,NA,NA,NA
"4190","ENST00000702900.1","ENSG00000293495.1","-","-","C19orf48P-217","C19orf48P",1567,"lncRNA",1104,225,0.951758682727814,"GGACA",0.577777777777778,NA,NA,NA,NA,NA,NA,NA,NA,NA,0,0,0,NA,NA,NA
"4191","ENST00000703163.1","ENSG00000159692.18","OTTHUMG00000089259.9","-","CTBP1-220","CTBP1",4077,"protein_coding",3398,98,0.915754854679108,"AGACT",0.551020408163265,NA,NA,NA,NA,NA,NA,NA,NA,NA,0,0,0,NA,NA,NA
"4192","ENST00000703179.1","ENSG00000174243.11","OTTHUMG00000170399.4","-","DDX23-220","DDX23",3130,"protein_coding",2901,24,0.955958843231201,"GGACA",0.666666666666667,NA,NA,NA,NA,NA,NA,NA,NA,NA,0,0,0,NA,NA,NA
"4193","ENST00000703308.1","ENSG00000113575.12","OTTHUMG00000129119.6","-","PPP2CA-207","PPP2CA",2418,"protein_coding",1095,167,0.931976437568665,"GGACC",0.44311377245509,NA,NA,NA,NA,NA,NA,NA,NA,NA,0,0,0,NA,NA,NA
"4194","ENST00000703309.1","ENSG00000113575.12","OTTHUMG00000129119.6","-","PPP2CA-208","PPP2CA",1726,"protein_coding",1054,136,0.948806762695312,"GGACC",0.477941176470588,NA,NA,NA,NA,NA,NA,NA,NA,NA,0,0,0,NA,NA,NA
"4195","ENST00000703311.1","ENSG00000113575.12","OTTHUMG00000129119.6","-","PPP2CA-210","PPP2CA",1785,"protein_coding",1264,20,0.972752630710602,"GGACC",0.6,NA,NA,NA,NA,NA,NA,NA,NA,NA,0,0,0,NA,NA,NA
"4196","ENST00000703312.1","ENSG00000273345.6","OTTHUMG00000164185.1","-","ENST00000703312","ENSG00000273345",1912,"protein_coding_CDS_not_defined",1381,119,0.959533989429474,"GGACC",0.554621848739496,NA,NA,NA,NA,NA,NA,NA,NA,NA,0,0,0,NA,NA,NA
"4197","ENST00000703313.1","ENSG00000273345.6","OTTHUMG00000164185.1","-","ENST00000703313","ENSG00000273345",2313,"nonsense_mediated_decay",1795,50,0.963466048240662,"GGACC",0.54,NA,NA,NA,NA,NA,NA,NA,NA,NA,0,0,0,NA,NA,NA
"4198","ENST00000703316.1","ENSG00000273345.6","OTTHUMG00000164185.1","-","ENST00000703316","ENSG00000273345",2584,"protein_coding_CDS_not_defined",1841,189,0.953631103038788,"GGACC",0.513227513227513,NA,NA,NA,NA,NA,NA,NA,NA,NA,0,0,0,NA,NA,NA
"4199","ENST00000703317.1","ENSG00000273345.6","OTTHUMG00000164185.1","-","ENST00000703317","ENSG00000273345",1863,"nonsense_mediated_decay",1332,132,0.965791344642639,"GGACC",0.553030303030303,NA,NA,NA,NA,NA,NA,NA,NA,NA,0,0,0,NA,NA,NA
"4200","ENST00000703354.1","ENSG00000113575.12","OTTHUMG00000129119.6","-","PPP2CA-211","PPP2CA",4873,"protein_coding",1260,188,0.934815108776093,"GGACC",0.484042553191489,NA,NA,NA,NA,NA,NA,NA,NA,NA,0,0,0,NA,NA,NA
"4201","ENST00000703744.1","ENSG00000179950.15","OTTHUMG00000165155.3","-","PUF60-222","PUF60",2519,"protein_coding_CDS_not_defined",2283,150,0.95954155921936,"AGACT",0.726666666666667,NA,NA,NA,NA,NA,NA,NA,NA,NA,0,0,0,NA,NA,NA
"4202","ENST00000703744.1","ENSG00000179950.15","OTTHUMG00000165155.3","-","PUF60-222","PUF60",2519,"protein_coding_CDS_not_defined",2410,86,0.954038202762604,"GGACT",0.674418604651163,NA,NA,NA,NA,NA,NA,NA,NA,NA,0,0,0,NA,NA,NA
"4203","ENST00000703798.1","ENSG00000205531.14","OTTHUMG00000011009.12","-","NAP1L4-223","NAP1L4",2462,"protein_coding",1682,81,0.983481228351593,"GGACT",0.814814814814815,NA,NA,NA,NA,NA,NA,NA,NA,NA,0,0,0,NA,NA,NA
"4204","ENST00000703846.1","ENSG00000179950.15","OTTHUMG00000165155.3","-","PUF60-224","PUF60",1837,"protein_coding",1612,20,0.971955299377441,"AGACT",0.8,NA,NA,NA,NA,NA,NA,NA,NA,NA,0,0,0,NA,NA,NA
"4205","ENST00000704074.1","ENSG00000153187.21","OTTHUMG00000040396.17","-","HNRNPU-232","HNRNPU",3015,"protein_coding",2014,71,0.914601802825928,"GAACT",0.52112676056338,NA,NA,NA,NA,NA,NA,NA,NA,NA,0,0,0,NA,NA,NA
"4206","ENST00000704577.1","ENSG00000153827.15","OTTHUMG00000153623.6","-","TRIP12-221","TRIP12",10129,"protein_coding",6622,125,0.914021372795105,"AGACA",0.48,NA,NA,NA,NA,NA,NA,NA,NA,NA,0,0,0,NA,NA,NA
"4207","ENST00000704578.1","ENSG00000153827.15","OTTHUMG00000153623.6","-","TRIP12-222","TRIP12",7267,"protein_coding",6267,136,0.913207471370697,"AGACA",0.485294117647059,NA,NA,NA,NA,NA,NA,NA,NA,NA,0,0,0,NA,NA,NA
"4208","ENST00000704579.1","ENSG00000153827.15","OTTHUMG00000153623.6","-","TRIP12-223","TRIP12",6721,"nonsense_mediated_decay",6524,44,0.909884870052338,"AGACA",0.454545454545454,NA,NA,NA,NA,NA,NA,NA,NA,NA,0,0,0,NA,NA,NA
"4209","ENST00000704950.1","ENSG00000105443.17","OTTHUMG00000150245.7","-","CYTH2-214","CYTH2",4443,"protein_coding",1097,50,0.914319276809692,"GAACT",0.58,NA,NA,NA,NA,NA,NA,NA,NA,NA,0,0,0,NA,NA,NA
"4210","ENST00000705116.1","ENSG00000100401.21","OTTHUMG00000150940.12","-","RANGAP1-208","RANGAP1",4239,"protein_coding",2540,100,0.985547721385956,"GGACT",0.71,NA,NA,NA,NA,NA,NA,NA,NA,NA,0,0,0,NA,NA,NA
"4211","ENST00000705116.1","ENSG00000100401.21","OTTHUMG00000150940.12","-","RANGAP1-208","RANGAP1",4239,"protein_coding",3012,197,0.921098828315735,"GGACT",0.593908629441624,NA,NA,NA,NA,NA,NA,NA,NA,NA,0,0,0,NA,NA,NA
"4212","ENST00000705448.1","ENSG00000118705.18","OTTHUMG00000032409.6","-","RPN2-209","RPN2",3166,"protein_coding",2861,86,0.912243247032166,"GGACA",0.651162790697674,NA,NA,NA,NA,NA,NA,NA,NA,NA,0,0,0,NA,NA,NA
"4213","ENST00000705716.1","ENSG00000204267.19","OTTHUMG00000031068.4","-","TAP2-209","TAP2",5637,"protein_coding",2192,67,0.905161261558533,"GGACT",0.611940298507463,NA,NA,NA,NA,NA,NA,NA,NA,NA,0,0,0,NA,NA,NA
"4214","ENST00000705716.1","ENSG00000204267.19","OTTHUMG00000031068.4","-","TAP2-209","TAP2",5637,"protein_coding",2325,73,0.952597498893738,"GGACA",0.589041095890411,NA,NA,NA,NA,NA,NA,NA,NA,NA,0,0,0,NA,NA,NA
"4215","ENST00000706387.1","ENSG00000165688.14","OTTHUMG00000020926.5","-","PMPCA-227","PMPCA",2121,"nonsense_mediated_decay",1787,20,0.9707270860672,"GAACT",0.6,NA,NA,NA,NA,NA,NA,NA,NA,NA,0,0,0,NA,NA,NA
"4216","ENST00000706389.1","ENSG00000165688.14","OTTHUMG00000020926.5","-","PMPCA-229","PMPCA",5137,"retained_intron",3968,20,0.901672959327698,"GAACT",0.6,NA,NA,NA,NA,NA,NA,NA,NA,NA,0,0,0,NA,NA,NA
"4217","ENST00000706607.1","ENSG00000073008.16","OTTHUMG00000151527.5","-","PVR-211","PVR",3087,"nonsense_mediated_decay",2558,21,0.93556934595108,"GGACT",0.619047619047619,NA,NA,NA,NA,NA,NA,NA,NA,NA,0,0,0,NA,NA,NA
"4218","ENST00000706607.1","ENSG00000073008.16","OTTHUMG00000151527.5","-","PVR-211","PVR",3087,"nonsense_mediated_decay",2893,22,0.931478977203369,"GGACA",0.590909090909091,NA,NA,NA,NA,NA,NA,NA,NA,NA,0,0,0,NA,NA,NA
"4219","ENST00000706608.1","ENSG00000073008.16","OTTHUMG00000151527.5","-","PVR-212","PVR",4213,"retained_intron",1843,21,0.946928977966309,"GGACT",0.619047619047619,NA,NA,NA,NA,NA,NA,NA,NA,NA,0,0,0,NA,NA,NA
"4220","ENST00000706608.1","ENSG00000073008.16","OTTHUMG00000151527.5","-","PVR-212","PVR",4213,"retained_intron",2178,20,0.92307311296463,"GGACA",0.6,NA,NA,NA,NA,NA,NA,NA,NA,NA,0,0,0,NA,NA,NA
"4221","ENST00000706669.1","ENSG00000169727.14","OTTHUMG00000178484.3","-","GPS1-229","GPS1",2057,"protein_coding",1765,100,0.908469200134277,"GGACC",0.54,NA,NA,NA,NA,NA,NA,NA,NA,NA,0,0,0,NA,NA,NA
"4222","ENST00000706683.1","ENSG00000141756.20","OTTHUMG00000133497.6","-","FKBP10-210","FKBP10",2151,"protein_coding",1465,23,0.902013421058655,"AGACA",0.391304347826087,NA,NA,NA,NA,NA,NA,NA,NA,NA,0,0,0,NA,NA,NA
"4223","ENST00000706683.1","ENSG00000141756.20","OTTHUMG00000133497.6","-","FKBP10-210","FKBP10",2151,"protein_coding",1503,22,0.975170791149139,"GGACT",0.772727272727273,NA,NA,NA,NA,NA,NA,NA,NA,NA,0,0,0,NA,NA,NA
"4224","ENST00000706939.1","ENSG00000137076.22","OTTHUMG00000019874.5","-","TLN1-209","TLN1",8674,"protein_coding",7868,20,0.984639823436737,"AGACT",0.8,NA,NA,NA,NA,NA,NA,NA,NA,NA,0,0,0,NA,NA,NA
"4225","ENST00000707113.1","ENSG00000136997.22","OTTHUMG00000128475.10","-","MYC-211","MYC",2052,"protein_coding",1688,95,0.962832868099213,"AGACT",0.610526315789474,NA,NA,NA,NA,NA,NA,NA,NA,NA,0,0,0,NA,NA,NA
"4226","ENST00000707113.1","ENSG00000136997.22","OTTHUMG00000128475.10","-","MYC-211","MYC",2052,"protein_coding",1728,112,0.927076160907745,"GGACT",0.8125,NA,NA,NA,NA,NA,NA,NA,NA,NA,0,0,0,NA,NA,NA
"4227","ENST00000707114.1","ENSG00000136997.22","OTTHUMG00000128475.10","-","MYC-212","MYC",2127,"protein_coding",1283,51,0.929268777370453,"GGACT",0.529411764705882,NA,NA,NA,NA,NA,NA,NA,NA,NA,0,0,0,NA,NA,NA
"4228","ENST00000707114.1","ENSG00000136997.22","OTTHUMG00000128475.10","-","MYC-212","MYC",2127,"protein_coding",1763,106,0.936865627765656,"AGACT",0.575471698113208,NA,NA,NA,NA,NA,NA,NA,NA,NA,0,0,0,NA,NA,NA
"4229","ENST00000707114.1","ENSG00000136997.22","OTTHUMG00000128475.10","-","MYC-212","MYC",2127,"protein_coding",1803,101,0.930165767669678,"GGACT",0.831683168316832,NA,NA,NA,NA,NA,NA,NA,NA,NA,0,0,0,NA,NA,NA
"4230","ENST00000707115.1","ENSG00000136997.22","OTTHUMG00000128475.10","-","MYC-213","MYC",2322,"protein_coding",920,22,0.991215109825134,"GGACT",0.909090909090909,NA,NA,NA,NA,NA,NA,NA,NA,NA,0,0,0,NA,NA,NA
"4231","ENST00000707115.1","ENSG00000136997.22","OTTHUMG00000128475.10","-","MYC-213","MYC",2322,"protein_coding",1958,94,0.910645306110382,"AGACT",0.51063829787234,NA,NA,NA,NA,NA,NA,NA,NA,NA,0,0,0,NA,NA,NA
"4232","ENST00000707115.1","ENSG00000136997.22","OTTHUMG00000128475.10","-","MYC-213","MYC",2322,"protein_coding",1998,90,0.923368990421295,"GGACT",0.811111111111111,NA,NA,NA,NA,NA,NA,NA,NA,NA,0,0,0,NA,NA,NA
"4233","ENST00000707116.1","ENSG00000136997.22","OTTHUMG00000128475.10","-","MYC-214","MYC",1920,"protein_coding",1556,110,0.947670042514801,"AGACT",0.618181818181818,NA,NA,NA,NA,NA,NA,NA,NA,NA,0,0,0,NA,NA,NA
"4234","ENST00000707116.1","ENSG00000136997.22","OTTHUMG00000128475.10","-","MYC-214","MYC",1920,"protein_coding",1596,104,0.93929135799408,"GGACT",0.846153846153846,NA,NA,NA,NA,NA,NA,NA,NA,NA,0,0,0,NA,NA,NA
"4235","ENST00000707117.1","ENSG00000136997.22","OTTHUMG00000128475.10","-","MYC-215","MYC",1799,"protein_coding_CDS_not_defined",1435,27,0.924196541309357,"AGACT",0.592592592592593,NA,NA,NA,NA,NA,NA,NA,NA,NA,0,0,0,NA,NA,NA
"4236","ENST00000707117.1","ENSG00000136997.22","OTTHUMG00000128475.10","-","MYC-215","MYC",1799,"protein_coding_CDS_not_defined",1475,28,0.916842758655548,"GGACT",0.857142857142857,NA,NA,NA,NA,NA,NA,NA,NA,NA,0,0,0,NA,NA,NA
"4237","ENST00000707139.1","ENSG00000143569.20","OTTHUMG00000035983.6","-","UBAP2L-221","UBAP2L",3377,"protein_coding",3201,73,0.979679822921753,"GAACT",0.602739726027397,NA,NA,NA,NA,NA,NA,NA,NA,NA,0,0,0,NA,NA,NA
"4238","ENST00000707167.1","ENSG00000113649.14","OTTHUMG00000129683.4","-","TCERG1-218","TCERG1",4182,"nonsense_mediated_decay",3677,21,0.930558621883392,"GAACT",0.571428571428571,NA,NA,NA,NA,NA,NA,NA,NA,NA,0,0,0,NA,NA,NA
"4239","ENST00000707167.1","ENSG00000113649.14","OTTHUMG00000129683.4","-","TCERG1-218","TCERG1",4182,"nonsense_mediated_decay",3821,22,0.954460978507996,"GGACA",0.636363636363636,NA,NA,NA,NA,NA,NA,NA,NA,NA,0,0,0,NA,NA,NA
"4240","ENST00000710270.1","ENSG00000143442.24","OTTHUMG00000012499.10","-","POGZ-224","POGZ",6655,"protein_coding",6335,21,0.940815091133118,"GGACT",0.714285714285714,NA,NA,NA,NA,NA,NA,NA,NA,NA,0,0,0,NA,NA,NA
"4241","ENST00000710317.1","ENSG00000112308.14","OTTHUMG00000014361.2","-","C6orf62-203","C6orf62",4123,"protein_coding",2945,28,0.970341861248016,"GGACT",0.75,NA,NA,NA,NA,NA,NA,NA,NA,NA,0,0,0,NA,NA,NA
"4242","ENST00000710317.1","ENSG00000112308.14","OTTHUMG00000014361.2","-","C6orf62-203","C6orf62",4123,"protein_coding",3017,54,0.913483023643494,"GAACT",0.407407407407407,NA,NA,NA,NA,NA,NA,NA,NA,NA,0,0,0,NA,NA,NA
"4243","ENST00000710317.1","ENSG00000112308.14","OTTHUMG00000014361.2","-","C6orf62-203","C6orf62",4123,"protein_coding",3047,59,0.992769122123718,"GGACT",0.796610169491525,NA,NA,NA,NA,NA,NA,NA,NA,NA,0,0,0,NA,NA,NA
"4244","ENST00000710317.1","ENSG00000112308.14","OTTHUMG00000014361.2","-","C6orf62-203","C6orf62",4123,"protein_coding",3120,68,0.906136870384216,"GGACT",0.426470588235294,NA,NA,NA,NA,NA,NA,NA,NA,NA,0,0,0,NA,NA,NA
"4245","ENST00000710369.1","ENSG00000160679.14","OTTHUMG00000037052.2","-","CHTOP-208","CHTOP",2079,"protein_coding",123,79,0.903699100017548,"GAACT",0.531645569620253,NA,NA,NA,NA,NA,NA,NA,NA,NA,0,0,0,NA,NA,NA
"4246","ENST00000710369.1","ENSG00000160679.14","OTTHUMG00000037052.2","-","CHTOP-208","CHTOP",2079,"protein_coding",1161,127,0.910918831825256,"GGACT",0.543307086614173,NA,NA,NA,NA,NA,NA,NA,NA,NA,0,0,0,NA,NA,NA
"4247","ENST00000711171.1","ENSG00000292345.1","OTTHUMG00000021069.10","OTTHUMT00000504213.2","ZBED1-210","ZBED1",4498,"protein_coding",4225,28,0.981322646141052,"GGACA",0.714285714285714,NA,NA,NA,NA,NA,NA,NA,NA,NA,0,0,0,NA,NA,NA
"4248","ENST00000711171.1","ENSG00000292345.1","OTTHUMG00000021069.10","OTTHUMT00000504213.2","ZBED1-210","ZBED1",4498,"protein_coding",4469,23,0.91257917881012,"GGACT",0.652173913043478,NA,NA,NA,NA,NA,NA,NA,NA,NA,0,0,0,NA,NA,NA
"4249","ENST00000711172.1","ENSG00000292345.1","OTTHUMG00000021069.10","-","ZBED1-211","ZBED1",4510,"protein_coding",4216,28,0.98055225610733,"GGACA",0.714285714285714,NA,NA,NA,NA,NA,NA,NA,NA,NA,0,0,0,NA,NA,NA
"4250","ENST00000711172.1","ENSG00000292345.1","OTTHUMG00000021069.10","-","ZBED1-211","ZBED1",4510,"protein_coding",4460,23,0.911270976066589,"GGACT",0.652173913043478,NA,NA,NA,NA,NA,NA,NA,NA,NA,0,0,0,NA,NA,NA
"4251","ENST00000711173.1","ENSG00000292345.1","OTTHUMG00000021069.10","OTTHUMT00000055619.3","ZBED1-212","ZBED1",4507,"protein_coding",4213,28,0.980360567569733,"GGACA",0.714285714285714,NA,NA,NA,NA,NA,NA,NA,NA,NA,0,0,0,NA,NA,NA
"4252","ENST00000711173.1","ENSG00000292345.1","OTTHUMG00000021069.10","OTTHUMT00000055619.3","ZBED1-212","ZBED1",4507,"protein_coding",4457,23,0.908505201339722,"GGACT",0.652173913043478,NA,NA,NA,NA,NA,NA,NA,NA,NA,0,0,0,NA,NA,NA
"4253","ENST00000711613.1","ENSG00000035141.10","OTTHUMG00000129668.4","-","FAM136A-207","FAM136A",1812,"nonsense_mediated_decay",661,59,0.975784659385681,"GGACA",0.847457627118644,NA,NA,NA,NA,NA,NA,NA,NA,NA,0,0,0,NA,NA,NA
"4254","ENST00000713574.1","ENSG00000013588.10","OTTHUMG00000168710.4","-","GPRC5A-207","GPRC5A",3057,"protein_coding",1935,21,0.90401166677475,"AGACT",0.666666666666667,NA,NA,NA,NA,NA,NA,NA,NA,NA,0,0,0,NA,NA,NA
